reactions,data_type,kcat,km,MW,kcat_MW,catalytic_efficiency
HCO3E_reverse_num1,predict,40175.869292077296,0.0082635600375642,25096.479300000028,5763084.443939438,4861811.26650587
TPI_reverse,predict,3742.165393423575,0.0003249355209782,26971.50249999998,499482.5711442987,11516639.923385408
TPI,predict,2549.118070749126,0.0002280074399971,26971.50249999998,340241.52175789466,11179977.595387012
PTAr_num1,predict,2377.457157210731,0.0002252137242941,77171.18800000039,110907.26976962683,10556448.833935536
HCO3E_reverse_num2,predict,1981.983648197294,0.0018798953872966,23763.997000000003,300250.04352215066,1054305.2882572913
ACKr_num2,predict,1242.0152827307163,0.000690583555162,43289.950100000045,103286.21325508467,1798501.0987401216
PTAr_reverse_num1,predict,1078.8922112895868,0.0002175569949742,77171.18800000039,50329.81947410856,4959124.4419308705
ACKr_num1,predict,976.942757743633,0.0007330233150184,43383.618700000006,81067.32525466065,1332758.0961311036
PFK_num2,predict,951.952511457604,0.0001129613511046,32455.60750000003,105591.27698495156,8427240.840773182
PGI,predict,911.8647341094598,0.0005933639426755,61529.00370000017,53352.28665166972,1536771.3953055993
PGM_num1,predict,882.087320754433,0.0005270627408528,56193.24160000009,56510.60989362738,1673590.7367065917
PGM_reverse_num1,predict,740.8165633203104,0.0004295783004955,56193.24160000009,47460.1491570316,1724520.448229835
PGI_reverse,predict,702.0145927851083,0.0002971362949388,61529.00370000017,41074.16636142254,2362601.286825965
MDH,predict,670.2962127610294,6.552567375780258e-05,32336.896699999983,74622.69457476134,10229520.344019549
MDH_reverse,predict,644.5821129486953,9.416465517409488e-05,32336.896699999983,71759.99688972332,6845266.005137167
PTA2,predict,611.3037058480608,9.53671331494512e-05,77171.18800000039,28517.03333960607,6410004.009348566
R5Ptex_num2,predict,502.9289258398205,0.0001775968205037,39332.7982,46031.409304191184,2831857.7123926757
MAN6PI,predict,446.9598933121888,0.0003718861575234,42849.41950000005,37551.398238286005,1201872.8965034548
ACKr_reverse_num1,predict,444.357481114417,0.0001039595281763,43383.618700000006,36873.063611263504,4274331.45291745
GLYALDtpp_reverse,predict,440.0613256134507,0.0003080539050614,29779.630900000004,53198.13323167892,1428520.5231394148
GLYALDtpp,predict,440.0613256134507,0.0003080539050614,29779.630900000004,53198.13323167892,1428520.5231394148
SUCDi,predict,431.6901393958232,0.0001832293346828,14298.97849999999,13130.472385092957,2356009.9704730664
THMabcpp,predict,423.3443086507767,7.956857441966557e-05,36162.95850000006,12627.27187362133,5320496.33587687
ACKr_reverse_num2,predict,419.8012965480991,0.000124080151846,43289.950100000045,34910.7509729644,3383307.4049516674
MAN6PI_reverse,predict,415.9708527927599,0.0001945508687797,42849.41950000005,34947.84964482271,2138108.430982054
PACALDtex_reverse_num3,predict,402.6060835215566,2.985460632175213e-05,41219.34330000004,35162.663561347974,13485559.95622749
MGSA,predict,361.9368902656064,0.0001345450195692,16918.38119999999,77015.21732801385,2690080.1785491053
MALDtex_num3,predict,352.99910122296046,0.0001996009269318,38921.51909999999,32650.23549408836,1768524.3583241166
G6PDH2r,predict,346.6502209910525,0.000102659585762,55703.77830000008,22403.16247215473,3376696.081695733
LYXtex_reverse_num3,predict,344.9371669977188,0.000429352435239,41219.34330000004,30125.996723285658,803389.3339994887
MALDtex_num2,predict,343.1293357259153,0.0002022358455812,41219.34330000004,29968.105013776243,1696679.116107263
R5Ptex_reverse_num2,predict,340.6911028867276,0.0001818975705382,39332.7982,31182.321790475096,1872983.2502912933
ETOHtex_reverse_num3,predict,337.3977746526675,0.0005022046919894,41219.34330000004,29467.524019229146,671833.1788500871
PACALDtex_reverse_num2,predict,335.4924010299107,2.7032439672555496e-05,39332.7982,30706.501926620578,12410733.366789574
MALtex_reverse_num1,predict,329.3233092706396,0.0002291282157569,38921.51909999999,30460.37104379882,1437288.3242806045
MALtex_num1,predict,329.3220437318517,0.0002291275868248,38921.51909999999,30460.253989281373,1437286.7461990265
GAL1PPpp,predict,320.4758000499754,0.0001035847881955,45682.38450000005,25255.09324452865,3093850.029843453
MALtex_num3,predict,320.1149857125764,0.0002321529221953,41219.34330000004,27958.08609025739,1378897.0764851188
GLYALDtex_num1,predict,319.3887890729041,0.0002885038893927,38921.51909999999,29541.489316187948,1107051.9352276905
GLYALDtex_reverse_num1,predict,319.3882630600598,0.0002885038893927,38921.51909999999,29541.44066325036,1107050.1119841791
LYXtex_reverse_num4,predict,315.6671804541715,0.0004190060345883,40367.58979999997,28151.34258114707,753371.4419276433
MALDtex_num1,predict,314.01344405033456,0.0001973628628408,40367.58979999997,28003.861617252292,1591046.2562738012
MALDtex_reverse_num1,predict,314.01344405033456,0.0001973628628408,40367.58979999997,28003.861617252292,1591046.2562738012
GLYALDtex_num3,predict,310.45722547958724,0.0002923124101761,41219.34330000004,27114.60014275659,1062073.3662746516
CYNTtex_num1,predict,309.853282443694,0.0017504867076503,38921.51909999999,28659.513877948786,177009.78881445716
CYNTtex_reverse_num1,predict,309.853282443694,0.0017504867076503,38921.51909999999,28659.513877948786,177009.78881445716
CYANtex_reverse_num3,predict,309.252721323436,0.0007539597896281,41219.34330000004,27009.401597243992,410171.37197194394
G1PPpp,predict,308.69043473108707,8.610418521776027e-05,45682.38450000005,24326.347610683766,3585080.492317522
CYNTtex_num3,predict,301.1893670755756,0.0017735986616987,41219.34330000004,26305.16729925853,169818.2196343706
FUCtex_reverse_num2,predict,300.198424823314,0.0003235623856136,39332.7982,27476.161850186654,927791.4806259731
PGK,predict,293.7734688068272,0.000172847186743,41117.70940000005,25720.899902672514,1699613.8285063787
L_LACt2rpp_num1,predict,293.6178791808192,0.0001769643169111,59167.439600000165,17864.96715418029,1659192.5666478933
L_LACt2rpp_reverse_num1,predict,293.6178791808192,0.0001769646083605,59167.439600000165,17864.96715418029,1659189.8340637768
MALtex_num4,predict,292.95131006188336,0.0002265584493353,40367.58979999997,26125.530938257325,1293049.5901670118
ACALDtex_reverse_num3,predict,288.9537295346471,0.0002399708138372,41219.34330000004,25236.535641865226,1204120.3049412412
PYRtex_num2,predict,288.92470178538844,0.0003255286493182,39332.7982,26444.315533782654,887555.3730540266
PACALDtex_reverse_num4,predict,288.03909451604693,2.7197997774069097e-05,40367.58979999997,25687.45732393886,10590452.16889704
LYXtex_reverse_num2,predict,287.43725861834616,0.0003887655954587,39332.7982,26308.174815440572,739358.7857979106
MALDtex_num4,predict,285.9284324228709,0.0001831184185242,39332.7982,26170.07697973381,1561440.049161871
GALBDtex_reverse_num3,predict,284.32417736439703,0.0007139158000009,41219.34330000004,24832.2014997223,398260.0992498535
GLYALDtex_num4,predict,284.11462840920177,0.0002852686703859,40367.58979999997,25337.471653388806,995954.543570673
CYANtex_reverse_num4,predict,283.0109292932719,0.0007357898907122,40367.58979999997,25239.043264747488,384635.5228111852
ETOHtex_reverse_num2,predict,281.1546585547699,0.0004547311022348,39332.7982,25733.149359233023,618287.7247081199
L_LACt2rpp_num2,predict,277.7016637476915,0.0001716559874834,58919.41700000013,16967.682987964512,1617780.234869737
GLCUR1Ptex_num1,predict,277.3596189308616,0.0002434646909753,38921.51909999999,25654.050798626253,1139219.0704113243
GLCUR1Ptex_reverse_num1,predict,277.3596189308616,0.0002434646909753,38921.51909999999,25654.050798626253,1139219.0704113243
CYNTtex_num4,predict,275.6331567908902,0.0017308609364761,40367.58979999997,24581.090160780554,159246.27506589764
FRUURtex_reverse_num3,predict,274.239733826741,0.0003890997478136,41219.34330000004,23951.45004108463,704805.7352073041
FRUURtex_num1,predict,271.37653458629165,0.000430021416669,38921.51909999999,25100.652469411198,631076.7884269775
FRUURtex_reverse_num1,predict,271.3756407075447,0.0004300221248878,38921.51909999999,25100.569791150858,631073.6704032406
GLCUR1Ptex_num3,predict,269.60427018645305,0.0002466789231189,41219.34330000004,23546.5996051235,1092935.9783871886
MALtex_num2,predict,266.75197589769334,0.0002102074231499,39332.7982,24414.919791587476,1268994.0816574832
GALtex_reverse_num3,predict,264.71982937515503,0.000633941466258,41219.34330000004,23120.0040916362,417577.715712037
FRUURtex_num3,predict,263.7876120589009,0.0004356992969276,41219.34330000004,23038.586435025576,605435.0188743462
GALBDtex_reverse_num4,predict,260.1985662736266,0.0006967124628995,40367.58979999997,23204.626365507127,373466.2147290452
HCINNMtex_reverse_num2,predict,259.30234148809217,0.00010781923525,39332.7982,23733.079569129965,2404972.924236097
GLYALDtex_num2,predict,258.7050116599945,0.0002646801584469,39332.7982,23678.40795969559,977425.0294318747
PHYTSpp,predict,258.34409754077217,0.0003126928153885,47056.27350000005,19764.394457346458,826191.3444343032
CYANtex_reverse_num2,predict,257.70058708279976,0.0006826877001491,39332.7982,23586.47632392651,377479.46392840764
CYNTtex_num2,predict,250.98124852837543,0.0016059406253636,39332.7982,22971.47764844637,156283.01854033422
FRUURtex_reverse_num4,predict,250.96981276244523,0.0003797237607511,40367.58979999997,22381.601934153707,660927.3337702721
G3PAT180,predict,250.26483453147404,0.0003186728120212,8639.416499999992,9007.752183642579,785334.7543022432
GLYC2Ptex_reverse_num2,predict,250.03892974559156,0.0002216408051984,38921.51909999999,23127.055878045874,1128126.7883942723
FRUtex_reverse_num1,predict,250.03179200828848,0.0005251392122997,38921.51909999999,23126.395681453214,476124.7801575211
FRUtex_num1,predict,250.03179200828848,0.0005251386357191,38921.51909999999,23126.395681453214,476125.30292292585
TKT1,predict,249.70682916785964,0.000216051385856,73041.82930000033,12307.25727462429,1155775.1790321367
MANtex_reverse_num3,predict,248.33211233152088,0.0006925497903254,41219.34330000004,21688.73962612292,358576.54684270435
GLCUR1Ptex_num4,predict,246.72767970011824,0.0002407347959259,40367.58979999997,22003.286580176908,1024894.1319478507
GLYCLTt2rpp_num1,predict,245.1793722079827,0.0001132668073487,59167.439600000165,14917.761287556801,2164618.0195860947
GLYCLTt2rpp_reverse_num1,predict,245.1793722079827,0.000113266931711,59167.439600000165,14917.761287556801,2164615.642927069
D_LACt2pp_num1,predict,243.74285635927836,0.0001637861850978,59167.439600000165,14830.357521392554,1488177.1390776006
D_LACt2pp_reverse_num1,predict,243.74285635927836,0.0001637861850978,59167.439600000165,14830.357521392554,1488177.1390776006
GLYC2Ptex_reverse_num4,predict,243.04790457535344,0.0002245666708247,41219.34330000004,21227.229412732337,1082297.3136787522
FRUtex_num3,predict,243.04016586228005,0.0005320724166361,41219.34330000004,21226.55353182707,456780.23942463147
MLTG5,predict,243.01921920275012,0.0012196073304163,69040.17260000018,12671.885891691676,199260.21526928517
GALtex_reverse_num4,predict,242.2567648377457,0.0006186639242472,40367.58979999997,21604.568361321515,391580.5582692211
FRUURtex_num4,predict,241.40365174948727,0.0004251992513127,40367.58979999997,21528.48734848556,567742.419593195
FALDtex_reverse_num3,predict,240.81198878374207,0.0001256297465233,41219.34330000004,21031.949813268147,1916838.9290595257
GLUtex_reverse_num3,predict,240.49385972044652,0.0003055998932803,41219.34330000004,21004.16517294701,786956.6220687865
THYMtex_reverse_num4,predict,240.05817266047384,0.0002014869405651,38921.51909999999,22203.89752407444,1191432.9136528408
THYMtex_num4,predict,240.05817266047384,0.0002014869405651,38921.51909999999,22203.89752407444,1191432.9136528408
GLCNtex_num1,predict,239.0830902016945,0.0007272801375814,38921.51909999999,22113.708422190033,328735.8994799104
GLCNtex_reverse_num1,predict,239.08269644718396,0.0007272801375814,38921.51909999999,22113.672002331034,328735.3580729749
ETOHtex_reverse_num4,predict,238.47066838706945,0.0003248349286533,40367.58979999997,21266.922559578987,734128.7754236303
GALBDtex_reverse_num2,predict,236.9283880811965,0.0006464290832315,39332.7982,21685.26614239989,366518.76319795375
GLYALDtex_reverse_num3,predict,236.87662638356284,0.0005044685884091,41219.34330000004,20688.244564556793,469556.7411453321
GALCTNtex_num1,predict,236.6220143537492,0.000529888232076,38921.51909999999,21886.074114550618,446550.8007730418
GALCTNtex_reverse_num1,predict,236.6220143537492,0.000529888232076,38921.51909999999,21886.074114550618,446550.8007730418
GALCTNLtex_reverse_num4,predict,236.62162465247272,0.000529888232076,38921.51909999999,21886.038069590708,446550.0653325227
L_LACt2rpp_reverse_num2,predict,235.4738901116815,0.0001584279213764,58919.41700000013,14387.549089327404,1486315.5942836131
MLTG4,predict,234.9803372354696,0.0014052295642229,69040.17260000018,12252.71001202115,167218.46964941637
THYMtex_num2,predict,233.34582262515207,0.0002041472046456,41219.34330000004,20379.87251122816,1143027.2730417296
THYMtex_reverse_num2,predict,233.34582262515207,0.0002041472046456,41219.34330000004,20379.87251122816,1143027.2730417296
GLCNtex_num3,predict,232.39762204144048,0.0007368817236934,41219.34330000004,20297.05891382275,315379.8154697292
ARBtex_reverse_num3,predict,232.20543633683332,0.0009564795682626,41219.34330000004,20280.2738687154,242770.9321158041
GLYCLTt2rpp_num2,predict,231.88887464458983,0.0001098692475278,58919.41700000013,14168.503207024629,2110589.449389971
ACSERtex_reverse_num3,predict,231.0995475190388,0.0001779330152616,38921.51909999999,21375.280058597196,1298800.8278242939
TMAtex_reverse_num3,predict,230.6012373593325,0.0001200205412372,41219.34330000004,20140.16692239724,1921348.0874377054
D_LACt2pp_num2,predict,230.52984868964143,0.0001588730677198,58919.41700000013,14085.466176332113,1451031.6443075202
GALCTNLtex_reverse_num2,predict,230.00536513090952,0.0005368838410953,41219.34330000004,20088.124850627435,428408.06059961533
GALCTNtex_num3,predict,230.00536513090952,0.00053688472531,41219.34330000004,20088.124850627435,428407.355039023
GLCURtex_num1,predict,229.9664778344313,0.0001380269416899,38921.51909999999,21270.47811461071,1666098.4806219097
GLCURtex_reverse_num1,predict,229.9664778344313,0.0001380270932378,38921.51909999999,21270.47811461071,1666096.6513163722
PYDXtex_num3,predict,229.5450739097916,0.0001111411366554,41219.34330000004,20047.9241035179,2065347.5465300519
FRUURtex_reverse_num2,predict,228.52498400131577,0.0003523180090208,39332.7982,20916.130559069577,648632.7072421217
GLYC3Ptex_reverse_num1,predict,227.7996252115299,0.0001612069022496,38921.51909999999,21070.05763712619,1413088.5342540916
GLYC3Ptex_num1,predict,227.7996252115299,0.0001612067252513,38921.51909999999,21070.05763712619,1413090.0857667096
DHAtex_num1,predict,227.55227135284127,0.0007312291362349,38921.51909999999,21047.17893372843,311191.4721075097
DHAtex_reverse_num1,predict,227.55227135284127,0.0007312303405244,38921.51909999999,21047.17893372843,311190.959595102
MANtex_reverse_num4,predict,227.25964383083777,0.0006758598290602,40367.58979999997,20267.11829575261,336252.6282215175
PYRtex_reverse_num1,predict,226.2704537020876,0.0003704638634356,38921.51909999999,20928.61872206616,610776.0460189164
PYRtex_num1,predict,226.26970839686084,0.0003704644735668,38921.51909999999,20928.549785938318,610773.0282970337
F6Ptex_num1,predict,225.1262058684574,0.000171324316501,38921.51909999999,20822.7828683708,1314035.3364091392
F6Ptex_reverse_num1,predict,225.1262058684574,0.0001713245986616,38921.51909999999,20822.7828683708,1314033.172277416
GLCUR1Ptex_num2,predict,224.6613716711936,0.0002233606438541,39332.7982,20562.506992352683,1005823.4422799356
XYLtex_reverse_num3,predict,224.37369354771,0.0004748105362766,41219.34330000004,19596.26796799927,472554.15877503087
XYLtex_num3,predict,224.37332401863208,0.0004748105362766,41219.34330000004,19596.23569420318,472553.3805086495
GLCURtex_num3,predict,223.5363051870789,0.0001398494100997,41219.34330000004,19523.13244819413,1598407.2083515956
PGK_reverse,predict,223.3152789441185,0.0002114589485933,41117.70940000005,19552.03769689626,1056069.1823623024
FRUtex_num4,predict,222.41760546174507,0.0005192504169546,40367.58979999997,19835.30311394224,428343.62419239397
GLYC3Ptex_num3,predict,221.4300406837932,0.0001633351632508,41219.34330000004,19339.176285752586,1355678.9381830106
DHAtex_num3,predict,221.1892388872683,0.000740884890859,41219.34330000004,19318.145226107114,298547.3743847254
GALtex_reverse_num2,predict,220.59152802777712,0.0005740147519569,39332.7982,20190.007760495355,384295.9214475733
R5Ptex_reverse_num3,predict,220.52360131473444,0.0001868931277788,41219.34330000004,19260.01001411013,1179944.9446623754
FALDtex_reverse_num4,predict,220.37849473041848,0.0001226021582798,40367.58979999997,19653.45429242117,1797509.096271172
ENO,predict,220.24666251125365,0.0002435394167141,45654.40730000001,17367.172895934473,904357.3540697497
GLUtex_reverse_num4,predict,220.0865139447164,0.0002982356426667,40367.58979999997,19627.415313286292,737961.8075720045
FRUURtex_num2,predict,219.815071619092,0.0003945124860343,39332.7982,20118.941291818166,557181.5326523802
G6Ptex_num1,predict,219.066120964651,0.0001487871620634,38921.51909999999,20262.262463253744,1472345.5836284067
G6Ptex_reverse_num1,predict,219.06576017680456,0.0001487871620634,38921.51909999999,20262.229092607453,1472343.1587696928
F6Ptex_num3,predict,218.83137374853516,0.0001735864339602,41219.34330000004,19112.21485895739,1260647.9017750253
D_LACt2pp_reverse_num2,predict,218.17941941288024,0.0001543772761864,58919.41700000013,13330.849996128902,1413287.1417516365
GALtex_reverse_num1,predict,217.2010142059071,0.0005443676340168,38921.51909999999,20089.751613555745,398996.9289746641
GALtex_num1,predict,217.2010142059071,0.00054436823171,38921.51909999999,20089.751613555745,398996.49089298083
TKT2_reverse,predict,217.04200786375057,0.0002072612286397,73041.82930000033,10697.311880022951,1047190.587879093
GLYALDtex_reverse_num4,predict,216.77705758291407,0.0004923126027397,40367.58979999997,19332.276491238306,440324.0062849466
LIPOtex_reverse_num4,predict,216.0821074313088,6.62459546247231e-05,38921.51909999999,19986.259651224966,3261815.889821393
THYMtex_num3,predict,213.54549957748884,0.0001992274010654,40367.58979999997,19044.084680006345,1071868.118720219
THYMtex_reverse_num3,predict,213.54549957748884,0.0001992277291807,40367.58979999997,19044.084680006345,1071866.3534221314
G6Ptex_num3,predict,212.9399186873731,0.0001507515398381,41219.34330000004,18597.66910150028,1412522.3458152432
GLCNtex_num4,predict,212.6774073257293,0.0007191245784679,40367.58979999997,18966.667818563343,295744.87327194406
ARBtex_reverse_num4,predict,212.50222958827288,0.0009334290855851,40367.58979999997,18951.04538834228,227657.6044928688
ME1,predict,212.067186440314,0.000185157746032,63196.58750000014,12080.428728610208,1145332.5123306662
SUCCtex_num1,predict,211.7897053713909,8.711501996016981e-05,38921.51909999999,19589.238985715936,2431150.2823304646
SUCCtex_reverse_num1,predict,211.7897053713909,8.711501996016981e-05,38921.51909999999,19589.238985715936,2431150.2823304646
GALtex_num3,predict,211.12778112569464,0.0005515553091483,41219.34330000004,18439.401290813385,382786.2367089054
TMAtex_reverse_num4,predict,211.0334557508622,0.0001171282594849,40367.58979999997,18820.05947016199,1801729.6310807753
GLYCLTt2rpp_reverse_num2,predict,211.00403115323985,0.000109444301387,58919.41700000013,12892.43089679013,1927958.1346782055
GALCTNtex_num4,predict,210.48872432267927,0.0005239467575415,40367.58979999997,18771.48007388952,401736.85836009245
GALCTNLtex_num4,predict,210.332784345602,0.0005883944655626,38921.51909999999,19454.48279391971,357469.0053287465
SUCCtex_num4,predict,210.297684912709,0.0001448243089896,40367.58979999997,18754.443092506674,1452088.301887294
GAMAN6Ptex_reverse_num1,predict,209.71570500336355,0.0001968371010632,38921.51909999999,19397.406768023837,1065427.726127853
GAMAN6Ptex_num1,predict,209.71570500336355,0.0001968371010632,38921.51909999999,19397.406768023837,1065427.726127853
ME2,predict,208.0119537246005,0.0002034221531098,82416.44190000027,9086.087874518631,1022562.934000227
ECOAH2_reverse_num1,predict,207.6892630596023,4.336823477076479e-05,79592.95340000032,9393.813334919738,4788972.024280059
MANtex_reverse_num2,predict,206.9356128208395,0.000627082810118,39332.7982,18940.127330046464,329997.2658824755
GBBTNtex_reverse_num3,predict,206.7041052477223,0.0005619857995385,41219.34330000004,18053.047897339977,367810.1927441347
RPI_num1,predict,206.5269313563044,0.0002543749987072,22860.127899999992,32523.744229912907,811899.4885736731
GLYC3Ptex_reverse_num3,predict,206.49382735281552,0.000132045971112,41219.34330000004,18034.682723102367,1563802.5576537254
ACSERtex_reverse_num2,predict,205.57662776906577,0.0001759377136588,40367.58979999997,18333.417071351563,1168462.5399176506
XYLtex_num4,predict,205.3345786862006,0.0004633687005299,40367.58979999997,18311.83102416292,443134.3300731873
XYLtex_reverse_num4,predict,205.33424051332327,0.0004633687005299,40367.58979999997,18311.800865752066,443133.6002593761
GLCURtex_num4,predict,204.568695701307,0.0001364794376948,40367.58979999997,18243.529231579385,1498897.5567057254
GALCTNLtex_num2,predict,204.4515962286352,0.0005961631311521,41219.34330000004,17856.319084614966,342945.7233182593
HACD2_num1,predict,204.2002218410221,3.804164803516468e-05,79592.95340000032,9236.003530780863,5367806.927088566
GAMAN6Ptex_num3,predict,203.8518831668328,0.0001994360820603,41219.34330000004,17803.941563537657,1022141.4352955333
GLYC3Ptex_num4,predict,202.6410417153659,0.0001593989010702,40367.58979999997,18071.620173253887,1271282.551854745
GLYC2Ptex_reverse_num3,predict,202.53193907479863,0.0002033385261009,39332.7982,18537.07374089838,996033.2798630539
FRUtex_num2,predict,202.5262686786452,0.0004817754201524,39332.7982,18536.55474842679,420374.8472983119
PYDXtex_reverse_num2,predict,202.4873584782736,0.0001090840992425,39332.7982,18532.993427398334,1856249.9932105867
R5Ptex_num3,predict,202.42356193216185,0.0001697435615056,41219.34330000004,17679.195363497747,1192525.7142992355
DHAtex_num4,predict,202.4203392951729,0.0007230300877775,40367.58979999997,18051.93783114153,279961.1561358208
MLTG3,predict,202.4182279401365,0.0016268431110375,69040.17260000018,10554.805892598384,124423.9389568713
XYLtex_num2,predict,201.9978408792649,0.0006029443809845,39332.7982,18488.189512165292,335019.02870284434
R5Ptex_reverse_num4,predict,201.81162721892335,0.0001823894356599,40367.58979999997,17997.652611603888,1106487.4809703329
G3PEtex_reverse_num4,predict,201.24970674292183,0.0003799752472296,38921.51909999999,18614.354244835187,529638.991513878
PYRtex_reverse_num2,predict,201.22131490368824,0.0002623513622927,39332.7982,18417.116676262245,766991.690628958
FALDtex_reverse_num2,predict,200.6695204820228,0.0001137537966041,39332.7982,18366.61277089821,1764068.7737255716
AAMYLpp,predict,200.65112404320936,0.0003211970622696,75711.74130000031,9540.713687898638,624697.8805640221
GLUtex_reverse_num2,predict,200.4039822866787,0.0002767118814279,39332.7982,18342.30894439754,724233.3840258173
F6Ptex_num4,predict,200.2629893555684,0.0001694033093866,40367.58979999997,17859.544383302436,1182166.9250778488
ASO3tex_reverse_num4,predict,197.7733866872952,0.0001402399683883,40367.58979999997,17637.52048615652,1410249.7951204267
XYLK_num1,predict,197.35679544165336,0.000277253358583,61088.72140000013,11630.370505511195,711828.3307741126
SUCRtex_reverse_num1,predict,197.19423695774185,0.0003398236312236,38921.51909999999,18239.24835060898,580284.0616107428
SUCRtex_num1,predict,197.19423695774185,0.0003398230715559,38921.51909999999,18239.24835060898,580285.0173029053
MELIBtex_reverse_num1,predict,196.9874691607633,0.0008042061212301,38921.51909999999,18220.12360711656,244946.4931446364
MELIBtex_num1,predict,196.9874691607633,0.0008042061212301,38921.51909999999,18220.12360711656,244946.4931446364
G3PItex_reverse_num3,predict,196.97914240299812,0.0003261114023237,41219.34330000004,17203.69263259933,604024.0880859343
G3PEtex_reverse_num2,predict,195.6224937170403,0.0003849923321267,41219.34330000004,17085.206143527874,508120.49330027023
PTAr_reverse_num2,predict,195.1783929911418,0.0001218116509678,36066.3228,19481.947706853844,1602296.5901901762
ASCBtex_num1,predict,195.1670355432973,0.00019047316295,38921.51909999999,18051.744746927678,1024643.2228068238
ASCBtex_reverse_num1,predict,195.1670355432973,0.0001904728492529,38921.51909999999,18051.744746927678,1024644.9103313647
G6Ptex_num4,predict,194.87111791639816,0.0001471185341023,40367.58979999997,17378.694838477422,1324585.777757227
G6PDH2r_reverse,predict,194.77443184136968,5.327236060638914e-05,55703.77830000008,12587.798817749672,3656200.5066846935
GLCNtex_num2,predict,193.6577975696147,0.0006672251287928,39332.7982,17724.853129076717,290243.56129991193
ARBtex_reverse_num2,predict,193.49764851149763,0.0008660632114332,39332.7982,17710.195219250676,223422.08508232224
GALtex_num4,predict,193.2123231705392,0.0005382638063808,40367.58979999997,17230.762769342786,358954.70005621976
GLCRtex_reverse_num1,predict,192.87055160144573,0.0002270516380877,38921.51909999999,17839.334173501076,849456.772150432
GLCRtex_num1,predict,192.87055160144573,0.0002270507655632,38921.51909999999,17839.334173501076,849460.0364946132
LIPOtex_reverse_num2,predict,192.2169936684106,6.550294325620425e-05,40367.58979999997,17141.998832099674,2934478.728941762
TMAtex_reverse_num2,predict,192.16086357317823,0.0001086751353845,39332.7982,17587.843746734543,1768213.7031005304
SBTtex_num1,predict,191.9474657540229,0.0015815505948014,38921.51909999999,17753.954436852455,121366.62992948784
SBTtex_reverse_num1,predict,191.9474657540229,0.0015815505948014,38921.51909999999,17753.954436852455,121366.62992948784
GALCTNtex_num2,predict,191.6642158227548,0.0004861328195604,39332.7982,17542.387232493347,394263.06579356827
GALCTNLtex_reverse_num3,predict,191.66358450594123,0.0004861320189308,39332.7982,17542.32945016834,394262.41646762256
XYLK2_num1,predict,190.5050581828145,0.0003335904621035,61088.72140000013,11226.592957601675,571074.6553770122
PPAKr,predict,189.8843240200891,0.0003295126524889,43383.618700000006,15756.72078438954,576258.0665289797
ASCBtex_num3,predict,189.709902201807,0.0001929877984825,41219.34330000004,16568.814378139417,983015.0076509101
GBBTNtex_reverse_num4,predict,189.16464579463377,0.0005484429404889,40367.58979999997,16869.789061834996,344912.17194993194
GLYC3Ptex_reverse_num4,predict,188.97200312242356,0.0001288638978705,40367.58979999997,16852.609100797126,1466446.431042528
MANtex_num1,predict,188.2289139849184,0.0005099654461537,38921.51909999999,17410.011377117764,369101.3095192876
MANtex_reverse_num1,predict,188.2289139849184,0.0005099654461537,38921.51909999999,17410.011377117764,369101.3095192876
GLYALDtex_reverse_num2,predict,187.72727833371405,0.000432827047443,39332.7982,17182.0524582299,433723.53794141364
GLCRtex_num3,predict,187.47763104595384,0.0002300476688445,41219.34330000004,16373.853092546315,814951.2315757425
GALCTNLtex_num1,predict,187.1033715956747,0.00058179602036,40367.58979999997,16685.96369220016,321596.16953017324
GALCTNLtex_reverse_num1,predict,187.10306344842584,0.00058179602036,40367.58979999997,16685.93621148849,321595.639881915
XYLtex_reverse_num2,predict,186.9707097906844,0.0004299272339548,39332.7982,17112.806259648823,434889.19757602835
GAMAN6Ptex_num4,predict,186.5538287730324,0.0001946298132101,40367.58979999997,16636.95521358367,958505.9230964287
GLCURtex_num2,predict,186.2729136556648,0.0001266295342105,39332.7982,17048.939303799478,1471006.8612115232
CYANtex_num1,predict,186.12142607165035,0.0005446438381703,38921.51909999999,17215.081768428237,341730.5274157047
CYANtex_reverse_num1,predict,186.12081301206,0.0005446438381703,38921.51909999999,17215.025064204554,341729.4018001237
4HOXPACDtex_reverse_num3,predict,185.59117019666616,0.000138728185896,41219.34330000004,16209.094061622218,1337804.3473861744
PGL,predict,185.3022438053548,0.0002271233211938,36307.20400000005,18373.4356878397,815866.2123791327
R5Ptex_num4,predict,185.24742103534007,0.0001656533161493,40367.58979999997,16520.4491779498,1118283.8070587148
GLYC3Ptex_num2,predict,184.517762403486,0.0001478950316544,39332.7982,16888.29615617202,1247626.5114481042
DHAtex_num2,predict,184.3177092657439,0.0006708491445347,39332.7982,16869.985958860107,274752.8423749968
ACACtex_num1,predict,183.91714280799133,0.0003489270373308,38921.51909999999,17011.19918797745,527093.4124649928
ACACtex_reverse_num1,predict,183.91714280799133,0.0003489276119922,38921.51909999999,17011.19918797745,527092.5443759453
HACD1_num1,predict,183.3342791237847,3.158647982141741e-05,79592.95340000032,8292.23413194292,5804201.042987821
MANtex_num3,predict,182.96577987274543,0.0005166986009422,41219.34330000004,15979.798677236156,354105.4292369039
ECOAH2_num1,predict,182.4110645863795,4.0862172164863694e-05,79592.95340000032,8250.477014099135,4464056.973046332
XANtex_reverse_num1,predict,182.39374121395332,0.0001490038561372,38921.51909999999,16870.293954436944,1224087.3890270903
XANtex_num1,predict,182.39374121395332,0.0001490038561372,38921.51909999999,16870.293954436944,1224087.3890270903
F6Ptex_num2,predict,182.35259228426168,0.0001571772460648,39332.7982,16690.125347434398,1160171.6969203197
HACD1_reverse_num1,predict,181.67043575422065,2.348638797481351e-05,79592.95340000032,8216.978272290016,7735137.303745541
CYANtex_num3,predict,180.91662424418757,0.0005518351602228,41219.34330000004,15800.83026890617,327845.4097979977
PPTtex_reverse_num1,predict,180.9121549246188,0.000122657900331,38921.51909999999,16733.256378182523,1474932.755545432
PPTtex_num1,predict,180.9121549246188,0.000122657900331,38921.51909999999,16733.256378182523,1474932.755545432
GALURtex_num1,predict,180.3690127508759,0.0001318569064568,38921.51909999999,16683.019083475432,1367914.7918578677
GALURtex_reverse_num1,predict,180.368715694684,0.0001318569064568,38921.51909999999,16682.991607613345,1367912.5389899681
RIBtex_num3,predict,180.30080169039772,0.0003811855816417,41219.34330000004,15747.04578288202,473000.05659677245
G3PItex_reverse_num4,predict,180.26428126559756,0.0003182526970686,40367.58979999997,16076.050509117877,566418.7072913988
HACD5_num1,predict,180.0708168199096,3.747008621662032e-05,79592.95340000032,8144.62729249185,4805721.977229851
ALLtex_num1,predict,179.37159175309958,0.000513663629159,38921.51909999999,16590.763804775506,349200.4914709986
ALLtex_reverse_num1,predict,179.37129633959606,0.000513663629159,38921.51909999999,16590.73648085195,349199.9163601931
HACD2_reverse_num1,predict,179.1753475131048,2.4103074811183503e-05,79592.95340000032,8104.1250951642,7433713.288313317
G3PEtex_reverse_num3,predict,179.023636873728,0.0003757147011022,40367.58979999997,15965.409278545068,476488.2405414073
XYLI2,predict,178.84416891222935,0.0018064568525514,49741.41420000006,12943.721412810675,99002.73491704701
ACACtex_num3,predict,178.77457162892327,0.0003535347527602,41219.34330000004,15613.748457368634,505677.50478037086
CSND,predict,178.05662527591653,0.0002584404150066,47590.40320000001,13469.183026238772,688965.8696429866
HACD6_reverse_num1,predict,177.80597700159865,2.3202831239158667e-05,79592.95340000032,8042.1882825339735,7663115.555550016
XYLtex_num1,predict,177.5513927422885,0.0006005081627523,38921.51909999999,16422.406644252453,295668.574975767
XYLtex_reverse_num1,predict,177.55110032653596,0.0006005081627523,38921.51909999999,16422.379597602332,295668.08802859345
G6Ptex_num2,predict,177.44362143385513,0.0001365009426786,39332.7982,16240.82359749016,1299944.2930709806
GLYC2Ptex_num2,predict,177.2902625307883,0.0001768591350509,38921.51909999999,16398.25371335103,1002437.6885014406
UREAtpp,predict,176.10392024568503,0.0005447440117334,29779.630900000004,21288.85059097445,323278.3040336954
UREAtpp_reverse,predict,176.1033401824463,0.0005447446098398,29779.630900000004,21288.78046829004,323276.8842526689
THMtex_num1,predict,176.08535916969757,0.0002655417566547,38921.51909999999,16286.807598188308,663117.399643748
THMtex_reverse_num1,predict,176.08506916840827,0.0002655420482086,38921.51909999999,16286.78077486112,663115.5794583702
ACACT2r_reverse_num2,predict,176.0245660127513,8.057519451544847e-05,40875.8029,15502.776525177558,2184599.9512790823
L_LACtex_num4,predict,175.9434123323241,0.0001599700276956,38921.51909999999,16273.678392896207,1099852.3590126468
GALtex_num2,predict,175.93288441904448,0.0004994171361826,39332.7982,16102.55087085465,352276.42720436974
LCTStex_num1,predict,175.4819356164561,0.0005055018104807,38921.51909999999,16230.994648388278,347144.02990878304
LCTStex_reverse_num1,predict,175.4819356164561,0.0005055018104807,38921.51909999999,16230.994648388278,347144.02990878304
GALURtex_num3,predict,175.32536331993893,0.0001335976874521,41219.34330000004,15312.502757698705,1312338.3096193185
LIPOtex_reverse_num3,predict,175.02599309294172,6.077550826739864e-05,39332.7982,16019.546128670556,2879877.076845931
QUIN2tex_reverse_num3,predict,174.98650636364903,0.0005949256583768,38921.51909999999,16185.170504024256,294131.71864377754
RIBtex_num2,predict,174.59816719345082,0.0002433787646789,39332.7982,15980.388649196666,717392.77427842
ECOAH3_num1,predict,174.39422017804955,3.116842157777722e-05,79592.95340000032,7887.874061989209,5595221.4244429665
ALLtex_num3,predict,174.35554600137598,0.0005204453259315,41219.34330000004,15227.801205774012,335012.22378990933
ASO3tex_reverse_num3,predict,174.25057546608696,9.025990678606336e-05,41219.34330000004,15218.633327375512,1930542.3822240445
ASCBtex_num4,predict,173.61254684140422,0.0001883371355026,40367.58979999997,15482.84581085036,921817.9217715005
RIBtex_num4,predict,173.21993443191252,0.0002299349183046,40367.58979999997,15447.832457782395,753343.3186622144
FUCtex_reverse_num3,predict,172.4757145878367,0.0001977423371184,41219.34330000004,15063.621174095986,872224.5175273989
GLYC2Ptex_num4,predict,172.33298785535428,0.0001791943326772,41219.34330000004,15051.155758691451,961710.0344674084
GBBTNtex_reverse_num2,predict,172.246916801953,0.0005088610802343,39332.7982,15765.18653297926,338494.9714028898
GLYBtex_reverse_num3,predict,171.86890327852524,0.000299578912565,41219.34330000004,15010.623708861716,573701.6060542467
GLCRtex_num4,predict,171.56903010946073,0.0002245036823531,40367.58979999997,15300.604060192343,764214.7706050384
TKT2,predict,171.4277124448809,0.0003881414045313,73041.82930000033,8449.127995779378,441663.0394067038
XYLUtex_num1,predict,171.42112485567333,0.0007444257780358,38921.51909999999,15855.394746923539,230272.9565706006
XYLUtex_reverse_num1,predict,171.4204661106758,0.0007444237346677,38921.51909999999,15855.333817082,230272.70374069337
THMtex_reverse_num3,predict,171.1614933236322,0.0002690478943481,41219.34330000004,14948.840195740708,636174.8109508702
PYK_num2,predict,171.0527175017653,0.0003027574489471,50728.87210000009,12138.842389250636,564982.688606459
L_LACtex_num2,predict,171.02379740359663,0.0001620822263607,41219.34330000004,14936.81415960228,1055166.8819195384
LCTStex_num3,predict,170.57466234620065,0.0005121757500045,41219.34330000004,14897.587765458693,333039.31774337613
GALCTNLtex_num3,predict,170.3693356549876,0.0005398076164256,39332.7982,15593.337784901238,315611.2112369001
GAMAN6Ptex_num2,predict,169.87043458279842,0.0001805833176537,39332.7982,15547.675031624736,940676.2307277719
4HOXPACDtex_reverse_num4,predict,169.8429264931104,0.0001353849345063,40367.58979999997,15146.669355404467,1254518.6590551324
5DGLCNtex_num1,predict,169.29304862486225,0.00046735072986,38921.51909999999,15658.560846087434,362239.8293366864
5DGLCNtex_reverse_num1,predict,169.2924909957422,0.00046735072986,38921.51909999999,15658.509268839718,362238.63616615214
R5Ptex_num1,predict,169.18583174650917,0.0001394597098063,38921.51909999999,15648.643947389843,1213152.0421309976
R5Ptex_reverse_num1,predict,169.18583174650917,0.0001394598629273,38921.51909999999,15648.643947389843,1213150.7101416357
GALBDtex_num1,predict,169.00722596865913,0.0005140433287466,38921.51909999999,15632.124016638729,328780.11738962185
GALBDtex_reverse_num1,predict,169.00666928100145,0.0005140427643488,38921.51909999999,15632.072526470463,328779.3954168436
GLCUR1Ptex_reverse_num3,predict,168.82676971673226,0.0002473113385823,41219.34330000004,14744.930955273989,682648.7240112942
GLCUR1Ptex_reverse_num2,predict,168.03563887520366,0.0002127620718705,39332.7982,15379.742292292167,789781.9258757755
TCYNTtex_reverse_num1,predict,167.79826796711936,0.0017951965511653,38921.51909999999,15520.302872290253,93470.69425807327
TCYNTtex_num1,predict,167.79799161413757,0.0017951965511653,38921.51909999999,15520.277311347165,93470.5403178367
RPI_reverse_num1,predict,167.62793666452848,0.0002476031418668,22860.127899999992,26397.952567548964,677002.4620879213
GLYOX,predict,167.5397086565323,0.0007432635994795,28434.035000000044,21212.007059972857,225410.88891459056
MANtex_num4,predict,167.4409557704522,0.0005042473597189,40367.58979999997,14932.460514985425,332061.1452755937
GALCTtex_reverse_num1,predict,166.50122268923505,0.0001783125213072,38921.51909999999,15400.334199217996,933760.6886416225
GALCTtex_num1,predict,166.50122268923505,0.0001783111508547,38921.51909999999,15400.334199217996,933767.8652801221
G3PAT140,predict,166.50094847240365,0.0002363832478208,8639.416499999992,5992.848675638587,704368.6471328397
CYANtex_num4,predict,165.56476406854463,0.0005385363222511,40367.58979999997,14765.140886532718,307434.72116509866
PYDXtex_reverse_num4,predict,165.04912269457446,0.0001234425140111,38921.51909999999,15266.023923009423,1337052.505911644
PYDXtex_num4,predict,165.04857904439035,0.0001234425140111,38921.51909999999,15265.973638726897,1337048.1018358807
5DGLCNtex_num4,predict,164.55884479106925,0.0004735207158741,41219.34330000004,14372.180481775134,347521.9547413048
GALBDtex_num3,predict,164.28101503667617,0.0005208291807682,41219.34330000004,14347.915487824708,315422.0637068932
G3PItex_reverse_num2,predict,164.14335744134252,0.000295283974434,39332.7982,15023.494738008065,555883.0537822865
ACACtex_num4,predict,163.60510616868993,0.0003450151934943,40367.58979999997,14590.377704622933,474196.8158320913
D_LACtex_num1,predict,163.02207549391005,0.0001558802110444,38921.51909999999,15078.534583149822,1045816.3637427704
D_LACtex_reverse_num1,predict,163.02144902516642,0.0001558800398945,38921.51909999999,15078.476638662318,1045813.4930905825
MALtex_reverse_num3,predict,162.86374502969403,0.0001953310326112,41219.34330000004,14224.134475885694,833783.2593854605
ECOAH6_num1,predict,162.07261683266668,4.386999331303277e-05,79592.95340000032,7330.566283492099,3694384.3523340276
GALCTtex_num3,predict,161.84509100994035,0.0001806669090315,41219.34330000004,14135.167641930499,895820.3352099304
TAURtex_reverse_num3,predict,161.61673118084855,0.000322495709431,41219.34330000004,14115.223234307428,501143.8182107891
TAURtex_num3,predict,161.61673118084855,0.0003224965946492,41219.34330000004,14115.223234307428,501142.4426253223
G6Ptex_reverse_num3,predict,160.76404210385937,0.0001984395183684,41219.34330000004,14040.751386106951,810141.2633213679
HACD3_reverse_num1,predict,160.59467967700192,2.87645152462272e-05,79592.95340000032,7263.71898692736,5583083.125242855
LGTHL,predict,160.48187052664366,0.0003039121280817,14919.668699999982,38723.02699964899,528053.5250093793
GALURtex_num4,predict,160.44830748440188,0.0001303784353293,40367.58979999997,14308.852963618034,1230635.3200140318
PYDXtex_reverse_num3,predict,160.43412678641323,0.0001250724137933,41219.34330000004,14011.937362211374,1282729.9155795737
HACD7_num1,predict,160.2997806529204,2.982184520241548e-05,79592.95340000032,7250.380664358048,5375246.889147443
TMAOtex_reverse_num1,predict,159.64139127212044,0.0003533319940039,38921.51909999999,14765.842183678637,451816.97095440037
TMAOtex_num1,predict,159.64139127212044,0.0003533319940039,38921.51909999999,14765.842183678637,451816.97095440037
ALLtex_num4,predict,159.56130860456173,0.0005079043549591,40367.58979999997,14229.750000492291,314156.2127724042
MELIBtex_num2,predict,159.559907077626,0.0007377981549846,39332.7982,14603.986793887798,216264.98521259718
LYXtex_reverse_num1,predict,159.5054322584359,0.0005114721745906,38921.51909999999,14753.26681507581,311855.54206562566
LYXtex_num1,predict,159.5054322584359,0.0005114721745906,38921.51909999999,14753.26681507581,311855.54206562566
IDONtex_reverse_num3,predict,158.8100216270104,0.0004627608776319,41219.34330000004,13870.091857024732,343179.44602338393
TMAtex_num3,predict,158.4838552806994,0.0002826074181961,41219.34330000004,13841.605259405414,560791.5612842412
D_LACtex_num3,predict,158.46375855734215,0.0001579384089357,41219.34330000004,13839.850059096678,1003326.2942509193
LDH_D_num2,predict,158.34662191598125,9.04602148509592e-05,36534.37890000004,15603.052687930924,1750455.9565425594
ASCBtex_num2,predict,158.08596282021242,0.0001747445926365,39332.7982,14469.081585778578,904668.6963816929
MAN6Ptex_num1,predict,158.0186313169336,0.0001475734583552,38921.51909999999,14615.746915719976,1070779.4821518157
MAN6Ptex_reverse_num1,predict,158.01828432163197,0.0001475734583552,38921.51909999999,14615.714820798845,1070777.1308123167
HACD6_num1,predict,158.01134457561142,2.963859059386296e-05,79592.95340000032,7146.874392428298,5331270.529723827
FUCtex_reverse_num4,predict,157.84063610678572,0.0001929770982068,40367.58979999997,14076.29964532658,817924.1867220897
GLYC2Ptex_reverse_num1,predict,157.71036648135853,0.0001748760677105,40367.58979999997,14064.682140940973,901840.763839918
GLYC2Ptex_num1,predict,157.71010674250329,0.000174875875704,40367.58979999997,14064.658977311849,901840.2687483779
GLYCLTtex_num1,predict,157.66015825509766,0.00011050948942,38921.51909999999,14582.590372695699,1426666.244524014
GLYCLTtex_reverse_num1,predict,157.65989859893213,0.0001105097927574,38921.51909999999,14582.566356104939,1426659.9788585238
PPTHpp,predict,157.59188341483508,0.0001183208355302,49437.99920000007,11475.601550909963,1331903.064313737
HACD3_num1,predict,157.4338139710739,1.920025848649144e-05,79592.95340000032,7120.752605416747,8199567.42154478
GLYBtex_reverse_num4,predict,157.28479646857414,0.000292359272163,40367.58979999997,14026.729613836576,537984.6354962967
UREAtex_reverse_num4,predict,157.2327384109616,0.0001878034539023,40367.58979999997,14022.08705260531,837219.6311829172
SHCHCS3,predict,157.03028173699718,3.814964637587092e-05,27682.033200000013,20421.513483814102,4116166.1156659233
MNLtex_num2,predict,157.00045717687794,0.0008230911845866,39332.7982,14369.728870110255,190744.91394988258
GLCDpp_num2,predict,156.65203358395183,0.0002576498035575,41053.96440000001,13736.732350803773,608003.698900518
THMtex_reverse_num4,predict,156.63827439830433,0.0002625643182262,40367.58979999997,13969.072481852658,596571.0628790008
L_LACtex_num3,predict,156.51200434514763,0.0001581761590749,40367.58979999997,13957.8116611394,989479.1051983734
GALTtex_reverse_num3,predict,156.4271366107733,0.0009089878590494,41219.34330000004,13661.976312921592,172089.3574688241
GLCRtex_num2,predict,156.22520266211387,0.0002083011801539,39332.7982,14298.7724067801,749996.7237184608
LCTStex_num4,predict,156.10149368833092,0.00049983322463,40367.58979999997,13921.202134242647,312307.15766020666
IDONtex_reverse_num2,predict,156.0685040406419,0.0004540024944001,39332.7982,14284.430303926634,343761.3360403764
GAL1Ptex_num1,predict,155.61746084715162,0.0001607184201779,38921.51909999999,14393.653485373492,968261.5139876181
GAL1Ptex_reverse_num1,predict,155.61694826362583,0.0001607179790233,38921.51909999999,14393.606074564883,968260.9824322476
XYLUtex_reverse_num3,predict,155.492611231648,0.0008580530081519,41219.34330000004,13580.357075556132,181215.6239234597
XYLUtex_num3,predict,155.49175761210606,0.0008580515949936,41219.34330000004,13580.282522443325,181214.9275397196
F6Ptex_reverse_num4,predict,155.065619377308,0.0002676563156936,40367.58979999997,13828.822392520178,579346.0130969583
LYXtex_num3,predict,155.0454454061315,0.0005182246539647,41219.34330000004,13541.302669469575,299185.7763229705
LCARS,predict,154.9690294435354,0.0002221158505902,40512.90400000003,13770.637276378087,697694.5996053683
INSTtex_reverse_num3,predict,154.6594118282174,0.0002823244193456,41219.34330000004,13507.58740937006,547807.4202249404
4HOXPACDtex_reverse_num2,predict,154.65397801778917,0.0001256141606994,39332.7982,14154.963448902066,1231182.6720546475
GLCUR1Ptex_reverse_num4,predict,154.50156953857513,0.000241351972317,40367.58979999997,13778.520171617254,640150.4328112449
MAN6Ptex_num3,predict,153.5998801298782,0.0001495217299978,41219.34330000004,13415.050415603322,1027274.631801934
GLYCLTtex_num3,predict,153.25151535498347,0.000111968809636,41219.34330000004,13384.625059709286,1368698.263857494
XYLI2_reverse,predict,152.88371221406337,0.0014087517447584,49741.41420000006,11064.85154920721,108524.23983352922
MANtex_num2,predict,152.46547484827667,0.0004678551536157,39332.7982,13954.657043794969,325881.7898445403
3HPPtex_reverse_num2,predict,152.16328164526945,0.0001239742744781,39332.7982,13926.998306542298,1227377.8756587845
FRULYStex_reverse_num3,predict,151.92539459135733,0.0001782842333871,41219.34330000004,13268.804807205306,852152.7209951819
RIBtex_reverse_num1,predict,151.51302274058986,0.0003590705892258,38921.51909999999,14014.018324020752,421958.8774097885
RIBtex_num1,predict,151.51302274058986,0.0003590705892258,38921.51909999999,14014.018324020752,421958.8774097885
GAL1Ptex_num3,predict,151.26568866434786,0.0001628400534245,41219.34330000004,13211.187651105829,928921.8806015773
CYANtex_num2,predict,150.7584917913291,0.0004996699844958,39332.7982,13798.422570626688,301716.1255812762
5DGLCNtex_num3,predict,150.59561898390328,0.0004621099618159,40367.58979999997,13430.18572642284,325886.9780519881
TARTRDtex_num3,predict,150.47157666019731,0.0001813799457771,38921.51909999999,13917.69099723321,829593.2387426869
TARTRDtex_reverse_num3,predict,150.47157666019731,0.0001813799457771,38921.51909999999,13917.69099723321,829593.2387426869
ACACT7r_reverse_num2,predict,150.36992333950317,0.0001143766076903,40875.8029,13243.329442275282,1314691.2325522283
GALCTNtex_reverse_num3,predict,150.36934549103285,0.0005517709394184,41219.34330000004,13132.903157331904,272521.3213467372
GALBDtex_num4,predict,150.34128123847785,0.0005082789601933,40367.58979999997,13407.503770723526,295784.9783538209
CYTDtex_reverse_num3,predict,149.61870298830536,0.0001956781310222,41219.34330000004,13067.343815686138,764616.3738723102
ASCBPL,predict,149.21726140663347,0.0001409855783585,40060.19960000004,13409.372554995456,1058386.7026966533
A5PISO_num2,predict,149.05032578069387,0.0002256586404325,34031.0703,15767.390448795199,660512.3805364699
MALtex_reverse_num4,predict,149.04377988374503,0.0001906240065015,40367.58979999997,13291.792010368737,781873.0841887548
ACACtex_num2,predict,148.97400212917907,0.0003201149857125,39332.7982,13635.09417606207,465376.532740566
ACtex_num1,predict,148.43186603692095,6.543307480164084e-05,38921.51909999999,13729.030369036022,2268453.1712270807
ACtex_reverse_num1,predict,148.43162157916066,6.543314664445688e-05,38921.51909999999,13729.007758203828,2268446.944569109
TCYNTtex_reverse_num3,predict,148.38925498306622,0.0011763223847187,41219.34330000004,12959.966733362244,126146.75781975474
MLTG1,predict,148.2305692949669,0.001275817948856,69040.17260000018,7729.268762892395,116184.7342153183
ECOAH5_num1,predict,148.21543422851397,2.756077367351892e-05,79592.95340000032,6703.804048344916,5377767.546885778
GALCTtex_num4,predict,148.11262180017602,0.0001763134479685,40367.58979999997,13208.750909390039,840052.8916355697
MNLtex_reverse_num2,predict,148.03076452460903,0.0007273579977552,39332.7982,13548.762780080888,203518.43931250804
TAURtex_num4,predict,147.9026638313582,0.0003147246542803,40367.58979999997,13190.02676233323,469943.0496462892
TAURtex_reverse_num4,predict,147.9026638313582,0.0003147237903953,40367.58979999997,13190.02676233323,469944.33959247003
ABUTtex_reverse_num3,predict,147.75999105984886,0.0002834753914568,41219.34330000004,12905.008309908115,521244.50838748243
G6Ptex_reverse_num4,predict,147.1223301060988,0.0001936572659999,40367.58979999997,13120.436246157953,759704.6738549679
XYLK_num2,predict,146.4115255674465,0.0004488093947305,52617.64420000009,10017.20050482242,326222.0606040641
ECOAH1_num1,predict,146.19723706802708,4.059966173394732e-05,79592.95340000032,6612.5207190124875,3600947.1710889796
GALURtex_num2,predict,146.09895257208237,0.0001209687829331,39332.7982,13371.950467014996,1207740.9479508465
XYLI1,predict,146.08892725774857,0.003088114561628,49741.41420000006,10573.083748951678,47306.835398209136
TCYNTtex_num3,predict,145.89128845269073,0.0013788622555855,41219.34330000004,12741.800241870573,105805.55661866425
MLTG2,predict,145.79937264942927,0.0012228965156055,69040.17260000018,7602.497528199168,119224.62022654367
XTSNtex_reverse_num1,predict,145.42693903474762,9.654351152431332e-05,38921.51909999999,13451.093190375797,1506335.710589143
XTSNtex_num1,predict,145.4266995259093,9.654351152431332e-05,38921.51909999999,13451.071037288306,1506333.2297508707
IDONtex_reverse_num4,predict,145.3340392141503,0.0004516091628652,40367.58979999997,12960.955651876482,321813.75216589833
ALLtex_num2,predict,145.2911210367427,0.0004712479599148,39332.7982,13298.012337507016,308311.4058743317
ASO3tex_reverse_num2,predict,145.2034095605401,8.172769514051329e-05,39332.7982,13289.9843982609,1776673.2478004415
TMAtex_num4,predict,145.0360277673868,0.0002757972330533,40367.58979999997,12934.378855648023,525879.1981403143
D_LACtex_num4,predict,145.0171586418161,0.0001541322047259,40367.58979999997,12932.696098456152,940862.1572610762
XYLI1_reverse,predict,144.63727388835156,0.0013480053033086,49741.41420000006,10468.021353483453,107297.25879664408
DHAPT,predict,144.56400363600898,0.0001537429587369,63561.09830000026,2813.522817636431,940296.7447985768
ACtex_num3,predict,144.2812733976851,6.629688889473632e-05,41219.34330000004,12601.185333092531,2176290.257402115
GLYC2Ptex_num3,predict,143.60571585671377,0.0001622550281037,39332.7982,13143.752815536263,885061.729889399
HACD4_reverse_num1,predict,143.55589981108446,2.18986761950868e-05,79592.95340000032,6493.052679207429,6555460.180889507
RBK_L1,predict,143.55164417823752,0.0002644789890801,61088.72140000013,8459.596259312999,542771.4491708131
SUCRtex_reverse_num3,predict,143.36326191376972,0.0004819523928594,41219.34330000004,12521.00838029534,297463.5338216758
SUCRtex_num3,predict,143.36326191376972,0.0004819529220233,41219.34330000004,12521.00838029534,297463.2072193118
GLYBtex_reverse_num2,predict,143.21867796665472,0.0002712596104535,39332.7982,13108.32852669905,527976.4198113291
GALTtex_reverse_num4,predict,143.1536706302411,0.0008870818930525,40367.58979999997,12766.509390879419,161375.93580863325
ACACtex_reverse_num2,predict,143.07785293926477,0.0001345320942702,39332.7982,13095.439281036284,1063522.0815926727
THMtex_reverse_num2,predict,142.62919193056797,0.000243614700345,39332.7982,13054.374833419422,585470.3830621907
L_LACtex_num1,predict,142.51421495118058,0.0001467601324963,39332.7982,13043.851373489366,971068.9989651892
L_LACtex_reverse_num1,predict,142.51421495118058,0.0001467601324963,39332.7982,13043.851373489366,971068.9989651892
CHORM_num2,predict,142.4064446922174,9.428662955740963e-05,42042.020000000055,12194.066814391459,1510356.7214215498
XYLUtex_num4,predict,142.29813097895473,0.0008373745361206,40367.58979999997,12690.211976050086,169933.67345297534
XYLUtex_reverse_num4,predict,142.2971154395428,0.0008373722376183,40367.58979999997,12690.121409783907,169932.9271343794
LCTStex_num2,predict,142.13995048574606,0.0004637595925576,39332.7982,13009.59619365921,306494.9011660432
LCTStex_reverse_num2,predict,141.89794585101794,0.0002526803325207,39332.7982,12987.446315570414,561570.9953974887
LYXtex_num4,predict,141.88945511386174,0.0005057363607544,40367.58979999997,12653.766076712924,280560.12208061764
ECOAH4_num1,predict,141.80504276779433,3.071610895931907e-05,79592.95340000032,6413.861179374926,4616634.319001907
QUIN2tex_num4,predict,141.739120839386,0.0005457991944055,39332.7982,12972.909591308702,259690.96746977116
QUIN2tex_reverse_num4,predict,141.739120839386,0.0005457991944055,39332.7982,12972.909591308702,259690.96746977116
INSTtex_reverse_num4,predict,141.53571124011845,0.000275520600055,40367.58979999997,12622.21903732352,513702.8273452685
SELtex_num4,predict,141.07577602167015,0.0001676086126905,38921.51909999999,13048.637499814664,841697.6535816544
PDH,predict,140.90967123353784,6.807210627736738e-05,50687.87920000004,2343.6073960559593,2070006.041232009
ECOAH6_reverse_num1,predict,140.84718107464525,4.9927513654543126e-05,79592.95340000032,6370.536966011376,2821033.3494511787
SELtex_reverse_num4,predict,140.6625795288361,0.0001121296037248,38921.51909999999,13010.41937758822,1254464.2525810103
CYNTtex_reverse_num3,predict,140.65315890530582,0.0009023057747906,41219.34330000004,12284.31439030472,155881.9225533024
MAN6Ptex_num4,predict,140.56631812975814,0.0001459186021299,40367.58979999997,12535.768119282902,963320.0707653632
FUMtex_reverse_num1,predict,140.32106103858447,0.0001166991312833,38921.51909999999,12978.831027664186,1202417.3573146798
FUMtex_num1,predict,140.32082993879962,0.0001166991312833,38921.51909999999,12978.809652362173,1202415.3770104367
GLYCLTtex_num4,predict,140.24720552296048,0.000109270440332,40367.58979999997,12507.30951201496,1283487.1452594383
GLCRD_num2,predict,140.21833620221648,0.0008022007186771,49140.4462000001,10272.312308144616,174792.08499519786
PPALtex_reverse_num1,predict,139.57114977872166,0.0002254371245634,38921.51909999999,12909.468870227065,619113.4226406879
PPALtex_num1,predict,139.57061342827598,0.000225436877043,38921.51909999999,12909.419261125231,619111.7232415093
G1Ptex_reverse_num3,predict,139.1117180401924,0.0001541790887611,41219.34330000004,12149.688589160327,902273.5778114861
ACSERtex_reverse_num4,predict,139.10362311709153,0.0002068071673462,39332.7982,12731.691263743589,672624.7687742313
FRULYStex_reverse_num4,predict,139.03361405631992,0.0001739877091646,40367.58979999997,12399.080873605984,799100.2049736055
GAL1Ptex_num4,predict,138.4304200990001,0.0001589158975242,40367.58979999997,12345.28776242174,871092.3340940112
GLCURt2rpp_reverse_num1,predict,138.26112994540247,0.0001382822324412,33668.87360000001,14783.38936184217,999847.3954648764
GLCURt2rpp_num1,predict,138.260902238192,0.0001382822324412,33668.87360000001,14783.36501454836,999845.7487803642
TKT1_reverse,predict,138.14436538312518,0.0002234462492363,73041.82930000033,6808.697429203739,618244.2795763112
ACACT1r_num3,predict,138.03277640373017,4.0522928634307786e-05,40875.8029,12156.77637621226,3406288.268288387
GALCTNtex_reverse_num4,predict,137.6101338653506,0.0005384751271786,40367.58979999997,12272.134263395197,255555.2279385199
LALALGLUtex_reverse_num3,predict,137.57720015083842,0.000196273407193,38921.51909999999,12725.04085132223,700946.7156982489
HACD2_num2,predict,137.41936379656752,3.8720306423276695e-05,77071.2984000004,6418.857861977325,3549025.730694061
MALTHXtexi,predict,137.31491861801663,0.0003241396612537,49911.64310000007,9904.176186595212,423628.87061371363
5DGLCNtex_num2,predict,137.12696674211028,0.0004287586326752,39332.7982,12550.774490069132,319823.22055306315
CYTDtex_reverse_num4,predict,136.92288456777965,0.0001909626358091,40367.58979999997,12210.84505877552,717014.0063664475
HACD4_num1,predict,136.91183534741785,3.207519602069408e-05,79592.95340000032,6192.540748848532,4268464.493843962
GALBDtex_num2,predict,136.89545107038202,0.0004715957880938,39332.7982,12529.584631824524,290281.3267771459
FUMtex_num3,predict,136.39704578499413,0.0001182398635389,41219.34330000004,11912.595531961773,1153562.2733539485
ASPTA,predict,136.31081230643744,0.0007348811985477,43572.83760000009,11262.037345558916,185486.86859293721
FORtex_reverse_num1,predict,136.23166326850333,0.0001325269493825,38921.51909999999,12600.58700449367,1027954.4191069453
FORtex_num1,predict,136.23143890369423,0.0001325265856104,38921.51909999999,12600.566252135297,1027955.5477584378
TCYNTtex_reverse_num4,predict,135.7980589442488,0.0011479751057195,40367.58979999997,12110.532598587197,118293.55729725216
MALtex_reverse_num2,predict,135.71466278603728,0.00017686661129,39332.7982,12421.511013415115,767327.7720208719
DGSNtex_reverse_num3,predict,135.52413960630545,9.169065942732382e-05,41219.34330000004,11836.357969892722,1478058.2935356146
AKGtex_reverse_num1,predict,135.39801607338416,7.463391932901232e-05,38921.51909999999,12523.479790494175,1814161.9425947943
AKGtex_num1,predict,135.39801607338416,7.463400127397598e-05,38921.51909999999,12523.479790494175,1814159.9507220297
ASPtex_reverse_num1,predict,135.2655493190986,0.000595262480074,38921.51909999999,12511.22743430523,227236.8137536286
ASPtex_num1,predict,135.26502951441273,0.000595260846143,38921.51909999999,12511.179355583938,227236.56425727336
HACD5_reverse_num1,predict,135.22360008065513,3.676030810590468e-05,79592.95340000032,6116.181640400801,3678521.945220982
42A12BOOXpp,predict,134.91217256181784,5.185587581457638e-05,84377.62450000031,5756.073652233981,2601675.710660639
GALCTtex_num2,predict,134.86611264400105,0.0001635884012867,39332.7982,12343.846045471633,824423.4406792622
ALLTNtex_reverse_num3,predict,134.819106280643,0.0003623804521175,41219.34330000004,11774.782025950288,372037.46916494437
TAURtex_num2,predict,134.6758195542232,0.0002920108758261,39332.7982,12326.429152838751,461201.3822198394
TAURtex_reverse_num2,predict,134.6755977517889,0.0002920100742879,39332.7982,12326.408852000772,461201.8885999422
ACACT1r_reverse_num1,predict,134.07357130512327,4.1592792346154736e-05,40352.03000000001,11961.352544058964,3223480.890373988
G6Ptex_reverse_num2,predict,133.9650499619599,0.0001796809594851,39332.7982,12261.374779663034,745571.7642306385
TARTRDtex_num2,predict,133.85330969697992,0.0001793459910554,40367.58979999997,11937.098977088992,746341.2419162055
TARTRDtex_reverse_num2,predict,133.85279531931357,0.0001793459910554,40367.58979999997,11937.053104654991,746338.3738416904
LALALGLUtex_reverse_num2,predict,133.73079671278478,0.0001988651636824,41219.34330000004,11679.731641091545,672469.6987470423
TCYNTtex_num4,predict,133.51205106469308,0.0013456356030879,40367.58979999997,11906.665377205538,99218.57801496635
UDPGLCURtex_reverse_num3,predict,133.50692049079618,0.0003305941890685,41219.34330000004,11660.17882111348,403839.2836455247
UDPGLCURtex_num3,predict,133.50692049079618,0.0003305941890685,41219.34330000004,11660.17882111348,403839.2836455247
MANGLYCtex_reverse_num3,predict,133.3508986940439,0.0003805854699885,41219.34330000004,11646.552246225563,350383.57795969804
THRPtex_num3,predict,133.3049327151372,0.000246279482411,41219.34330000004,11642.537686292868,541275.0238473912
THRPtex_reverse_num3,predict,133.3047131704656,0.0002462792120066,41219.34330000004,11642.518511780261,541274.7266987892
TMAtex_num1,predict,133.10610033012037,0.0002562116656443,38921.51909999999,12311.491747207612,519516.158623754
TMAtex_reverse_num1,predict,133.1055888238646,0.0002562112436802,38921.51909999999,12311.444436039821,519515.01781087136
CSNtex_reverse_num3,predict,133.03582317998809,0.0002273297702105,41219.34330000004,11619.034295676338,585210.7405765696
SLNTtex_reverse_num4,predict,132.56405938300898,0.0001196866211348,38921.51909999999,12261.35630915887,1107592.9634082112
FORtex_num3,predict,132.4217880906231,0.0001342764288857,41219.34330000004,11565.405922569433,986187.890082662
D_LACtex_num2,predict,132.04771089493468,0.0001430080419187,39332.7982,12085.887121597285,923358.6386002245
ACtex_num4,predict,132.03835983170924,6.469932272737228e-05,40367.58979999997,11775.240923453735,2040799.7219397153
ACACT8r_reverse_num2,predict,131.87949303567214,9.965025459902328e-05,40875.8029,11614.84646772332,1323423.5433349786
CYTDtex_reverse_num2,predict,131.73542521419822,0.0001823404796481,39332.7982,12057.304653476538,722469.4454486201
AKGtex_num3,predict,131.61159930225085,7.561919828059439e-05,41219.34330000004,11494.64594910474,1740452.1906446263
ASPtex_num3,predict,131.48283699175693,0.0006031205007463,41219.34330000004,11483.400153304347,218004.2575721773
ECOAH1_reverse_num1,predict,131.31259936755083,2.4632072255900872e-05,79592.95340000032,5939.286551504962,5330960.302623078
SUCRtex_num4,predict,131.19802966704336,0.0004703381966814,40367.58979999997,11700.299897551882,278944.0249436406
SUCRtex_reverse_num4,predict,131.19802966704336,0.00047033768027,40367.58979999997,11700.299897551882,278944.3312126904
ECOAH7_reverse_num1,predict,131.12480071491063,3.668688364265384e-05,79592.95340000032,5930.792393157714,3574160.2364518903
GALTtex_reverse_num2,predict,130.35109653395247,0.0008230618142217,39332.7982,11930.601660632143,158373.39830570866
MEOHtex_num1,predict,130.2526671232005,0.0004189683120977,41219.34330000004,11375.96002514483,310889.06574115
MEOHtex_reverse_num1,predict,130.25245260541448,0.0004189676220837,41219.34330000004,11375.941289668524,310889.065741202
ECOAH3_reverse_num1,predict,130.15824195640306,3.0025841898231483e-05,79592.95340000032,5887.074810356882,4334874.019438215
GAPD,predict,130.058387377272,8.38288000358981e-05,35532.06830000002,13177.11624904703,1551476.191017609
XYLUtex_num2,predict,129.5716430401863,0.000776940949371,39332.7982,11859.260878740906,166771.54569479908
XYLUtex_reverse_num2,predict,129.57135851202034,0.000776940949371,39332.7982,11859.234836825652,166771.17947885153
SKMtex_num1,predict,129.28018737505482,0.0001276443557022,38921.51909999999,11957.618441213346,1012815.5425585075
SKMtex_reverse_num1,predict,129.27997445888056,0.0001276443557022,38921.51909999999,11957.59874778295,1012813.874516289
GALCTNtex_reverse_num2,predict,129.27472263758352,0.0004944710969571,39332.7982,11832.084743345331,261440.4025495535
LYXtex_num2,predict,129.1998718975205,0.0004692366914557,39332.7982,11825.233904438403,275340.51417997025
PGMT_reverse_num1,predict,129.13619422835396,0.0001823303697166,20779.57939999998,22372.45953217295,708253.8933534392
PSERtex_reverse_num1,predict,129.03804464818612,0.0002382159122677,38921.51909999999,11935.221735306579,541685.244364268
PSERtex_num1,predict,129.03804464818612,0.0002382161738189,38921.51909999999,11935.221735306579,541684.6496169702
TSULtex_num1,predict,128.895241088667,7.266388071727341e-05,38921.51909999999,11922.013288510143,1773855.728820529
TSULtex_reverse_num1,predict,128.89502880647456,7.266388071727341e-05,38921.51909999999,11921.993653719146,1773852.8073939502
INSTtex_reverse_num2,predict,128.87825961800857,0.0002556361906701,39332.7982,11795.797803799042,504147.16038515343
CYNTtex_reverse_num4,predict,128.71817780014513,0.0008805608423092,40367.58979999997,11479.145581303017,146177.49463238913
MAN6Ptex_num2,predict,127.9951371368026,0.0001353873872038,39332.7982,11714.968544813304,945399.2707912313
UREAtex_reverse_num1,predict,127.8129249984186,0.0005101729389768,38921.51909999999,11821.905738368447,250528.62516534
UREAtex_num1,predict,127.8129249984186,0.0005101729389768,38921.51909999999,11821.905738368447,250528.62516534
GLYCLTtex_num2,predict,127.70477385288378,0.0001013843578801,39332.7982,11688.392560648828,1259610.2251188594
GLYCAtex_reverse_num3,predict,127.60182782232572,0.0002522882089291,41219.34330000004,11144.441987273782,505778.0082706337
GLCURtex_reverse_num3,predict,127.48174735317158,0.0001319114248955,41219.34330000004,11133.954442971859,966419.3033633168
ALAALAtex_reverse_num3,predict,127.4029688074282,0.0010198932019786,41219.34330000004,11127.074111021588,124917.95078177354
G1Ptex_reverse_num4,predict,127.30746444668476,0.0001504634815148,40367.58979999997,11353.337523462089,846102.0784911352
MOBDtex_reverse_num3,predict,127.27657719745142,6.545973390108156e-05,41219.34330000004,11116.03536659995,1944349.1382012551
MALTPTtexi,predict,127.1618987783378,0.0004031008141517,49911.64310000007,9171.864662616475,315459.2953277505
ACNAMtex_reverse_num2,predict,126.83860508852882,0.0001395762835229,39332.7982,11609.115018892904,908740.381153068
FRULYStex_reverse_num2,predict,126.59992344675072,0.000161430960826,39332.7982,11587.26928327979,784235.7054617777
GAL1Ptex_num2,predict,126.0499807642072,0.0001474467247377,39332.7982,11536.93486142936,854884.915134219
CGLYtex_reverse_num3,predict,125.84359149553248,0.0004014625938864,41219.34330000004,10990.88178301755,313462.8067768173
SELtex_num3,predict,125.49512400333806,0.0001657290866618,40367.58979999997,11191.712179259643,757230.5292397672
CYStex_reverse_num3,predict,125.37303402102998,0.0002684950250492,41219.34330000004,10949.78440560715,466947.32611174515
SELtex_reverse_num3,predict,125.12763033624664,0.0001108722070707,40367.58979999997,11158.938927052024,1128575.2637399593
RIBtex_reverse_num3,predict,125.1274242590674,0.0002451136970143,41219.34330000004,10928.33342962653,510487.27910039003
IDONtex_num1,predict,124.95046067051874,0.0005255490328364,38921.51909999999,11557.145476725947,237752.24168172907
IDONtex_reverse_num1,predict,124.95018629007114,0.0005255490328364,38921.51909999999,11557.120098230087,237751.71959828786
FUMtex_num4,predict,124.82334989153377,0.0001153903662609,40367.58979999997,11131.803058738024,1081748.4503802129
A5PISO_reverse_num1,predict,124.8049179183127,0.0002540241694337,35195.73530000005,12765.685975196122,491311.19372043305
GLCRD_num1,predict,124.75046014951316,0.0008893712573362,48849.00430000009,9193.670638200634,140268.14912274032
DGSNtex_reverse_num4,predict,124.02410388348464,8.948097923450978e-05,40367.58979999997,11060.525936590473,1386038.7419145806
TREHpp,predict,123.79309706887015,0.0006386673651026,63635.9564000002,7003.197164927518,193830.31579981098
ECOAH7_num1,predict,123.76673146725444,4.160325143709027e-05,79592.95340000032,5597.9859302734985,2974929.294995283
GLYCtex_reverse_num3,predict,123.74804790783008,0.0006509921394721,41219.34330000004,10807.861959998474,190091.46256079126
PYRtex_reverse_num3,predict,123.72169190083844,0.0002286856233881,41219.34330000004,10805.560088654249,541012.111158696
PYRtex_num3,predict,123.7214202186612,0.0002286856233881,41219.34330000004,10805.536360575155,541010.923142706
TCYNTtex_reverse_num2,predict,123.65331473956444,0.0010651242075571,39332.7982,11317.576003591628,116092.85927616619
PFL_num3,predict,123.4401421764454,0.0002243530008565,32429.31190000004,3753.6265714991646,550204.9970590757
ALLTNtex_reverse_num4,predict,123.37889686223151,0.0003536473389269,40367.58979999997,11002.986081275374,348875.5132064893
HACD1_num2,predict,123.37760995274311,3.214997879133377e-05,77071.2984000004,5762.967603383114,3837564.271924196
ABUTtex_reverse_num2,predict,123.12894678609824,0.0002566783609746,39332.7982,11269.58235150312,479701.31303075695
ECOAH2_num2,predict,122.7551729598504,4.159110269612532e-05,77071.2984000004,5733.893574257718,2951476.7583040404
GUI1_reverse,predict,122.58351593026472,0.0003751073457735,53986.57040000005,8174.267305354752,326795.8287446708
HACD8_num1,predict,122.58048765738576,2.3374712647922133e-05,79592.95340000032,5544.3319630175565,5244149.500519417
G1Ptex_num1,predict,122.53816696212836,0.0001124016449338,38921.51909999999,11334.02321554459,1090181.2605527113
G1Ptex_reverse_num1,predict,122.53796514962916,0.0001124016449338,38921.51909999999,11334.004549135521,1090179.4650941188
CHLtex_reverse_num1,predict,122.24776683280456,0.0001377522319366,38921.51909999999,11307.162998118862,887446.7231069525
CHLtex_num1,predict,122.24776683280456,0.0001377522319366,38921.51909999999,11307.162998118862,887446.7231069525
UDPGLCURtex_num4,predict,122.17846034314344,0.000322627102388,40367.58979999997,10895.930607066282,378698.68786227494
UDPGLCURtex_reverse_num4,predict,122.17805790330388,0.000322627102388,40367.58979999997,10895.894717298537,378697.4404784173
ASCBptspp,predict,122.1401674240995,0.0001607815177601,9119.2594,2901.380383462749,759665.4710421583
MANGLYCtex_reverse_num4,predict,122.0353424861982,0.000371413628713,40367.58979999997,10883.167291556105,328569.90980397695
THRPtex_num4,predict,121.9932100013412,0.0002403440567784,40367.58979999997,10879.409897413014,507577.3939932301
THRPtex_reverse_num4,predict,121.9932100013412,0.0002403440567784,40367.58979999997,10879.409897413014,507577.3939932301
TARTRDtex_num4,predict,121.88161921543616,0.0001664022597534,39332.7982,11155.418613862317,732451.7070625047
TARTRDtex_reverse_num4,predict,121.88161921543616,0.0001664022597534,39332.7982,11155.418613862317,732451.7070625047
CSNtex_reverse_num4,predict,121.74693602358104,0.0002218511613667,40367.58979999997,10857.447072177989,548777.5465026497
LCARS_reverse,predict,121.46134488555502,0.0001245055232209,40512.90400000003,10793.125113618065,975549.8530780523
IDONtex_num3,predict,121.45621065442349,0.0005324867708976,41219.34330000004,10607.69831226118,228092.4471601195
FORtex_num4,predict,121.1858703602254,0.0001310408213914,40367.58979999997,10807.410981391109,924794.8011426203
HACD5_num2,predict,121.18114692835816,3.813854801119567e-05,77071.2984000004,5660.370825439306,3177392.7757497514
G3PD2,predict,121.0992811948807,8.646361349548514e-05,36361.1934,11989.634319911254,1400580.8489741655
FUSAtex_reverse_num4,predict,120.8233012340389,0.0001223454530231,38921.51909999999,11175.408732762953,987558.5749085933
TARTRDtex_num1,predict,120.61884802033518,0.0001977260543283,41219.34330000004,10534.565039351472,610030.1168204282
TARTRDtex_reverse_num1,predict,120.61884802033518,0.0001977258372335,41219.34330000004,10534.565039351472,610030.7866082924
AKGtex_num4,predict,120.44402892806144,7.3797072038849e-05,40367.58979999997,10741.25322540365,1632097.6645883196
ASPtex_num4,predict,120.32599424920586,0.0005885857222563,40367.58979999997,10730.726839112436,204432.4041499767
ACtex_num2,predict,120.22965647232976,6.0029952016868846e-05,39332.7982,11004.219966744882,2002827.7956734726
PTRCtex_reverse_num4,predict,120.22840241114396,0.0004651315900103,40367.58979999997,10722.023554651721,258482.5563202052
HYXNtex_num1,predict,119.78199772401324,7.024961116020473e-05,38921.51909999999,11079.094592853333,1705091.2559622508
HYXNtex_reverse_num1,predict,119.78180045074794,7.024961116020473e-05,38921.51909999999,11079.07634629535,1705088.4477863472
CYSDtex_num1,predict,119.5744488248415,0.0003459536489787,38921.51909999999,11059.89760223489,345637.19497638126
CYSDtex_reverse_num1,predict,119.57425189339592,0.0003459536489787,38921.51909999999,11059.87938729312,345636.62573409645
SUCRtex_reverse_num2,predict,119.46467704880762,0.0004363932602094,39332.7982,10934.203948289329,273754.6335877951
SUCRtex_num2,predict,119.46467704880762,0.0004363932602094,39332.7982,10934.203948289329,273754.6335877951
THMtex_num3,predict,119.23483114779458,0.0006722939959339,41219.34330000004,10413.688277563124,177355.1926224814
ECOAH4_reverse_num1,predict,119.18862715929062,3.6790106801184174e-05,79592.95340000032,5390.9176559522475,3239692.339122382
GAL1Ptex_reverse_num3,predict,119.11163849894812,0.0001138857017057,41219.34330000004,10402.928922844167,1045887.5584465628
G1Ptex_num3,predict,119.11163849894812,0.0001138855766641,41219.34330000004,10402.928922844167,1045888.7067873585
CHLtex_num3,predict,118.82955451816385,0.0001395710731571,41219.34330000004,10378.292374817856,851390.9926336263
GLYtex_reverse_num1,predict,118.70808395639064,0.0008429299830829,38921.51909999999,10979.764205632107,140827.92917417912
GLYtex_num1,predict,118.70808395639064,0.0008429290575816,38921.51909999999,10979.764205632107,140828.08379743044
F6Ptex_reverse_num3,predict,118.5629127595404,0.0002467187402722,41219.34330000004,10355.004513969174,480559.0067002298
RIBtex_reverse_num4,predict,118.34500150398728,0.0003440906174489,40367.58979999997,10554.061005999285,343935.5666870585
ECOAH5_reverse_num1,predict,118.21214970074826,3.5566812132931304e-05,79592.95340000032,5346.751449013224,3323664.467282848
UAGAAT,predict,118.1607632442788,0.0001376894790684,28079.665300000008,11584.678233413877,858168.4239329577
SLNTtex_reverse_num3,predict,117.92345603047518,0.000118344611691,40367.58979999997,10516.4673891358,996441.2772621667
MEOHtex_num4,predict,117.42673841048052,0.0004735651699169,38921.51909999999,10861.247660750478,247963.2073260081
FRUptspp,predict,117.4263516221904,0.0003233826750148,39647.34730000006,2488.9277334999633,363118.87028832396
ECOAH3_num2,predict,117.36080941318096,3.1724427607207336e-05,77071.2984000004,5481.9228773684345,3699383.039034509
PTAr_num2,predict,117.22558725613834,7.457445102282358e-05,36066.3228,11701.001969685083,1571926.9219998864
CYNTtex_reverse_num2,predict,117.20679727933472,0.0008170104860988,39332.7982,10727.547734084299,143458.1309219097
SUCCtex_num3,predict,117.03030580000916,8.756159644056485e-05,41219.34330000004,10221.1502452547,1336548.3334859833
GLYCAtex_reverse_num2,predict,116.8555555533092,0.0002293260376299,39332.7982,10695.399748902511,509560.7841177531
GLYCAtex_reverse_num4,predict,116.7744964956358,0.0002462082411153,40367.58979999997,10414.002655771366,474291.58328193397
GLCURtex_reverse_num4,predict,116.66415682776466,0.0001287326646502,40367.58979999997,10404.162514056092,906251.3942733291
ALAALAtex_reverse_num4,predict,116.59251116098515,0.0009953161346967,40367.58979999997,10397.773120939384,117141.18469154937
MOBDtex_reverse_num4,predict,116.4763965897676,6.388220050420652e-05,40367.58979999997,10387.41797071976,1823299.6933488203
MOBDtex_num4,predict,116.4763965897676,6.388227064422658e-05,40367.58979999997,10387.41797071976,1823297.6914431935
A5PISO_num1,predict,116.47556533238928,0.000219097391502,35195.73530000005,11913.717148469428,531615.4817449119
HYXNtex_num3,predict,116.43253987954613,7.117701071064036e-05,41219.34330000004,10168.942782898865,1635816.6592986807
CYSDtex_num3,predict,116.23060323491032,0.0003505209450999,41219.34330000004,10151.306113740942,331593.88863847806
G1Ptex_reverse_num2,predict,115.92224526916716,0.0001396044841719,39332.7982,10609.976967491772,830361.9038943474
ETOHtex_reverse_num1,predict,115.71045784154144,0.0004802596678601,38921.51909999999,10702.502313933304,240933.1151148174
ETOHtex_num1,predict,115.71045784154144,0.0004802596678601,38921.51909999999,10702.502313933304,240933.1151148174
HACD7_reverse_num1,predict,115.6635876439454,4.325519790448196e-05,79592.95340000032,5231.4796440032815,2673981.23803199
ECOAH8_reverse_num1,predict,115.45100516753146,2.7704673946960865e-05,79592.95340000032,5221.864509969442,4167203.172596664
GLYtex_num3,predict,115.38865590739856,0.0008540574460999,41219.34330000004,10077.772424545989,135106.43392236336
CS,predict,115.36002708713612,8.425473749360034e-05,48014.47290000005,8649.394077044832,1369181.4907844015
CGLYtex_reverse_num4,predict,115.16519798520392,0.0003917874135734,40367.58979999997,10270.484683401493,293948.1820888769
ALATA_L_reverse_num1,predict,115.01444598621212,0.0006410352395659,45516.83090000005,9096.679126453928,179419.84915540414
TMAOtex_num3,predict,114.89283853265292,0.0002934084068472,41219.34330000004,10034.46890716355,391579.9133611271
TMAOtex_reverse_num3,predict,114.89283853265292,0.0002934084068472,41219.34330000004,10034.46890716355,391579.9133611271
CYStex_reverse_num4,predict,114.73456942422216,0.0002620244844028,40367.58979999997,10232.081032670421,437877.2834367844
GLYtex_reverse_num3,predict,114.67424386093045,0.0002382665277817,41219.34330000004,10015.377365299977,481285.57934077544
GLYC3Ptex_reverse_num2,predict,114.5745684504869,0.0001209568298444,39332.7982,10486.628597447532,947235.2127438913
TARTRtex_reverse_num1,predict,114.24162533180557,0.0001908803584648,38921.51909999999,10566.644383479374,598498.5896433798
TARTRtex_num1,predict,114.24162533180557,0.0001908803584648,38921.51909999999,10566.644383479374,598498.5896433798
DMSOtex_reverse_num1,predict,114.03484902893013,0.0002288448681174,38921.51909999999,10547.518853244053,498306.3416149186
DMSOtex_num1,predict,114.03447341307916,0.0002288448681174,38921.51909999999,10547.48411109897,498304.7002591213
G3PD2_reverse,predict,113.99453998709744,8.050975464298029e-05,36361.1934,11286.21768375597,1415909.6682458555
SELtex_reverse_num2,predict,113.93698035705792,0.0001028705246036,39332.7982,10428.272283089398,1107576.5463051856
XYLUt2pp,predict,113.7333777928125,0.0007979853964709,45367.63199999998,4141.912086545462,142525.6380577887
FUMtex_num2,predict,113.6601000852397,0.0001070626068071,39332.7982,10402.930354109994,1061622.7595693306
GALTtex_reverse_num1,predict,113.47499424065184,0.0013783241574177,38921.51909999999,10495.735744968564,82328.23434891255
GALTtex_num1,predict,113.47499424065184,0.0013783241574177,38921.51909999999,10495.735744968564,82328.23434891255
GTHOXtex_reverse_num3,predict,113.38949488798116,0.0002262541817629,41219.34330000004,9903.170427189505,501159.77527790464
ORNtex_reverse_num1,predict,113.26543937266682,0.0023430560954723,38921.51909999999,10476.353214630839,48340.89955914411
ORNtex_num1,predict,113.26543937266682,0.0023430560954723,38921.51909999999,10476.353214630839,48340.89955914411
GLYCtex_reverse_num4,predict,113.2472841641643,0.0006353036882683,40367.58979999997,10099.444257407504,178256.92854523135
PYRtex_reverse_num4,predict,113.2235375658694,0.0002231747062675,40367.58979999997,10097.326524981934,507331.4062309474
PYRtex_num4,predict,113.2235375658694,0.0002231749513041,40367.58979999997,10097.326524981934,507330.8492026513
DGSNtex_reverse_num2,predict,112.932518546004,8.302310848761832e-05,39332.7982,10336.337239429216,1360254.0377399412
GAMptspp,predict,112.53321768643649,0.0003510967792681,63561.09830000026,2435.8120516492895,320519.0828609263
ETOHtex_num3,predict,112.47460527240727,0.0004866000782726,41219.34330000004,9823.266130993063,231143.8289769396
ALLTNtex_reverse_num2,predict,112.34501295949208,0.0003281244979353,39332.7982,10282.564810102209,342385.32528480823
VALtex_reverse_num3,predict,112.14838012229806,0.000418663206832,41219.34330000004,9794.774397589024,267872.5483686954
VALtex_num3,predict,112.14838012229806,0.000418663206832,41219.34330000004,9794.774397589024,267872.5483686954
GUI2_reverse,predict,111.73455257874755,0.0004400736465931,53986.57040000005,7450.8231640417525,253899.6675755486
ALLtex_reverse_num3,predict,111.4562324863369,0.0006402302122075,41219.34330000004,9734.323859322923,174087.74275434177
LALALGLUtex_reverse_num4,predict,111.43757197140629,0.0001800661706897,39332.7982,10199.509759187758,618870.1161610289
UDPGLCURtex_reverse_num2,predict,111.25174931556664,0.000299343001739,39332.7982,10182.50203048203,371653.0824815076
UDPGLCURtex_num2,predict,111.25174931556664,0.000299343001739,39332.7982,10182.50203048203,371653.0824815076
FUCtex_num1,predict,111.16054085123952,0.0007235196661499,38921.51909999999,10281.663108685352,153638.58931819152
FUCtex_reverse_num1,predict,111.16054085123952,0.0007235208577423,38921.51909999999,10281.663108685352,153638.33628529907
IDONtex_num4,predict,111.1503501751302,0.0005196553565743,40367.58979999997,9912.438731491198,213892.43614818392
MANGLYCtex_reverse_num2,predict,111.12179685045318,0.0003446085889338,39332.7982,10170.607914227458,322458.0013929946
THRPtex_num2,predict,111.08343224780856,0.000222998349716,39332.7982,10167.09652994154,498135.66956562275
THRPtex_reverse_num2,predict,111.08343224780856,0.000222998349716,39332.7982,10167.09652994154,498135.66956562275
ASPTA_reverse,predict,111.01466530571793,0.0004425435745265,43572.83760000009,9172.062622347636,250855.89690122197
XANtex_reverse_num3,predict,110.95251908516634,0.0001789634994764,41219.34330000004,9690.330721658986,619972.896203886
XANtex_num3,predict,110.95251908516634,0.0001789634994764,41219.34330000004,9690.330721658986,619972.896203886
CSNtex_reverse_num2,predict,110.85918240043902,0.0002058402054531,39332.7982,10146.571688397711,538569.1398646506
DMSOtex_num3,predict,110.8459158515552,0.0002318664705506,41219.34330000004,9681.02024724878,478059.27087403263
MALTTTRtexi,predict,110.68605110528648,0.000456398988416,49911.64310000007,7983.503632222254,242520.369051296
5DGLCNtex_reverse_num4,predict,110.6163156371507,0.0004063286267638,41219.34330000004,9660.96750730481,272233.626555316
GLYtex_reverse_num4,predict,110.56313241374038,0.0002155430392499,40367.58979999997,9860.07038471902,512951.5330140343
ACKr_num3,predict,110.46060231515052,0.0007593977782549,42433.18070000004,9371.396670590417,145458.15839623546
FORtex_num2,predict,110.34750497141984,0.0001215832298768,39332.7982,10099.739557739154,907588.2017876536
GALTtex_num3,predict,110.30165659688468,0.0013965231568629,41219.34330000004,9633.485930591827,78983.04876280205
AKGtex_num2,predict,109.67201078319158,6.84708883304816e-05,39332.7982,10037.913824790878,1601731.968977073
ASPtex_num2,predict,109.5651341281275,0.0005461073033754,39332.7982,10028.131760563605,200629.31488175184
ECOAH6_num2,predict,109.0690092948551,4.465257964748148e-05,77071.2984000004,5094.612931309801,2442613.8457379555
GAL1Ptex_reverse_num4,predict,109.00454125382504,0.0001111411366554,40367.58979999997,9721.07451690788,980775.8363296248
G1Ptex_num4,predict,109.00454125382504,0.0001111411366554,40367.58979999997,9721.07451690788,980775.8363296248
CHLtex_num4,predict,108.74657232168144,0.0001362077331045,40367.58979999997,9698.068730327155,798387.6527645456
CYNTt2pp,predict,108.69315431127112,0.0011089028590122,41360.2142,9460.670431454777,98018.64376839458
PTRCtex_num2,predict,108.60571289209538,0.0003987527730355,39332.7982,9940.319130703074,272363.5300773857
ACALDtex_reverse_num2,predict,108.06794420230054,0.0001567117280436,39332.7982,9891.098953856834,689597.0426172195
ACACT1r_num1,predict,108.06165571912813,2.6374721208125225e-05,40352.03000000001,9640.703592579137,4097167.695779765
FUCtex_num3,predict,108.05269822878954,0.0007330736185512,41219.34330000004,9437.067223330605,147396.79002818026
HACD8_reverse_num1,predict,107.89532188059778,2.9321679010711863e-05,79592.95340000032,4880.119937478667,3679711.582722845
HACD7_num2,predict,107.8759546657277,3.0353829977451267e-05,77071.2984000004,5038.885354974345,3553948.7025480717
SLNTtpp,predict,107.50816523248533,3.832412534221226e-05,41058.39450000002,2735.168072195624,2805234.673263894
FUSAtex_reverse_num2,predict,107.47901343790151,0.0001209734316755,40367.58979999997,9585.027253136766,888451.389278631
SLNTtex_reverse_num2,predict,107.37692649740852,0.0001098033420054,39332.7982,9827.852405137824,977902.1707019432
5MTRtex_num4,predict,107.3196446321312,0.0001151047091945,38921.51909999999,9926.403943356683,932365.3687425258
UAGAAT_reverse,predict,107.1301607349182,0.0002151679093663,8639.416499999992,10503.219572492293,497890.9775645993
UREAtex_reverse_num3,predict,106.99198240515172,0.0002766438345505,41219.34330000004,9344.426810859595,386749.9255098014
TYRPtex_reverse_num2,predict,106.85157724266983,0.000254482269869,38921.51909999999,9883.110602268642,419878.27795497846
TYRPtex_num2,predict,106.85157724266983,0.0002544819904583,38921.51909999999,9883.110602268642,419878.7389639613
HACD1_reverse_num2,predict,106.81245866596008,2.3580803198478167e-05,77071.2984000004,4989.209461630846,4529636.1522093285
HYXNtex_num4,predict,106.55254084909116,6.94618475091518e-05,40367.58979999997,9502.404006709572,1533972.168463451
GALM2pp,predict,106.51937928063094,0.0005404374162418,38189.984000000026,10041.108302382927,197098.45410291234
CYSDtex_num4,predict,106.36797331428396,0.00034207363766,40367.58979999997,9485.944190094366,310950.51358505193
HACD6_num2,predict,106.3357448252916,3.016733945615593e-05,77071.2984000004,4966.94216028736,3524863.2044544714
QUIN2tex_num3,predict,106.26594992765251,0.000156514667944,38921.51909999999,9828.943694531932,678952.0197919969
GLYtex_reverse_num2,predict,106.23865135265372,0.0002193680680168,39332.7982,9723.669872781984,484294.0557078598
GLCURtex_reverse_num2,predict,106.23095302256766,0.0001194419872758,39332.7982,9722.965270272676,889393.7169453894
MOBDtex_reverse_num2,predict,106.05980939320668,5.927180176458182e-05,39332.7982,9707.301063964069,1789380.5525679714
HACD3_num2,predict,105.94726274497104,1.954276731256294e-05,77071.2984000004,4948.79616407103,5421302.983885171
ARBtex_num1,predict,105.86359948405963,0.0009046632333119,38921.51909999999,9791.728764836796,117019.89821836955
ARBtex_reverse_num1,predict,105.86359948405963,0.0009046632333119,38921.51909999999,9791.728764836796,117019.89821836955
GLYtex_num4,predict,105.5974106023022,0.0008334775521002,40367.58979999997,9417.225057322798,126694.96657254588
FRUtex_reverse_num3,predict,105.31784050099904,0.0011807354827555,41219.34330000004,9198.211214674937,89196.81168149298
FRUpts2pp,predict,105.22335164433244,0.0002750883500581,9119.2594,2277.58801640565,382507.48031353834
SLNTtex_num1,predict,105.22000130346686,5.504306754457491e-05,41219.34330000004,9189.66617045741,1911594.0661965783
SLNTtex_reverse_num1,predict,105.2195969591974,5.504300710962445e-05,41219.34330000004,9189.6308559848,1911588.8190781535
TMAOtex_num4,predict,105.14355011369724,0.000286337471279,40367.58979999997,9376.749572730505,367201.50402965606
TMAOtex_reverse_num4,predict,105.14355011369724,0.000286337471279,40367.58979999997,9376.749572730505,367201.50402965606
TYRTA_num1,predict,105.13350703359067,0.0005703634353935,43537.29480000009,8693.250856755703,184327.22104820397
CGLYtex_reverse_num2,predict,104.86587243989888,0.0003635121908178,39332.7982,9598.023991683256,288479.657873317
LACZ,predict,104.8237978204785,0.0005748810453582,116481.4806000006,3239.705318046246,182339.97914327533
CYStex_reverse_num2,predict,104.4735833105411,0.0002431142274439,39332.7982,9562.119074405135,429730.43745310616
MEOHtex_num3,predict,104.45775485810532,0.0004682547145121,40367.58979999997,9315.590040235184,223078.91756508104
5MTRtex_num1,predict,104.3190145396587,0.0001166246470265,41219.34330000004,9110.97611646741,894485.1470028872
5MTRtex_reverse_num1,predict,104.31884273293464,0.0001166245189776,41219.34330000004,9110.961111274288,894484.65594933
CYTDtex_reverse_num1,predict,104.31300147267127,0.0001369782192447,38921.51909999999,9648.308030752498,761529.8406407585
CYTDtex_num1,predict,104.31277241030624,0.0001369780688485,38921.51909999999,9648.286843899228,761529.0045129624
GLYCtpp_num1,predict,104.31260061386256,0.0004754216580504,29779.630900000004,12610.1415921144,219410.70384051427
GLYCtpp_reverse_num1,predict,104.31242881770184,0.0004754216580504,29779.630900000004,12610.12082402024,219410.34248516202
RIBtex_reverse_num2,predict,104.26908796186328,0.0002219430112742,39332.7982,9543.402296323475,469801.17717265623
MANAO,predict,103.97653690582358,0.0001734199376426,53579.58900000011,6986.159092429099,599565.069156628
DURIPP_num1,predict,103.910857494203,0.000156831357408,47206.60120000011,7924.296125329395,662564.2933375675
GALCTLO,predict,103.5917829349446,0.0003878070106945,36447.462700000026,10231.99945728459,267121.9964523807
GLYCtex_reverse_num2,predict,103.1196491801467,0.0005894536189133,39332.7982,9438.197993463076,174941.07402420422
ACACtex_reverse_num3,predict,103.03092206472708,0.0002514738938862,41219.34330000004,8998.477164797943,409708.22248194035
ETOHtex_num4,predict,102.93085626891576,0.0004748738811356,40367.58979999997,9179.420530281375,216754.09062879984
PHETA1_reverse_num1,predict,102.91706951228495,0.0004181865658891,43537.29480000009,8509.978673370057,246103.24172770727
ARBtex_num3,predict,102.9029456523426,0.0009166056328867,41219.34330000004,8987.30000748054,112265.23377154747
VALtex_reverse_num4,predict,102.63197407388957,0.0004085737189673,40367.58979999997,9152.76608032721,251195.73117257614
VALtex_num4,predict,102.63197407388957,0.0004085737189673,40367.58979999997,9152.76608032721,251195.73117257614
GLYCAtex_reverse_num1,predict,102.38149839159853,0.0001387514924678,38921.51909999999,9469.655931537236,737876.7361032759
GLYCAtex_num1,predict,102.38149839159853,0.0001387514924678,38921.51909999999,9469.655931537236,737876.7361032759
ALLtex_reverse_num4,predict,101.99850297152608,0.0006248011158568,40367.58979999997,9096.272839591085,163249.5531504515
GAPD_reverse,predict,101.98646474775356,0.0001204946884568,35532.06830000002,10332.955289628118,846398.0118452936
LACZpp,predict,101.9845051713834,0.0006296831835642,83459.06190000044,4399.093522724802,161961.61471888103
XANtex_num4,predict,101.53753267224388,0.0001746506054205,40367.58979999997,9055.163298852145,581375.2115417843
XANtex_reverse_num4,predict,101.53753267224388,0.0001746506054205,40367.58979999997,9055.163298852145,581375.2115417843
DMSOtex_num4,predict,101.43997536209888,0.0002262790248886,40367.58979999997,9046.463093606748,448295.9718075463
CYTDtex_num3,predict,101.39610237513266,0.00013878668824,41219.34330000004,8855.695877873854,730589.5375195579
GALCTtex_reverse_num3,predict,101.24642023281088,0.0001348067466984,41219.34330000004,8842.622993416753,751048.6137561582
5DGLCNtex_reverse_num3,predict,101.22985810235689,0.0003965368289558,40367.58979999997,9027.724740912945,255284.88329551974
IDONtex_num2,predict,101.20974264878578,0.0004821506053568,39332.7982,9263.390610628583,209913.12988996203
ASPtex_reverse_num4,predict,101.04524617719204,0.0006622940941393,40367.58979999997,9011.260965545473,152568.54480713405
GALTtex_num4,predict,100.94195518306668,0.0013628679342066,40367.58979999997,9002.04942775752,74065.83767181412
G3PCtex_num1,predict,100.8950295715856,0.0003012988464553,38921.51909999999,9332.16675136681,334866.96268037043
G3PCtex_reverse_num1,predict,100.89469723657828,0.0003012988464553,38921.51909999999,9332.136012432307,334865.85967247235
ENO_reverse,predict,100.83268053835212,0.0001558258804072,45654.40730000001,7950.988117155286,647085.5821565639
ECOAH5_num2,predict,99.74362658808188,2.8052454533903847e-05,77071.2984000004,4659.024347215264,3555611.3803707613
G6PDA,predict,99.5808023153101,0.0004866169079588,29773.86980000001,12040.453281458098,204639.0100438952
GLYCAtex_num3,predict,99.51858249860604,0.0001405836819944,41219.34330000004,8691.717730373968,707895.6895052034
AKGDH,predict,99.368398849488,8.996644953194717e-06,44010.87490000002,1790.7869743155284,11045050.612362133
TYROXDApp,predict,99.29110264387138,6.352520726382795e-05,84377.62450000031,4236.288608930152,1563018.9482342545
GAL1Ptex_reverse_num2,predict,99.25614144571637,0.0001031201020653,39332.7982,9084.584000041445,962529.5112960923
G1Ptex_num2,predict,99.25597797721944,0.0001031201020653,39332.7982,9084.569038314441,962527.9260717409
SERD_L_num3,predict,99.19099334106312,0.0003909692326792,48906.13510000007,7301.4883571903165,253705.36873537517
ACALDtex_reverse_num4,predict,99.17615579616702,0.0003155244179352,40367.58979999997,8844.574636115667,314321.6504293974
CHLtex_num2,predict,99.02072654362948,0.0001263773695251,39332.7982,9063.037258230615,783532.1063868387
FUCtex_num4,predict,98.88415899677352,0.0007154090253407,40367.58979999997,8818.534228872513,138220.45220869532
MNLtex_reverse_num1,predict,98.86621932164552,0.0011425379293432,38921.51909999999,9144.514340344027,86532.11134835568
MNLtex_num1,predict,98.86621932164552,0.0011425366748851,38921.51909999999,9144.514340344027,86532.2063570415
5MTRtex_reverse_num4,predict,98.8530041244073,0.00010228318635,38921.51909999999,9143.292016263218,966463.8700846193
F6Ptex_reverse_num2,predict,98.79888638406224,0.0002233963292169,39332.7982,9042.73296738456,442258.32506019564
GLYCL,predict,98.77193351654476,1.6780499269662744e-05,40146.246600000006,1701.1691942584662,5886114.109555328
GAMtex_num1,predict,98.65845427707843,0.0002136886878448,38921.51909999999,9125.297357612191,461692.45209991233
GAMtex_reverse_num1,predict,98.65812930905707,0.0002136850512466,38921.51909999999,9125.267300078367,461698.7886307599
CHORM_num1,predict,98.62409483673268,8.771247217708659e-05,43110.836000000025,8235.672845969339,1124402.1789468678
PYDXNtex_num4,predict,98.52968834821756,0.0002216378849897,38921.51909999999,9113.387304905664,444552.55631408165
PYDXNtex_reverse_num4,predict,98.5294990308224,0.0002216378849897,38921.51909999999,9113.369794216504,444551.70213973697
MOBDabcpp_num3,predict,98.42515939558598,8.831993690979528e-05,41058.39450000002,2504.0828563803448,1114416.0971957168
ECOAH1_num2,predict,98.38547989889928,4.132368254533074e-05,77071.2984000004,4595.585321500637,2380849.765530301
METSOX1tex_reverse_num3,predict,98.22678700190605,0.0002706589542673,41219.34330000004,8578.895365537313,362917.18952293845
METSOX1tex_num3,predict,98.22678700190605,0.0002706586570953,41219.34330000004,8578.895365537313,362917.58799098746
PGAMT_reverse,predict,98.08113730492408,0.000143116267454,47543.03520000005,7426.7890725185825,685324.8694209345
G3PCtex_num3,predict,98.07335708454777,0.0003052766078022,41219.34330000004,8565.495159268383,321260.63569237874
CSNtex_num1,predict,97.9410264209576,0.0001278243626692,38921.51909999999,9058.939714288988,766215.6444653805
CSNtex_reverse_num1,predict,97.94067693235525,0.0001278240118052,38921.51909999999,9058.907388752948,766215.013511029
FUSAtex_reverse_num3,predict,97.86674781551272,0.0001122426173763,39332.7982,8957.41742919897,871921.4688963344
G3PCtex_reverse_num3,predict,97.74483711960303,0.0004462275688659,41219.34330000004,8536.803002161625,219047.06015368862
RMNtex_num1,predict,97.52518614361992,0.0006221146794036,40367.58979999997,8697.340412358035,156764.00087056935
RMNtex_reverse_num1,predict,97.52483813888436,0.0006221136548206,40367.58979999997,8697.309377137597,156763.69966032618
SUCCtex_num2,predict,97.52157230879872,7.928454140877294e-05,39332.7982,8925.824664863925,1230020.0086420358
TRE6PH,predict,97.09949013711096,0.0003604085790524,63836.9039000001,5475.800722434455,269415.0355477349
HYXNtex_num2,predict,97.02363927493364,6.444869310756325e-05,39332.7982,8880.250512910652,1505439.9801870866
CYSDtex_num2,predict,96.8553647686332,0.0003173865970873,39332.7982,8864.848907878604,305165.2642470982
IDOND_reverse,predict,96.84547536195367,0.0004093709794993,37146.21520000005,9385.712903074787,236571.4235054106
G3PAT120,predict,96.61219792156922,0.0001620243998416,8639.416499999992,3477.351256415043,596281.7823489564
DDGLK,predict,96.52175732505358,8.793463891509482e-05,33961.96140000006,10231.397482543289,1097653.4220860342
FRUtex_reverse_num4,predict,96.3811755354466,0.0011522805907797,40367.58979999997,8595.317026522302,83643.84187902488
PPPNtex_num3,predict,96.29467802670332,7.736976225820396e-05,41219.34330000004,8410.149535209399,1244603.5145531632
PPPNtex_reverse_num3,predict,96.29467802670332,7.736993215590982e-05,41219.34330000004,8410.149535209399,1244600.7815110635
GLYtex_num2,predict,96.15374074750729,0.0007733243628492,39332.7982,8800.631598364802,124338.17601871864
GAMtex_num3,predict,95.89951505146608,0.0002165085083649,41219.34330000004,8375.636935129862,442936.47291606
PYDXNtex_reverse_num3,predict,95.77482320798134,0.0002245642051902,41219.34330000004,8364.746644295337,426491.9385832777
TMAOtex_num2,predict,95.74060080281367,0.0002656724048556,39332.7982,8762.818275413958,360370.8893095285
TMAOtex_reverse_num2,predict,95.74060080281367,0.0002656724048556,39332.7982,8762.818275413958,360370.8893095285
5MTRtex_num3,predict,95.46678973250962,0.0001138139503636,40367.58979999997,8513.771685151112,838796.908705155
ECOAH4_num2,predict,95.42966498570485,3.1264080618594595e-05,77071.2984000004,4457.51922026184,3052373.9415176404
DINStex_reverse_num3,predict,95.2234235614998,0.0001015153497877,41219.34330000004,8316.58870269772,938019.9522598448
CSNtex_num3,predict,95.2024633265614,0.0001295119058344,41219.34330000004,8314.758085328855,735086.5753476885
ACALDtex_num1,predict,95.1173630685762,0.000184180146898,38921.51909999999,8797.768303110102,516436.5686017871
ACALDtex_reverse_num1,predict,95.1173630685762,0.000184180146898,38921.51909999999,8797.768303110102,516436.5686017871
MEOHtex_num2,predict,95.11553547569392,0.0004344594302058,39332.7982,8705.608128142232,218928.46342554572
PNTOtex_num3,predict,95.07786877595608,5.942519341693798e-05,41219.34330000004,8303.876291824416,1599958.9283432774
TREtex_reverse_num1,predict,95.03400835975044,0.0008128860108403,38921.51909999999,8790.05850763676,116909.39085236746
TREtex_num1,predict,95.03400835975044,0.0008128860108403,38921.51909999999,8790.05850763676,116909.39085236746
ACACCT,predict,95.01009065419058,8.85138016393635e-05,22959.42120000001,7357.936611471548,1073392.9499638402
ETHSO3tex_num1,predict,94.99321886120876,0.0001277002169631,38921.51909999999,8786.285731081643,743876.7225325686
ETHSO3tex_reverse_num1,predict,94.99321886120876,0.0001277002169631,38921.51909999999,8786.285731081643,743876.7225325686
PACALDtex_num1,predict,94.94170933451522,1.8109976260222903e-05,38921.51909999999,8781.521418167229,5242508.768111806
PACALDtex_reverse_num1,predict,94.94170933451522,1.8109976260222903e-05,38921.51909999999,8781.521418167229,5242508.768111806
CYStex_num1,predict,94.7253673360396,0.0003240501668287,38921.51909999999,8761.51112020041,292316.9837036791
CYStex_reverse_num1,predict,94.72518532836152,0.0003240498110354,38921.51909999999,8761.49428561491,292316.74298990256
PEAMNtex_reverse_num3,predict,94.61604375077349,0.0003550518473611,41219.34330000004,8263.54158589383,266485.1470397947
PPALtex_reverse_num3,predict,94.47738179593372,0.0003044001969719,41219.34330000004,8251.431178559342,310372.2754970989
PPALtex_num3,predict,94.47738179593372,0.0003044006983004,41219.34330000004,8251.431178559342,310371.76433379285
HACD2_reverse_num2,predict,94.41272689636226,2.288753984969705e-05,77071.2984000004,4410.018046703912,4125071.000045116
ACACtex_reverse_num4,predict,94.2884671045128,0.0002454142241257,40367.58979999997,8408.688337797326,384201.31286366965
ARBtex_num4,predict,94.17153078355364,0.0008945170660573,40367.58979999997,8398.25990356237,105276.39366191957
ETOHtex_num2,predict,93.72547864050884,0.0004406015982525,39332.7982,8578.38085635697,212721.60385309506
ACACT5r_num2,predict,93.52820867141342,6.580721995799048e-05,40875.8029,8237.18501727799,1421245.400293756
SUCCtex_reverse_num3,predict,93.47849422857595,9.410026594574304e-05,41219.34330000004,8164.190699827893,993392.4552612253
VALtex_num2,predict,93.4534801794197,0.000379086823649,39332.7982,8553.485743252077,246522.62845713977
VALtex_reverse_num2,predict,93.4533262675336,0.000379086823649,39332.7982,8553.471656209827,246522.22245018702
PYK_num1,predict,93.3194933065176,0.0001479544756118,51356.58870000014,6541.520463244134,630731.1280759592
G6PP,predict,93.04933711114488,0.0001254961574205,30412.456100000025,11014.487369868206,741451.682854037
DAPtex_reverse_num3,predict,93.02443790077928,0.0002752178027157,41219.34330000004,8124.534493561547,338002.98157628096
ALLtex_reverse_num2,predict,92.87668661019372,0.0005797090204949,39332.7982,8500.69374918506,160212.59515835118
HYXNtex_reverse_num3,predict,92.83939684666072,0.0001290530634294,41219.34330000004,8108.3734453376965,719389.3300909481
CYTDtex_num4,predict,92.79218803426086,0.0001354421756948,40367.58979999997,8275.249490454822,685105.5630068663
GALCTtex_reverse_num4,predict,92.65556315453937,0.0001315582881168,40367.58979999997,8263.065221603643,704292.8612166035
ACALDtex_num3,predict,92.4577534069794,0.0001866118041867,41219.34330000004,8075.041609533006,495455.0105226889
XANtex_reverse_num2,predict,92.4571189420173,0.0001620460156482,39332.7982,8462.29211811486,570560.8902025744
XANtex_num2,predict,92.4571189420173,0.0001620460156482,39332.7982,8462.29211811486,570560.8902025744
MALDDH,predict,92.43643776858882,0.0001070954083534,40314.46760000003,8254.385975493311,863122.3241949029
DMSOtex_num2,predict,92.3682860977443,0.0002099483956536,39332.7982,8454.161543784585,439957.09426684753
ETHSO3tex_num3,predict,92.3372325124576,0.0001293864763027,41219.34330000004,8064.515599520652,713654.4339953613
5DGLCNtex_reverse_num2,predict,92.176453411995,0.0003679176299233,39332.7982,8436.603737060894,250535.57077765226
HACD4_num2,predict,92.13671336904946,3.264734193743716e-05,77071.2984000004,4303.705465127811,2822181.1608924586
MANptspp,predict,92.09195994430388,0.0002365007183561,63561.09830000026,1993.355477645566,389393.9967050784
CYSDtex_reverse_num3,predict,92.07671840341936,0.0003283288328991,41219.34330000004,8041.762913100786,280440.5497695532
CYStex_num3,predict,92.07654148492124,0.0003283288328991,41219.34330000004,8041.747461457401,280440.0109241019
THMtex_num2,predict,91.99037205683312,0.0005006961270662,39332.7982,8419.57233046794,183724.95228961602
GALTtex_num2,predict,91.9144502181588,0.0012645093216894,39332.7982,8412.623457472999,72687.83918125647
THMDtex_reverse_num3,predict,91.8594410273354,0.000141623073151,41219.34330000004,8022.786420724154,648619.1761238927
THMDtex_num3,predict,91.8594410273354,0.0001416232286473,41219.34330000004,8022.786420724154,648618.4639675397
SERD_L_num2,predict,91.76894052929198,0.0007050603769213,48906.13510000007,6755.148106263883,130157.56314375241
MSAR_num1,predict,91.74906807612184,9.780879376901e-05,21570.128899999992,15312.687587788998,938045.1853112604
LYXI,predict,91.74438394215008,0.0036403641497946,47198.875100000085,6997.619784199893,25201.97984790246
GLUtex_num1,predict,91.18935187561549,0.0002949107212618,38921.51909999999,8434.4515410298,309210.0262935653
GLUtex_reverse_num1,predict,91.18920169260343,0.0002949107212618,38921.51909999999,8434.437650029246,309209.51704449015
GLYCAtex_num4,predict,91.0741841364189,0.0001371958650932,40367.58979999997,8122.0371222437525,663826.0130839244
ETHSO3tex_reverse_num3,predict,90.98058634715618,0.000146061020406,41219.34330000004,7946.029330597363,622894.3635629894
PTRCtex_reverse_num3,predict,90.87351429334709,0.0004615215253209,41219.34330000004,7936.677910539375,196899.83956904704
CBMKr_reverse_num3,predict,90.73251655356565,0.001139318514531,33070.58030000003,9876.96788595016,79637.53366275773
PYDXtex_reverse_num1,predict,90.5273562784216,0.0001038020728359,40367.58979999997,8073.270765407896,872115.111049234
PYDXtex_num1,predict,90.52718233690644,0.0001038021868063,40367.58979999997,8073.255253224542,872112.4778019814
PGMT_num1,predict,90.50663474134016,0.0001338746948606,20779.57939999998,15680.00385363069,676054.8349752148
AAMYL,predict,90.26446557472462,0.0003033920284696,56638.689400000105,5737.280991339606,297517.59144775674
GLCATr_reverse,predict,90.0985651041018,0.0001334419991217,20095.759199999982,16140.46183309993,675188.9637229678
FUCtex_num2,predict,90.04053987445218,0.0006637759063193,39332.7982,8241.110685789648,135649.00295000983
M1PD,predict,89.93899305068295,0.0002046809180991,41138.50770000006,7870.493926119206,439410.73689701426
CITtex_reverse_num1,predict,89.91699934511843,0.000102761700787,38921.51909999999,8316.766794501256,875004.9741926176
CITtex_num1,predict,89.91699934511843,0.000102761700787,38921.51909999999,8316.766794501256,875004.9741926176
METSOX1tex_reverse_num4,predict,89.89182796834713,0.0002641362644537,40367.58979999997,8016.59406195338,340323.68919226585
METSOX1tex_num4,predict,89.89165524795187,0.0002641362644537,40367.58979999997,8016.578658670055,340323.03528586036
G3PCtex_num4,predict,89.7514172295117,0.0002979204747249,40367.58979999997,8004.072168466257,301259.6476035702
PSCLYStex_reverse_num3,predict,89.6868207186503,0.0002107605669384,38921.51909999999,8295.476693949007,425538.90427170607
DHAtex_reverse_num3,predict,89.51630577562133,0.0008327329743849,41219.34330000004,7818.142527084766,107497.01108178495
FRULYStex_reverse_num1,predict,89.50227666906147,0.0001839456176105,38921.51909999999,8278.407509757793,486569.2253597484
FRULYStex_num1,predict,89.50227666906147,0.0001839456176105,38921.51909999999,8278.407509757793,486569.2253597484
G3PCtex_reverse_num4,predict,89.4507735754298,0.0004354735602604,40367.58979999997,7977.260630793159,205410.34344758143
SERD_L_num1,predict,89.39993813943532,0.0005796523750979,48521.13890000004,6632.980688381304,154230.26279213672
ETHAtex_reverse_num3,predict,89.33652642645033,0.0003808578076741,41219.34330000004,7802.441023732199,234566.61417033518
BALAtex_reverse_num1,predict,89.31607746802301,0.0005069485935391,38921.51909999999,8261.185234285549,176183.69713680688
BALAtex_num1,predict,89.31607746802301,0.0005069491501477,38921.51909999999,8261.185234285549,176183.50369460272
UREAtex_reverse_num2,predict,89.15678999124098,0.0002504925935943,39332.7982,8160.224002788277,355925.85278445436
PROtex_num1,predict,89.05421093942448,0.0006426183449456,41219.34330000004,7777.784256498036,138580.25006578866
PROtex_reverse_num1,predict,89.05421093942448,0.0006426183449456,41219.34330000004,7777.784256498036,138580.25006578866
F6PP,predict,88.99842174510648,0.0001057862160696,30412.456100000025,10534.970185534705,841304.5201139597
ECOAH2_reverse_num2,predict,88.74014156233058,3.58359092430968e-05,77071.2984000004,4145.051611384147,2476291.05655872
SERD_D,predict,88.70468305094789,0.0008301978136404,47900.01210000008,6666.738586970249,106847.64714325097
GLUtex_num3,predict,88.63942871708376,0.0002988046383957,41219.34330000004,7741.558157756998,296646.7628916142
34dhpactex_reverse_num1,predict,88.61743658750264,7.952001543532068e-05,38921.51909999999,8196.565270110681,1114404.1673329596
34dhpactex_num1,predict,88.61726631575469,7.952001543532068e-05,38921.51909999999,8196.549521026198,1114402.0260890601
TYMtex_num3,predict,88.58467746332187,0.0002883354195184,41219.34330000004,7736.776312687116,307227.8723553381
TYMtex_reverse_num3,predict,88.58453157004148,0.0002883354195184,41219.34330000004,7736.763570712905,307227.3663707434
NO3R2bpp,predict,88.37612557090631,2.3633990879645945e-05,26103.21480000001,4857.321906923296,3739365.3074063575
RIBabcpp_num3,predict,88.28064791316297,0.0002992064721264,18886.5556,2890.60233173804,295049.25908109616
PPPNtex_reverse_num4,predict,88.12383594876857,7.550537138524821e-05,40367.58979999997,7858.923730332968,1167120.0913526753
PPPNtex_num4,predict,88.12352149141206,7.550528848355718e-05,40367.58979999997,7858.895686883037,1167117.2080959966
GTHOXtex_reverse_num4,predict,88.06364991411542,0.0002185305253297,40367.58979999997,7853.556312416147,402981.0013097831
AKGtex_reverse_num3,predict,88.0340435180373,0.0001706192417239,41219.34330000004,7688.685245621902,515967.851155358
5MTRtex_reverse_num3,predict,87.93553199373503,0.0001011363162929,40367.58979999997,7842.130698064275,869475.3300986928
GLCptspp_num1,predict,87.80839584197852,0.0002018256980849,63561.09830000026,2142.2847222327446,435070.44283845875
GLCptspp_num3,predict,87.80839584197852,0.0002018256980849,9119.2594,1900.6365695847512,435070.44283845875
GLCptspp_num2,predict,87.80839584197852,0.0002018256980849,18250.83530000001,2232.3046259910543,435070.44283845875
GAMtex_num4,predict,87.76217944151074,0.0002112908060875,40367.58979999997,7826.671038691512,415362.0361747617
FRUtex_reverse_num2,predict,87.76172173651081,0.0010691201338528,39332.7982,8032.538052465307,82087.80188269669
CITtex_num3,predict,87.40279886178863,0.0001041184798452,41219.34330000004,7633.5538296273335,839455.1955785014
ECOAH1_reverse_num2,predict,87.24859995325762,2.979199840690918e-05,77071.2984000004,4075.3817095642153,2928591.723240139
PSCLYStex_reverse_num2,predict,87.1791999184786,0.0002135442100292,41219.34330000004,7614.02522651356,408248.95185197354
DINStex_reverse_num4,predict,87.1434561598606,9.906911903707132e-05,40367.58979999997,7771.493015307503,879622.8028155961
CSNtex_num4,predict,87.1239874821234,0.0001263907602909,40367.58979999997,7769.756789781006,689322.4416215196
DDGLCNtex_reverse_num4,predict,87.0254193781622,0.0001923455637909,38921.51909999999,8049.313516167051,452443.08037573483
FRULYStex_num3,predict,86.99969627118101,0.0001863741785022,41219.34330000004,7598.347802310847,466801.23271558265
5MTRtex_num2,predict,86.92880007076207,0.0001055998454026,39332.7982,7956.303506897291,823190.5997527319
BALAtex_num3,predict,86.8185365854474,0.0005136413523863,41219.34330000004,7582.525743626061,169025.59769010346
PHETA1_reverse_num2,predict,86.72383709139298,0.0004130304358971,43572.83760000009,7165.1476177675895,209969.60406326776
PEAMNtex_reverse_num4,predict,86.58775678839848,0.0003464959190303,40367.58979999997,7721.935492869944,249895.45917516752
TYRPtex_reverse_num3,predict,86.54997481539048,0.0002334680639139,39332.7982,7921.6308931563835,370714.4067777467
TYRPtex_num3,predict,86.54997481539048,0.0002334680639139,39332.7982,7921.6308931563835,370714.4067777467
PPALtex_num4,predict,86.46057567916914,0.0002970648562646,40367.58979999997,7710.593423762176,291049.4925800225
PPALtex_reverse_num4,predict,86.46043328414812,0.0002970648562646,40367.58979999997,7710.580724909501,291049.0132401813
34dhpactex_num3,predict,86.13957363030373,8.056988659888188e-05,41219.34330000004,7523.226724213561,1069128.6442930049
URAtex_num1,predict,86.10834502501673,0.00011033012032,38921.51909999999,7964.48980559087,780460.9002081141
URAtex_reverse_num1,predict,86.10834502501673,0.0001103303020269,38921.51909999999,7964.48980559087,780459.6148392884
GTHOXtex_reverse_num2,predict,86.06425184183325,0.0001924933461031,39332.7982,7877.174287350849,447102.47696425306
DSERtex_reverse_num4,predict,85.93677816265746,0.0002166138427338,40367.58979999997,7663.880923244197,396728.0072135854
PROGLYtex_num3,predict,85.86102093278431,0.0005529493068573,41219.34330000004,7498.898590119538,155278.2865770777
PROGLYtex_reverse_num3,predict,85.860855957282,0.0005529493068573,41219.34330000004,7498.884181549174,155277.9882215137
ARBtex_num2,predict,85.74938148416099,0.0008299585734775,39332.7982,7848.355252359837,103317.66454905552
GUI2,predict,85.62042349304181,0.0008755299242578,53986.57040000005,5709.448151478618,97792.68660134438
SUCCtex_reverse_num4,predict,85.54628358280469,9.183251593611796e-05,40367.58979999997,7629.056439185702,931546.7697989871
ORNtex_num3,predict,85.52430766634374,0.0011920891282436,41219.34330000004,7469.490849429356,71743.21587208293
ORNtex_reverse_num3,predict,85.52430766634374,0.0011920891282436,41219.34330000004,7469.490849429356,71743.21587208293
THRPtex_num1,predict,85.42740867343961,0.0003108504963547,38921.51909999999,7901.507400937561,274818.31193848746
THRPtex_reverse_num1,predict,85.42726797997837,0.0003108499844038,38921.51909999999,7901.494387661817,274818.3119385547
MCOATA,predict,85.36337021239201,0.0001134193158205,32416.84700000001,7485.048725016372,752635.2067534073
ALLTNtex_num1,predict,85.13811773777114,0.0003599628857108,38921.51909999999,7874.749777070652,236519.15549474861
ALLTNtex_reverse_num1,predict,85.13811773777114,0.0003599624904868,38921.51909999999,7874.749777070652,236519.4151830472
DAPtex_reverse_num4,predict,85.13106043458616,0.0002685855427668,40367.58979999997,7592.026650164543,316960.6954924651
TRSARr_reverse_num1,predict,85.09676373016836,6.503027593064001e-05,30800.236500000025,9946.29860808393,1308571.4694018962
MANAO_reverse,predict,85.03684776661804,0.0004252464058758,53579.58900000011,5713.605827768189,199970.76187271625
HYXNtex_reverse_num4,predict,84.96158069247645,0.000125942837384,40367.58979999997,7576.912369757469,674604.308250007
NTRIR4pp,predict,84.90103746933835,2.1585411278148017e-05,24567.219100000017,2280.487147718418,3933260.1253369623
GTHOXtex_num1,predict,84.83813877545623,0.000375063897887,38921.51909999999,7847.003576785946,226196.49412649262
GTHOXtex_reverse_num1,predict,84.83813877545623,0.000375063897887,38921.51909999999,7847.003576785946,226196.49412649262
ACALDtex_num4,predict,84.6124838920892,0.0001821149912929,40367.58979999997,7545.779758481428,464610.2074925006
DDGLCNtex_reverse_num2,predict,84.59207136770691,0.0001948852398097,41219.34330000004,7388.071534942299,434060.94504801236
F6PA_num1,predict,84.55887380090388,0.0001502347673147,22996.555799999984,13237.284240766794,562844.9080882629
ETHSO3tex_num4,predict,84.50188796012785,0.0001262683535224,40367.58979999997,7535.91676301815,669224.5966851639
CYTDtex_num2,predict,84.4935614071179,0.0001256671327958,39332.7982,7733.414223898884,672360.0636644891
SBTtex_reverse_num3,predict,84.27740504492854,0.0016171764208917,41219.34330000004,7360.589322191906,52113.921496863375
SBTtex_num3,predict,84.27740504492854,0.0016171746453006,41219.34330000004,7360.589322191906,52113.97871580103
CYStex_num4,predict,84.26361874637625,0.0003204163397038,40367.58979999997,7514.667806274496,262981.6532586054
CYSDtex_reverse_num4,predict,84.26361874637625,0.0003204163397038,40367.58979999997,7514.667806274496,262981.6532586054
GLCNtex_reverse_num3,predict,84.14162973121701,0.0003980596600746,41219.34330000004,7348.731027269446,211379.4442658372
THMDtex_num4,predict,84.06477827618991,0.00013821020877,40367.58979999997,7496.935122797049,608238.5593967575
THMDtex_reverse_num4,predict,84.0646398268935,0.00013821020877,40367.58979999997,7496.922775825888,608237.5576668734
QUIN2tex_reverse_num1,predict,84.04761230217717,0.0002302935631428,40367.58979999997,7495.404253434967,364958.5822338468
QUIN2tex_num1,predict,84.04747388115202,0.0002302935631428,40367.58979999997,7495.39190898505,364957.9811704768
SULFACtex_reverse_num3,predict,84.02705927644634,0.0001620711042736,38921.51909999999,7771.983735218775,518457.99196009815
SULFACtex_num3,predict,84.02705927644634,0.0001620709263264,38921.51909999999,7771.983735218775,518458.56120561354
ALAabcpp,predict,84.00782564479928,0.0005160094914011,46268.74680000007,1747.502966643156,162802.86902610294
PNTOtex_reverse_num3,predict,83.6193478299504,5.0713481321991365e-05,41219.34330000004,7303.1161607036365,1648858.3636968688
PFL_num2,predict,83.59183214782881,0.000210394799961,85934.52570000048,2636.538557840728,397309.4019591923
ALLTN,predict,83.48007258951348,0.0032462956023288,49601.06460000006,6058.907480027116,25715.48707074835
ECOAH5_reverse_num2,predict,83.3583255561629,4.61816790720118e-05,77071.2984000004,3893.667010055002,1805008.5495198427
ECOAH7_num2,predict,83.29069392590874,4.23454019045176e-05,77071.2984000004,3890.5079369114387,1966935.964233295
ETHSO3tex_reverse_num4,predict,83.2603610143601,0.000142541209383,40367.58979999997,7425.196825887696,584114.3159564777
ECOAH3_reverse_num2,predict,83.10952364186011,3.5165193719940974e-05,77071.2984000004,3882.045473762186,2363402.980337673
LEUtex_reverse_num3,predict,83.10090089074373,0.0001962363446955,41219.34330000004,7257.836230658172,423473.5467565472
MELIBtex_reverse_num3,predict,83.05030018587283,0.0006406362922321,41219.34330000004,7253.416884716403,129637.20787111453
MELIBtex_num3,predict,83.05030018587283,0.0006406373473207,41219.34330000004,7253.416884716403,129636.99436695228
GLYCAtex_num2,predict,82.929179931028,0.0001272942560858,39332.7982,7590.231598414497,651476.2133110809
ALLTNtex_num3,predict,82.75724591620995,0.0003647147319834,41219.34330000004,7227.822217593543,226909.52313924258
34dhpactex_reverse_num3,predict,82.58741388971876,4.402870233528712e-05,41219.34330000004,7212.989489888046,1875763.0706623956
HACD8_num2,predict,82.49223470905622,2.3791714687201733e-05,77071.2984000004,3853.211910500276,3467267.315265479
GTHOXtex_num3,predict,82.46565581046615,0.0003800150916237,41219.34330000004,7202.355427086046,217006.26535149716
ACACT3r_num2,predict,82.23879394274509,4.645288500688104e-05,40875.8029,7242.907470666034,1770369.9981295695
DGSNtex_num1,predict,82.15716287976225,5.1924300550970775e-05,38921.51909999999,7599.0298736090235,1582248.8123670304
DGSNtex_reverse_num1,predict,82.15716287976225,5.1924357561710125e-05,38921.51909999999,7599.0298736090235,1582247.0751250333
DHAtex_reverse_num4,predict,81.92033305996658,0.0008126646973009,40367.58979999997,7305.692524052548,100804.59177327162
METSOX1tex_reverse_num2,predict,81.85256498976526,0.0002450731971117,39332.7982,7491.692619091487,333992.31721149135
METSOX1tex_num2,predict,81.85256498976526,0.0002450738698129,39332.7982,7491.692619091487,333991.40043879446
RMNtex_num2,predict,81.80921386610429,0.0002813526023662,38921.51909999999,7566.8467400075215,290771.1291030601
RMNtex_reverse_num2,predict,81.80921386610429,0.0002813526023662,38921.51909999999,7566.8467400075215,290771.1291030601
LCTSt3ipp_num1,predict,81.80546383797838,0.0004775113384955,42745.588600000025,6889.592106744834,171316.2751186678
ETHAtex_reverse_num4,predict,81.75594366799702,0.0003716794032527,40367.58979999997,7291.032203383851,219963.61098441662
G3PCtex_num2,predict,81.7245769578333,0.0002764187005154,39332.7982,7479.978300862406,295655.0219122393
PNTOtex_reverse_num4,predict,81.72011300409976,0.0001166444322719,40367.58979999997,7287.83680849728,700591.6305855807
PNTOtex_num4,predict,81.71997841631662,0.0001166446884136,40367.58979999997,7287.824805897628,700588.9383197033
METtex_reverse_num3,predict,81.67107043855997,0.0002600696104997,41219.34330000004,7132.958219128533,314035.42413754715
METtex_num3,predict,81.6709359315468,0.0002600691821817,41219.34330000004,7132.946471603982,314035.4241375918
ASPCT_num1,predict,81.49299807723528,0.0010114103574929,34426.94620000002,5691.361848842261,80573.62422038215
ASPCT_num2,predict,81.49284149456078,0.0010114103574929,34426.94620000002,8521.645448193096,80573.46940421544
M1PD_reverse,predict,81.49069410538085,9.945132393567782e-05,41138.50770000006,7131.189612387681,819402.8081324148
QUIN2tex_num2,predict,81.46618208920835,0.0006446918195303,41219.34330000004,7115.063755058653,126364.53514884331
QUIN2tex_reverse_num2,predict,81.46589138874133,0.0006446918195303,41219.34330000004,7115.038365967089,126364.08423499856
G3PCtex_reverse_num2,predict,81.45097761052038,0.0004040455166481,39332.7982,7454.936663974073,201588.61874331703
G3PT,predict,81.39923657602749,0.00017420246517,30412.456100000025,9635.4352542312,467267.9947243682
F6PA_reverse_num1,predict,81.23417590864669,0.000340326958743,22996.555799999984,12716.81880602,238694.5078012206
UDPGtex_num3,predict,81.20115938419163,5.515274529585075e-05,41219.34330000004,7091.917298524492,1472295.8748220382
UDPGtex_reverse_num3,predict,81.20115938419163,5.515274529585075e-05,41219.34330000004,7091.917298524492,1472295.8748220382
GLUtex_num4,predict,81.11786405651932,0.0002916036574549,40367.58979999997,7234.1279737109735,278178.4863897503
TYMtex_num4,predict,81.067892274741,0.0002813872027919,40367.58979999997,7229.671467506534,288100.84989790665
TYMtex_reverse_num4,predict,81.067892274741,0.0002813872027919,40367.58979999997,7229.671467506534,288100.84989790665
AKGtex_reverse_num4,predict,80.56384926886969,0.0001665074383918,40367.58979999997,7184.72068322323,483845.34677243116
RBP4E_reverse_num1,predict,80.46506060438456,0.0002608862653271,25277.442400000004,11459.791445347508,308429.6542154
TREH,predict,80.38521223204313,0.0007771811196748,63695.9330000002,4543.253397910889,103431.76152513734
HACD3_reverse_num2,predict,80.3209849173749,2.9465875095651785e-05,77071.2984000004,3751.7928425421223,2725898.5065482645
PPPNtex_num2,predict,80.24268915394514,7.005604778564683e-05,39332.7982,7344.346046404664,1145407.0232375478
PPPNtex_reverse_num2,predict,80.24268915394514,7.005604778564683e-05,39332.7982,7344.346046404664,1145407.0232375478
5MTRtex_reverse_num2,predict,80.0709619735362,9.38370701028938e-05,39332.7982,7328.628429612473,853297.7626617834
CITtex_num4,predict,79.98658650054202,0.0001016094652939,40367.58979999997,7133.24012725554,787196.2151280399
DMSOtex_reverse_num3,predict,79.94378476895437,0.0001785073305404,41219.34330000004,6982.101172102746,447845.94854977896
GAMtex_num2,predict,79.91339847623688,0.0001960418813731,39332.7982,7314.207167555467,407634.3173025794
HYD2pp_num2,predict,79.89552313173061,1.8434027525075664e-05,39651.5833,1582.558483918515,4334132.789106958
ACGAM1Ptex_num1,predict,79.86894780490879,0.0003607928237166,38921.51909999999,7387.384119282017,221370.66636238096
ACGAM1Ptex_reverse_num1,predict,79.86881626587596,0.000360792229514,38921.51909999999,7387.371952734332,221370.6663623607
DGSNtex_num3,predict,79.85995980269867,5.2609894220525546e-05,41219.34330000004,6974.780097714826,1517964.6525793928
PYDXNtex_reverse_num2,predict,79.8090761011741,0.0002033361819139,39332.7982,7304.6588880682975,392498.15428799676
DMStex_reverse_num1,predict,79.69703604125642,0.0001639862785987,38921.51909999999,7371.483343478318,485998.19888764905
DMStex_num1,predict,79.69703604125642,0.0001639862785987,38921.51909999999,7371.483343478318,485998.19888764905
FRULYStex_num4,predict,79.61725047296696,0.0001818828920106,40367.58979999997,7100.302572502886,437739.08360950695
RMNtex_num4,predict,79.52187078697679,0.0002850670324734,41219.34330000004,6945.252202334728,278958.49652273307
RMNtex_reverse_num4,predict,79.52171799167532,0.0002850670324734,41219.34330000004,6945.23885755431,278957.9605249358
DSBAO2,predict,79.50925524931947,2.552648431960084e-05,23104.262199999983,6618.68841619317,3114775.0020658844
BALAtex_num4,predict,79.45161593294559,0.0005012629582329,40367.58979999997,7085.531208965176,158502.86686460138
AMALT1,predict,79.44841012799014,0.0012787658196979,78502.5889000005,3643.3738105771276,62128.97537936955
ACSERtex_num3,predict,79.42084990449554,0.0003269650505798,38921.51909999999,7345.937832528844,242903.1780725808
CSNtex_num2,predict,79.33241220085868,0.0001172690988993,39332.7982,7261.031429060425,676498.864112379
E4PD_reverse_num2,predict,79.30530581638959,0.0002342260018006,35532.06830000002,8034.96994682413,338584.55170106754
PNTOtex_num2,predict,79.22871778534801,5.380770855795495e-05,39332.7982,7251.5406246193,1472441.7729108965
DHFR_reverse_num2,predict,79.0850323220251,4.522313844495634e-05,17999.166999999994,15817.738474191081,1748773.637598903
ALAR_reverse_num1,predict,78.96304063885339,0.0020062700192788,38844.18080000002,7318.13467153546,39358.132195604696
MSO3tex_num1,predict,78.94691643640655,0.0001251064748503,38921.51909999999,7302.101915417368,631037.8142368164
MSO3tex_reverse_num1,predict,78.94663472558018,0.0001251064748503,38921.51909999999,7302.075858906769,631035.5624682592
PEAMNtex_reverse_num2,predict,78.84385574841718,0.000321488845307,39332.7982,7216.315484371053,245246.00744118093
34dhpactex_num4,predict,78.83026586110144,7.86282091841182e-05,40367.58979999997,7030.118927238143,1002569.773355897
TMAOR1pp,predict,78.78142220813352,2.851531181774165e-05,43606.071400000044,2054.261355034191,2762776.108207146
PPALtex_num2,predict,78.72832990237939,0.000275625591053,39332.7982,7205.741788504785,285635.0515262595
PPALtex_reverse_num2,predict,78.72820024187108,0.0002756251371154,39332.7982,7205.729921110365,285635.0515261922
TYRPtex_num1,predict,78.64301625577029,0.0001294308069067,40367.58979999997,7013.4199223549695,607606.6288643321
TYRPtex_reverse_num1,predict,78.64286514912179,0.0001294308069067,40367.58979999997,7013.406446595399,607605.4613938348
PROGLYtex_num4,predict,78.57534954010796,0.0005396236187379,40367.58979999997,7007.385373906788,145611.39804051592
PROGLYtex_reverse_num4,predict,78.57519856347596,0.0005396236187379,40367.58979999997,7007.371909742147,145611.1182591521
DINStex_reverse_num1,predict,78.39615064442127,5.6766388199253896e-05,38921.51909999999,7251.159483133242,1381031.1547256703
DINStex_num1,predict,78.39615064442127,5.6766388199253896e-05,38921.51909999999,7251.159483133242,1381031.1547256703
GLTPD_reverse,predict,78.32013964434476,0.0001562207429787,37389.704000000034,7540.912940087487,501342.76761840365
ORNtex_num4,predict,78.26735820572439,0.0011633618987449,40367.58979999997,6979.918566765857,67276.87943894639
ORNtex_reverse_num4,predict,78.26735820572439,0.0011633618987449,40367.58979999997,6979.918566765857,67276.87943894639
ALAtex_reverse_num3,predict,78.11909031522424,0.000268312018946,41219.34330000004,6822.736672148948,291150.1714388216
TREtex_num3,predict,78.06809437350871,0.0004055355102443,41219.34330000004,6818.2828071555205,192506.1860217357
TREtex_reverse_num3,predict,78.06809437350871,0.0004055359555055,41219.34330000004,6818.2828071555205,192505.97465814577
ETHAtex_reverse_num1,predict,77.9593329500666,0.0003818002633378,38921.51909999999,7210.7565457341,204188.7877931913
ETHAtex_num1,predict,77.9593329500666,0.0003818002633378,38921.51909999999,7210.7565457341,204188.7877931913
SUCCtex_reverse_num2,predict,77.89595342831296,8.520493403714181e-05,39332.7982,7129.557142515396,914218.8103139334
HACD4_reverse_num2,predict,77.87771703815328,2.073218833596176e-05,77071.2984000004,3637.6678109441373,3756367.4309801487
SELtex_num2,predict,77.69354045747168,5.570931400561888e-05,39332.7982,7111.030957540622,1394623.8944826256
ACGAM1Ptex_num3,predict,77.63542735250529,0.0003655560273111,41219.34330000004,6780.494692379507,212376.27491348961
OCBT_num1,predict,77.5526604066875,0.0012751401443375,36906.69700000006,7564.740281799658,60818.93096305899
ALCD2x_reverse_num1,predict,77.47529805569947,0.0003021431053368,35379.17940000002,7883.4805592047705,256419.21555462098
DMStex_num3,predict,77.468599505404,0.0001661515066963,41219.34330000004,6765.92434259995,466252.7655978767
DDGLCNtex_reverse_num3,predict,77.4142032179993,0.0001901888518658,40367.58979999997,6903.833817316427,407038.5958932224
DSERtex_reverse_num1,predict,77.41271577509482,0.0005203461927586,38921.51909999999,7160.197834887216,148771.56180329405
DSERtex_num1,predict,77.41271577509482,0.0005203476210564,38921.51909999999,7160.197834887216,148771.15344148778
HYXNtex_reverse_num2,predict,77.36339136354442,0.0001168535027312,39332.7982,7080.813510714323,662054.5345697055
ACSERtex_num1,predict,77.20041138391639,0.0003312825676788,41219.34330000004,6742.501426074363,233034.9342702729
ACSERtex_reverse_num1,predict,77.20041138391639,0.0003312825676788,41219.34330000004,6742.501426074363,233034.9342702729
SBTtex_num4,predict,77.12598314787115,0.0015782036102712,40367.58979999997,6878.130220505173,48869.475805227536
SBTtex_reverse_num4,predict,77.12598314787115,0.0015782018774706,40367.58979999997,6878.130220505173,48869.52946189732
ACALDtex_num2,predict,77.04536656170129,0.0001689715088931,39332.7982,7051.70575995594,455966.6127527104
DSERtex_reverse_num3,predict,77.04103131360345,0.0002441833541069,41219.34330000004,6728.581547512723,315504.8451004404
GLCNtex_reverse_num4,predict,77.0017080132389,0.0003884667031483,40367.58979999997,6867.047307532347,198219.58327234787
ETHSO3tex_num2,predict,76.94480935895125,0.0001171553976345,39332.7982,7042.502094148606,656775.6237659893
G3PEtex_num4,predict,76.74012831226936,0.0002912938988818,38921.51909999999,7097.987650851216,263445.71103910636
CYSDtex_reverse_num2,predict,76.72770134499005,0.0002972917905013,39332.7982,7022.630920826889,258088.8668859981
CYStex_num2,predict,76.72770134499005,0.0002972917905013,39332.7982,7022.630920826889,258088.8668859981
TSULtex_num3,predict,76.71946695506966,2.7607080952535045e-05,41219.34330000004,6700.496876626623,2778977.8675613594
TSULtex_reverse_num3,predict,76.71946695506966,2.7607080952535045e-05,41219.34330000004,6700.496876626623,2778977.8675613594
THMDtex_num2,predict,76.54666471311624,0.0001282355340205,39332.7982,7006.061240952302,596922.4154428159
THMDtex_reverse_num2,predict,76.54651763444976,0.0001282355340205,39332.7982,7006.047779331884,596921.268501232
PFL_num1,predict,76.4879187776774,0.0001931500703929,28203.989300000023,2424.7617884118104,396002.54155790876
SERAT_reverse,predict,76.44109297490779,0.0003350845100636,29316.30439999998,9386.856233818757,228124.81830448995
PHEtex_reverse_num3,predict,76.42305034384307,0.0002604007684451,41219.34330000004,6674.608550540271,293482.4301793689
PHEtex_num3,predict,76.42305034384307,0.0002604007684451,41219.34330000004,6674.608550540271,293482.4301793689
GALURtex_reverse_num3,predict,76.33767838657133,0.000120424789181,41219.34330000004,6667.152365614144,633903.3591483794
TYMtex_num1,predict,76.29226385931996,0.0002300327669473,38921.51909999999,7056.562956545853,331658.2453524908
TYMtex_reverse_num1,predict,76.2919916212432,0.0002300325143811,38921.51909999999,7056.537776206057,331657.42602303845
ALAtex_reverse_num1,predict,76.22756135794044,0.0006970728527621,38921.51909999999,7050.57837499939,109353.79430700009
ALAtex_num1,predict,76.22743581603748,0.0006970728527621,38921.51909999999,7050.566763149155,109353.61420831677
ALCD2x_reverse_num2,predict,76.21534291533555,0.0004308304899557,96126.08940000068,2854.326397836445,176903.31741184887
DINStex_num3,predict,76.20394219704261,5.751591541444851e-05,41219.34330000004,6655.4721629772575,1324919.2271031733
MEOHtex_reverse_num4,predict,76.1072824910013,0.0003488538715128,38921.51909999999,7039.453323074555,218163.78921341224
CHLtex_reverse_num3,predict,76.05626373504302,0.0001273684922826,41219.34330000004,6642.574275222735,597135.6210003059
ACGAtex_reverse_num3,predict,76.05572094412359,0.0005255669210967,41219.34330000004,6642.526869147006,144711.77292782848
LEUtex_reverse_num4,predict,76.04929125412602,0.000191507397525,40367.58979999997,6782.11034820944,397108.8962461531
MELIBtex_reverse_num4,predict,76.00298432241837,0.0006251984393012,40367.58979999997,6777.980674999485,121566.1773042313
MELIBtex_num4,predict,76.00298432241837,0.0006251984393012,40367.58979999997,6777.980674999485,121566.1773042313
GUI1,predict,75.93585912786547,0.0003940566340252,53986.57040000005,5063.649919505082,192702.90758005448
UREAtex_num3,predict,75.83085920878963,0.0002010081175215,41219.34330000004,6622.887976763142,377252.72065531736
ETHSO3tex_reverse_num2,predict,75.81431326635298,0.0001322539649409,39332.7982,6939.031552524293,573247.9423224244
ETHAtex_num3,predict,75.77948493455598,0.0003868414452276,41219.34330000004,6618.401069101975,195892.88032457526
ALLTNtex_num4,predict,75.73506771422008,0.0003559259504823,40367.58979999997,6754.087750148324,212783.21406909142
LCTSt3ipp_num2,predict,75.73107643058756,0.000442955561611,42712.72700000003,6382.918963476976,170967.66130480147
PTRCtex_reverse_num2,predict,75.72521461409865,0.0004178941887411,39332.7982,6930.876649674904,181206.67062210108
GLYCtex_num1,predict,75.7081514124221,0.000445249987731,38921.51909999999,7002.536164749017,170035.1566503839
GLYCtex_reverse_num1,predict,75.7081514124221,0.000445249987731,38921.51909999999,7002.536164749017,170035.1566503839
PPTtex_reverse_num3,predict,75.70667596904515,7.84020900920906e-05,41219.34330000004,6612.04210617694,965620.6343494231
PPTtex_num3,predict,75.70667596904515,7.84020900920906e-05,41219.34330000004,6612.04210617694,965620.6343494231
34dhpactex_reverse_num4,predict,75.57937670353051,4.2967688853535496e-05,40367.58979999997,6740.203155074421,1758981.6608744978
ASPtex_reverse_num3,predict,75.47739723254855,0.0003101744330548,41219.34330000004,6592.01744335346,243338.55143764734
GTHOXtex_num4,predict,75.46824054008343,0.0003708578104362,40367.58979999997,6730.291981521784,203496.43021221066
ECOAH8_num1,predict,75.31016259448202,4.7352149573367536e-05,79592.95340000032,3406.2887951602784,1590427.5365112259
PUNP4_num1,predict,75.30513950212455,7.388730920792651e-05,29834.296999999995,9086.807113559551,1019189.0909196343
LEUTAi_num2,predict,75.28538112286986,0.0003489417872728,43537.29480000009,6225.177133475251,215753.41179763127
DSERtex_num3,predict,75.24788340016342,0.0005272161167627,41219.34330000004,6571.972247810848,142726.82683187487
UDPACGALtex_num3,predict,74.77475146061221,4.767260779805154e-05,41219.34330000004,6530.650022709209,1568505.582437812
UDPACGALtex_reverse_num3,predict,74.77475146061221,4.767260779805154e-05,41219.34330000004,6530.650022709209,1568505.582437812
SULFACtex_num2,predict,74.74698644508915,0.0001602536746434,40367.58979999997,6665.970213617289,466429.15746810666
SULFACtex_reverse_num2,predict,74.74698644508915,0.0001602536746434,40367.58979999997,6665.970213617289,466429.15746810666
METtex_num4,predict,74.74081100331671,0.0002538019770667,40367.58979999997,6665.419484914116,294484.7469949951
METtex_reverse_num4,predict,74.74081100331671,0.0002538019770667,40367.58979999997,6665.419484914116,294484.7469949951
G2PP,predict,74.59504659196394,0.000181134165182,29171.7701,9205.549296820704,411822.06855902815
G3PEtex_num2,predict,74.59424804941736,0.0002951395744468,41219.34330000004,6514.885281491185,252742.2769014775
DHAtex_reverse_num2,predict,74.59412519747663,0.0007540144274824,39332.7982,6827.351803079087,98929.30755521623
INSTtex_num1,predict,74.55158964243725,0.0003564353209273,38921.51909999999,6895.56134803521,209158.81582241706
INSTtex_reverse_num1,predict,74.55158964243725,0.0003564353209273,38921.51909999999,6895.56134803521,209158.81582241706
ETHAtex_reverse_num2,predict,74.44443729427024,0.0003448555610771,39332.7982,6813.651367915463,215871.35513127642
UDPGtex_reverse_num4,predict,74.31075420349549,5.382366214756974e-05,40367.58979999997,6627.066824103131,1380633.5585221935
UDPGtex_num4,predict,74.31075420349549,5.382360305147463e-05,40367.58979999997,6627.066824103131,1380635.0744008685
ALAtex_reverse_num4,predict,74.14494441292351,0.0006205739088614,40367.58979999997,6612.27983164169,119478.02405834493
ALAtex_num3,predict,74.09574957740983,0.0007062756408987,41219.34330000004,6471.3476034120895,104910.52683499992
F6PA_num2,predict,74.04215666213612,0.0001652385124557,23554.9463,11316.169461345367,448092.61207786907
PROtex_reverse_num3,predict,73.90359688116729,0.0004020839256745,38921.51909999999,6835.626021909364,183801.42095258652
PROtex_num3,predict,73.90359688116729,0.0004020839256745,38921.51909999999,6835.626021909364,183801.42095258652
GLUtex_num2,predict,73.86354335548874,0.0002705585286994,39332.7982,6760.48408068154,273003.93637767644
RBP4E_num1,predict,73.86068466830582,0.0002369468585601,25277.442400000004,10519.199711672605,311718.3537150443
TYMtex_num2,predict,73.81779737247263,0.0002610793988205,39332.7982,6756.297103237915,282740.7972669058
TYMtex_reverse_num2,predict,73.81779737247263,0.0002610793988205,39332.7982,6756.297103237915,282740.7972669058
GALTptspp,predict,73.65812172327126,0.0005680934783053,16907.251299999993,1922.1841959835788,129658.45329364359
ACMANAtex_num1,predict,73.64101895674564,0.0006599487665231,38921.51909999999,6811.339186508892,111585.9634751935
ACMANAtex_reverse_num1,predict,73.64101895674564,0.0006599494911196,38921.51909999999,6811.339186508892,111585.84095854689
GLYCtex_num3,predict,73.59098686674227,0.0004511277034028,41219.34330000004,6427.262821537283,163126.72955275112
GLCRtex_reverse_num3,predict,73.46672077638746,0.0002557275676326,41219.34330000004,6416.409714974634,287285.1036613151
ACLS_num1,predict,73.44526744931741,0.0040687014518504,11105.639399999996,3695.5892439836703,18051.279583542637
X5PL3E,predict,73.43932050273133,0.000596382449807,32006.275900000048,8260.303530340823,123141.31733168474
CRNDtex_num4,predict,73.38348302270725,0.0001258947251492,38921.51909999999,6787.5187040617375,582895.6132652835
AKGtex_reverse_num2,predict,73.35895295193217,0.0001544905435754,39332.7982,6714.300601856387,474844.2930821129
SULFACtex_reverse_num1,predict,73.32279713329342,5.0960358586035776e-05,41219.34330000004,6403.839764226813,1438820.2745768242
SULFACtex_num1,predict,73.32279713329342,5.096024668147837e-05,41219.34330000004,6403.839764226813,1438823.4341091362
AMALT4,predict,73.19667332505112,0.0012347450434764,78502.5889000005,3356.6794122656297,59280.799474980966
DMSOtex_reverse_num4,predict,73.16033642465462,0.0001742054298339,40367.58979999997,6524.4720438760705,419965.87875826226
PYDXtex_num2,predict,73.1591917740539,5.9746614991945214e-05,39332.7982,6696.017126658281,1224490.9905593297
AMALT2,predict,73.09365526886931,0.0011405507150841,78502.5889000005,3351.955173136053,64086.28244424857
DGSNtex_num4,predict,73.08336344708276,5.134197652138936e-05,40367.58979999997,6517.6075587623545,1423462.2116005959
DALAtex_reverse_num1,predict,73.05544440052469,0.0005748349699464,38921.51909999999,6757.177158634821,127089.42256476966
DALAtex_num1,predict,73.05532408289484,0.0005748349699464,38921.51909999999,6757.166029997567,127089.21325664446
UACGAMtex_reverse_num3,predict,73.01727354999251,4.698837159459232e-05,41219.34330000004,6377.156056728658,1553943.4773346293
AMALT3,predict,72.94944124906293,0.0014721095827678,78502.5889000005,3345.3417546669584,49554.35526199509
NADH17pp,predict,72.91348726306032,1.7694003115141693e-05,25055.5645,485.72294699312835,4120802.2169197197
TRPtex_num3,predict,72.89127511919662,0.0002627798994401,41219.34330000004,6366.151651647192,277385.27670687385
3HPPtex_num4,predict,72.88063169775427,0.0001035773958948,38921.51909999999,6741.008063889147,703634.5243877015
CITtex_num2,predict,72.83291546513796,9.427617433718944e-05,39332.7982,6666.154142943653,772548.4829777115
TMAtex_num2,predict,72.82343993379071,6.735947669321205e-05,39332.7982,6665.286879122843,1081116.4740109877
ACGAM1Ptex_reverse_num3,predict,72.79420149997159,0.000452365467727,41219.34330000004,6357.673471229162,160919.006187056
PSCLYStex_reverse_num4,predict,72.64635075988858,0.0001933567377319,39332.7982,6649.078496927251,375711.50409362424
ECOAH4_reverse_num2,predict,72.60799505352914,4.05702517502546e-05,77071.2984000004,3391.5191208547685,1789685.5927957972
FRULYStex_num2,predict,72.49712872194605,0.0001687563458136,39332.7982,6635.420700859412,429596.4597504549
HACD5_reverse_num2,predict,72.46983146980453,3.658202210440243e-05,77071.2984000004,3385.0655004833156,1981023.1173930436
INSTtex_num3,predict,72.46688748249404,0.0003611409965678,41219.34330000004,6329.086638723289,200660.92792344952
BALAtex_num2,predict,72.34606847773055,0.0004650874169894,39332.7982,6621.594659894551,155553.69987440325
SERtex_num1,predict,72.25557155797448,0.0006848919666183,38921.51909999999,6683.193863538286,105499.22481167535
SERtex_reverse_num1,predict,72.25557155797448,0.0006848930945933,38921.51909999999,6683.193863538286,105499.05106121846
LDH_D_reverse_num1,predict,72.22949534591132,0.0002984934573848,64611.55530000015,4024.4532427356708,241980.16257621805
TRPtex_reverse_num2,predict,72.06997139884032,8.990404260925746e-05,39332.7982,6596.324413954998,801632.1547638532
UDPGALtex_num1,predict,72.01390996087285,7.037946559243784e-05,38921.51909999999,6660.841659161817,1023223.3131450579
UDPGALtex_reverse_num1,predict,72.01390996087285,7.037946559243784e-05,38921.51909999999,6660.841659161817,1023223.3131450579
GTHRDtex_reverse_num3,predict,71.96284997623256,0.0002571977201735,41219.34330000004,6285.065194486905,279795.83150149224
ACGALtex_num1,predict,71.90827325455211,0.0003728815311538,38921.51909999999,6651.070916612493,192844.82401702157
ACGALtex_reverse_num1,predict,71.90827325455211,0.0003728809170419,38921.51909999999,6651.070916612493,192845.14162056704
34dhpactex_num2,predict,71.78026752140728,7.295358630544112e-05,39332.7982,6569.808783069653,983916.9142539285
ACMANAtex_num3,predict,71.58191682030407,0.0006686632761593,41219.34330000004,6251.795393186054,107052.26288403291
PROGLYtex_reverse_num2,predict,71.54826687393526,0.0005006788104491,39332.7982,6548.574536610695,142902.52629177124
PROGLYtex_num2,predict,71.54826687393526,0.0005006788104491,39332.7982,6548.574536610695,142902.52629177124
MNLtex_reverse_num3,predict,71.53228230995528,0.0004832850783539,41219.34330000004,6247.460432389731,148012.60273459886
MNLtex_num3,predict,71.53228230995528,0.0004832850783539,41219.34330000004,6247.460432389731,148012.60273459886
TREtex_num4,predict,71.443685815601,0.0003957628251349,40367.58979999997,6371.380362574032,180521.467096483
TREtex_reverse_num4,predict,71.443685815601,0.0003957628251349,40367.58979999997,6371.380362574032,180521.467096483
ASPK_reverse_num2,predict,71.37805987386494,0.0005741947148707,88886.59570000051,2890.886005052754,124309.85173720767
ALAALAtex_reverse_num2,predict,71.36763740873819,0.0005320969533178,39332.7982,6532.04212334574,134125.25097867489
UREAtex_num4,predict,71.36561970130582,0.0002133379825843,40367.58979999997,6364.4183910306465,334519.052054436
CRNDtex_num1,predict,71.33197353459128,0.0001275571432809,41219.34330000004,6229.965937485675,559215.8282935795
CRNDtex_reverse_num1,predict,71.33171899660402,0.0001275570032286,41219.34330000004,6229.943706739604,559214.446805148
ORNtex_reverse_num2,predict,71.26770218052658,0.0010794005151585,39332.7982,6522.895384796084,66025.26233745736
ORNtex_num2,predict,71.26758480719347,0.0010794005151585,39332.7982,6522.88464200588,66025.15359808633
MALTtexi,predict,71.21075970309157,0.0004642298118737,49911.64310000007,5136.251163230675,153395.4905129303
ECOAH7_reverse_num2,predict,71.17579940559263,5.4104864392376655e-05,77071.2984000004,3324.621268611352,1315515.7157296427
PGAMT,predict,71.17429507157053,0.0001613706203755,47543.03520000005,5389.379562743054,441061.0488201142
ACGAM1Ptex_num4,predict,71.04812246265435,0.0003567473642318,40367.58979999997,6336.103843027949,199155.28350334257
DHDPS,predict,71.0428571269603,0.0003836538425488,31269.62460000002,8179.000833193786,185174.36618121137
DALAtex_num3,predict,71.01248181127623,0.0005824239678839,41219.34330000004,6202.062285659806,121925.75465134672
FALDtex_reverse_num1,predict,70.96511212074313,8.382686720741385e-05,38921.51909999999,6563.834340029018,846567.6278364701
FALDtex_num1,predict,70.96499524575644,8.382686720741385e-05,38921.51909999999,6563.823529814982,846566.233593901
DMStex_num4,predict,70.89544982703897,0.0001621476396726,40367.58979999997,6322.488428014607,437227.76335312275
SELtpp,predict,70.88046716507151,4.489114105254925e-05,30291.46790000002,1803.304803062837,1578941.0895592815
3HPPtex_reverse_num1,predict,70.84279101385223,0.0001049450023176,41219.34330000004,6187.241892567168,675046.8288090305
3HPPtex_num1,predict,70.84279101385223,0.0001049450023176,41219.34330000004,6187.241892567168,675046.8288090305
ALAR_reverse_num2,predict,70.82334807778905,0.0014887082695977,39152.49270000002,6512.077150072248,47573.691584938904
L_LACD2_num1,predict,70.81236517818589,0.0001171899403431,42727.70680000005,5966.257815677319,604252.9330663255
MALTTRtexi,predict,70.77822215844894,0.0006237893918032,49911.64310000007,5105.0533291382635,113464.93398011943
ACSERtex_num2,predict,70.64951304837254,0.0003232988915596,40367.58979999997,6300.555674347971,218526.92629893642
MAN6Ptex_reverse_num3,predict,70.60872289910354,0.0001796676434321,41219.34330000004,6166.798936769391,392996.3211533299
SUCptspp,predict,70.51519233551934,0.0002926573103407,63561.09830000026,1803.809512654711,240947.9956384085
MN6PP,predict,70.41583226389714,0.0001266678438512,30412.456100000025,8335.301671015959,555909.2988636993
ALAR_num2,predict,70.27861845294585,0.0019733761935271,39152.49270000002,6461.990258684217,35613.391244643455
R5PP,predict,70.26525123795187,0.0001031399743627,30412.456100000025,8317.47701089576,681261.0888466821
SBTtex_num2,predict,70.22878884112923,0.0014643041534861,39332.7982,6427.807107506154,47960.52013779655
SBTtex_reverse_num2,predict,70.22865390178667,0.0014643041534861,39332.7982,6427.794756957618,47960.42798525964
TSULtex_reverse_num4,predict,70.20937951679879,2.6941799362825964e-05,40367.58979999997,6261.304366020778,2605964.7528098295
TSULtex_num4,predict,70.20937951679879,2.6941799362825964e-05,40367.58979999997,6261.304366020778,2605964.7528098295
HIStex_reverse_num1,predict,70.16685966758793,0.0002537566982151,38921.51909999999,6490.000920938274,276512.34493960085
HIStex_num1,predict,70.16674410727181,0.000253756419601,38921.51909999999,6489.990232323141,276512.1931401782
GLCNtex_reverse_num2,predict,70.11551186199593,0.0003604309375603,39332.7982,6417.439242936583,194532.44590100046
PHEtex_num4,predict,69.9382307413941,0.0002541252936713,40367.58979999997,6237.123195029566,275211.6081441942
PHEtex_reverse_num4,predict,69.9382307413941,0.0002541252936713,40367.58979999997,6237.123195029566,275211.6081441942
ACGALtex_num3,predict,69.89748672014643,0.0003778043304246,41219.34330000004,6104.681250283939,185009.75529208808
GALURtex_reverse_num4,predict,69.86021801168836,0.0001175228302892,40367.58979999997,6230.165984348124,594439.5471056682
DINStex_num4,predict,69.73784884518118,5.612994569425564e-05,40367.58979999997,6219.253046478698,1242435.70847278
PNTOtex_reverse_num2,predict,69.68015865692512,4.591951773362204e-05,39332.7982,6377.59281425674,1517440.9945056033
MNLptspp,predict,69.64497483010462,0.0004445126559219,67971.47530000024,1782.571218879001,156677.14721342173
CHLtex_reverse_num4,predict,69.60256753031189,0.0001242990014932,40367.58979999997,6207.188597351505,559960.7936844096
ACGAtex_reverse_num4,predict,69.60195616735652,0.000512901973869,40367.58979999997,6207.134075725364,135702.25835226267
ACGALtex_reverse_num3,predict,69.40484286139487,0.0003899827340305,41219.34330000004,6061.654900286131,177969.01453582512
ETHAtex_num4,predict,69.34927458367214,0.0003775188393633,40367.58979999997,6184.599817282623,183697.52010424793
ISETACtex_reverse_num3,predict,69.29386491867254,3.414319940639124e-05,41219.34330000004,6051.962349124104,2029507.079693928
PPTtex_reverse_num4,predict,69.28264376735393,7.651265504348533e-05,40367.58979999997,6178.657650808628,905505.6804391079
PPTtex_num4,predict,69.28252966328468,7.651265504348533e-05,40367.58979999997,6178.6474749558865,905504.1891293477
SBTptspp,predict,69.26617669038362,0.0003633136822587,20580.0914,1782.454810107565,190651.16474491087
LEUtex_reverse_num2,predict,69.24813585458774,0.0001776860526102,39332.7982,6338.0512062453745,389721.84275206627
MELIBtex_reverse_num2,predict,69.20610316708044,0.0005800767136292,39332.7982,6334.204094370525,119305.08765659359
SLNTtex_num4,predict,69.13924932698275,5.96241356461685e-05,38921.51909999999,6394.953314582677,1159584.9328077547
3OXCOAT,predict,69.11137626453167,3.499103241533905e-05,42276.08740000004,5885.146186738032,1975116.8083350193
MALDt2_2pp,predict,69.05981512789842,0.000130025119544,45435.73190000005,5471.802127180745,531126.7189762425
SELtex_num1,predict,69.02384563764235,4.639263818147461e-05,41219.34330000004,6028.379503452988,1487818.9372986504
SELtex_reverse_num1,predict,69.02359933588073,4.6392485370203175e-05,41219.34330000004,6028.357992039393,1487818.5289079812
FALDtex_num3,predict,68.98071833876615,8.493369327702255e-05,41219.34330000004,6024.61286712343,812171.4207549689
ALLTNtex_num2,predict,68.96190002784493,0.0003302382987817,39332.7982,6311.852994487481,208824.6586851253
DAPtex_num1,predict,68.96044248562825,0.0003332968441716,38921.51909999999,6378.414786699879,206903.97671489362
DAPtex_reverse_num1,predict,68.96019641011173,0.0003332955633631,38921.51909999999,6378.392026235233,206904.03350789545
ECOAH6_reverse_num2,predict,68.89770274545866,6.516994231457949e-05,77071.2984000004,3218.2113839105878,1057200.6096443208
DSERtex_num4,predict,68.8627816917037,0.0005145111452779,40367.58979999997,6141.2141601313415,133841.18560640555
34dhpactex_reverse_num2,predict,68.82037841118468,3.986665330342566e-05,39332.7982,6298.899992329172,1726264.2511622887
GTHOXtex_num2,predict,68.71891698148097,0.0003440925064395,39332.7982,6289.613565640787,199710.5885639607
UGLYCH,predict,68.45414444102273,0.0012204036720326,18169.33249999999,13563.234642091666,56091.395011137065
FRD2,predict,68.44450587728493,2.439926732410891e-05,13106.770899999983,2032.7484905709323,2805186.933201676
UDPACGALtex_num4,predict,68.42968430225142,4.652373158918707e-05,40367.58979999997,6102.590338155518,1470855.453008324
UDPACGALtex_reverse_num4,predict,68.42968430225142,4.652373158918707e-05,40367.58979999997,6102.590338155518,1470855.453008324
TARTRtex_reverse_num3,predict,68.26858262454262,0.0002035891750228,41219.34330000004,5962.416617354338,335325.2088029592
TARTRtex_num3,predict,68.26858262454262,0.0002035895103217,41219.34330000004,5962.416617354338,335324.6565437909
G3PEtex_num3,predict,68.26472249733705,0.0002880272352027,40367.58979999997,6087.878969440319,237007.87340230364
HIStex_num3,predict,68.20467504901212,0.0002571065236233,41219.34330000004,5956.83508078702,265277.88594326883
PTRCtex_reverse_num1,predict,68.12451941134299,0.0005445287360793,38921.51909999999,6301.09706794139,125107.29902309872
PTRCtex_num1,predict,68.12451941134299,0.0005445287360793,38921.51909999999,6301.09706794139,125107.29902309872
NADPHQR3,predict,68.11623605086386,1.5825763165530576e-05,21890.6384,11201.978000929836,4304135.942033111
SULFACtex_num4,predict,68.06194235235382,0.0001486877078141,39332.7982,6229.482866247583,457750.9691483692
SULFACtex_reverse_num4,predict,68.06183025870148,0.0001486881159469,39332.7982,6229.4726066889725,457748.9587870489
METtex_reverse_num2,predict,68.05667415025302,0.0002354851368908,39332.7982,6229.000685257905,289006.2406860629
METtex_num2,predict,68.05667415025302,0.0002354847490619,39332.7982,6229.000685257905,289006.7166615682
PUNP6_num1,predict,68.03534396892387,6.368429211314087e-05,29834.296999999995,8209.586379331344,1068322.2143390237
LALADGLUtex_num3,predict,67.96902407504143,0.0003678550217371,38921.51909999999,6286.714710221811,184771.22795299988
ALAtex_num4,predict,67.80865327056537,0.0006892556530934,40367.58979999997,6047.206508574745,98379.53880572194
ILEtex_reverse_num3,predict,67.72108096713032,0.0002892505191051,41219.34330000004,5914.59911690706,234126.04816285108
TYRPtex_reverse_num4,predict,67.70606294045963,0.0001281227346664,41219.34330000004,5913.287477960728,528446.9076994768
TYRPtex_num4,predict,67.70606294045963,0.0001281227346664,41219.34330000004,5913.287477960728,528446.9076994768
MEOHtex_reverse_num3,predict,67.70177003266733,0.0003449417117464,40367.58979999997,6037.674612854953,196270.174719958
LALADGLUtex_reverse_num3,predict,67.69617665213637,0.0003779626148607,38921.51909999999,6261.478009672315,179108.12866263543
UDPGtex_reverse_num2,predict,67.66507771052167,4.993913649096159e-05,39332.7982,6193.159167553912,1354950.8955319696
UDPGtex_num2,predict,67.66496627047992,4.993913649096159e-05,39332.7982,6193.148967818103,1354948.6640147753
GLYCtex_num4,predict,67.34636893356883,0.0004402563274613,40367.58979999997,6005.979781355387,152970.81434789553
ALLPI,predict,67.25169543958829,0.0006214848793677,16073.134199999991,15062.781195625057,108211.31401943407
TREptspp,predict,67.2406942471455,0.0003703542595001,9119.2594,1704.5575504502647,181557.77211231817
GLCRtex_reverse_num4,predict,67.23264753474967,0.0002495645766951,40367.58979999997,5995.838055337626,269399.8019474121
ACACT4r_reverse_num2,predict,67.11108600307257,7.82808940255377e-05,40875.8029,5910.585052044598,857311.1847851254
TRSARr_num1,predict,67.05203491871596,0.0001861767119118,30800.236500000025,7837.190656226853,360152.6433149245
DAPtex_num3,predict,67.03173718638475,0.0003376957468509,41219.34330000004,5854.393460727088,198497.42797021577
ACACT1r_reverse_num3,predict,66.99965611989685,5.262173706282279e-05,40875.8029,5900.771236756029,1273231.555239404
ACGAtex_reverse_num1,predict,66.94871485390195,0.0004763046453082,38921.51909999999,6192.342412299295,140558.60154498764
ACGAtex_num1,predict,66.94871485390195,0.0004763046453082,38921.51909999999,6192.342412299295,140558.60154498764
TYRTA_reverse_num1,predict,66.94636267487431,0.0003032732973711,43537.29480000009,5535.6426423983285,220745.98474443163
ALATA_L_num1,predict,66.85026970072529,0.0005534838264085,45516.83090000005,5287.296285001484,120780.89098738415
UACGAMtex_reverse_num4,predict,66.82132014532817,4.585598499541583e-05,40367.58979999997,5959.155691856084,1457199.5379012842
ACGAL1Ptex_reverse_num3,predict,66.8009822369665,9.858961205345516e-05,41219.34330000004,5834.239868956845,677566.1334456524
OCBT_num2,predict,66.75513921211986,0.0010600375390749,36826.74470000008,6525.651482946059,62974.316240137494
TRPtex_num4,predict,66.70626977868248,0.0002564475116407,40367.58979999997,5948.895447883715,260116.65838326557
LIPOtex_num4,predict,66.69288638507966,5.013168969774501e-05,38921.51909999999,6168.6798598332925,1330353.8497741797
DMSOtex_reverse_num2,predict,66.61743309662651,0.0001616329685254,39332.7982,6097.2717457934505,412152.5064124392
ACGAM1Ptex_reverse_num4,predict,66.61719538180527,0.0004414645062197,40367.58979999997,5940.9517526978825,150900.45619353245
OP4ENH,predict,66.57593728680907,0.0002421014777622,28889.54260000001,8296.198300921265,274991.8666428056
DGSNtex_num2,predict,66.54745359535777,4.763660973728072e-05,39332.7982,6090.866755147056,1396981.3125319306
PPCSCT,predict,66.45906556790904,3.7060767881564e-05,53823.82450000007,4445.106572545254,1793245.77894052
FHL_num1,predict,66.4246876932559,0.0007228772864987,56766.494200000016,511.4295192496644,91889.29979386668
UDPGLCURtex_num1,predict,66.37733555307153,0.0001251853453003,38921.51909999999,6139.493357828821,530232.4756451541
UDPGLCURtex_reverse_num1,predict,66.37733555307153,0.0001251852078521,38921.51909999999,6139.493357828821,530233.0578185644
INSTtex_num4,predict,66.31765583876195,0.0003524383338246,40367.58979999997,5914.238680148875,188168.11190512162
TMAOR1,predict,66.27249013290307,2.7439755758563925e-05,89986.03870000047,1023.7774267474629,2415199.7093567234
RMNtex_num3,predict,66.26572338737323,0.0002581199687018,39332.7982,6065.080927665696,256724.5134913544
RMNtex_reverse_num3,predict,66.26561425197828,0.0002581199687018,39332.7982,6065.070938866531,256724.09068255158
GLYC3Pabcpp,predict,66.16268872939658,9.685236062164866e-05,48448.15090000003,1559.4785274887424,683129.3352555388
LALADGLUtex_num2,predict,66.068645505611,0.0003727118700192,41219.34330000004,5770.279310107287,177264.6669455618
TAGURr,predict,65.9146040322273,0.0002248449682215,54807.609200000064,4329.555293136524,293155.7888691256
TALA_reverse_num2,predict,65.90971913864617,0.0001726293629583,35218.81070000003,6737.16642280388,381799.00573790097
GTHRDtex_reverse_num4,predict,65.85637073314895,0.0002509997121899,40367.58979999997,5873.101064838317,262376.27987128403
LALADGLUtex_reverse_num2,predict,65.803535128971,0.0003829531255335,41219.34330000004,5747.125196540805,171831.8267733126
PROtex_reverse_num2,predict,65.74159227024526,0.0003975748269224,40367.58979999997,5862.865069365204,165356.52616426072
PROtex_num2,predict,65.74146595271387,0.0003975748269224,40367.58979999997,5862.85380431036,165356.20844411638
THRtex_num1,predict,65.71451173551063,0.0008332231866015,38921.51909999999,6078.18625064504,78867.838524205
THRtex_reverse_num1,predict,65.71451173551063,0.0008332241014462,38921.51909999999,6078.18625064504,78867.75193066557
ALCD2x_num1,predict,65.55217265687726,0.0001195972294172,35379.17940000002,6670.245765077242,548107.7862448359
PSERtex_reverse_num3,predict,65.53232895704127,0.0001320895450748,41219.34330000004,5723.438690624369,496120.48341851326
PSERtex_num3,predict,65.53232895704127,0.0001320895450748,41219.34330000004,5723.438690624369,496120.48341851326
ACMANAtex_num4,predict,65.50788790770942,0.0006525496795024,40367.58979999997,5842.0232081270815,100387.58728325831
CYNTAH,predict,65.50339275455426,0.0022969255933523,17048.62789999999,13831.741492603958,28517.85575646525
G2PPpp,predict,65.48124514491428,0.0001505707362132,26103.21480000001,9030.783538650241,434886.9295039933
MNLtex_num4,predict,65.46257290850738,0.0004716392846637,40367.58979999997,5837.981995908677,138797.9649642314
MNLtex_reverse_num4,predict,65.46257290850738,0.0004716392846637,40367.58979999997,5837.981995908677,138797.9649642314
TMDPP,predict,65.42732763192281,0.0002372226560599,47206.60120000011,4989.522089866567,275805.5605591148
MALTHXabcpp,predict,65.42111407264127,0.0001415625980429,40989.96800000002,1356.543723400204,462135.58508452674
RMI,predict,65.40394903992694,0.0059543145274507,47198.875100000085,4988.555681568279,10984.295293505298
CRNDtex_num2,predict,65.27879500081872,0.0001244829694584,40367.58979999997,5821.59259859868,524399.404069757
SERAT,predict,65.20082512376355,0.0004105854534087,29316.30439999998,8006.567514203767,158799.64714400668
FORtex_reverse_num3,predict,65.14735309655765,8.247507290720665e-05,41219.34330000004,5689.815809064754,789903.5526753089
ALAtex_reverse_num2,predict,65.09680166977795,0.0002429483875088,39332.7982,5958.093416582821,267944.9834480586
ACGAtex_num3,predict,65.07663138221814,0.0004825944309323,41219.34330000004,5683.639141722694,134847.45618904024
TREtex_num2,predict,65.05430664467687,0.0003672000929307,39332.7982,5954.203988488079,177163.09962087692
TREtex_reverse_num2,predict,65.05430664467687,0.0003672000929307,39332.7982,5954.203988488079,177163.09962087692
DALAtex_num4,predict,64.9866470045165,0.0005683879612319,40367.58979999997,5795.538707546507,114335.01663840168
3HPPtex_num3,predict,64.83160462644044,0.0001024159018138,40367.58979999997,5781.711957823792,633022.8360856432
LIPOtex_reverse_num1,predict,64.82840149813262,5.079361424436686e-05,41219.34330000004,5661.9593304699065,1276310.072881302
LIPOtex_num1,predict,64.82817016721582,5.079355847513565e-05,41219.34330000004,5661.939126574507,1276306.9198813932
LYStex_reverse_num3,predict,64.79805081666058,0.0003533781623246,41219.34330000004,5659.308573700102,183367.44520488934
ACONTb_reverse_num1,predict,64.77249681906443,0.0003497453547864,93497.01500000064,2493.9939371179967,185199.01960848898
TALA_num2,predict,64.76725211655047,0.0001952699195641,35218.81070000003,6620.385611703279,331680.64114088874
ACGAM1Ptex_num2,predict,64.69399516066395,0.0003309998848662,39332.7982,5921.2258785694585,195450.20442171808
MAN6Ptex_reverse_num4,predict,64.61670603984801,0.0001753375874902,40367.58979999997,5762.5472042289975,368527.4045615552
DMStex_num2,predict,64.55485263245569,0.0001504451451433,39332.7982,5908.490626452315,429092.295208109
CBMKr_reverse_num1,predict,64.52009607561996,0.0006474611760346,31643.7491,7340.228401451705,99650.9110720363
DALAtex_reverse_num3,predict,64.49920155221284,0.0004366678946868,41219.34330000004,5633.207785432282,147707.67976536238
HADPCOADH3_reverse,predict,64.47525200644584,3.607637089384996e-05,51732.00010000003,4486.795538052373,1787187.857563498
ACACT3r_reverse_num2,predict,64.43586877719153,4.495516325653828e-05,40875.8029,5674.974218008315,1433336.331346099
ACSERtex_num4,predict,64.33091142688544,0.0002999659783221,39332.7982,5887.994033864277,214460.69246495565
ECOAH8_reverse_num2,predict,64.26007059867628,4.340610641930886e-05,77071.2984000004,3001.587607290568,1480438.4889516535
DSERtex_reverse_num2,predict,64.19832949199044,0.0002211006140157,39332.7982,5875.859250999477,290357.9882751109
GSNtex_num1,predict,64.1101227010866,6.280719464797406e-05,38921.51909999999,5929.790179333257,1020744.8853656858
GSNtex_reverse_num1,predict,64.11001711582767,6.280712568834178e-05,38921.51909999999,5929.780413349275,1020744.3249982658
TAURtex_num1,predict,64.06658353700767,0.0003174939462136,38921.51909999999,5925.763075707589,201788.3625847331
TAURtex_reverse_num1,predict,64.06646043787974,0.0003174935976188,38921.51909999999,5925.75168979895,201788.19641837754
PEAMNtex_num3,predict,64.0515847705486,0.0002836080124612,41219.34330000004,5594.113993901857,225845.4696491038
L_LACtex_reverse_num4,predict,63.9818242735812,0.0001306958985948,38921.51909999999,5917.923367613173,489547.2999649803
ACGALtex_num4,predict,63.96638883795832,0.0003686995126502,40367.58979999997,5704.551620682841,173491.92674047768
TSULtex_reverse_num2,predict,63.930492590643496,2.499737368303576e-05,39332.7982,5851.345031595454,2557488.3746299054
TSULtex_num2,predict,63.930369753004086,2.499737368303576e-05,39332.7982,5851.333788675495,2557483.4606080977
PPM_num1,predict,63.85378259939035,0.0001633885241787,44558.99000000009,5158.860588128339,390809.4703735294
MALt2_2pp,predict,63.83007270760941,0.0001418746559609,45435.73190000005,5057.435021694756,449904.6871711935
PHEtex_num2,predict,63.68359289011524,0.0002357849903567,39332.7982,5828.747124439646,270091.8018308693
PHEtex_reverse_num2,predict,63.68359289011524,0.0002357849903567,39332.7982,5828.747124439646,270091.8018308693
GALURtex_reverse_num2,predict,63.61245214204689,0.0001090409906441,39332.7982,5822.235848741848,583381.0915169711
MDH2,predict,63.60494437564549,0.0001534686451292,60228.898700000136,3801.7929049784075,414449.1164439398
ACS,predict,63.55424651161348,0.0001357891877493,72092.70770000026,3173.6259427776727,468036.1342830192
ACGALtex_reverse_num4,predict,63.51542585744681,0.0003805850521218,40367.58979999997,5664.33453717885,166888.91353809592
DINStex_num2,predict,63.50078271720262,5.207891529020286e-05,39332.7982,5812.015118261519,1219318.458599856
PGPP160_num2,predict,63.47697739034772,6.682115506975538e-05,29020.883700000028,7874.230191179588,949953.3093087566
PGPP160pp_num2,predict,63.4768728478385,6.682086160307735e-05,29020.883700000028,7874.217222827656,949955.9168347382
XTSNtex_reverse_num3,predict,63.44480385115384,0.0001565562603351,41219.34330000004,5541.119182851067,405252.423092847
ISETACtex_reverse_num4,predict,63.413882464930026,3.332040897744687e-05,40367.58979999997,5655.2788512964,1903154.38528537
CHLtex_reverse_num2,predict,63.37794833696963,0.0001153283029997,39332.7982,5800.7724966054075,549543.7519542319
ACGAtex_reverse_num2,predict,63.37726987384677,0.0004758848914409,39332.7982,5800.710399135762,133177.73061033938
UGLCURPpp,predict,63.2723695266824,0.0001566444658822,60823.23910000007,3744.958895095351,403923.42729978455
HXAtex_num2,predict,63.24463954272307,5.898673218794316e-05,38921.51909999999,5849.738335464998,1072184.1539079228
UREAtex_num2,predict,63.19011796352961,0.0001820067480386,39332.7982,5783.5810081955115,347185.57770247204
ETHAtex_num2,predict,63.1473076026424,0.0003502731845886,39332.7982,5779.662718466663,180280.16525675426
FALDtex_num4,predict,63.12741213780162,8.288676019429214e-05,40367.58979999997,5629.731297360883,761610.3222013591
PPTtex_reverse_num2,predict,63.08653173953605,7.099071238037063e-05,39332.7982,5774.100106163558,888658.9474059126
PPTtex_num2,predict,63.08653173953605,7.099063443558345e-05,39332.7982,5774.100106163558,888659.9231167663
GSNtex_reverse_num3,predict,63.074307409644575,0.0001207684592183,41219.34330000004,5508.760899514871,522274.67186305666
GLYC3Pt6pp,predict,63.05832931585998,0.0001513370383036,50309.81099999998,4512.240873596127,416674.7943709425
DOXRBCNtex_reverse_num4,predict,62.964256713511205,3.3720538146384865e-05,38921.51909999999,5823.804656397401,1867237.5998323597
ASPtex_reverse_num2,predict,62.89557687290582,0.0002808539951377,39332.7982,5756.622643299784,223944.034842975
ACGAL1Ptex_num1,predict,62.83537099151818,9.522138483234516e-05,38921.51909999999,5811.883523566415,659887.1787272518
ACGAL1Ptex_reverse_num1,predict,62.83537099151818,9.522138483234516e-05,38921.51909999999,5811.883523566415,659887.1787272518
SUCOAS_reverse,predict,62.777221585585146,5.568216270070394e-05,41392.1542,3175.4988738612637,1127420.6773005156
DSERtex_num2,predict,62.70409844897257,0.0004773787121903,39332.7982,5739.097260980056,131350.84755094087
GALabcpp_num2,predict,62.5604429726362,0.0002510890183186,55259.35330000005,1405.507129690415,249156.42823237678
TARTRtex_num4,predict,62.47558411365551,0.000198683364927,40367.58979999997,5571.600977999435,314447.9868086098
TARTRtex_reverse_num4,predict,62.47558411365551,0.0001986828195628,40367.58979999997,5571.600977999435,314448.8499364593
HIStex_num4,predict,62.41721940903806,0.0002509108510593,40367.58979999997,5566.395987122748,248762.53516148828
OAADC,predict,62.40546736436688,0.0001371969948627,22283.75649999999,10081.768866560755,454860.30817817256
GSNtex_num3,predict,62.31741463584238,6.363641308013994e-05,41219.34330000004,5442.655673969274,979272.8976940216
UDPACGALtex_reverse_num2,predict,62.3099570936733,4.316609907514582e-05,39332.7982,5703.022815631355,1443492.8897605697
UDPACGALtex_num2,predict,62.30985447317164,4.316609907514582e-05,39332.7982,5703.013423118671,1443490.512420392
PGCD,predict,62.30590371236547,0.0001357946296741,44175.247800000034,5077.5324312841885,458824.5047826735
INDOLEtex_reverse_num3,predict,62.26237642097808,9.561677172791786e-05,41219.34330000004,5437.848766395094,651165.849838025
NACODA,predict,62.23563573493127,0.0001474350690946,42346.84509999999,5290.790568144417,422122.33573138894
L_LACtex_reverse_num2,predict,62.19270381066959,0.0001324213519106,41219.34330000004,5431.76372531899,469657.6716167117
ALCD2x_num2,predict,62.17759759265681,7.1956173755347e-05,96126.08940000068,2328.6014518090124,864103.7224139012
G3PEtex_reverse_num1,predict,62.15942378795984,0.0002672399245607,39332.7982,5689.245003592331,232597.81969382032
G3PEtex_num1,predict,62.15932141537687,0.0002672396311427,39332.7982,5689.235633770821,232597.69200244546
ILEtex_reverse_num4,predict,61.97466033384215,0.0002822804055611,40367.58979999997,5526.928367713247,219549.99040989988
PEAMNOpp,predict,61.83223472332024,1.3093748629092536e-05,84377.62450000031,2638.0932898146716,4722271.404075788
PTRCabcpp_num3,predict,61.8300623069256,0.0004275741943199,34359.652,1562.9436491028466,144606.62764101694
ALAtex_num2,predict,61.74434677924,0.000639511151111,39332.7982,5651.25438762361,96549.28873714515
MEOHtex_reverse_num2,predict,61.64692086218053,0.0003200468072407,39332.7982,5642.337317965084,192618.45288716556
PMEACPE,predict,61.56071571853443,0.0002641219093211,28504.66440000001,7774.817955293095,233076.8995149639
SLNTtex_num3,predict,61.50340826834398,5.89554590041846e-05,40367.58979999997,5484.901894391487,1043218.2075620602
HXAtex_num4,predict,61.47645355592395,5.976557619251629e-05,41219.34330000004,5369.208121307601,1028626.4681511077
TRPtex_reverse_num1,predict,61.40160948635191,0.0001737718823445,38921.51909999999,5679.2694443127975,353346.05724431406
TRPtex_num1,predict,61.40160948635191,0.0001737721685361,38921.51909999999,5679.2694443127975,353345.47530605365
DAPtex_num4,predict,61.34414705903001,0.0003295584222411,40367.58979999997,5470.698907382085,186140.43192060053
GLYCtex_num2,predict,61.32362457292308,0.0004084831124543,39332.7982,5612.747085523224,150125.2382368287
LDH_D_num1,predict,61.31369408814574,5.573366359021488e-05,64611.55530000015,3416.2511286479453,1100119.5711618452
RIBabcpp_num2,predict,61.28002657050514,0.000216981129977,30950.10329999996,1637.350190618558,282420.99475194374
GLCRtex_reverse_num2,predict,61.21985475375874,0.0002315535488941,39332.7982,5603.249379636852,264387.4604649544
ACGAL1Ptex_reverse_num4,predict,61.13251841733793,9.621367197043704e-05,40367.58979999997,5451.825768959253,635382.8636342008
ACGAL1Ptex_num3,predict,61.07840933501625,9.647866086600516e-05,41219.34330000004,5334.4438800425605,633076.8771743763
DMStex_reverse_num3,predict,61.01297558514872,9.114513366644256e-05,41219.34330000004,5328.72905101657,669404.6421439637
UDPGALtex_num3,predict,60.94373081880092,7.979017280975368e-05,41219.34330000004,5322.681376820555,763799.9602295768
UDPGALtex_reverse_num3,predict,60.94373081880092,7.979017280975368e-05,41219.34330000004,5322.681376820555,763799.9602295768
PAPSR2_num3,predict,60.919061399199045,5.986053822087375e-05,27975.466900000018,5368.095468358921,1017683.1550431362
UACGAMtex_reverse_num2,predict,60.8455472764118,4.254654396554408e-05,39332.7982,5568.990263069626,1430093.765681344
ACGAM1Ptex_reverse_num2,predict,60.659560660936265,0.0004096038723185,39332.7982,5551.967527684582,148093.23046088923
URAtex_num3,predict,60.55831083305728,0.0001557295008453,41219.34330000004,5289.019706410655,388868.5862623758
URAtex_reverse_num3,predict,60.55831083305728,0.0001557295008453,41219.34330000004,5289.019706410655,388868.5862623758
MALTPTabcpp,predict,60.50374673726334,0.0001718877748005,32225.00920000001,1254.5793363820726,351995.6367315038
LALADGLUtex_num1,predict,60.46244102208955,0.0003637307753487,40367.58979999997,5392.067962391021,166228.5545239488
LALADGLUtex_reverse_num1,predict,60.46222527048084,0.0003637297769472,40367.58979999997,5392.048721564525,166228.4176399935
INSTtex_num2,predict,60.38690865760158,0.000327002747116,39332.7982,5527.012598034932,184667.89404732463
CBMKr_reverse_num2,predict,60.33220090738729,0.0010446440710391,33930.45289999998,6401.209082198674,57753.83461218067
ALLPI_reverse,predict,60.295662825114,0.0003508509230471,16073.134199999991,13504.795235916745,171855.50575570128
NMNtex_num3,predict,60.14915377840063,7.169600816759323e-05,41219.34330000004,5253.284896517071,838947.0392521545
MALt2_3pp_num1,predict,60.09104904883646,0.0001792471672691,47934.68860000006,4512.969269102772,335241.27585583006
TUNGStex_reverse_num1,predict,60.07709643698433,6.619004479734642e-05,40367.58979999997,5357.702757204091,907645.5019923607
TUNGStex_num1,predict,60.07709643698433,6.619011747128427e-05,40367.58979999997,5357.702757204091,907644.5054361476
MCOATA_reverse,predict,60.02888098284603,3.790664293460961e-05,8639.416499999992,5263.605431074986,1583597.9220422688
CBL1tonex,predict,60.01705144753812,1.1592752741704148e-05,68406.2387000002,1585.0264476255904,5177118.220733788
PSERtex_num4,predict,59.97163320487292,0.0001289064925451,40367.58979999997,5348.297498245553,465233.6125264667
PSERtex_reverse_num4,predict,59.97153443544069,0.0001289062802444,40367.58979999997,5348.2886899427085,465233.6125263842
GTHRDtex_reverse_num2,predict,59.96677723372958,0.0002328847273877,39332.7982,5488.559368283809,257495.5339767668
ACtex_reverse_num3,predict,59.96045682980327,2.788996194936768e-05,41219.34330000004,5236.804551112089,2149893.819814361
PROGLYtex_num1,predict,59.913699962092345,0.0004222846982444,38921.51909999999,5541.647007902435,141879.8744334726
PROGLYtex_reverse_num1,predict,59.91350261421504,0.0004222835391187,38921.51909999999,5541.628754443303,141879.79654441113
PROtex_num4,predict,59.86204990034996,0.0003688817251431,39332.7982,5478.974024310833,162279.79273608016
PROtex_reverse_num4,predict,59.86204990034996,0.0003688817251431,39332.7982,5478.974024310833,162279.79273608016
AMPTASEPG_num2,predict,59.74876340705061,0.0014827427436931,52914.774700000016,4064.943099254699,40296.109126950134
ACALD_num2,predict,59.67350016651881,6.192524492942402e-05,96126.08940000068,2234.820972540949,963637.6930689331
ACMANAtex_num2,predict,59.64945953568044,0.0006054542967079,39332.7982,5459.516336380299,98520.16883853776
FORtex_reverse_num4,predict,59.61932417717472,8.048748184676281e-05,40367.58979999997,5316.8784190783945,740727.909598188
GLUDy,predict,59.55564972449217,8.266064576881151e-05,48580.831000000064,4413.270308368573,720483.7219764737
ACGAtex_num4,predict,59.554505417311816,0.0004709647627777,40367.58979999997,5311.09785262242,126452.14700578805
LPLIPAL2ATE161,predict,59.5008457677303,0.0003364509424113,38977.781800000055,5495.516544859634,176848.50380057044
CRNDtex_num3,predict,59.440642503914006,0.0001154989939384,39332.7982,5440.404009041249,514642.08022120054
ACGAMK,predict,59.428194825953206,0.0002803499613029,33042.29690000002,6474.776920651402,211978.60898487832
CPGNtonex,predict,59.37737076598895,5.6374834687645207e-05,81231.66350000039,1433.2793198978084,1053260.2196526132
LIPOtex_num2,predict,59.326915863128605,4.956946955717982e-05,40367.58979999997,5290.801312771542,1196843.871703999
PEAMNtex_num4,predict,59.309477601218106,0.0001244649977187,40367.58979999997,5289.2461606510215,476515.3150547744
LYStex_reverse_num4,predict,59.29956401287414,0.0003448619979656,40367.58979999997,5288.362062338115,171951.57588453477
MMETtex_reverse_num3,predict,59.24623164469333,0.0001978421256234,41219.34330000004,5174.425811895354,299462.16690711654
DALAtex_num2,predict,59.17483366761474,0.0005273672211916,39332.7982,5416.075411675467,112208.02372568332
UDPG4E_reverse,predict,59.0501711752439,8.646124019236808e-05,37264.66520000002,5704.616292403398,682966.9692900871
3HPPtex_num2,predict,59.03333278505124,9.50244092552382e-05,39332.7982,5403.124307239968,621243.8808904991
DALAtex_reverse_num4,predict,59.0260576230308,0.0004261445065494,40367.58979999997,5263.970638220047,138511.83510724973
MAN6Ptex_reverse_num2,predict,58.83807375324499,0.0001626834180033,39332.7982,5385.252898474992,361672.22495934693
CYTBD2pp,predict,58.83279279787987,1.533285995312046e-05,42423.34200000002,2110.751051622533,3837039.7289063176
MANGLYCtex_reverse_num1,predict,58.82647888325045,0.000362068252006,38921.51909999999,5441.085776626372,162473.45233206367
MANGLYCtex_num1,predict,58.82647888325045,0.0003620688483102,38921.51909999999,5441.085776626372,162473.1847486953
GLYCLTtex_reverse_num3,predict,58.81488629818812,5.079355847513565e-05,41219.34330000004,5136.753129045534,1157920.1785395495
CRNtex_reverse_num1,predict,58.77576608687284,0.0001305519053557,38921.51909999999,5436.395156342762,450209.94467091974
CRNtex_num1,predict,58.77565315365321,0.0001305519053557,38921.51909999999,5436.38471071782,450209.0796263283
PUNP7,predict,58.76086077784501,8.770727188165528e-05,29834.296999999995,7090.46701520207,669965.6655280751
4HOXPACDtex_reverse_num1,predict,58.65358645871417,4.459985810697048e-05,38921.51909999999,5425.094295750935,1315107.0193550065
4HOXPACDtex_num1,predict,58.653489860020365,4.459990707577427e-05,38921.51909999999,5425.085360968693,1315103.409528844
GLYBtex_num1,predict,58.63480100622192,0.0005720417049993,38921.51909999999,5423.356757480696,102500.91993955873
GLYBtex_reverse_num1,predict,58.63470443846654,0.0005720417049993,38921.51909999999,5423.347825560067,102500.75112711983
ALAR_num1,predict,58.60043293314919,0.0022112088533961,38844.18080000002,5430.969432603841,26501.53685987071
PSCVT_reverse,predict,58.5852826283784,0.0001366738548893,46095.263000000064,4575.459683615689,428650.2541091709
D_LACtex_reverse_num3,predict,58.4498119498932,8.660137659851826e-05,41219.34330000004,5104.868398512679,674929.3630846657
PUNP5_num1,predict,58.38759490398528,6.852661802086403e-05,29834.296999999995,7045.426331123105,852042.557918271
GND,predict,58.260081015299136,7.679830905952662e-05,51480.65060000007,4074.080051643259,758611.5075807406
ACGALtex_num2,predict,58.2458180915394,0.000342090351491,39332.7982,5331.045710588214,170264.42820639382
URIH_num3,predict,58.18341891753788,0.0002152065389492,32560.414300000022,6432.974291212757,270360.8319785869
G3PStex_reverse_num1,predict,58.14850139196557,0.0003870889329124,38921.51909999999,5378.377048265727,150220.00488224972
G3PStex_num1,predict,58.14838966398794,0.0003870878703952,38921.51909999999,5378.366714118222,150220.1285837785
GLYC2Pabcpp,predict,58.07678430141556,0.0001289978142636,33263.45020000002,1368.8908326274252,450215.2585526667
XTSNtex_num4,predict,58.06135500894919,0.0001527833649313,40367.58979999997,5177.938020768761,380024.0624040245
G3PGtex_num1,predict,58.054805175149816,0.0003593269395979,38921.51909999999,5369.710727208984,161565.41237936477
G3PGtex_reverse_num1,predict,58.05470956261036,0.0003593269395979,38921.51909999999,5369.701883639926,161565.1462914963
ALCD19,predict,57.99402738644869,0.0001836116697231,39358.55440000008,5304.526595906044,315851.5331509592
TUNGStex_num3,predict,57.97616929510816,6.163580448209132e-05,38921.51909999999,5362.4373942380225,940624.8491808604
TUNGStex_reverse_num3,predict,57.97607381207696,6.16357368085957e-05,38921.51909999999,5362.428562647678,940624.3327976511
12PPDStex_reverse_num3,predict,57.85179292341827,8.292107663064657e-05,41219.34330000004,5052.638830476118,697672.9593262057
PPM_reverse_num1,predict,57.84028127796399,0.0001823221620658,44558.99000000009,4673.019128141593,317242.18615337316
ACGALtex_reverse_num2,predict,57.83529625553057,0.0003531181077965,39332.7982,5293.472014404256,163784.56663247847
ISETACtex_reverse_num2,predict,57.742817950983536,3.091569840211282e-05,39332.7982,5285.007783238283,1867750.7200366955
GSNtex_reverse_num4,predict,57.72209013491246,0.0001178580245686,40367.58979999997,5147.682225151946,489759.5250403587
LPLIPAL2ATG181,predict,57.66237290971148,0.00029122802166,38977.781800000055,5325.714622245667,197997.3375537007
OCBT_reverse_num1,predict,57.554260281408254,0.0002588911295392,36906.69700000006,5614.030890195061,222310.66929117663
FALDtex_num2,predict,57.481666704069006,7.690479633401188e-05,39332.7982,5261.105479514255,747439.2943505812
ALLabcpp,predict,57.30525462352131,0.0002590879064058,56744.25760000008,1876.3648268477907,221180.7390722675
ACGAptspp_num1,predict,57.18261578996683,0.0003429323564071,9119.2594,1453.7222384056693,166746.04983055175
ACGAptspp_num2,predict,57.18261578996683,0.0003429323564071,68346.06610000027,1459.708126299944,166746.04983055175
MANGLYCtex_num3,predict,57.18161125290188,0.0003668503077898,41219.34330000004,4994.106747703731,155871.78213754186
CRNtex_num3,predict,57.13220667920231,0.0001322756755155,41219.34330000004,4989.791869030774,431917.7086531498
NI2tex_reverse_num1,predict,57.03363513654704,1.5345659769859703e-05,38921.51909999999,5275.258808990561,3716597.135078309
NI2tex_num1,predict,57.03363513654704,1.534569346768058e-05,38921.51909999999,5275.258808990561,3716588.9737511724
GSNtex_num4,predict,57.02942406046591,6.210288861479975e-05,40367.58979999997,5085.909949909306,918305.4980614092
4HOXPACDtex_num3,predict,57.013553133563725,4.518829538955239e-05,41219.34330000004,4979.428948855409,1261688.511196759
UDPGALPpp,predict,57.00452401579597,6.6725113607631e-05,60823.23910000007,3373.9782605044666,854318.8753638429
GLYBtex_num3,predict,56.99508956805576,0.0005795947806788,41219.34330000004,4977.816384692392,98336.0987159084
INDOLEtex_reverse_num4,predict,56.97914999526993,9.331267990563596e-05,40367.58979999997,5081.426485932332,610626.0162379976
MCITD,predict,56.93743727006439,0.0002312140115268,53951.1183000001,3799.268312335084,246254.2684765658
HADPCOADH3,predict,56.93192059544597,2.6385119301212574e-05,51732.00010000003,3961.8594631450446,2157728.3750553126
GHBDHx,predict,56.918685881785535,6.612416238177799e-05,31157.82340000003,6576.430790554764,860784.9813379378
L_LACtex_reverse_num3,predict,56.91548313727653,0.0001292303036036,40367.58979999997,5075.748646608465,440419.01589783945
TARTRtex_reverse_num2,predict,56.88844665955977,0.0001843438172481,39332.7982,5206.81002488186,308599.6997826956
TARTRtex_num2,predict,56.88844665955977,0.000184344120851,39332.7982,5206.81002488186,308599.191538856
HIStex_num2,predict,56.83519225523584,0.000232802535091,39332.7982,5201.935826646806,244134.7652551102
FRUURt2rpp_reverse,predict,56.802580623660575,0.0004338626136376,47137.38670000007,4338.155009454052,130922.96694434025
FRUURt2rpp,predict,56.80248707345461,0.0004338616609127,47137.38670000007,4338.147864791076,130923.03881832091
MCITS,predict,56.797778578792176,7.17717760599666e-05,43101.66680000005,4743.946535349571,791366.4910749403
ALR2_num1,predict,56.76249288806053,0.0003330868573555,31109.242900000023,6568.625763535305,170413.4871568305
UGLT,predict,56.722744839036125,0.0002200129451041,39645.20790000008,5150.73302013204,257815.48813956167
3HPPtex_reverse_num4,predict,56.709356391562665,0.0001674144844482,38921.51909999999,5245.265028970199,338736.26035690604
IDOND,predict,56.57415479534183,0.0002288035392369,37146.21520000005,5482.845457246754,247260.83776512626
ARBabcpp,predict,56.534926585251945,0.0005118671142395,55017.58800000005,1631.225624886832,110448.4445523483
G3PStex_num3,predict,56.522482322074566,0.0003921999448883,41219.34330000004,4936.539985086765,144116.49735996872
PHETA1_num1,predict,56.51472543949235,0.0004165476311479,43537.29480000009,4673.074257755033,135674.10114361244
ILEtex_reverse_num2,predict,56.43211868944562,0.0002619078512976,39332.7982,5165.0438458254475,215465.54793931352
G3PGtex_num3,predict,56.4314216425847,0.0003640703907879,41219.34330000004,4928.586960610426,155001.40376826332
GBBTNtex_num1,predict,56.42505567966902,0.0002981284219885,38921.51909999999,5218.968969965217,189264.2617007699
GBBTNtex_reverse_num1,predict,56.42486982292888,0.0002981276036584,38921.51909999999,5218.951779365262,189264.15779862343
XYLabcpp,predict,56.4042125649317,0.0002169648114112,41030.36940000004,1524.05228899287,259969.40332426663
TUNGStex_num2,predict,56.3552785625955,6.244962608242962e-05,41219.34330000004,4921.936804008802,902411.785271701
TUNGStex_reverse_num2,predict,56.35518574906734,6.244955751539244e-05,41219.34330000004,4921.928697894667,902411.289866658
23CCMPtex_reverse_num1,predict,56.32125718097725,3.1219727748567626e-05,38921.51909999999,5209.368250262311,1804027.813265005
23CCMPtex_num1,predict,56.32125718097725,3.1219727748567626e-05,38921.51909999999,5209.368250262311,1804027.813265005
ACACt2pp_reverse,predict,56.28201894250604,0.0003622487782409,47527.18760000007,4263.144495278771,155368.4161912557
ACACt2pp,predict,56.28191080083424,0.0003622481816404,47527.18760000007,4263.136303966847,155368.37354425897
PNTOtex_num1,predict,56.27071153854885,6.571480034327465e-05,38921.51909999999,5204.69309068607,856286.7306087415
PNTOtex_reverse_num1,predict,56.27071153854885,6.571480034327465e-05,38921.51909999999,5204.69309068607,856286.7306087415
HXAtex_num1,predict,56.2599160150272,5.832533201720497e-05,40367.58979999997,5017.2848727792525,964588.0112338065
HXAtex_reverse_num1,predict,56.25982335855503,5.832552413383919e-05,40367.58979999997,5017.276609632965,964583.2453979495
ALAGLUE_reverse,predict,56.228838329755845,0.0006085964494653,34673.62850000006,5837.976201052067,92391.00618999226
ACGS,predict,56.11195310619672,0.0002301532726482,49194.605800000034,4106.20286304455,243802.54280357968
UACGAMtex_reverse_num1,predict,56.03751775358498,6.640514491967699e-05,38921.51909999999,5183.124106605233,843873.1339471875
UACGAMtex_num1,predict,56.03742546338848,6.640514491967699e-05,38921.51909999999,5183.115570332366,843871.7441422769
ILEtex_num1,predict,56.01395792468763,0.0004003115834968,38921.51909999999,5180.94496802093,139925.8983099983
ILEtex_reverse_num1,predict,56.01395792468763,0.0004003115834968,38921.51909999999,5180.94496802093,139925.8983099983
DOXRBCNtex_reverse_num2,predict,56.01020649049798,3.334240346624995e-05,40367.58979999997,4995.01566392237,1679849.1010761405
SLNTtex_num2,predict,56.00290421422535,5.470056470749085e-05,39332.7982,5125.7592746404525,1023808.5203269602
THMtex_num4,predict,55.92439192960813,0.0002428354463475,40367.58979999997,4987.362682391045,230297.4823929936
ACGAL1Ptex_num4,predict,55.89555547610814,9.41535932170609e-05,40367.58979999997,4984.79103436563,593663.5402458513
PSCLYStex_reverse_num1,predict,55.87322090287898,0.0001779039085554,40367.58979999997,4982.799226976996,314064.0436546667
PSCLYStex_num1,predict,55.87322090287898,0.0001779039085554,40367.58979999997,4982.799226976996,314064.0436546667
DAPtex_num2,predict,55.85777906650696,0.0003057732467158,39332.7982,5112.476453287909,182677.12975695287
DMStex_reverse_num4,predict,55.83565882945422,8.894869792142077e-05,40367.58979999997,4979.449424202069,627728.7934982552
UDPGALtex_reverse_num4,predict,55.772305205570426,7.786737144218784e-05,40367.58979999997,4973.799519238418,716247.4367967877
UDPGALtex_num4,predict,55.772305205570426,7.786728594712106e-05,40367.58979999997,4973.799519238418,716248.2232069174
OBTFL_num1,predict,55.762676729876624,0.0004273041062563,14284.00809999999,1570.2360812335826,130498.8084912757
OBTFL_num2,predict,55.762676729876624,0.0004273041062563,85356.24120000044,1767.745938377212,130498.8084912757
ASNtex_num1,predict,55.69018746859359,0.0003740850827274,38921.51909999999,5150.998201581936,148870.3774621659
ASNtex_reverse_num1,predict,55.69018746859359,0.0003740844666333,38921.51909999999,5150.998201581936,148870.62264251793
ACGAL1Ptex_reverse_num2,predict,55.66538320983007,8.926990064624858e-05,39332.7982,5094.867101405164,623562.7328680052
PFK_num1,predict,55.6427587729414,5.516946112031397e-05,34841.664300000004,5749.264152762904,1008578.9790767623
URAtex_num4,predict,55.419681592081865,0.0001519766966258,40367.58979999997,4942.35238516754,364659.074861571
URAtex_reverse_num4,predict,55.4195751073265,0.0001519765297619,40367.58979999997,4942.342888808674,364658.774576257
G3PStex_reverse_num3,predict,55.35932235907477,0.0003086523075538,41219.34330000004,4834.952343665043,179358.20016322183
AGDC,predict,55.26048763050032,0.0001346261449314,40948.62670000001,4858.227772258871,410473.6688305144
LALDO2x,predict,55.24823290176271,0.0002774234251467,38711.74710000004,5137.810957809898,199147.68506858332
DURIPP_reverse_num1,predict,55.07383754851724,0.000170433134511,47206.60120000011,4199.95954240954,323140.43690232484
LALADGLUtex_num4,predict,55.05494430001089,0.0003374794684643,39332.7982,5038.995661387732,163135.68511452965
NMNtex_num4,predict,55.0454396687954,6.996841542816996e-05,40367.58979999997,4908.977320406272,786718.3976076379
GLUDy_reverse,predict,55.03777973751423,0.0001238119913402,48580.831000000064,4078.4812234902065,444527.05381570134
INDOLEtex_num1,predict,55.028006185889176,5.239568248913603e-05,38921.51909999999,5089.750524901817,1050239.3245340195
INDOLEtex_reverse_num1,predict,55.02780982628711,5.2395567432730986e-05,38921.51909999999,5089.732362852036,1050237.8831364997
OCTAtex_reverse_num3,predict,54.96294380297169,8.732090746051203e-05,41219.34330000004,4800.333577626355,629436.2415762439
OCTAtex_num3,predict,54.96283819580368,8.732090746051203e-05,41219.34330000004,4800.324354145959,629435.0321617854
R5PPpp,predict,54.95211258183781,7.63314972381919e-05,26103.21480000001,7578.668252563896,719913.9879355455
F6PA_reverse_num2,predict,54.936442769284376,0.0002480918803463,23554.9463,8396.164077411791,221435.87566268243
FUM_reverse_num1,predict,54.93083348966037,0.0003011009196031,60297.86670000006,3279.5687705942864,182433.29698915617
ACtex_reverse_num4,predict,54.87264840565745,2.721786343034996e-05,40367.58979999997,4893.567717049258,2016052.7495508825
GBBTNtex_num3,predict,54.84715441856879,0.000302064824726,41219.34330000004,4790.220806522347,181574.11896045858
LALADGLUtex_reverse_num4,predict,54.83392269642367,0.0003467524291506,39332.7982,5018.7662902438815,158135.65554751584
LYXt2pp,predict,54.83344105572817,0.0005526892191863,37319.3743,5289.488141300949,99212.0691922615
TRPtex_num2,predict,54.76860871696234,8.49336000234345e-05,39332.7982,5012.788319267467,644840.307038096
3AMACHYD,predict,54.757139426339776,4.596567311707214e-05,28897.78400000002,6821.481603392946,1191261.5591830066
23CCMPtex_num3,predict,54.74643892572546,3.163197886881432e-05,41219.34330000004,4781.424553471998,1730730.7630917605
MSAR_num2,predict,54.7346888191296,0.0004486817844292,27248.61870000001,7231.371318975024,121989.99540122069
NACtex_num1,predict,54.70308724070688,3.0960197222970514e-05,38921.51909999999,5059.697530319283,1766884.3272135437
NACtex_reverse_num1,predict,54.70299714823182,3.0960197222970514e-05,38921.51909999999,5059.68919732207,1766881.4172684161
ADOCBLtonex,predict,54.69221715324243,9.67266422589984e-06,15526.81839999999,1444.39969269312,5654307.4251245875
SUCASPtpp_num2,predict,54.68268508386103,0.0003010714979785,47934.68860000006,4106.789301263959,181626.9073991388
ACALD_reverse_num2,predict,54.63062578878783,9.487522621291358e-05,96126.08940000068,2045.9612376537063,575815.4996773225
GUAD,predict,54.6238932084787,0.0001262530350228,50243.629500000025,3913.8497259741803,432654.0997498728
PSERtex_num2,predict,54.60822705258504,0.0001196031386369,39332.7982,4998.109119765249,456578.54530363716
PSERtex_reverse_num2,predict,54.60812212697863,0.0001196031386369,39332.7982,4998.0995162740055,456577.668022258
TAGURr_reverse,predict,54.48503354706956,0.0001606956581795,54807.609200000064,3578.8118407735656,339057.2848347202
ILEtex_num3,predict,54.44773217079063,0.0004055971835835,41219.34330000004,4755.336211648139,134240.9029809782
UDPACGALtex_reverse_num1,predict,54.34861537899189,6.460626002131997e-05,38921.51909999999,5026.911073580652,841228.3169008223
UDPACGALtex_num1,predict,54.34861537899189,6.460626002131997e-05,38921.51909999999,5026.911073580652,841228.3169008223
GTHOr,predict,54.34202196725305,0.0001354692435898,48771.94720000004,4011.143501814314,401139.18500792945
FORtex_reverse_num2,predict,54.28751526932489,7.46787566624494e-05,39332.7982,4968.75543854822,726947.2296480023
ACGAtex_num2,predict,54.22858261949967,0.0004369750859729,39332.7982,4963.361529416914,124099.94153044866
MMETtex_reverse_num4,predict,54.21893788172338,0.00019307458798,40367.58979999997,4835.269515501376,280818.6123765793
MMETtex_num4,predict,54.21884858661127,0.00019307458798,40367.58979999997,4835.261552122706,280818.14988634153
HOMtex_reverse_num3,predict,54.16647259565365,0.0007219425289099,41219.34330000004,4730.771665262143,75028.78750950236
MOBDtex_reverse_num1,predict,54.144353336062366,5.3621167012862274e-05,38921.51909999999,5008.018096853382,1009757.0857246467
MOBDtex_num1,predict,54.144353336062366,5.362122588669098e-05,38921.51909999999,5008.018096853382,1009755.9770542514
GLYCDx,predict,54.14044475582193,0.001055008175375,38711.74710000004,5034.79216831727,51317.55944599941
ASNtex_num3,predict,54.13301477299622,0.0003790237713419,41219.34330000004,4727.849538126587,142822.2155601035
TAURabcpp,predict,54.081300640614494,0.0001652415059948,28296.39950000001,2107.6659747764343,327286.4182339054
GLCNt2rpp_reverse_num3,predict,54.06577526000951,0.0006544837910255,45966.08530000004,4234.356475338875,82608.2723535364
GLNtex_reverse_num3,predict,54.056931051780765,0.0003360313708592,41219.34330000004,4721.204565779935,160868.7037569212
RIBabcpp_num1,predict,54.03427807924566,0.0001824889900342,35658.54090000001,1213.9550086189877,296096.0991077827
LIPOtex_num3,predict,54.02115349171666,4.599197466745285e-05,39332.7982,4944.376232306299,1174577.823246755
LYStex_reverse_num2,predict,53.99624778948384,0.000319973197827,39332.7982,4942.096696342896,168752.4085022834
LPLIPAL2ATG161,predict,53.89292301159593,0.0002976778622424,38977.781800000055,4977.567062108831,181044.4438347611
PFK_2,predict,53.89283425340938,6.90315193250493e-05,34841.664300000004,5568.4539533398165,780698.9441974142
FUM_reverse_num2,predict,53.837743641660005,0.0002735647385286,50488.33450000006,3838.824929152214,196800.74241743516
GLYCLTtex_reverse_num4,predict,53.824090596199845,4.956946955717982e-05,40367.58979999997,4800.056855173444,1085831.482100332
DALAtex_reverse_num2,predict,53.74721654963247,0.0003953895218997,39332.7982,4919.303696493094,135934.8530315043
VALtex_num1,predict,53.55510718338763,0.0003267891908615,38921.51909999999,4953.51646899608,163882.73749876075
VALtex_reverse_num1,predict,53.55510718338763,0.0003267891908615,38921.51909999999,4953.51646899608,163882.73749876075
GLTPD,predict,53.51100969897161,0.0002337509761792,37389.704000000034,5152.210750753673,228923.14964258624
D_LACtex_reverse_num4,predict,53.49028864468646,8.451434453074417e-05,40367.58979999997,4770.288245469423,632913.725376265
INDOLEtex_num3,predict,53.48915810225866,5.308738357591328e-05,41219.34330000004,4671.616618601757,1007568.1734393795
ACtex_reverse_num2,predict,53.44622986167565,3.156872832764308e-05,39332.7982,4891.755387544035,1693011.8092490784
LDH_D_reverse_num2,predict,53.443691937427495,0.0008074922217271,36534.37890000004,5266.198489410717,66184.7761494467
MALS_num2,predict,53.41820202028605,9.835791085633326e-05,80487.5899000002,2389.256871922181,543100.2097870042
PEAMNtex_num2,predict,53.37430516817225,0.0002567985862449,39332.7982,4885.172359931923,207845.01172164167
CSNt2pp,predict,53.25623420369977,0.0001145621151174,43649.06769999997,4392.360552830761,464867.76321408077
NO3R2pp_num1,predict,53.18793757983482,2.094087642515636e-05,26160.283199999994,762.9758667975178,2539909.815614973
TRPtex_reverse_num3,predict,53.12898816160223,0.0002217145532193,41219.34330000004,4640.160227437875,239627.87913634084
LPLIPAL2ATE181,predict,53.0522477104918,0.0003295126524889,38977.781800000055,4899.9220309086495,161002.1566995183
ARBTtex_num3,predict,53.03040877666615,0.0002674633091589,38921.51909999999,4904.985108764631,198271.71414065163
GALCTtex_reverse_num2,predict,53.00473769279017,8.213574195558485e-05,39332.7982,4851.347079955391,645330.9659204473
12PPDStex_reverse_num4,predict,52.94263427482955,8.092273719518e-05,40367.58979999997,4721.4481799303885,654236.8203282052
ACMUMtex_num1,predict,52.909278857876565,0.0003005339856226,38921.51909999999,4893.781339802733,176050.9006935348
XTSNtex_reverse_num2,predict,52.86887666218748,0.000141756940864,39332.7982,4838.912172383275,372954.41295470163
5DGLCNR_reverse,predict,52.8381637815224,0.0003014002578615,27562.390300000006,6901.338655431513,175308.95347077865
MDH3,predict,52.73911066016659,4.20905045345298e-05,60228.898700000136,3152.320604802944,1252993.0739343117
CGLYtex_num1,predict,52.64375450052964,0.0006032128848688,38921.51909999999,4869.22197756425,87272.26460353174
CGLYtex_reverse_num1,predict,52.64375450052964,0.0006032138783234,38921.51909999999,4869.22197756425,87272.12087170487
GSNtex_reverse_num2,predict,52.559952545991855,0.0001093521734295,39332.7982,4810.637377067434,480648.44892980176
HYD2pp_num1,predict,52.538114368585816,2.1716226504955613e-05,27596.99260000001,1405.9053168432968,2419302.191225381
PSCVT,predict,52.48126807983051,0.0001442465847277,46095.263000000064,4098.741449579961,363830.2298726967
PTHRpp,predict,52.43657226887453,0.0005177398178061,26103.21480000001,7231.739906915536,101279.77502497727
MANGLYCtex_num4,predict,52.3294230939876,0.0003580094742314,40367.58979999997,4666.761728200961,146167.7046573477
CRNtex_num4,predict,52.28421078214019,0.0001290882085394,40367.58979999997,4662.7296736875,405027.00729774346
4HOXPACDtex_num4,predict,52.175897783689344,4.409933777593536e-05,40367.58979999997,4653.070271271974,1183144.7004667108
GLYBtex_num4,predict,52.158814747679656,0.0005656269554421,40367.58979999997,4651.5467983586905,92214.16031509987
ACACT5r_reverse_num1,predict,52.11044556437543,8.400404400982853e-05,46529.971200000095,4031.758438564242,620332.5825394605
SUCMALtpp_num1,predict,52.02410808031767,0.0002363432822077,45750.16070000011,4093.6859286079657,220120.95116204125
GSNtex_num2,predict,51.9292322114018,5.762084011515933e-05,39332.7982,4752.909645799025,901223.1010102865
INDOLEtex_reverse_num2,predict,51.883454200335,8.657798892445633e-05,39332.7982,4748.719736934608,599268.4150426033
G3PStex_num4,predict,51.72622503889607,0.0003827482029633,40367.58979999997,4612.968251575573,135144.26622626328
G3PGtex_num4,predict,51.642877205671006,0.0003552969413687,40367.58979999997,4605.535253938191,145351.31376793917
GALCTD,predict,51.62606788282054,0.0005389557103139,56400.93740000008,3295.226160162255,95789.07300704237
ARBTtex_num2,predict,51.547791018843554,0.000270994818484,41219.34330000004,4502.062206989033,190216.88793613232
ACMUMtex_num3,predict,51.42986411488085,0.0003045019835716,41219.34330000004,4491.762749979835,168898.28930387815
SKMtex_num3,predict,51.297406148085855,8.346126198168849e-05,41219.34330000004,4480.1941842947535,614625.3355160215
SKMtex_reverse_num3,predict,51.297406148085855,8.346126198168849e-05,41219.34330000004,4480.1941842947535,614625.3355160215
HXAtex_num3,predict,51.22835914951427,5.411585541063218e-05,39332.7982,4688.761069082834,946642.3243390032
CGLYtex_num3,predict,51.171764176414,0.0006111775359257,41219.34330000004,4469.2209115105,83726.51344082593
23CUMPtex_reverse_num1,predict,51.12863270273775,4.773310176657265e-05,38921.51909999999,4729.082574011248,1071135.76973837
23CUMPtex_num1,predict,51.12863270273775,4.773310176657265e-05,38921.51909999999,4729.082574011248,1071135.76973837
ACACT3r_reverse_num1,predict,51.088061686083314,4.996079946517344e-05,46529.971200000095,3952.6571224247728,1022562.9339997985
ISETACtex_reverse_num1,predict,51.06477456255624,2.7817085078616845e-05,38921.51909999999,4723.176090657841,1835734.205012373
ISETACtex_num1,predict,51.064676445427615,2.7816993452783416e-05,38921.51909999999,4723.167015429761,1835736.7244632253
DXYLK,predict,51.05461343270594,0.0001370483218762,52617.64420000009,3493.0603821624736,372530.01520752045
FHL_num2,predict,51.04598156497533,0.0005876123175156,20309.166400000016,589.6743654201097,86870.16940147812
DOXRBCNtex_reverse_num3,predict,51.00098218005309,3.093603763104309e-05,39332.7982,4667.950012470537,1648594.5222951123
BUTSO3abcpp_num2,predict,50.93423554101543,6.104227386051681e-05,29811.538600000003,1985.0179993716035,834409.210531729
ACGAL1Ptex_num2,predict,50.89685032155168,8.735849843208257e-05,39332.7982,4658.419170329613,582620.4803774388
LEUtex_num1,predict,50.89577459266354,0.0002848230034825,38921.51909999999,4707.5446377833905,178692.64058859862
LEUtex_reverse_num1,predict,50.89560694865081,0.0002848230034825,38921.51909999999,4707.529131748174,178692.05199845426
DMStex_reverse_num2,predict,50.84232415085986,8.252915147268012e-05,39332.7982,4653.428571555215,616052.9127418734
IDOND2,predict,50.79017060918775,0.0002189071913346,37146.21520000005,4922.294592022814,232016.91227929963
UDPGALtex_reverse_num2,predict,50.78462224691826,7.224757914060672e-05,39332.7982,4648.1473084949685,702924.8986749065
UDPGALtex_num2,predict,50.78462224691826,7.224757914060672e-05,39332.7982,4648.1473084949685,702924.8986749065
ECOAH8_num2,predict,50.68102952366033,4.819680034369893e-05,77071.2984000004,2367.310660036528,1051543.4460845112
G3PStex_reverse_num4,predict,50.66175197368128,0.0003012140047351,40367.58979999997,4518.038059959991,168191.88741982734
FCI,predict,50.546837164236585,0.0065156741962971,64975.98010000015,2800.5520426347716,7757.7293832405985
OROTtex_reverse_num1,predict,50.53750043584377,5.2495992626122816e-05,40367.58979999997,4506.957251360042,962692.5391386071
OROTtex_num1,predict,50.53740333183278,5.249593498775244e-05,40367.58979999997,4506.948591580222,962691.7463918568
GLCNt2rpp_num3,predict,50.48974779138396,0.0005570390103386,45966.08530000004,3954.2869675043244,90639.51869491764
URAtex_num2,predict,50.46353354634629,0.0001410083352455,39332.7982,4618.759129291917,357876.24510627455
URAtex_reverse_num2,predict,50.46345043614416,0.0001410083352455,39332.7982,4618.751522491959,357875.6557070593
3HPPtex_reverse_num3,predict,50.4462080297782,0.0001655370444544,40367.58979999997,4498.815753107005,304742.7130044868
OCTAtex_num4,predict,50.29910516033463,8.521653520668414e-05,40367.58979999997,4485.697052371574,590250.5310540872
OCTAtex_reverse_num4,predict,50.29900851438225,8.521653520668414e-05,40367.58979999997,4485.688433441627,590249.3969320281
MALS_num1,predict,50.25528837156924,0.0001177792443754,60272.85360000017,3001.667041323704,426690.5314096737
ICDHyr,predict,50.23848941722967,6.348769391087473e-05,45756.18410000003,3952.6583227910983,791310.6670365984
FCLPA_reverse_num1,predict,50.19578634390132,0.0002585658659305,23222.205500000004,7781.553342900386,194131.52684814733
GBBTNtex_num4,predict,50.19322366078113,0.0002947852755951,40367.58979999997,4476.2544921325025,170270.45723180432
PSP_Lpp,predict,50.13953386710985,0.0003624964522813,26103.21480000001,6914.946044178259,138317.3091807287
NMNtex_num2,predict,50.12231958852722,6.491855878673547e-05,39332.7982,4587.528952331136,772079.980290143
23CCMPtex_num4,predict,50.10088912610088,3.086967049844718e-05,40367.58979999997,4468.0200563761,1622981.0139574078
FORt2pp_num1,predict,49.92832223130521,0.0001203651060239,30990.39579999998,5799.924634479785,414807.27995529963
PPPNtex_reverse_num1,predict,49.89001830580507,4.747000288554335e-05,38921.51909999999,4614.518396351552,1050979.8877850652
PPPNtex_num1,predict,49.88984028038092,4.747000288554335e-05,38921.51909999999,4614.501930099932,1050976.1375130338
ILEtex_num4,predict,49.82761141793611,0.0003958230122562,40367.58979999997,4443.649026194032,125883.56380271478
RMI_reverse,predict,49.7085437991235,0.0018152388699328,47198.875100000085,3791.4199712959744,27384.023459658347
TSULabcpp_num2,predict,49.7010262619158,6.601969873613996e-05,36658.827500000014,1273.0625359888923,752821.1611591143
23CUMPtex_num3,predict,49.69900722602644,4.8363515344669503e-05,41219.34330000004,4340.593801107331,1027613.6230346236
PGLYCP,predict,49.67845319853313,7.654055068115093e-05,27388.82999999999,6529.757989469405,649047.5017024808
MALDtex_reverse_num3,predict,49.63972781198968,0.0002041051817682,38921.51909999999,4591.368072351598,243206.60250735315
ISETACtex_num3,predict,49.63683927186491,2.818421921811542e-05,41219.34330000004,4335.164198957859,1761157.1527928226
RPI_reverse_num2,predict,49.61159895026761,0.0002183506463766,16073.134199999991,11111.818889744822,227210.68049736877
HOMtex_reverse_num4,predict,49.57021790935913,0.0007045442233851,40367.58979999997,4420.694556148433,70357.85159260943
SUCOAS,predict,49.54857468464529,1.6322141471135168e-05,29777.13499999998,2506.3460780597925,3035666.2924573524
ASNtex_num4,predict,49.53968071338039,0.0003698905812114,40367.58979999997,4417.971235136003,133930.6357873099
UGLT_reverse,predict,49.53906880158735,0.0001926327816641,39645.20790000008,4498.416255895434,257168.42363814393
GALKr_reverse_num2,predict,49.50341420030431,8.021637266524051e-05,41441.64150000006,4300.319308565402,617123.5691109131
LEUtex_num3,predict,49.47249718607388,0.0002885829331342,41219.34330000004,4320.810949694723,171432.51213358357
GLNtex_reverse_num4,predict,49.46987637674324,0.0003279332519342,40367.58979999997,4411.746052678027,150853.49254753036
MMETtex_reverse_num2,predict,49.37000898875935,0.0001791403335234,39332.7982,4518.672469113415,275594.04416488064
GALCTNLt2pp,predict,49.33421877089652,0.0004699791694796,49439.95240000006,3592.3009419245973,104971.07526174717
MALTptspp,predict,49.30227064498456,0.0002343960530975,9119.2594,1202.84057306102,210337.4608636292
CHTBSptspp,predict,49.18628099316508,0.0001411410794984,63561.09830000026,2785.8331009266644,348490.18562113703
DHDPRy,predict,49.17337561644821,6.53530191187499e-05,28756.2878,6156.015458268351,752426.9923490081
UDPG4E,predict,49.10927694437834,9.873303565599278e-05,37264.66520000002,4744.263662397319,497394.58143964765
LPLIPAL2E140,predict,49.08334830534416,0.0003628687789045,38977.781800000055,4533.353252524974,135264.73248408604
UDPGtex_num1,predict,49.04370021164529,7.428556753039392e-05,38921.51909999999,4536.239202491022,660204.9609647132
UDPGtex_reverse_num1,predict,49.04361943981757,7.428564909288167e-05,38921.51909999999,4536.23173159609,660203.1487736857
GLYCLTtex_reverse_num2,predict,49.01055455468254,4.5992025164743176e-05,39332.7982,4485.772802120576,1065631.5824129728
INDOLEtex_num4,predict,48.950282365828855,5.180801509161312e-05,40367.58979999997,4365.408422699143,944839.9495574018
L_LACD3_num1,predict,48.934430051854,3.844123947641774e-05,42727.70680000005,4122.944135786716,1272967.019751625
MDDCP1pp_num2,predict,48.86625651296493,0.000788001081437,51797.71050000005,3396.260602033242,62012.930773968415
TYRTA_num2,predict,48.80728712146517,0.0003129901032126,43572.83760000009,4032.471679954905,155938.7553168497
LCTStex_reverse_num3,predict,48.78708849127135,0.0004651149927185,41219.34330000004,4260.948974618349,104892.53035280804
D_LACtex_reverse_num2,predict,48.70651122093325,7.841491739095592e-05,39332.7982,4457.944728563953,621138.3349177751
TRPtex_reverse_num4,predict,48.62084850045499,0.0002163713889345,40367.58979999997,4336.029360901752,224710.1557182937
GLCNt2rpp_reverse_num4,predict,48.6150300301268,0.0006543663111572,46040.72780000005,3801.2889124757994,74293.29597386302
ACACT8r_num2,predict,48.52260185607052,5.003490844457148e-05,40875.8029,4273.466312311969,969774.9704053863
23CUMPtex_reverse_num3,predict,48.30247434042594,0.0001258518129382,41219.34330000004,4218.623920326581,383804.3585764239
PUNP2,predict,48.268809427421566,0.0001197054143686,25949.64089999999,6696.343683843335,403229.9598311485
MALDtex_reverse_num2,predict,48.25182683488995,0.000206800128432,41219.34330000004,4214.2004869253615,233325.9036188467
A5PISO_reverse_num2,predict,48.212426936253785,0.0003241316537877,34031.0703,5100.184491420877,148743.346639733
12PPDStex_reverse_num2,predict,48.20800704747321,7.508251749975682e-05,39332.7982,4412.318302106041,642067.0037819303
PEAMNtex_reverse_num1,predict,48.201735206245246,0.0001482602743209,38921.51909999999,4458.362642440719,325115.6483220558
PEAMNtex_num1,predict,48.201735206245246,0.0001482602743209,38921.51909999999,4458.362642440719,325115.6483220558
XAND,predict,48.17407739129891,7.988703648486351e-05,81319.90470000042,1336.128419458042,603027.4686735516
DDGLCNtex_num4,predict,48.09138393697959,0.0002325469402628,38921.51909999999,4448.155831952781,206802.9099098521
ALAGLUE,predict,48.09096152022609,0.000327501468068,34673.62850000006,4993.058672034097,146841.97235488676
DURIPP_num2,predict,48.02327760577102,9.19865088276318e-05,25949.64089999999,6662.280994446276,522068.7057029098
PYDXNtex_num1,predict,47.72368218784722,0.0002057878921926,40367.58979999997,4256.019661502062,231907.14322095248
PYDXNtex_reverse_num1,predict,47.72351189268495,0.0002057874403001,40367.58979999997,4256.004474502115,231906.8249407724
MANGLYCtex_num2,predict,47.649634965454,0.0003321718165468,39332.7982,4361.2123654002935,143448.7593222425
LALALGLUtex_num3,predict,47.63847960633774,0.0001736192186453,38921.51909999999,4406.264980104949,274384.8289264683
PHETA1_num2,predict,47.62246387570245,0.0004114117087887,43572.83760000009,3934.5812528061856,115753.78837883592
CRNtex_num2,predict,47.60846596285285,0.0001197716084407,39332.7982,4357.444303727932,397493.75150475855
ASPK_reverse_num1,predict,47.58408727098303,0.0004527388755337,89119.2202000006,1922.1747429017312,105102.7200058526
ASO3tex_num1,predict,47.58232402357674,5.70791314430586e-05,38921.51909999999,4401.070935714744,833620.3235861121
ASO3tex_reverse_num1,predict,47.58207586807568,5.707888076162287e-05,38921.51909999999,4401.04798286438,833619.6371262347
ASCBtex_reverse_num3,predict,47.54565023651343,0.0001345861672163,41219.34330000004,4152.524692246812,353272.93450671266
4HOXPACDtex_num2,predict,47.50959155177636,4.0916584685419e-05,39332.7982,4348.394658237026,1161132.8735535163
GLYBtex_num2,predict,47.49420579860609,0.0005248049018542,39332.7982,4346.986451499957,90498.78465464641
GAMAN6Ptex_reverse_num3,predict,47.344533551622135,0.0001307024279454,41219.34330000004,4134.959636434566,362231.47722550324
PYDAMtex_num1,predict,47.32036794426036,0.0001423457913626,40367.58979999997,4220.05191400695,332432.50461631373
PYDAMtex_reverse_num1,predict,47.32012115493557,0.0001423454006389,40367.58979999997,4220.029905222832,332431.6833739971
UDPGPpp,predict,47.30828976645355,6.299580614379172e-05,60823.23910000007,2800.078484462571,750975.2261677472
23CAMPtex_reverse_num3,predict,47.252782814095816,2.2649005294631476e-05,41219.34330000004,4126.946343920642,2086307.1997822442
FBP_num2,predict,47.184698429898745,2.01242856983178e-05,36833.49170000005,4611.697303398344,2344664.508208753
NADPHQR4,predict,47.18245783798801,1.9580245914236523e-05,21890.6384,7759.33735293699,2409696.897814869
ARBTtex_num1,predict,47.17357422610241,0.0002644640345798,40367.58979999997,4206.9607835236375,178374.25153501597
ASNNpp,predict,47.1538963798328,0.0007979792634126,36850.245900000045,4606.591430300276,59091.63125138955
G3PStex_num2,predict,47.10038054150669,0.0003551251433535,39332.7982,4310.940937566555,132630.3738922306
ACMUMtex_num4,predict,47.06574473795212,0.0002971637006323,40367.58979999997,4197.344500776407,158383.2232463333
G3PGtex_num2,predict,47.02449936148523,0.0003296550480439,39332.7982,4303.9957859226715,142647.59372112816
SERtex_num2,predict,47.01480665316778,0.0002255268686117,39332.7982,4303.108644617204,208466.54300031692
HPYRI_reverse,predict,47.00281936942575,0.0001690483331401,29377.10860000001,5759.932062542488,278043.6724594725
DRPA,predict,46.96691452910786,0.0002608944290575,27733.4812,6096.634284223514,180022.6808168317
TUNGStex_num4,predict,46.960713921831314,5.65461784328615e-05,39332.7982,4298.157717103198,830484.3089898424
TUNGStex_reverse_num4,predict,46.96063658054838,5.654611634755913e-05,39332.7982,4298.150638313197,830483.8530714671
SKMtex_reverse_num4,predict,46.94460390521263,8.144990446043106e-05,40367.58979999997,4186.541106270496,576361.6816520473
SKMtex_num4,predict,46.94451370468245,8.144990446043106e-05,40367.58979999997,4186.53306214623,576360.5742163692
PYDAMtex_num4,predict,46.888596986469445,0.0001633805413514,38921.51909999999,4336.905471690339,286990.0944055579
PYDAMtex_reverse_num4,predict,46.888596986469445,0.0001633807207365,38921.51909999999,4336.905471690339,286989.77930260974
GLCNt2rpp_reverse_num2,predict,46.88438854502969,0.0005782205786787,46415.41200000004,3636.3740294302834,81083.91550533513
ICL,predict,46.85757664759971,0.0004396341701598,47520.998600000086,3549.741817322809,106583.10893024472
CGLYtex_num4,predict,46.82979029257959,0.0005964502257643,40367.58979999997,4176.301976128549,78514.16307634255
DDGLCNtex_num2,predict,46.74659420883393,0.000235617035755,41219.34330000004,4082.737027782827,198400.73982359286
MALt2_3pp_num2,predict,46.69642451424488,0.0001768853518238,45750.16070000011,3674.459841870701,263992.60330363805
DAPAL,predict,46.69396358457933,0.0002569809342785,43327.0851,3879.7502420601472,181702.05395072346
MALTTTRabcpp,predict,46.6923999362411,0.0001857988273877,32225.00920000001,968.1932654596674,251306.21432184652
BALAtex_reverse_num3,predict,46.69141307039086,0.0004815945466334,41219.34330000004,4077.9176376011537,96951.70636127106
TYRtex_reverse_num1,predict,46.55197524204905,0.0001418799523225,38921.51909999999,4305.770040496097,328108.1962604143
TYRtex_num1,predict,46.55188579592535,0.0001418799523225,38921.51909999999,4305.76176728239,328107.5658251609
HOMtex_reverse_num2,predict,46.53354019602975,0.0002822938879279,39332.7982,4259.059928914671,164840.76413271393
BUTCT,predict,46.53248005161944,6.145868712451814e-05,22959.42120000001,3603.6492149087194,757134.2999459537
3HAD120_num2,predict,46.400126550401325,0.0001108644164298,18968.838600000003,8806.045488807351,418530.3819263069
ASPK_num2,predict,46.34069862588811,0.0002465997142233,88886.59570000051,1876.8467139438012,187918.70368481395
AACPS5,predict,46.31019330276408,2.159240387449572e-05,80699.04430000036,1866.1245604306405,2144744.6783571998
LALALGLUtex_num2,predict,46.30653248842441,0.0001759116373386,41219.34330000004,4044.3030774419867,263237.45938020124
AACPS6,predict,46.302287323092166,2.151405066501465e-05,80699.04430000036,1865.805979535425,2152188.2626402485
UDCPDPpp_num3,predict,46.27580831340459,0.0001761468502278,22398.3829,7437.720422587138,262711.52878157573
ASO3tex_num3,predict,46.251705769354366,5.783259753730764e-05,41219.34330000004,4039.5146414104947,799751.4851294294
OCBT_reverse_num2,predict,46.23883421307513,0.0002035727460551,36826.74470000008,4520.079212080619,227136.66298218476
LALGP,predict,46.21157966927692,0.001082766800747,52914.774700000016,3143.9553083724436,42679.1619741163
AMANAPEr_reverse,predict,46.13996725292624,0.0003035216366146,24073.392,6899.895208391674,152015.41401647415
G3PStex_reverse_num2,predict,46.13102667297471,0.000279475294158,39332.7982,4222.219206939337,165062.98637937836
TSULabcpp_num1,predict,46.05824953288574,4.051847963064952e-05,32537.19020000001,1171.7905641040752,1136722.0575089336
AACPS4,predict,45.94333367006544,2.226664675986073e-05,80699.04430000036,1851.341513287354,2063325.213066469
GTHRDtex_num1,predict,45.855506692369765,0.0002025790873388,38921.51909999999,4241.351003500045,226358.54122335685
GTHRDtex_reverse_num1,predict,45.85543117129223,0.0002025788649156,38921.51909999999,4241.344018267058,226358.4169572521
G3PGtex_reverse_num3,predict,45.84032945551762,0.0002651927048984,41219.34330000004,4003.5860066665173,172856.67595222825
AMPTASECG_num1,predict,45.811046308868136,0.0008708833807526,52914.774700000016,3116.7054503574263,52602.96306180415
OCTAtex_reverse_num2,predict,45.80064825131545,7.906643074235513e-05,39332.7982,4191.9807705096255,579267.9373697905
CBItonex,predict,45.75519862153103,8.432581373405904e-06,26287.070799999983,1208.3765893578152,5426001.433657152
ACNAMtex_reverse_num3,predict,45.72491556004242,0.0001253742729162,40367.58979999997,4077.7687454640363,364707.323890962
GBBTNtex_num2,predict,45.70432398940248,0.0002735097776892,39332.7982,4183.164531677,167103.07169105345
23CCMPtex_num2,predict,45.620397419930256,2.864179655491734e-05,39332.7982,4175.483012336227,1592791.0573786253
PYDAMtex_reverse_num3,predict,45.57769126020405,0.0001655379532206,41219.34330000004,3980.6478075727723,275330.7647791566
PYDAMtex_num3,predict,45.57754113326099,0.0001655379532206,41219.34330000004,3980.63469584047,275329.8578756935
23CUMPtex_num4,predict,45.48176099794498,4.7197988751454405e-05,40367.58979999997,4056.084111135167,963637.6930689332
NACtex_reverse_num3,predict,45.45182109939721,1.2895575576432237e-05,41219.34330000004,3969.6546052889157,3524605.8487272398
NACtex_num3,predict,45.45182109939721,1.2895575576432237e-05,41219.34330000004,3969.6546052889157,3524605.8487272398
ADEtex_reverse_num1,predict,45.44741726740472,4.944803264888208e-05,38921.51909999999,4203.605253492201,919094.5490210963
ADEtex_num1,predict,45.44741726740472,4.944803264888208e-05,38921.51909999999,4203.605253492201,919094.5490210963
ISETACtex_num4,predict,45.4248683517791,2.750502962185297e-05,40367.58979999997,4051.0103991000433,1651511.3408817663
GLCNt2rpp_num4,predict,45.399439424174425,0.0005569390218125,46040.72780000005,3549.856610368956,81515.99662818863
THRabcpp,predict,45.37340200126197,0.0003991292516521,39075.92450000002,943.8424812844379,113680.97380347252
ILEtex_num2,predict,45.371396867216,0.000367255936267,39332.7982,4152.692821177865,123541.6296558659
LEUtex_num4,predict,45.27445920856119,0.0002816285972937,40367.58979999997,4037.5968433671605,160759.45285253166
MI1PP,predict,45.21551733440481,0.0001993578147647,29171.7701,5579.910366970063,226805.84349187525
CMtex_reverse_num4,predict,45.21528152248116,8.61261210108218e-05,38921.51909999999,4182.1341315769,524989.1785652327
FECRMtonex,predict,45.20692960915751,3.6002138364188723e-05,26093.9289,1084.3224609060594,1255673.4589444492
CITtex_reverse_num3,predict,45.20517999812638,0.000111486646643,41219.34330000004,3948.11355457123,405476.1835548017
HXCT,predict,45.16954486509799,6.572057276474178e-05,22959.42120000001,3498.0984187888694,687296.8838356024
ASNtex_num2,predict,45.109228946078304,0.0003431945182208,39332.7982,4128.697464648775,131439.2466987381
MALTTRabcpp,predict,45.10359548278333,0.0003294352382894,40989.96800000002,935.2485084098977,136911.87292830233
SDPDS,predict,45.08478110137006,0.0007910333429489,41268.53570000004,3932.9045533576336,56994.79232227825
FCLPA_reverse_num2,predict,45.0666054496026,0.00041743767269,23775.04630000003,6823.952204819434,107960.08218230515
GLNtex_reverse_num2,predict,45.04582811732768,0.0003042662047839,39332.7982,4122.894597984124,148047.4249492175
ACMANAtex_reverse_num3,predict,45.02402222786655,0.0003330431572293,41219.34330000004,3932.2916631793946,135189.75319125847
PACCOAE,predict,44.950289330667154,4.72243732239182e-05,18323.894000000004,1677.5506916376285,951845.1228041017
LDH_D2,predict,44.89287850908828,7.51679713009997e-05,64611.55530000015,2501.3228962268518,597234.1375201013
CRNabcpp,predict,44.88000321236502,0.0001223292673065,36022.10150000005,1371.5029118923173,366878.7053217338
3HAD60_num1,predict,44.84832969185322,9.300235340981894e-05,18968.838600000003,8511.53780657249,482227.90120403835
PROabcpp,predict,44.83380577556179,0.0002594121177692,36022.10150000005,1370.091149090123,172828.49452488034
METDtex_reverse_num1,predict,44.802410813514726,0.0003244059776472,38921.51909999999,4143.94614234502,138105.9964999736
METDtex_num1,predict,44.802410813514726,0.0003244059776472,38921.51909999999,4143.94614234502,138105.9964999736
LCTStex_reverse_num4,predict,44.6474566551062,0.0004539072955179,40367.58979999997,3981.68047076178,98362.50066032594
ASAD,predict,44.62687256555921,0.0001380154245374,40017.42440000003,4014.669700632033,323346.99338961224
LPLIPAL2ATE120,predict,44.62616209386879,6.861613603589766e-05,38977.781800000055,4121.686153467241,650374.1637465841
GTHRDtex_num3,predict,44.57325151612318,0.0002052535458467,41219.34330000004,3892.9224148518465,217161.9073972739
INDOLEtex_num2,predict,44.57261530633186,4.806906693337793e-05,39332.7982,4079.583005685945,927261.9201888809
PERD_reverse,predict,44.52447324542318,8.197915577505533e-05,41367.13700000006,3874.769087440671,543119.4408441458
CRNDabcpp,predict,44.48858094754726,0.0001052528739133,36022.10150000005,1359.5413090056863,422682.8141927399
SERtex_num3,predict,44.48458791726508,0.000140423244415,41219.34330000004,3885.178745731113,316789.3471097812
MINCYCtex_reverse_num1,predict,44.371113689846496,1.2213419990672514e-05,41219.34330000004,3875.2681749650105,3632980.2564501236
MINCYCtex_num1,predict,44.37102843408445,1.2213419990672514e-05,41219.34330000004,3875.2607289283014,3632973.2759514498
GLCNt2rpp_num1,predict,44.3345661721654,0.0005685012405311,47137.38670000007,3385.941593147233,77984.99459868824
GLCNt2rpp_reverse_num1,predict,44.3345661721654,0.0005685021768177,47137.38670000007,3385.941593147233,77984.86616240704
AMANAPEr,predict,44.26633636851134,0.0001290038338575,24073.392,6619.707390077842,343139.6962776219
3HAD180_num1,predict,44.25300911646754,0.0001305683188776,18968.838600000003,8398.554923614727,338926.0848027927
23CUMPtex_reverse_num4,predict,44.20387755098061,0.0001228188730508,40367.58979999997,3942.1218847088635,359911.1150669582
ADEtex_num3,predict,44.17657347476891,5.01007653567268e-05,41219.34330000004,3858.2774924793116,881754.46343431
GLUN_num2,predict,43.992412703443314,0.0002279290962187,32902.94120000001,4813.329141906496,193009.20081406456
FRD3,predict,43.867597049537366,3.547484927661738e-05,65970.88030000016,1302.8334494414828,1236583.0424669886
DINStex_reverse_num2,predict,43.83764878076394,3.323505728940904e-05,39332.7982,4012.313967805886,1319018.3004358357
DOPAtex_reverse_num1,predict,43.78504812780068,4.432851840563632e-05,38921.51909999999,4049.846380741148,987739.940395424
DOPAtex_num1,predict,43.78497601663556,4.4328372393304974e-05,38921.51909999999,4049.8397109039884,987741.5671424137
GLCNt2rpp_num2,predict,43.78335354681796,0.0004921304749196,46415.41200000004,3395.8563756483413,88966.96258034195
ARGtex_reverse_num3,predict,43.65528435101813,8.949552087855774e-05,41219.34330000004,3812.7493327547786,487792.9523451437
ILEt2rpp_reverse,predict,43.61535157533672,0.0003701408384446,46208.158800000085,3397.9987462995796,117834.47554346194
ILEt2rpp,predict,43.61526777171481,0.0003701408384446,46208.158800000085,3397.992217300228,117834.24913336827
ASCBtex_reverse_num4,predict,43.51112871760847,0.0001313426634496,40367.58979999997,3880.3422289876366,331279.47595112503
12PPDRtex_reverse_num1,predict,43.50630387197651,0.0002817086957319,38921.51909999999,4024.0642595862982,154437.20599019466
12PPDRtex_num1,predict,43.50630387197651,0.0002817086957319,38921.51909999999,4024.0642595862982,154437.20599019466
ACONTa_num1,predict,43.38499902021933,0.000302874814186,93497.01500000064,1670.4917956235129,143243.99715050572
GAMAN6Ptex_reverse_num4,predict,43.32707793861957,0.0001275528017303,40367.58979999997,3863.9284968911006,339679.547221794
SSALy_num2,predict,43.28598392775868,5.778137753144216e-05,49717.307200000105,3134.3117903201905,749133.8174518995
GF6PTA,predict,43.24447782463288,0.0002719984929738,66893.53170000012,2327.28211849933,158987.93170445383
23CAMPtex_reverse_num4,predict,43.24318399692691,2.210318024877545e-05,40367.58979999997,3856.446797052446,1956423.6236693878
THRtex_reverse_num3,predict,43.17305478857839,0.0003743644832522,41219.34330000004,3770.6325427771208,115323.58629088696
THRtex_num3,predict,43.172971834796535,0.0003743644832522,41219.34330000004,3770.6252977899185,115323.36470527836
G3PItex_num1,predict,43.1462334744825,0.0001342693524371,38921.51909999999,3990.7599728844352,321340.8919559275
G3PItex_reverse_num1,predict,43.14615057223579,0.0001342691313041,38921.51909999999,3990.752304938912,321340.8037512066
GLNtex_reverse_num1,predict,43.03933920489051,0.0002220245385873,38921.51909999999,3980.8729135036738,193849.47032765683
GLNtex_num1,predict,43.03919743894653,0.0002220245385873,38921.51909999999,3980.859801029902,193848.83181290128
ARBTtex_num4,predict,42.95464646935406,0.0002453771769226,39332.7982,3931.4957075612956,175055.58996182992
ASPK_reverse_num3,predict,42.93023507419248,0.000620771535932,48531.143400000044,3184.529261824332,69156.25570643933
MANGLYCptspp,predict,42.90447141834488,0.0001920445407973,69667.07320000029,1085.0641710179327,223408.96148477285
ACMUMtex_num2,predict,42.856684128022174,0.0002757173017912,39332.7982,3922.529540775968,155437.0503758862
DDGLCNtex_num3,predict,42.78002983799964,0.0002299392101461,40367.58979999997,3815.1424987180885,186049.30325201098
ASNN_num2,predict,42.7710711186429,0.0007388528110646,33393.6294,4610.93504341024,57888.4866892701
26DAHtex_reverse_num3,predict,42.76571791730149,0.0002284620140515,41219.34330000004,3735.0567033969514,187189.6214119045
G1PACT,predict,42.75420376175831,0.0001585630489906,49189.49640000002,3129.0243813581683,269635.35346935014
SKMtex_reverse_num2,predict,42.74630644492169,7.557163893571424e-05,39332.7982,3912.427039114601,565639.5315348958
SKMtex_num2,predict,42.746224311104726,7.557163893571424e-05,39332.7982,3912.419521679925,565638.4447010236
BALAtex_reverse_num4,predict,42.729378481664064,0.0004699884578855,40367.58979999997,3810.6253877458585,90915.80391975057
HYD3pp_num2,predict,42.72169682974763,3.421412491967529e-05,39651.5833,846.2249337029574,1248656.7150276564
23DAPPAtex_reverse_num1,predict,42.7096669720505,0.0004203123113856,38921.51909999999,3950.3802691858914,101614.12315345694
23DAPPAtex_num1,predict,42.70951456868733,0.0004203123113856,38921.51909999999,3950.3661728165803,101613.76055793205
RPE_reverse_num1,predict,42.65316263369054,0.0002168816891585,23214.19299999997,6614.547638217971,196665.57743618017
CGLYtex_num2,predict,42.6416085541955,0.0005534033117413,39332.7982,3902.8443899296185,77053.40327657673
TYRTA_reverse_num2,predict,42.63965391823391,0.000197247614146,43572.83760000009,3522.900103839961,216173.2302965785
NMNtex_reverse_num2,predict,42.5944881763823,0.0001964487947451,39332.7982,3898.531618708386,216822.34412102305
RPI_num2,predict,42.5699075399873,0.0001807868602962,16073.134199999991,9534.647395898328,235470.1413047444
DOPAtex_num3,predict,42.56068907795465,4.4913720905150695e-05,41219.34330000004,3717.149969263013,947609.955715644
SUCFUMtpp_num3,predict,42.52227112214729,0.0002286384238585,45750.16070000011,3346.0030237605233,185980.42448221002
ACLS_num2,predict,42.42103289029407,0.0038224319600947,62983.63010000011,1886.306750570521,11097.917067762037
CYSS_num1,predict,42.39102494299101,0.0001699566243499,34489.22420000003,4424.793347331005,249422.6106522217
LALALGLUtex_num1,predict,42.37722702035802,0.0001716724794957,40367.58979999997,3779.2203604211454,246849.27453045538
LALALGLUtex_reverse_num1,predict,42.377145595699446,0.0001716722910067,40367.58979999997,3779.213098933097,246849.07125778124
ASO3tex_num4,predict,42.32719200090929,5.64389966800626e-05,40367.58979999997,3774.7582146525274,749963.5799844333
PUNP7_reverse,predict,42.30536671033741,5.710633691993971e-05,29834.296999999995,5104.840250038897,740817.3767063271
12PPDRtex_num3,predict,42.28980898202826,0.0002854278270003,41219.34330000004,3693.4919420538567,148162.8803556838
HXAtex_reverse_num2,predict,42.215871990239386,2.668605109385779e-05,38921.51909999999,3904.7072847899667,1581945.2582834943
12PPDStex_num1,predict,42.05054873705926,0.0002724107830888,38921.51909999999,3889.4159054910415,154364.47948300082
12PPDStex_reverse_num1,predict,42.05054873705926,0.0002724107830888,38921.51909999999,3889.4159054910415,154364.47948300082
ACMANAptspp,predict,41.98176596777795,0.0002476017825811,63561.09830000026,908.7067231896881,169553.56916312652
G3PGtex_reverse_num4,predict,41.95058328995111,0.0002588017478374,40367.58979999997,3741.1720786913097,162095.44039210983
ALLULPE,predict,41.94984633667905,0.0002613686497436,26108.9052,5784.212155017691,160500.68123254806
G3PItex_num3,predict,41.939737565946295,0.0001360419826562,41219.34330000004,3662.917532153079,308285.25685291406
NI2tex_num3,predict,41.911542601052375,9.92745878701968e-06,41219.34330000004,3660.455050573026,4221779.561135265
GLNtex_num3,predict,41.83568309011069,0.0002249558403406,41219.34330000004,3653.829660221645,185972.86928300388
23CAMPtex_num1,predict,41.83443141200975,1.706317934821178e-05,38921.51909999999,3869.426388427762,2451737.191427575
23CAMPtex_reverse_num1,predict,41.83443141200975,1.706317934821178e-05,38921.51909999999,3869.426388427762,2451737.191427575
FUMtex_reverse_num3,predict,41.71096380206089,6.990360736309992e-05,41219.34330000004,3642.936972443689,596692.5796175563
PTRCtex_num3,predict,41.67668747039312,0.0003025715198675,41219.34330000004,3639.943358666151,137741.6073021145
XTSNtex_reverse_num4,predict,41.67442244867669,0.0001458927301025,40367.58979999997,3716.543929388526,285651.12476404716
NACtex_reverse_num4,predict,41.59504151383698,1.2584815122096169e-05,40367.58979999997,3709.4647015515707,3305177.0018301844
NACtex_num4,predict,41.594973009472255,1.2584815122096169e-05,40367.58979999997,3709.4585923011987,3305171.5584157156
AGMtex_reverse_num3,predict,41.58830579119432,0.0001139279111105,41219.34330000004,3632.224311741993,365040.53647448466
MDDCP1pp_num1,predict,41.53986358096192,0.00095573108684,44443.43770000003,3364.8051687833945,43463.96612284325
23DAPPAtex_num3,predict,41.51531037701302,0.0004258617615953,41219.34330000004,3625.8490648308493,97485.41456620698
23CUMPtex_num2,predict,41.41435507984992,4.379169488344343e-05,39332.7982,3790.517967456984,945712.5418433547
ISETACtex_num2,predict,41.36240271167661,2.551995486125942e-05,39332.7982,3785.762940253658,1620786.6720981873
SHKK_num1,predict,41.28588255456343,0.0001842086624199,19537.811,7607.258417866175,224125.63020762336
MALTabcpp,predict,41.2606640199007,0.0002471449421003,32225.00920000001,855.5631556101556,166949.25523968722
FBA_reverse_num1,predict,41.23924150930501,0.0001211853381333,38108.75040000001,3895.72651622547,340298.9350406661
LEUtex_num2,predict,41.22552426610995,0.0002613030849043,39332.7982,3773.234912078943,157768.9918249853
ACMANAtex_reverse_num4,predict,41.20347532941481,0.0003250175874274,40367.58979999997,3674.544651310676,126773.06374572279
GLCS1,predict,41.2026044745697,0.0001353305406379,52821.76120000008,2808.111140914603,304459.0251421098
PYDXPP_num3,predict,41.146716027547775,8.850651310583698e-05,30200.954500000007,4904.751526948327,464900.4303032944
HXAtex_reverse_num4,predict,41.03545931482674,2.7038346734767557e-05,41219.34330000004,3583.9400074424793,1517676.3474987485
CHOLD,predict,41.02138197493328,4.951116006260152e-05,61876.90950000016,2386.624934940544,828527.9909229791
MALTATr_reverse,predict,40.87497189734376,0.0001488476183102,20095.759199999982,7322.435413658703,274609.51247577165
12PPDStex_num3,predict,40.87475872261259,0.00027600761745,41219.34330000004,3569.904797619743,148092.86461094586
12PPDRtex_reverse_num3,predict,40.87469140450741,0.00027600761745,41219.34330000004,3569.8989182155783,148092.62071149916
GTHRDtex_num4,predict,40.79108946223801,0.0002003076300469,40367.58979999997,3637.7678923019807,203642.2149904484
23CCMPtex_reverse_num3,predict,40.76503180800859,2.1876543020646286e-05,41219.34330000004,3560.3215082961005,1863412.8696447164
23CAMPtex_num3,predict,40.66468432923399,1.7288457724458218e-05,41219.34330000004,3551.5573967245186,2352129.089670336
CRNtex_reverse_num3,predict,40.573659542863865,0.0001469111950713,41219.34330000004,3543.6075070684055,276178.13280446304
ADEtex_num4,predict,40.42800405298727,4.889337226407125e-05,40367.58979999997,3605.3877705315526,826860.6189533656
BUTSO3abcpp_num1,predict,40.325508551916585,5.318218567520393e-05,34557.29529999999,1591.4448396931434,758252.1861398084
RPE_num1,predict,40.29244814854443,0.0002000829882692,23214.19299999997,6248.4538374760705,201378.68040202043
FCI_reverse,predict,40.2805273883161,0.0021422864579563,64975.98010000015,2231.7462295260957,18802.58694569864
OXDHCOAT,predict,40.27010237968318,1.8656007614058573e-05,28404.29799999998,2051.0975958382282,2158559.4952982822
23CUMPtex_reverse_num2,predict,40.25061938303988,0.0001139549958981,39332.7982,3684.0051155817237,353215.0483251519
TYRPpp,predict,40.232901692262274,0.0001406256728235,26103.21480000001,5548.682306063854,286099.26540766703
CMtex_reverse_num2,predict,40.22157264594585,8.516032167872605e-05,40367.58979999997,3586.978123856311,472304.1418007422
MALDtex_reverse_num4,predict,40.20812768553991,0.0001872509296884,39332.7982,3680.115992051226,214728.58774292516
TRSARr_num2,predict,40.18569631306826,0.0002941430219118,30427.115200000004,4754.591612649684,136619.58067840248
3AMPtex_num1,predict,40.18519994124811,8.466164277730426e-06,38921.51909999999,3716.882668859994,4746565.105871155
3AMPtex_reverse_num1,predict,40.18512272840491,8.466164277730426e-06,38921.51909999999,3716.875527149137,4746555.98570284
VALt2rpp_num2,predict,40.011483438348,0.0006006367464168,26107.37949999999,3777.5607854018385,66615.11084202435
VALt2rpp_reverse_num2,predict,40.01140655928802,0.0006006367464168,26107.37949999999,3777.5535271025387,66614.98284609262
HACD6_reverse_num2,predict,39.994716318613634,1.869644486721753e-05,77071.2984000004,1868.1530185173099,2139161.5680230544
TYRtex_num3,predict,39.9881738877048,0.0001392061426763,41219.34330000004,3492.472574053287,287258.6878632966
TYRtex_reverse_num3,predict,39.98810802974796,0.0001392061426763,41219.34330000004,3492.466822175028,287258.21476666763
HIStex_reverse_num3,predict,39.95088272327812,0.0001410152249593,41219.34330000004,3489.2156519097457,283309.00251947116
ARGtex_reverse_num4,predict,39.95088272327812,8.733874197582042e-05,40367.58979999997,3562.8378735606684,457424.52684214816
FORtppi_num1,predict,39.93611411815185,0.0001105302396174,30990.39579999998,4639.179562377411,361313.919669319
NADH10,predict,39.88792118264865,1.12057605387755e-05,47358.13240000004,3032.1406056446394,3559590.71627702
LEUt2rpp_reverse,predict,39.86805402935095,0.0003259635584435,46208.158800000085,3106.053091768356,122308.31636433178
LEUt2rpp,predict,39.86805402935095,0.0003259632005494,46208.158800000085,3106.053091768356,122308.45065379982
GLCabcpp,predict,39.84489365857976,0.0002314785613888,35712.139500000005,1123.477332820844,172132.11201729733
HXAND,predict,39.767676752939614,6.324488258307213e-05,81319.90470000042,1102.9733409076266,628788.8462865717
GLCATr,predict,39.753532377851855,0.0002041645766287,20095.759199999982,7121.538188030577,194713.1722568546
3CMPtex_num1,predict,39.66141165851753,2.3354985010868244e-05,38921.51909999999,3668.435489473563,1698198.9772231106
3CMPtex_reverse_num1,predict,39.66141165851753,2.3354985010868244e-05,38921.51909999999,3668.435489473563,1698198.9772231106
FRULYSE,predict,39.63969875260368,0.0005156439085409,31168.519800000035,4578.430943306236,76874.17245899556
SUCCt2_3pp_num1,predict,39.62588269424448,9.579425288737308e-05,47934.68860000006,2975.990495936589,413656.1589016546
ASCBtex_reverse_num2,predict,39.61988998102508,0.0001218636885318,39332.7982,3626.2765544021304,325116.4514906865
ACACT1r_num2,predict,39.61919397145214,3.600383814445921e-05,46529.971200000095,3065.3167113335203,1100415.8449020612
THRtex_reverse_num4,predict,39.50956226411559,0.0003653425633675,40367.58979999997,3523.4807144918077,108143.87981499081
THRtex_num4,predict,39.50949719440138,0.0003653429644985,40367.58979999997,3523.47491154513,108143.58297178485
DURADx_reverse,predict,39.46451630357987,6.8130503503758e-05,45068.398399999984,1589.221964106102,579248.8573257506
GAMAN6Ptex_reverse_num2,predict,39.45229902603541,0.0001183472754383,39332.7982,3610.9375125446204,333360.4333511146
FRULYSt2pp,predict,39.43472707883359,0.0002049041977558,47575.973000000056,2983.9645630327045,192454.46169839316
TTRCYCtex_num4,predict,39.3922641093326,2.6215440950287852e-05,38921.51909999999,3643.541004379693,1502635.9535218906
TTRCYCtex_reverse_num4,predict,39.3922641093326,2.6215440950287852e-05,38921.51909999999,3643.541004379693,1502635.9535218906
23CAMPtex_reverse_num2,predict,39.37590779377136,2.050798669632508e-05,39332.7982,3603.945677517978,1920027.9567582961
ALCD19_reverse,predict,39.28292608110555,0.0001278913953582,39358.55440000008,3593.0825216481962,307158.475916862
HPYRI,predict,39.23198906506598,0.0001229610196998,29377.10860000001,4807.66036430956,319060.3750753524
SUCCt2_2pp,predict,39.14231247452977,7.323584256511005e-05,45435.73190000005,3101.3547931492,534469.3404698722
26DAHtex_reverse_num4,predict,39.13680111102195,0.0002229562407218,40367.58979999997,3490.2377054891476,175535.79565353369
CYTDH_num1,predict,39.13252577293924,0.000240237337899,33747.65119999997,4174.426597800719,162891.10641656895
3AMPtex_num3,predict,39.06156759307327,8.577958516802452e-06,41219.34330000004,3411.5449708065494,4553713.743958975
LPLIPAL2G140,predict,39.01360542889952,0.0002135899351314,38977.781800000055,3603.308681461141,182656.57230008728
XTSNtex_num3,predict,38.96610859344331,8.310683178752274e-05,41219.34330000004,3403.207807446942,468867.6942115545
NMNtex_reverse_num3,predict,38.96349890833211,0.0001690398881874,41219.34330000004,3402.9798837187077,230498.8445397966
DDGLCNtex_reverse_num1,predict,38.95403491861972,0.0002133441899332,39332.7982,3565.3330585320773,182587.74673365412
DDGLCNtex_num1,predict,38.95396007136764,0.0002133441899332,39332.7982,3565.326208012414,182587.39590501375
DOPAtex_num4,predict,38.949159455215934,4.383133192366067e-05,40367.58979999997,3473.5037373664914,888614.5536953377
BALAtex_reverse_num2,predict,38.90811643948639,0.0004360692413155,39332.7982,3561.1302930934376,89224.62937792033
VALt2rpp_num1,predict,38.76768454595098,0.0003380338781556,46208.158800000085,3020.3251544708437,114685.796457673
VALt2rpp_reverse_num1,predict,38.76768454595098,0.0003380338781556,46208.158800000085,3020.3251544708437,114685.796457673
TRSARr_reverse_num2,predict,38.756970213904125,9.706218339459514e-05,30427.115200000004,4585.551139269845,399300.4160677297
12PPDRtex_num4,predict,38.70127578246874,0.0002785492177751,40367.58979999997,3451.397358801133,138938.73438810394
NI2tex_reverse_num3,predict,38.63931842341338,1.087108778252184e-05,41219.34330000004,3374.666726538752,3554319.4201353374
3KGK,predict,38.62252203100194,0.0002483379745533,55154.22840000014,2520.9504936453186,155524.02769038657
PGM_num3,predict,38.61301367580965,0.0002340527331085,28556.028300000035,4867.863547849004,164975.70083024746
E4PD_num2,predict,38.5937073662796,6.852586563141918e-05,35532.06830000002,3910.195864354074,563199.1221222071
LALALGLUtex_num4,predict,38.58718227961611,0.0001592826471334,39332.7982,3531.7562584860284,242256.03337254407
CYSDDS,predict,38.56579281921347,0.000445794672741,35152.88869999999,3949.5147990261335,86510.21462883119
3CMPtex_num3,predict,38.552425136640224,2.3663357578357712e-05,41219.34330000004,3367.077672290443,1629203.5062640442
ASO3tex_num2,predict,38.541632765613286,5.236566133834381e-05,39332.7982,3527.587263196745,736009.6632140091
XTSNH,predict,38.44758158196875,0.0001753192996776,32560.414300000022,4250.90701917412,219300.3374566929
GLCDpp_num1,predict,38.40469515550361,0.0002736595193535,86746.30460000041,1593.8074042154913,140337.50861739367
DURIPP_reverse_num2,predict,38.39313266594626,9.994566583880731e-05,25949.64089999999,5326.28864229896,384140.04593122454
G3PItex_num4,predict,38.38089940165167,0.0001327636126379,40367.58979999997,3422.826047591925,289092.0082623232
ABUTtex_num1,predict,38.37630634885178,0.0002737032407498,38921.51909999999,3549.571189678114,140211.36996303475
ABUTtex_reverse_num1,predict,38.37630634885178,0.0002737029402353,38921.51909999999,3549.571189678114,140211.52390931573
HOMtex_reverse_num1,predict,38.331605487282,0.0004299163771235,38921.51909999999,3545.4366362132873,89160.60779948065
HOMtex_num1,predict,38.331479227996034,0.0004299151970497,38921.51909999999,3545.424958009559,89160.55885217928
ASPK_num1,predict,38.31434338952925,0.0003095649220764,89119.2202000006,1547.7204119690487,123768.36216628364
PYDXNtex_num3,predict,38.29856079481007,9.994270300649593e-05,41219.34330000004,3344.9057608182743,383205.1729911768
GLNtex_num4,predict,38.28574813509421,0.0002195345633232,40367.58979999997,3414.3404144068872,174395.08182923213
ALR2_num3,predict,38.22917778697247,0.0003228962530777,30986.260200000008,4441.485972970074,118394.61567791314
G3PGtex_reverse_num2,predict,38.19884260046948,0.0002401239433375,39332.7982,3496.212821229946,159079.6905528912
ACODA,predict,38.18694377197728,0.0001207835101098,42346.84509999999,3246.3574855336333,316160.24188453285
FUMtex_reverse_num4,predict,38.17161180703239,6.821905465313107e-05,40367.58979999997,3404.1616848107365,559544.7195966152
THRt4pp,predict,38.15609747527954,0.0006015957268825,43477.19440000009,3159.4023673019265,63424.81465585934
PTRCtex_num4,predict,38.14038006583849,0.0002952804081516,40367.58979999997,3401.3764239404422,129166.64639076503
AMPTASEPG_num1,predict,38.07644635716292,0.0009637876810374,54879.20500000006,2497.762255954444,39507.08969031257
ASAD_reverse,predict,38.07604919896693,9.064335023417054e-05,40017.42440000003,3425.35231018718,420064.45150802797
AGMtex_reverse_num4,predict,38.05929916672466,0.0001111824509169,40367.58979999997,3394.1455925171153,342313.9070317036
VALabcpp,predict,38.01878685223664,0.0001773104107046,46268.74680000007,790.8542127178641,214419.37166101387
23DAPPAtex_num4,predict,37.99256040402275,0.0004155987936403,40367.58979999997,3388.1937993355746,91416.43571974667
PYDAMtex_reverse_num2,predict,37.979787565372064,0.0001498894265254,39332.7982,3476.1634435492424,253385.36843982173
HCINNMtex_reverse_num3,predict,37.92025508761349,4.2304042919689e-05,41219.34330000004,3311.8654346782973,896374.2581200147
RPE_num2,predict,37.90204421387381,0.0002499892443407,24553.964599999992,5557.039826063192,151614.69971971546
RPE_reverse_num2,predict,37.90204421387381,0.0002499892443407,24553.964599999992,5557.039826063192,151614.69971971546
NACtex_reverse_num2,predict,37.87509777313765,1.167656500986809e-05,39332.7982,3466.581535592236,3243684.9142816123
NACtex_num2,predict,37.87509777313765,1.167655218949562e-05,39332.7982,3466.581535592236,3243688.475713797
23CGMPtex_reverse_num3,predict,37.857095630121705,2.8515343126377345e-05,41219.34330000004,3306.349236971905,1327604.4220244023
MINCYCtpp,predict,37.802486805600296,1.317833820950177e-05,42196.17500000005,651.1986571827215,2868532.147577163
UACGALPpp,predict,37.73314283262328,3.1674726351088524e-05,60823.23910000007,2233.345612753525,1191269.7339317836
CITtex_reverse_num2,predict,37.669633266044976,0.0001009478847643,39332.7982,3447.7760536691726,373159.21333070623
ACMANAtex_reverse_num2,predict,37.51860177851049,0.0003015609647124,39332.7982,3433.9526447075345,124414.64966890572
FACOAE140,predict,37.50467054449853,3.7788377553042085e-05,31965.918600000045,4223.7739402926,992492.2151488159
CITtex_reverse_num4,predict,37.49497424771988,0.0001008341197794,40367.58979999997,3343.8188398305533,371848.0840587449
23DAPPAtex_reverse_num3,predict,37.44015811370098,0.0005395859973064,41219.34330000004,3269.9348999411013,69386.82304693104
OCDCAtexi,predict,37.42533143805065,5.766400318769232e-05,48540.96350000007,2775.6184356946715,649024.1635883967
12PPDStex_num4,predict,37.406362271316986,0.0002693560286278,40367.58979999997,3335.916383512727,138873.30631461614
12PPDRtex_reverse_num4,predict,37.40630066543823,0.0002693560286278,40367.58979999997,3335.910889472468,138873.07759919044
AGM3PH,predict,37.40464761224649,0.0006752434536183,37594.31700000004,3581.8374198442607,55394.31357951454
ACNAMtex_num3,predict,37.38510400088485,0.000135857413944,40367.58979999997,3334.020561296567,275178.97563025064
ACKr_reverse_num3,predict,37.335705480149294,0.000136444077981,42433.18070000004,3167.533932438332,273633.7555474437
23CCMPtex_reverse_num4,predict,37.30594615029605,2.134933377052324e-05,40367.58979999997,3326.961228214469,1747405.6357582414
ABUTtex_num3,predict,37.30305855618561,0.0002773163791483,41219.34330000004,3257.9609486953686,134514.44401066957
GLCRAL,predict,37.28631082350777,0.0002273757009867,27383.804699999982,4901.828669725653,163985.46837548297
HOMtex_num3,predict,37.2598123655667,0.0004355916748147,41219.34330000004,3254.183928642066,85538.39414267265
23CAMPtex_num4,predict,37.21405229097915,1.687183661705752e-05,40367.58979999997,3318.766092087197,2205690.650972493
PROGLYabcpp,predict,37.19814092941606,0.0002134145915646,37496.5293,658.0455906730322,174299.8951323171
PUNP1_reverse,predict,37.153507000445735,8.300014037915884e-05,25949.64089999999,5154.31507191318,447631.85737665213
GTHRDtex_num2,predict,37.14304507043519,0.0001858509565289,39332.7982,3399.5791902129836,199853.93545531423
CRNtex_reverse_num4,predict,37.130751480567646,0.0001433707389345,40367.58979999997,3311.3372879656945,258984.16759594934
GLUN_num3,predict,37.08874344262236,0.0001835150289591,33515.216500000024,3983.846453548656,202101.94038597422
GLUNpp,predict,37.08338890097663,0.0002797916842767,36850.245900000045,3622.7763691399327,132539.28184764422
LEUabcpp_num1,predict,37.08110887460053,0.0001662635548828,28426.51510000004,771.348945975176,223026.07989309015
PGM_reverse_num3,predict,37.078299749162376,0.0002499740112912,28556.028300000035,4674.385306481307,148328.6184737384
TGBPA_reverse_num1,predict,37.033159037792046,0.000160950105282,47191.86040000006,1698.656616800747,230090.92770027334
PHEtex_reverse_num1,predict,36.84257558828063,0.0001428501701794,38921.51909999999,3407.7105720626996,257910.6174113161
PHEtex_num1,predict,36.84250479803905,0.0001428499349143,38921.51909999999,3407.704024402804,257910.5466176235
ACALD_reverse_num1,predict,36.83032079040414,0.0001604225893792,33442.10610000002,3964.736983041114,229583.13372779574
ADEtex_num2,predict,36.81236052274347,4.536472202843272e-05,39332.7982,3369.3127350872405,811475.50071333
DHORD2,predict,36.79370204257018,2.26405767267304e-05,36774.0758,3601.9213120035133,1625122.1197528073
3CMPtex_reverse_num3,predict,36.77201474052453,2.1321832147148855e-05,41219.34330000004,3211.5808372397864,1724617.963726052
PAPSR2_num4,predict,36.72620856011002,6.416978857158259e-05,27975.466900000018,3562.493734589048,572328.65149838
CMtex_reverse_num3,predict,36.62439112981311,7.901418740828136e-05,39332.7982,3352.108522686474,463516.6459482511
ABUTtex_reverse_num4,predict,36.61607823243391,0.0002367333653019,40367.58979999997,3265.438493847412,154672.23298134745
TYRtex_num4,predict,36.59494764620605,0.0001358515220246,40367.58979999997,3263.554058566605,269374.5870552664
TYRtex_reverse_num4,predict,36.59494764620605,0.0001358513728654,40367.58979999997,3263.554058566605,269374.8828174443
PUNP6_reverse_num1,predict,36.562807946678085,2.2918243619318176e-05,29834.296999999995,4411.9058212781465,1595358.2025744186
HIStex_reverse_num4,predict,36.56094127822688,0.0001376170841884,40367.58979999997,3260.521355218905,265671.52976569656
PUNP3_num1,predict,36.49703031672907,4.8342544951943176e-05,29834.296999999995,4403.9686653325425,754967.0865075553
ALAALAabcpp_num2,predict,36.424111724327545,0.000267735232878,37560.01790000002,644.3527960135586,136045.26880078227
ARGtex_reverse_num2,predict,36.37803993580504,8.103556614722288e-05,39332.7982,3329.5608185053607,448914.4910731488
MINCYCtex_num4,predict,36.33086960027881,2.0407067344832127e-05,38921.51909999999,3360.3809302757595,1780308.2131484814
MINCYCtex_reverse_num4,predict,36.33086960027881,2.040708975094997e-05,38921.51909999999,3360.3809302757595,1780306.2584456743
MCITL2,predict,36.31706039120088,0.0004212855552621,32134.289799999984,4068.5952053722763,86205.33017944673
NADH18pp,predict,36.30063576633222,1.8248718675575213e-05,49291.892800000045,241.82154007438152,1989215.5943484618
ALLTAMH,predict,36.27584348058294,0.0013961759021674,45693.48650000005,2858.0230254502126,25982.28734951587
MTHFD_reverse,predict,36.20458913088536,1.4159975064090477e-05,31043.375400000023,4198.529289800979,2556825.7689026413
3AMPtex_reverse_num3,predict,36.12697886487643,9.350087143961511e-06,41219.34330000004,3155.244928745748,3863811.9954002798
OCTAtex_num1,predict,36.05277085092206,5.729160287673464e-05,38921.51909999999,3334.658514480218,629285.4282413978
OCTAtex_reverse_num1,predict,36.05258282535587,5.72914770693102e-05,38921.51909999999,3334.6411232772557,629283.5281893692
3GMPtex_num4,predict,36.04865430492945,1.4156073289751929e-05,38921.51909999999,3334.277759414227,2546515.094056932
GALabcpp_num1,predict,36.041293192752846,0.0002694083799852,56414.61080000001,1016.2299915911309,133779.40654530784
THRtex_num2,predict,35.976187155752505,0.0003389760464875,39332.7982,3292.7805721360814,106131.945099192
THRtex_reverse_num2,predict,35.976187155752505,0.0003389756743062,39332.7982,3292.7805721360814,106132.06162768738
TYRt2rpp_reverse_num1,predict,35.93479487181347,0.0001806304136129,31539.063700000024,4101.747051499452,198940.99865609308
TYRt2rpp_num1,predict,35.93472582580435,0.0001806304136129,31539.063700000024,4101.739170300593,198940.6164059075
LPLIPAL2E120,predict,35.87500145348861,0.0002092095166791,38977.781800000055,3313.4262461430994,171478.82191476098
ILEabcpp,predict,35.80446565676107,0.0001707552995449,46268.74680000007,744.7926365671435,209682.89565353317
3AMPtex_num4,predict,35.746969217986006,8.37123576938473e-06,40367.58979999997,3187.930957045885,4270214.124026917
CDAPPA120,predict,35.69025086503885,5.7049683908391e-05,28450.435500000025,4516.096181168817,625599.4498120162
NMNtex_reverse_num4,predict,35.65728094969357,0.0001649663272872,40367.58979999997,3179.93251652832,216148.84404631026
CRNCAR_reverse,predict,35.63782860741204,3.223438419689081e-05,28189.895400000005,4551.140795885441,1105584.2850830546
26DAHtex_reverse_num2,predict,35.6368210539289,0.0002068654178775,39332.7982,3261.719523279278,172270.55841219454
PYDXPP_num2,predict,35.62522156794221,8.180059130373926e-05,29707.394199999995,4317.133868462686,435513.0079153073
DHBD,predict,35.61355742858381,1.33889541553598e-05,26249.3542,4884.265181004022,2659920.783605579
23CGMPtex_reverse_num1,predict,35.61135799803447,2.276791019403583e-05,38921.51909999999,3293.830553312708,1564103.0597249565
23CGMPtex_num1,predict,35.611299348412594,2.276791019403583e-05,38921.51909999999,3293.825128585111,1564100.4837475666
CYTDH_num2,predict,35.58673365404101,0.0002150229036008,33822.52110000001,3787.7791775417827,165502.06074841885
ALAALAtex_num1,predict,35.516637899838344,0.000241177536597,38921.51909999999,3285.0695295553883,147263.45745534965
ALAALAtex_reverse_num1,predict,35.516637899838344,0.000241177536597,38921.51909999999,3285.0695295553883,147263.45745534965
SUCCt2_3pp_num2,predict,35.48164668518674,8.137419365882164e-05,45750.16070000011,2791.9886206360793,436030.70076431084
DOPAtex_num2,predict,35.46602822132496,4.0668055402080585e-05,39332.7982,3246.087424229326,872085.6670100462
CRNCAR,predict,35.41687109409756,3.2617138233057816e-05,28189.895400000005,4522.923342906451,1085836.250900828
ACt4pp,predict,35.36521925848562,4.505458311071183e-05,59196.403900000085,2150.7183028485965,784941.6600212079
PUNP5_reverse_num1,predict,35.36241393620807,5.976426380491761e-05,29834.296999999995,4267.058485418614,591698.3107436576
NI2tex_num4,predict,35.3606764952562,1.060913718300148e-05,40367.58979999997,3153.481196514794,3333039.80194666
NI2tex_reverse_num4,predict,35.36055031571879,1.0609102237893693e-05,40367.58979999997,3153.469943766316,3333038.8870622474
3CMPtex_num4,predict,35.28108852912188,2.309311271347501e-05,40367.58979999997,3146.3835055329178,1527775.3573919507
ORNabcpp,predict,35.27462969928834,0.0010768726207276,24648.9665,1174.0552630408986,32756.548007929367
ALCD2x_reverse_num3,predict,35.244771779099366,0.00039747443988,39358.55440000008,3223.7255747573254,88671.79431648481
12PPDRtex_num2,predict,35.2401767762093,0.0002584462320855,39332.7982,3225.4159937787877,136353.9970842022
OROTtex_reverse_num4,predict,35.23006987846423,8.467558716642611e-05,38921.51909999999,3258.5637584343735,416059.3514305497
OROTtex_num4,predict,35.23006987846423,8.467549419622763e-05,38921.51909999999,3258.5637584343735,416059.80824654887
MMETtex_reverse_num1,predict,35.206453290423056,0.0003044638722879,38921.51909999999,3256.3793699800126,115634.25580139752
MMETtex_num1,predict,35.20638564386758,0.0003044638722879,38921.51909999999,3256.373113091655,115634.03361886082
ARAI,predict,35.20180530805839,0.0066493351724251,56073.35490000006,2260.0127874462187,5294.033823718323
AACPS9,predict,35.08808751513714,2.5211154360695263e-05,80699.04430000036,1413.916401999319,1391768.382087265
ALATA_L_num2,predict,35.07635853697127,0.0006733015877382,46215.67400000004,2732.2957733581134,52096.05795643842
TTRCYCtex_reverse_num2,predict,35.041608716687946,2.5921466775400742e-05,40367.58979999997,3125.0265870487196,1351837.4180099308
TTRCYCtex_num2,predict,35.041608716687946,2.5921466775400742e-05,40367.58979999997,3125.0265870487196,1351837.4180099308
3GMPtex_num2,predict,35.040560309897074,1.4342970299955074e-05,41219.34330000004,3060.359700481433,2443047.6796014025
HCINNMtex_num1,predict,35.03198186593529,2.142367608352242e-05,38921.51909999999,3240.241841366543,1635199.3807859812
HCINNMtex_reverse_num1,predict,35.0318664751772,2.1423652561235955e-05,38921.51909999999,3240.2311684344804,1635195.7900290077
CYTDH_num3,predict,35.00726807673868,0.0001839026041834,32560.414300000022,3870.533216042622,190357.65280314948
MINCYCtex_num2,predict,34.979911972449685,1.9117525359586475e-05,40367.58979999997,3119.5244433646853,1829730.1201124873
G3PItex_num2,predict,34.94846161163457,0.0001231818852158,39332.7982,3198.7162764810478,283714.29411401704
GLNtex_num2,predict,34.86176239184745,0.0002036906840257,39332.7982,3190.7809856927706,171150.49987975336
GHBDHx_reverse,predict,34.818584265340235,2.696651079679154e-05,31157.82340000003,4022.9672575660315,1291178.6967071367
FUMtex_reverse_num2,predict,34.75783354774784,6.329566376946113e-05,39332.7982,3181.2687247837925,549134.5137692954
HCINNMtex_reverse_num4,predict,34.70268461865072,4.128459066491711e-05,40367.58979999997,3094.801181990377,840572.3312194647
AGMtex_reverse_num2,predict,34.65567944592535,0.0001031582647891,39332.7982,3171.9189001236955,335946.70787431824
23CGMPtex_reverse_num4,predict,34.64476067712703,2.7828143478221307e-05,40367.58979999997,3089.6354985666594,1244954.0769487733
23CGMPtex_num3,predict,34.61555942508471,2.3068556521215864e-05,41219.34330000004,3023.2411279173593,1500551.6011913973
23DAPPAtex_num2,predict,34.594852114136685,0.0003856051081363,39332.7982,3166.3515770635427,89715.75164379935
METtex_num1,predict,34.53576201672811,0.0003140560264787,38921.51909999999,3194.3445717210257,109966.88203679607
METtex_reverse_num1,predict,34.535705138543804,0.0003140560264787,38921.51909999999,3194.3393108404584,109966.7009283966
CYSS_num2,predict,34.53533543262915,0.0002109130030722,32663.80280000002,3806.2686184679283,163742.08763604285
DHORD5,predict,34.52610354796261,1.0719952278184784e-05,36774.0758,3379.9346433246164,3220732.9521628185
ALAALAtex_num3,predict,34.523421645836024,0.0002443615736224,41219.34330000004,3015.1940320943827,141280.0758075956
SERtex_reverse_num3,predict,34.51941339607124,0.0001953728578211,41219.34330000004,3014.843961035555,176684.7953244363
DMSOR1,predict,34.4708965078772,4.696304711041335e-05,22751.54820000001,532.506408824248,734000.4243513789
CTBTabcpp,predict,34.418507968569884,0.0001721260170734,37619.23870000002,1051.8066070208506,199961.1014870154
HPYRRx_num2,predict,34.413293332496075,0.0002266977931165,35395.09920000004,3500.1415110311577,151802.5070266612
INStex,predict,34.34593316166454,4.551234524725378e-05,33588.58699999999,3681.171803445985,754650.9188896825
INStex_reverse,predict,34.34593316166454,4.551229527663163e-05,33588.58699999999,3681.171803445985,754651.7474652508
METDtex_num3,predict,34.334263776755144,0.0001790645261178,41219.34330000004,2998.6734309840012,191742.40996325473
THRD,predict,34.26603306435011,0.0003442854269753,37238.64480000004,3312.626431337272,99527.97992465842
23DAPPAtex_reverse_num4,predict,34.26314564611405,0.0005265823555177,40367.58979999997,3055.602896708256,65067.02187624356
OROTtex_reverse_num2,predict,34.24505544420291,8.579343109714813e-05,41219.34330000004,2990.882186110189,399157.0800499347
OROTtex_num2,predict,34.244989644901175,8.579343109714813e-05,41219.34330000004,2990.876439354727,399156.31309958786
HXAtex_reverse_num3,predict,34.19493424291612,2.448245587633338e-05,39332.7982,3129.748426454389,1396711.7684452385
LPLIPAL2E180,predict,34.19276611065006,0.0002780030731424,38977.781800000055,3158.054468824084,122994.20191350076
GLCURt2rpp_num2,predict,34.16815665649737,0.0001032912651184,46891.77140000005,2623.1758854686905,330794.2507755262
ABUTtex_num4,predict,34.13785781228087,0.0002706335472368,40367.58979999997,3044.4296707605567,126140.52530010552
HOMtex_num4,predict,34.09821558564696,0.0004250953896576,40367.58979999997,3040.894358977289,80213.09196769206
SGDS,predict,34.09538910261153,0.0001944272286417,35799.75100000005,3428.6104607096663,175363.24176817937
12PPDRtex_reverse_num2,predict,34.06113429556563,0.0002499165183245,39332.7982,3117.5021629667904,136290.04806852946
12PPDStex_num2,predict,34.06107819906273,0.0002499165183245,39332.7982,3117.4970286407392,136289.82360756435
HCINNMtex_num3,predict,34.052328275889884,2.1706476699702283e-05,41219.34330000004,2974.0498508428077,1568763.4961208114
ACNAMtex_num2,predict,34.04153419315358,0.0001260522643453,39332.7982,3115.7082308818012,270058.8868431768
NMNtex_reverse_num1,predict,34.041001586765084,7.320714186005673e-05,38921.51909999999,3148.582289337066,464995.6373360142
NMNtex_num1,predict,34.041001586765084,7.320714186005673e-05,38921.51909999999,3148.582289337066,464995.6373360142
SERtex_reverse_num2,predict,34.0299121857578,0.0001292070358266,39332.7982,3114.6445072582733,263375.07062252425
DDGLCNt2rpp,predict,34.025961233592234,0.0002304482344805,33668.87360000001,3638.1811252792254,147651.21247423327
DDGLCNt2rpp_reverse,predict,34.025961233592234,0.0002304484875032,33668.87360000001,3638.1811252792254,147651.05035944204
GTHRDHpp,predict,34.01332687074403,0.0002004445828899,61767.21370000017,1982.410560550802,169689.42926946963
ARGtex_reverse_num1,predict,33.99847605693331,6.623737241710252e-05,38921.51909999999,3144.6489406154747,513282.3784561069
ARGtex_num1,predict,33.99847605693331,6.623737241710252e-05,38921.51909999999,3144.6489406154747,513282.3784561069
23CCMPtex_reverse_num2,predict,33.96964238058532,1.980854555830494e-05,39332.7982,3109.1282127521545,1714898.364475992
AACPS3,predict,33.890794411384505,1.5402511890507175e-05,8639.416499999992,1365.6700461195292,2200342.038513339
23CAMPtex_num2,predict,33.88602247851286,1.5654190799278998e-05,39332.7982,3101.47476165696,2164661.394064111
OCDCEAtexi,predict,33.88298107078491,8.99719813481232e-05,48540.96350000007,2512.9029804862753,376594.8083290899
ARGabcpp_num2,predict,33.88149301967702,6.382324000546674e-05,26929.220300000004,924.6685125980022,530864.5098051262
CRNtex_reverse_num2,predict,33.81017120835256,0.0001330236270807,39332.7982,3094.5323475630375,254166.6615949459
SHK3Dr_reverse_num2,predict,33.75255109919507,5.8974428128538014e-05,29413.27850000001,4131.099630974568,572325.1953478807
FCLPA_num1,predict,33.72338909480604,0.0001230144937204,23222.205500000004,5227.935853952447,274141.5915709577
METSOX2tex_reverse_num3,predict,33.71846488073496,0.0002992250338662,41219.34330000004,2944.891011173527,112685.97565206508
GTHOr_reverse,predict,33.65382266189425,9.619106796920844e-05,48771.94720000004,2484.0870323672298,349864.32079813397
3CMPtex_reverse_num4,predict,33.6518089205338,2.0808036730314385e-05,40367.58979999997,3001.0836097507554,1617250.5535569268
XTSNtex_num2,predict,33.63836243477608,6.254239760739578e-05,39332.7982,3078.8072628200116,537848.9428233603
METSOX1tex_reverse_num1,predict,33.581210261941024,0.0003211129636503,38921.51909999999,3106.054433085776,104577.56012152719
METSOX1tex_num1,predict,33.581210261941024,0.0003211129636503,38921.51909999999,3106.054433085776,104577.56012152719
ACONTb_num1,predict,33.55166213512507,0.0001753612682288,93497.01500000064,1291.8699456495956,191328.80637786584
HACD8_reverse_num2,predict,33.457947637268795,2.571891073517369e-05,77071.2984000004,1562.8205829495541,1300908.4242246326
MMM,predict,33.45700171342893,6.124595725399359e-05,77870.3498000004,1546.740273771616,546272.81886834
GAMtex_reverse_num3,predict,33.42933379930892,0.0001530928407107,41219.34330000004,2919.638986036733,218359.87655673877
PMANM_reverse,predict,33.389689467684576,0.0002016582408921,50461.98290000008,2382.0483297667693,165575.62596983172
CGLYabcpp,predict,33.323985295827555,0.0002539101217109,60292.95670000003,589.5106862781736,131243.23312234858
TYRtex_num2,predict,33.32228398141782,0.000126047074448,39332.7982,3049.8776548550813,264363.80318501353
TYRtex_reverse_num2,predict,33.32228398141782,0.000126047074448,39332.7982,3049.8776548550813,264363.80318501353
HIStex_reverse_num2,predict,33.29114515821594,0.0001276850051393,39332.7982,3047.0276220921755,260728.6981106077
SERt4pp,predict,33.22446755079081,0.0004589623065932,43477.19440000009,2751.0533932439457,72390.4056466215
ETHSO3abcpp,predict,33.17969232571872,5.390959735033253e-05,34557.29529999999,1309.4354424914402,615469.1178659686
LPLIPAL2E160,predict,33.165032525257985,0.0002569537078303,38977.781800000055,3063.13267654776,129070.06793286352
UACGAMPpp,predict,33.099188963448256,3.746745331163142e-05,60823.23910000007,1959.0715988095671,883411.762420824
3AMPtex_reverse_num4,predict,33.06150609956062,9.12476666007015e-06,40367.58979999997,2948.4401359631906,3623271.4031184274
ARGtex_num3,predict,33.0477784187857,6.71119518093185e-05,41219.34330000004,2886.314841110737,492427.61576481245
G3PD5_num1,predict,32.97873663817612,8.9045924656822e-05,58957.58900000012,799.9053976147477,370356.49599096563
HPYRRy_num2,predict,32.81132397859494,0.0002248741008113,35395.09920000004,3337.20681655673,145909.7506570048
3GMPtex_reverse_num4,predict,32.79550361050842,1.38595884906054e-05,38921.51909999999,3033.381423127196,2366268.2072226433
MCITL2_reverse,predict,32.73148078610964,0.0005419267657658,32134.289799999984,3666.9032227995517,60398.34688706801
3UMPtex_num1,predict,32.69583195127912,1.8659797449271438e-05,38921.51909999999,3024.162410572635,1752207.2273381355
3UMPtex_reverse_num1,predict,32.69577810334159,1.8659797449271438e-05,38921.51909999999,3024.1574299711683,1752204.34156525
ALR4x,predict,32.64401744451391,0.0003628550338568,38711.74710000004,3035.7313116526834,89964.35049429908
PUNP5_reverse_num2,predict,32.576051666904654,5.638641065391611e-05,25949.64089999999,4519.28357902081,577728.7699131493
3AMPtex_num2,predict,32.55007719994035,7.767081019929422e-06,39332.7982,2979.200140400518,4190773.4857433126
G3PSabcpp,predict,32.53690125055671,0.0002882729017038,33263.45020000002,766.9065424289563,112868.40024938705
METDtex_reverse_num3,predict,32.49855612060262,0.0003459868868047,41219.34330000004,2838.3470639661873,93930.02266859656
GLYCLTDx_num1,predict,32.398186167358766,4.198425512952106e-05,35395.09920000004,3295.186984600722,771674.6686921238
CHLabcpp,predict,32.329480944600824,8.524414111259771e-05,25514.1974,870.598237775516,379257.51286410756
MINCYCtex_reverse_num2,predict,32.31832811986983,2.0178249145798267e-05,40367.58979999997,2882.163186060008,1601641.8414874962
RBK,predict,32.3125269785967,0.0001241421541714,32290.10860000006,3602.4994082227367,260286.50134412516
EDA,predict,32.308092557682926,6.682445665869508e-05,22283.75649999999,5219.4580930579905,483477.0707182257
LEUabcpp_num2,predict,32.20151294867575,0.0001736888113102,26309.936100000006,668.6771928502841,185397.7392427735
NI2tex_reverse_num2,predict,32.19822501663393,9.843439953249725e-06,39332.7982,2946.9962820972687,3271033.8224803177
SHK3Dr_num2,predict,32.12739515532055,6.195952204096374e-05,29413.27850000001,3932.1907810839225,518522.3206544417
3CMPtex_num2,predict,32.12575493132453,2.1426451894660988e-05,39332.7982,2940.3633365898772,1499350.199896119
3UMPtex_reverse_num3,predict,32.117440460432185,2.4963254078907617e-05,41219.34330000004,2805.0613231762904,1286588.6938822374
MDDCP1pp_num3,predict,32.100315731330966,0.0007367239728516,43608.37640000005,2649.9756737742555,43571.6997331876
SSALy_num1,predict,32.08455636304931,3.071324246794288e-05,51719.44750000004,2233.2876411136726,1044648.9456962333
3GMPtex_num3,predict,32.06727312435198,1.3997330204984148e-05,40367.58979999997,2859.7739874890226,2290956.3934509107
PYDXNtex_num2,predict,31.914157089080607,9.049498406617096e-05,39332.7982,2920.9964909308233,352662.16595766915
TTRCYCtex_reverse_num3,predict,31.90769278851673,2.405067986257626e-05,39332.7982,2920.404835033075,1326685.689171152
TTRCYCtex_num3,predict,31.90769278851673,2.405067986257626e-05,39332.7982,2920.404835033075,1326685.689171152
SHKK_num2,predict,31.884334124490668,0.0004371113648382,19150.606,5993.7321486414785,72943.27416147802
3GMPtex_reverse_num2,predict,31.878444629036405,1.404257112982466e-05,41219.34330000004,2784.1879922558337,2270128.7630532696
3UMPtex_num3,predict,31.7815600832901,1.8906176098009064e-05,41219.34330000004,2775.72632506846,1681014.7074974559
APPLDHr,predict,31.714606477409752,0.0004390128920727,38711.74710000004,2949.3007128752142,72240.71786975644
23CGMPtex_num4,predict,31.678230380372533,2.251264530477416e-05,40367.58979999997,2825.0789788133748,1407130.523824078
ALAALAtex_num4,predict,31.594023759694743,0.0002384728939593,40367.58979999997,2817.5693941207546,132484.7584777785
SERtex_num4,predict,31.590346948635386,0.0001906650331628,40367.58979999997,2817.2414944398656,165685.0573207194
SERtex_reverse_num4,predict,31.590346948635386,0.0001906650331628,40367.58979999997,2817.2414944398656,165685.0573207194
CYStpp_num2,predict,31.588066500199595,0.0002624609885244,32323.807,3518.0583586802923,120353.37776403663
26DAHtex_num1,predict,31.56333898014468,0.0003458754102469,38921.51909999999,2919.413809018592,91256.3832092414
26DAHtex_reverse_num1,predict,31.56333898014468,0.0003458754102469,38921.51909999999,2919.413809018592,91256.3832092414
23CGMPtex_reverse_num2,predict,31.54650103376141,2.5819777507646463e-05,39332.7982,2887.3461568656226,1221796.005965543
ADD,predict,31.542613299571745,0.0001629645399099,63738.62760000025,1781.5477388543245,193555.07226916394
2DGULRGx,predict,31.41234460962805,0.0004694464256263,35395.09920000004,3194.9180296310865,66913.58778101265
ACOAD4f,predict,31.366093864872724,2.347403921548684e-05,89223.37480000046,1265.5645246176143,1336203.521555811
HEX7,predict,31.33160530456395,0.0002122903653689,32499.37440000002,3470.644625591013,147588.4468431649
FBA_reverse_num2,predict,31.284537411015325,0.0001718330530946,30809.441000000017,3655.513732938391,182063.56022663528
UPP3MT_num1,predict,31.237651692304656,6.92127522092968e-05,42962.4918000001,2617.5284854473107,451327.9806854545
PUNP6_num2,predict,31.23544814706305,0.0003356812369168,25949.64089999999,4333.301326317276,93050.92067092474
PUNP4_num2,predict,31.23248175189192,0.0003413920718873,25949.64089999999,4332.8897975929585,91485.66801575392
23DAPPAtex_reverse_num2,predict,31.19896221753289,0.0004885787393456,39332.7982,2855.5370866830017,63856.569484215855
S7PI,predict,31.18556276666701,0.0001865582326333,20814.5109,5393.738363556802,167162.61901968994
HCINNMtex_num4,predict,31.162784075457743,2.118341244485949e-05,40367.58979999997,2779.1112431401084,1471093.675609376
ACCOAC,predict,31.12024913280068,1.5228286641826711e-05,16687.038899999996,832.5255423299218,2043581.7807188088
HKNTDH,predict,31.105073375650136,1.269863103107744e-05,31937.101000000024,3506.212544223735,2449482.4126731846
ABUTtex_num2,predict,31.0848192582646,0.0002511015623098,39332.7982,2845.0899618362914,123793.81064906827
HOMtex_num2,predict,31.048620069965533,0.0003944156870557,39332.7982,2841.776770712335,78720.55064985485
FRULYSE_reverse,predict,30.91238054023449,0.0004444755651917,31168.519800000035,3570.4156199565186,69547.98634859071
CITL,predict,30.91014903293373,6.88388935654237e-05,10689.159299999988,933.2099252705395,449021.58404909685
HKNDDH,predict,30.88388366370744,7.277853788827341e-06,31937.101000000024,3481.279693775171,4243542.747604946
METSOX2tex_reverse_num4,predict,30.8573611010153,0.0002920144026203,40367.58979999997,2751.8734835057,105670.68207638532
HSDy_reverse_num1,predict,30.850187825738136,0.0003211651480414,88886.59570000051,1249.4648411049072,96057.08469264346
GALS3,predict,30.841670139840925,0.0009023989048289,50656.53130000002,2191.8202777422957,34177.42416884768
IPMD,predict,30.766349667515858,3.5368869422673474e-05,39516.55920000006,2802.8467317330837,869870.8827767298
SBTPD_reverse,predict,30.75210618150201,0.0001055391081107,27857.5543,3974.0596414598836,291381.1451698655
26DAHtex_num3,predict,30.680785484172283,0.0003504422506126,41219.34330000004,2679.587273847231,87548.76282908213
RMNtpp,predict,30.6579463119718,0.0005791176990345,37319.3743,2957.4077484760633,52939.05947458429
HACD7_reverse_num2,predict,30.65638110884947,3.52166210790696e-05,77071.2984000004,1431.9594230665966,870508.8725013874
3CMPtex_reverse_num2,predict,30.642247410287293,1.9306271702742347e-05,39332.7982,2804.582834816829,1587165.4497608016
GLYCLTDy_num2,predict,30.621109510280476,4.22040193197134e-05,35395.09920000004,3114.442302142484,725549.6041339699
GAMtex_reverse_num4,predict,30.592654415112573,0.0001494036573342,40367.58979999997,2728.266820983336,204765.09719357188
TALA_reverse_num1,predict,30.458959074425312,0.0002429547895249,35658.36250000007,3075.078185879425,125368.8356339385
ICDHyr_reverse,predict,30.3866083344756,6.968750361011002e-05,45756.18410000003,2390.75421510318,436040.9938700576
GALCTNt2pp,predict,30.359179469919592,0.0003685669590378,47076.14710000002,2321.6225801051273,82370.86566082005
ALATA_L_reverse_num2,predict,30.339627567415032,0.0003735845329695,46215.67400000004,2363.3250321675287,81212.21541549206
SULFACabcpp,predict,30.31143404328752,4.022592279904743e-05,27737.769100000016,1196.2397257751709,753529.8616941936
UAMAGS,predict,30.307166095869636,8.60206534713676e-05,46973.09410000008,2322.729639926583,352324.2950712706
ARGtex_num4,predict,30.243534406759064,6.549460112670414e-05,40367.58979999997,2697.1321400103184,461771.4114824627
TRPt2rpp_num3,predict,30.23597265510031,0.000129372626103,31539.063700000024,3451.259764517392,233712.28957683785
TRPt2rpp_reverse_num3,predict,30.23597265510031,0.000129372626103,31539.063700000024,3451.259764517392,233712.28957683785
5DGLCNt2rpp_reverse,predict,30.10759606243085,0.000352168724114,46040.72780000005,2354.1623037668605,85491.96450700365
5DGLCNt2rpp,predict,30.10759606243085,0.000352168724114,46040.72780000005,2354.1623037668605,85491.96450700365
3AMPtex_reverse_num2,predict,30.10473677809617,8.4662293464379e-06,39332.7982,2755.386277123457,3555861.239544911
RBP4E_reverse_num3,predict,30.03988917510859,0.0002586585740993,25518.61049999999,4237.832660614142,116137.22560604608
GLYK,predict,30.02561112929726,0.0001553224921563,56230.10950000007,1922.3188613116608,193311.41750598932
LPLIPAL2A180,predict,30.02022153082153,0.000159123405934,38977.781800000055,2772.676959029961,188659.99853769524
DHFR_num2,predict,30.006908261426823,5.489043947296744e-06,17999.166999999994,6001.6593957451805,5466691.203338732
CRNDtex_reverse_num4,predict,30.001093797776715,4.876406047007661e-05,38921.51909999999,2774.9157835927376,615229.6078007383
PUNP2_reverse,predict,29.943635746101982,4.297264269504045e-05,25949.64089999999,4154.087877415181,696806.9420026111
RBP4E_reverse_num2,predict,29.90902820937319,0.000263016882245,25560.5675,4212.445656918356,113715.24121981248
PMANM,predict,29.874928087094567,0.0001574344189673,50461.98290000008,2131.302317760095,189761.09724328932
FUSAtpp,predict,29.800757895140556,5.205250461278932e-05,53740.044600000125,513.3581191136864,572513.4288315974
FCLK,predict,29.786282818625946,0.0002384883426216,52258.08010000006,2051.943315595578,124896.17937379295
PUNP4_reverse_num1,predict,29.781254988953982,3.938464184811963e-05,29834.296999999995,3593.599606527828,756164.1693683664
METDtex_num4,predict,29.74096492892257,0.0003376488469704,40367.58979999997,2652.3127656266793,88082.53069950455
METDtex_reverse_num4,predict,29.740858802525427,0.0003376488469704,40367.58979999997,2652.303301226362,88082.21638953994
GLCRt2rpp_reverse_num2,predict,29.666345577962907,0.0001530677974193,49141.49909999999,2173.292350388767,193811.80155547426
G3PD5_num2,predict,29.646662091751462,5.976642925990971e-05,56749.83740000007,1880.6747018151832,496042.0500081294
ACM6PH,predict,29.607188006476623,7.266045017660926e-05,31219.584300000024,3414.0709818264863,407473.22559264465
2DGULRx,predict,29.569267986323528,0.0004424685102215,35395.09920000004,3007.4605568774496,66827.96018980228
PPM2_reverse,predict,29.523599533507944,0.0001359921774135,44369.43790000008,2395.4542439814954,217097.77793863844
LPLIPAL2A160,predict,29.47504030893099,0.0001560678186154,38977.781800000055,2722.3238525120846,188860.46188398855
AGMHE,predict,29.44771487927568,0.0001061428119317,34892.73210000001,3038.219342113151,277434.8478559667
FACOAE120,predict,29.444344423849675,2.5269905990350655e-05,31965.918600000045,3316.0204545430674,1165194.0626567046
MINCYCtex_reverse_num3,predict,29.427966433407367,1.872197848362069e-05,39332.7982,2693.4437418252774,1571840.628871197
MINCYCtex_num3,predict,29.427966433407367,1.8721916815876665e-05,39332.7982,2693.4437418252774,1571845.8063253276
3UMPtex_reverse_num4,predict,29.392091158757253,2.436165727034645e-05,40367.58979999997,2621.2000442871667,1206489.8061977893
PUNP3_reverse_num2,predict,29.352690148446747,0.000134333422633,25949.64089999999,4072.1058507753114,218506.23302168466
HPPPNtex_num4,predict,29.348557195253303,3.554807265350673e-05,38921.51909999999,2714.5601802297565,825601.924507098
TMAOR2pp,predict,29.345560563954106,3.9233453645171546e-05,94454.80350000031,765.1988161508783,747972.9118256113
G3PGabcpp,predict,29.332699469454187,0.0002409694913505,33263.45020000002,691.382346370243,121727.85569268839
GLYCLTt4pp,predict,29.215045716578864,7.64068785357061e-05,59196.403900000085,1776.6985433330312,382361.46112062706
SUCASPtpp_num1,predict,29.204253834451464,0.0006995796836304,45750.16070000011,2298.0315739967446,41745.4287450128
3GMPtex_num1,predict,29.19942042848325,1.2987124170392868e-05,39332.7982,2672.5256872911655,2248336.124717282
3GMPtex_reverse_num1,predict,29.199316234510523,1.2987109911082097e-05,39332.7982,2672.5161507639164,2248330.5704215458
AMPTASECG_num3,predict,29.19427529339103,0.000566078006392,54879.20500000006,1915.1041101307424,51572.8838847953
3GMPtex_reverse_num3,predict,29.17351963692592,1.3704170121006855e-05,40367.58979999997,2601.7077366589124,2128806.004254603
GLGC,predict,29.158172673012803,6.728991826254833e-05,48697.10570000008,2155.5577095179583,433321.564743844
HEXt2rpp_reverse,predict,29.15519548090492,6.76206833870065e-05,47527.18760000007,2208.392901650624,431157.95375867456
HEXt2rpp,predict,29.155139461386774,6.7620831876528e-05,47527.18760000007,2208.388658389545,431156.178537148
3UMPtex_num4,predict,29.08471216087103,1.8450530336830194e-05,40367.58979999997,2593.787845593293,1576361.851388809
ALR2_num2,predict,28.936407801389706,0.0004464887828784,29436.42240000003,3538.8494793784057,64808.812474176884
ACONTa_num2,predict,28.91282747347112,0.0002269265273872,97676.06830000057,1065.6262144459743,127410.52272014793
MTHFD,predict,28.911557698392475,2.6977142199766132e-05,31043.375400000023,3352.779985201378,1071705.7234714474
UACGAMtex_num3,predict,28.883168987599745,2.265198961037249e-05,41219.34330000004,2522.5876986584353,1275083.0935563364
23CGMPtex_num2,predict,28.84526571724685,2.0887900528928278e-05,39332.7982,2640.1110862763044,1380955.720145171
XYLK2_num2,predict,28.84455313093216,0.0003806337366772,55154.22840000014,1882.7276581273957,75780.33776704888
BPNT,predict,28.800715454556197,1.0580636981228343e-05,27175.541600000004,3815.290129724675,2722020.943129704
ALAALAtex_num2,predict,28.768486986260932,0.0002212619863765,39332.7982,2633.083784782425,130020.01589784336
CITt7pp,predict,28.75881521793071,0.0001230182080575,53091.92080000001,1950.0468851854114,233776.89914397502
ALCD2x_num3,predict,28.753147888897345,6.638517056549976e-05,39358.55440000008,2629.9576795439984,433126.0678245557
PACALDtex_num3,predict,28.749912171339076,7.401762990233664e-06,41219.34330000004,2510.9493633495267,3884197.8876212947
NI2t3pp_num1,predict,28.74398622812621,2.7358140916250665e-05,32926.87360000004,3142.6715964085406,1050655.6829324744
URIH_num1,predict,28.7060134616526,0.0002936454439764,33747.65119999997,3062.1878793730525,97757.39433559771
ARGSL,predict,28.664455570317845,0.0001197720687063,50317.636600000085,2050.812538622771,239325.04364275123
E4PD_reverse_num1,predict,28.66414871633232,8.635469857626874e-05,37298.93400000008,2766.5920795161633,331935.0213586358
METDtex_num2,predict,28.610916051673904,0.0001621374922049,39332.7982,2618.661842015249,176460.82755194636
GLCURt2rpp_reverse_num2,predict,28.606479226430835,0.0001087144586839,46891.77140000005,2196.191829408068,263134.08145284076
APPLDHr_reverse,predict,28.55787631218013,0.0003148582394343,38711.74710000004,2655.740503219199,90700.7431772773
PGMT_num2,predict,28.54702158480489,0.0001218468976346,28556.028300000035,3598.8645418626893,234285.99446506216
OROTtex_num3,predict,28.53636680594349,7.768334726776905e-05,39332.7982,2611.8385978802944,367342.1371453091
OROTtex_reverse_num3,predict,28.53636680594349,7.768334726776905e-05,39332.7982,2611.8385978802944,367342.1371453091
HPPPNtex_num2,predict,28.52787716858176,3.6017399730404136e-05,41219.34330000004,2491.5573511064217,792058.2102571918
NI2tpp,predict,28.524666801723445,1.5629631750249904e-05,36589.26500000001,2806.5281028794752,1825037.675712824
ALAALAabcpp_num1,predict,28.462722755996147,0.0003050402292156,31970.5441,518.3533537535221,93308.0952279213
GPDDA3pp,predict,28.436874398694837,0.0003123570536222,40842.87450000001,2506.5020297555548,91039.6421945048
PGMT_reverse_num2,predict,28.394155113677595,0.000163308444496,28556.028300000035,3579.592978945158,173868.26015829862
HCINNMtex_num2,predict,28.37592324731173,1.9654598827515493e-05,39332.7982,2597.153733403138,1443729.4546855264
DAAD,predict,28.36283313685942,9.23191882058416e-05,47606.747300000025,2144.7841972747815,307225.76409163803
PUNP4_reverse_num2,predict,28.353398921641105,5.345123271266925e-05,25949.64089999999,3933.4739355837487,530453.6019600659
MANPGH,predict,28.283704928929986,0.0001461444360366,100013.82900000057,1018.072588183254,193532.54695133722
GLCRt2rpp_num2,predict,28.21413578039421,0.0001450405662777,49141.49909999999,2066.906599709718,194525.82477080505
CRNCDH,predict,28.16872772197204,2.348943104627757e-05,28189.895400000005,3597.2967746130525,1199208.6000923384
SUCFUMtpp_num1,predict,28.15911072997465,0.0001400465520287,47934.68860000006,2114.8108309168947,201069.64664295307
PUNP5_num2,predict,28.14122289655249,0.0002232620788726,25949.64089999999,3904.03870396484,126045.69051160145
METSOX2tex_reverse_num2,predict,28.097713722275795,0.0002709391840352,39332.7982,2571.6901423045174,103704.87318890495
HYD3pp_num1,predict,28.09315598773416,4.030594343148943e-05,66252.6147000002,751.765034675086,696997.8518301123
26DAHtex_num4,predict,28.07733690226541,0.0003419972151527,40367.58979999997,2503.9496623143837,82098.14483351575
SPMDabcpp_num2,predict,27.972157476366927,7.520792705866054e-05,28721.51830000001,707.0817050510304,371930.9728421215
GALURt2rpp_reverse,predict,27.931562323186355,0.0001058676096261,46891.77140000005,2144.376750149191,263834.82560751296
GALURt2rpp,predict,27.931562323186355,0.0001058674352689,46891.77140000005,2144.376750149191,263835.2601273569
DHBD_reverse,predict,27.89525240339723,1.8705212341420263e-05,26249.3542,3825.728735537045,1491309.0476726007
MALTATr,predict,27.876108931157617,0.0003869151438929,20095.759199999982,4993.7895430279395,72047.08673505388
ASPK_num3,predict,27.87149533780775,0.0002666027939941,48531.143400000044,2067.4844272494065,104543.14795524819
GAMtex_reverse_num2,predict,27.85668038645297,0.0001386209195395,39332.7982,2549.6291639690844,200955.81878256996
ALLULPE_reverse,predict,27.80460383919098,0.00032547200368,26108.9052,3833.8096926824614,85428.55767873701
ACONTa_reverse_num1,predict,27.796034342369943,0.0001160229020233,93497.01500000064,1070.2558111885294,239573.68638122734
DKGLCNR2x,predict,27.563073573219494,0.0001374861447311,35395.09920000004,2803.4125375071717,200478.91827302508
ARGtex_num2,predict,27.538828367562523,6.0767834921039447e-05,39332.7982,2520.537227458816,453181.0028010039
NADH9,predict,27.53640199689436,1.3525225779823475e-05,47358.13240000004,2093.2212096442304,2035929.1922484825
ASPt2_2pp,predict,27.470171455621628,0.000498127739113,45435.73190000005,2176.5384446296935,55146.841459857016
SUCBZS,predict,27.378687173915782,5.764197459029632e-05,35476.19090000004,2778.2935914378763,474978.3012902688
SBTPD,predict,27.338322956104037,0.0001675685915448,27857.5543,3532.9003250645924,163147.0593866933
FUSAtex_num4,predict,27.30855546670489,4.489025386663519e-05,38921.51909999999,2525.872626593797,608340.4105451507
PERD,predict,27.236539910718868,4.098069748042749e-05,41367.13700000006,2370.2762818366614,664618.749442396
RMPA_reverse,predict,27.22623225755005,0.0002676253136315,30145.13760000001,3251.417771839268,101732.64960667558
LPLIPAL2G180,predict,27.21501712109103,0.0001903928733585,38977.781800000055,2513.587410865119,142941.36456382246
RMK,predict,27.203044964739668,0.0002773171403538,54068.42650000009,1811.2412032753098,98093.63002241457
3HAD121_num2,predict,27.17030716536756,0.0001040330623976,18968.838600000003,5156.515264741786,261169.92559083187
HPPPNtex_reverse_num4,predict,27.10586485370966,5.408140455397105e-05,38921.51909999999,2507.124997424749,501204.8980099825
GLCRt2rpp_num1,predict,27.10309721227257,0.0001493457628012,49008.6523,1990.8964108401171,181478.84950944717
GLCRt2rpp_reverse_num1,predict,27.10309721227257,0.0001493465826804,49008.6523,1990.8964108401171,181477.85323131824
METDtex_reverse_num2,predict,27.081152088265014,0.000313280794219,39332.7982,2478.6476421541265,86443.70350176602
LPLIPAL2G160,predict,27.057902674951197,0.000173866351168,38977.781800000055,2499.0762719551212,155624.72262851047
ACMUMptspp,predict,27.03828736088738,6.07877876370146e-05,9119.2594,691.6512361676322,444798.01637695
ACANTHAT,predict,26.98260760137601,4.62504870069367e-05,32274.188200000048,3009.754630015868,583401.5887730896
ARGabcpp_num1,predict,26.93609823459044,5.749381713727013e-05,28652.6981,896.5216124932299,468504.25968898187
URIH_num2,predict,26.84572937747356,0.0002858356789546,33822.52110000001,2857.404552226143,93920.14837216152
ACACT5r_num1,predict,26.84525040508453,5.8468377645684286e-05,46529.971200000095,2077.0032511497475,459141.359586981
ARGSL_reverse,predict,26.828764228717837,0.0002359000915117,50317.636600000085,1919.477100865744,113729.35066193988
GLUR,predict,26.80785064952309,0.0003958230122562,31001.58050000001,3113.011039494683,67726.86230827698
INSH,predict,26.774508078871165,0.0001074888085031,32560.414300000022,2960.2887787559916,249091.12354798298
3UMPtex_reverse_num2,predict,26.763479018408923,2.2603493530209952e-05,39332.7982,2449.5720842528854,1184041.7049974634
PHEt2rpp_num1,predict,26.721725896233632,0.000172582837205,31539.063700000024,3050.1290127531906,154834.20210836272
PHEt2rpp_reverse_num1,predict,26.721725896233632,0.000172582837205,31539.063700000024,3050.1290127531906,154834.20210836272
CRNDtex_reverse_num2,predict,26.68764067524821,4.821723104737035e-05,40367.58979999997,2380.01592135911,553487.6245595544
HISabcpp,predict,26.628976888828102,0.0001816806088321,28483.02059999997,882.2886703769624,146570.27549614417
GPDDA3,predict,26.5490375281314,0.0002383673984996,27409.26720000002,3487.015336961397,111378.6436200752
FUSAtex_num1,predict,26.54505888790952,4.5482971987998426e-05,41219.34330000004,2318.3826899171922,583626.3051348965
FUSAtex_reverse_num1,predict,26.545015169900605,4.5482971987998426e-05,41219.34330000004,2318.3788716896443,583625.3439398161
GLYCAt2rpp_reverse_num2,predict,26.526004662227464,0.0001021130210783,49008.6523,1948.5052598359018,259771.03000299438
ACSERtpp_num2,predict,26.48443300577073,0.0002648218676384,32323.807,2949.651283983184,100008.48208628224
3UMPtex_num2,predict,26.48368423729165,1.7118968486808238e-05,39332.7982,2423.963399945696,1547037.3847407803
ACACT6r_num2,predict,26.46821200564508,3.570030359243104e-05,40875.8029,2331.0994882090076,741400.1938979786
GALCTt2rpp_reverse_num1,predict,26.42203083812613,0.0001189740071649,49141.49909999999,1935.6208654459642,222082.38141886526
GALCTt2rpp_num1,predict,26.42203083812613,0.000118972896828,49141.49909999999,1935.6208654459642,222084.45404439175
HPPPNtex_reverse_num2,predict,26.347948341675067,5.479548001015242e-05,41219.34330000004,2301.167520784596,480841.6376094043
G5SD,predict,26.34608972257122,0.0001217247483212,44629.54760000013,2125.182263807131,216439.87838077705
CMtpp,predict,26.319064170313496,4.04068807635092e-05,113046.0180000008,453.3812638875112,651351.0489550536
PACALDtex_num4,predict,26.31036031913528,7.223393656030645e-06,40367.58979999997,2346.36988777782,3642382.178239638
XANt2pp_num1,predict,26.15542428966672,0.0001832651478908,48867.48370000003,1926.8339663415109,142719.0308178598
FEENTERtonex,predict,26.146444414397784,9.79678601152454e-06,82105.8793000004,627.4573690484333,2668879.8125875336
HPPPNtex_num3,predict,26.10721609011009,3.5149482996979724e-05,40367.58979999997,2328.253393131645,742748.2245571974
HDCAtexi,predict,26.08516081235851,7.331895310305425e-05,48540.96350000007,1934.584156420597,355776.50400564546
PLIPA2G140pp,predict,25.965589887119247,0.0001489765374426,33162.71369999999,2818.711533659241,174293.14932979748
ADNtex_reverse,predict,25.93511726695449,3.249513974351822e-05,33588.58699999999,2779.706754590069,798122.9645928125
ADNtex,predict,25.93511726695449,3.2494747284555854e-05,33588.58699999999,2779.706754590069,798132.6040126173
AB6PGH,predict,25.862719441350595,9.441518888246765e-05,55360.13120000004,1681.8202553114988,273925.41123383964
LPLIPAL2ATG140,predict,25.78770633495602,4.631843119321757e-05,38977.781800000055,2381.760544563404,556748.2678198334
ASPabcpp,predict,25.782171576819334,0.0003571559386694,33419.769799999995,825.0488560049668,72187.43631387436
5DGLCNR,predict,25.72767315611326,0.0001774705094128,27562.390300000006,3360.3625213161467,144968.7232049927
FACOAL161t2pp_num1,predict,25.62854497306202,1.0977477312767415e-05,62331.2346000001,1480.201098134885,2334647.9562526266
RMPA,predict,25.61199047964239,0.0001723589121786,30145.13760000001,3058.6413951785235,148596.8445490245
26DAHtex_num2,predict,25.566404946310747,0.0003173148189028,39332.7982,2340.0078819390656,80571.10296554494
OBTFL_num3,predict,25.50890342720693,0.0006993227982777,28203.989300000023,804.5667348830019,36476.579184935115
FUMt2_2pp,predict,25.497275877334328,9.117926513290524e-05,45435.73190000005,2020.2204150782807,279638.97098938935
GALCTt2rpp_num2,predict,25.38164680055592,0.0001225052759126,49008.6523,1864.4448315507202,207188.1934184138
PFK_3,predict,25.335845338786683,3.171425826622043e-05,34841.664300000004,2617.815338391629,798878.6975911229
LPLIPAL2ATE140,predict,25.27619802005552,4.586968168338079e-05,38977.781800000055,2334.5174781649516,551043.6761808493
THMDtex_num1,predict,25.26814422529404,6.63673882419205e-05,38921.51909999999,2337.1471955486595,380731.33348546614
THMDtex_reverse_num1,predict,25.26814422529404,6.63673882419205e-05,38921.51909999999,2337.1471955486595,380731.33348546614
QMO3,predict,25.262360395863155,1.600833558728568e-05,11532.275999999994,7886.0840154283,1578075.3881701052
ARAI_reverse,predict,25.256224326834555,0.0024894566848882,56073.35490000006,1621.4904162369694,10145.275666031039
HSK,predict,25.25471307196028,0.0002261238000945,33623.29050000001,2703.987792600399,111685.33812630964
E4PD_num1,predict,25.249424391992005,6.987391094506896e-05,37298.93400000008,2437.011411939307,361356.96500288526
MSO3abcpp,predict,25.18767123209309,6.241014393337968e-05,28925.081700000024,994.0305986369725,403582.9697649779
PYROX,predict,25.11886293612277,3.671791286721663e-05,42218.44650000007,1507.9473243452812,684103.7786368843
UPPDC1,predict,25.08351028530372,3.057233954359519e-05,39247.675600000046,2300.789426293905,820464.2058726134
ASPt2_3pp_num2,predict,24.99033475737212,0.0006926805898716,47934.68860000006,1876.8288217593536,36077.7176707153
FRUK,predict,24.9836955608594,5.355797382179701e-05,33755.29100000004,2664.509810301849,466479.4759411071
FACOAE100,predict,24.978724177417316,4.931016099037928e-05,31965.918600000045,2813.102547245497,506563.42781543185
MMETtex_num3,predict,24.931014983224628,7.825279370014973e-05,41219.34330000004,2177.4159109324914,318595.84564808867
G3PCabcpp,predict,24.828140307284883,0.0001762006241531,33263.45020000002,585.2082560466653,140908.35617989535
POX,predict,24.82730888332015,3.4196473606415576e-05,62010.69860000021,1441.3369627793911,726019.5647384623
FACOAL180t2pp_num2,predict,24.800398059755477,2.8101068872398352e-05,62331.2346000001,1432.3706820195018,882542.8730974399
2DGULRGy,predict,24.77552930815149,0.000408107444521,35395.09920000004,2519.8942092340644,60708.34933489339
PROt4pp,predict,24.77142887155405,0.0004654151121175,54343.51770000012,1640.989536781392,53224.375888551265
THDPS,predict,24.760178258115,0.0001033958816068,29891.73429999999,2981.9829399866585,239469.67590328673
HSDy_reverse_num2,predict,24.741400105804495,0.0009336017914907,89119.2202000006,999.4369360616957,26501.02038289732
DCYTtex,predict,24.655531421036912,6.0408808961624645e-05,33588.58699999999,2642.5616866744917,408144.63726142334
DCYTtex_reverse,predict,24.655484047285277,6.040867630908417e-05,33588.58699999999,2642.556609190706,408144.7492928697
GALCTt2rpp_reverse_num2,predict,24.60185451392856,0.0001237787583775,49008.6523,1807.1640841701499,198756.67551049363
ASNtex_reverse_num3,predict,24.557810718268776,8.375713113040416e-05,41219.34330000004,2144.8211326978494,293202.6250998728
G3PD6,predict,24.547088348300036,7.480480593294508e-05,45356.710000000094,595.3941984181845,328148.54663621495
OCTAtex_num2,predict,24.528559330332367,7.97689749089568e-05,39332.7982,2245.017329817041,307494.97982552357
ALTRH,predict,24.514182214609843,0.000908025768032,54092.46260000005,1631.485270419087,26997.231882240958
PLIPA1G181pp,predict,24.4400681298269,0.0002057561491592,33162.71369999999,2653.107525014663,118781.71432396343
FACOAE180,predict,24.3969970302934,1.893334731628382e-05,31965.918600000045,2747.5884678332413,1288572.8351536926
PLIPA1G140pp,predict,24.38557509995686,0.0001384610496344,33162.71369999999,2647.1919986404705,176118.66416111853
DKGLCNR2y,predict,24.370084372658173,0.0001345585370672,35395.09920000004,2478.6568119455737,181111.39511339582
ADEtex_reverse_num3,predict,24.341317164642344,6.063527256998203e-05,41219.34330000004,2125.9130975216763,401438.24102627527
DAPtex_reverse_num2,predict,24.31501988204193,6.931770162968598e-05,39332.7982,2225.472775424123,350776.4872519776
CRNDtex_reverse_num3,predict,24.30090133635617,4.47373781385096e-05,39332.7982,2224.1805519669897,543190.1096465493
BTNtex_num3,predict,24.29876025056176,1.939107775376169e-05,38921.51909999999,2247.485168224648,1253089.7229705567
FUSAtex_num2,predict,24.292518161449216,4.438686445709058e-05,40367.58979999997,2166.4178073177222,547290.700944491
TCYNTtex_num2,predict,24.262730291977626,0.0007146059210451,39332.7982,2220.686883424415,33952.601815128764
VALTA,predict,24.19069776794657,0.0004041158373389,34093.243900000016,2554.362741780861,59860.80111891221
THRS,predict,24.178091516528816,0.0013106420354433,47113.25360000006,1847.4871253532704,18447.517218804165
ACALD_num1,predict,24.140669985641065,0.0001772235076525,33442.10610000002,2598.71228469991,136215.95862427072
PSCLYStex_num3,predict,24.123421106223816,7.128971309692613e-05,38921.51909999999,2231.267380887139,338385.7229643413
HPPPNtex_reverse_num3,predict,24.11225300812814,5.347488889384431e-05,40367.58979999997,2150.3416790383003,450907.9589860315
UACGAMtex_num2,predict,24.06840524631709,2.0510688903628152e-05,39332.7982,2202.9009593002093,1173456.6966231745
DURADx,predict,24.0477753076296,3.979475718051545e-05,45068.398399999984,968.3953152444087,604295.0632553179
G6Pt6_2pp,predict,23.99428868043424,0.0001240371772067,50605.9889,1706.9015175309273,193444.3303272639
CYANST,predict,23.98985000497877,0.0078195507179019,12082.338199999998,7147.909501318511,3067.93201686856
PACALDtex_num2,predict,23.95735548602349,6.702071678575817e-06,39332.7982,2192.7369446520734,3574619.406504826
ASPT,predict,23.94121016639263,0.0004811598290945,52355.564800000015,1646.2119533664822,49757.29210696549
MMCD,predict,23.927597658529777,3.3739240319028346e-05,29172.249800000016,2952.783969740556,709191.9507457027
ACOTA_num2,predict,23.8765213427602,0.0003659979966907,43766.45330000008,1963.958016994184,65236.75418622012
XANt2pp_num2,predict,23.848624782912967,0.0001456765617687,49107.68880000002,1748.301565731325,163709.41552546358
MELIBt2pp,predict,23.836707135310828,0.0005266601245034,52635.77030000003,1630.3009378988595,45260.13272371249
HPPPNtex_reverse_num1,predict,23.77233982896288,3.261262620139445e-05,39332.7982,2175.803077856443,728930.5584334213
HPPPNtex_num1,predict,23.77230067744436,3.261262620139445e-05,39332.7982,2175.7994944483685,728929.357931558
TTRCYCtex_reverse_num1,predict,23.72229816359005,4.647589320160974e-06,41219.34330000004,2071.849441350127,5104215.6544865295
TTRCYCtex_num1,predict,23.72229816359005,4.647599525889159e-06,41219.34330000004,2071.849441350127,5104204.446068661
PPNDH,predict,23.699095939892565,0.0001745225573367,43110.836000000025,1979.0093002050153,135793.8841921206
BTNtex_num2,predict,23.619418448912132,1.9647112019274285e-05,41219.34330000004,2062.864170281034,1202182.7139653359
2DGULRy,predict,23.605075300100832,0.0003880208191343,35395.09920000004,2400.848507308687,60834.55870426054
ACACT3r_num1,predict,23.60486796193632,4.127244434649725e-05,46529.971200000095,1826.296523969707,571928.0342052153
SDPTA_reverse,predict,23.57285608239954,0.0002798201016785,43766.45330000008,1938.9800977233442,84242.8972793514
SARCOX,predict,23.55621982377196,0.0003965662182512,40901.496100000055,2073.332260469048,59400.47018541192
TUNGSabcpp,predict,23.5286587436658,3.0205023227918656e-05,39101.93910000005,926.6867721050511,778965.0935251771
PUNP1,predict,23.49724039132988,6.785577854808083e-05,25949.64089999999,3259.777880347762,346282.0837680073
PSCLYStex_num2,predict,23.448936359718708,7.223100215590247e-05,41219.34330000004,2047.974667635893,324638.11465756525
DSBGGT,predict,23.44658715943113,0.0001339135790467,27494.67260000001,3069.966134965071,175087.4506255601
DSERDHr_reverse,predict,23.435031234504155,0.000145078153786,27248.61870000001,3096.161070513821,161533.8396783874
FUM_num2,predict,23.429834212851787,0.0001070215896256,50488.33450000006,1670.6315231346427,218926.23997473565
G3PEabcpp,predict,23.423731756906395,0.0001595848736195,39523.22110000002,552.1058380494995,146779.14783299487
F6Pt6_2pp,predict,23.418659376101687,0.0001525902393961,50605.9889,1665.9525006133429,153474.16367380202
PSP_L,predict,23.389448688619684,0.0005159372604628,35042.29220000001,2402.868362561934,45333.901001139464
FORt2pp_num2,predict,23.379570150839395,0.0001012029087498,30564.30340000001,2753.7500672441884,231016.78044293958
PUNP3_reverse_num1,predict,23.339431425930417,8.039765779862565e-05,29834.296999999995,2816.287346517651,290299.892621118
TGBPA_reverse_num2,predict,23.326782156403738,0.0001441600578174,30815.56650000002,1077.5209339194955,161811.68702048212
LSERDHr_reverse,predict,23.30999324338775,0.0001520508857983,27248.61870000001,3079.6414526581443,153303.89639629686
ACOAD6f_reverse,predict,23.30827215100492,2.0584506459491727e-05,89223.37480000046,940.4461547403527,1132321.156053622
PUNP6_reverse_num2,predict,23.201914130742804,0.00013843292797,25949.64089999999,3218.8071963136153,167604.01207269795
GLUR_reverse,predict,23.16269712067557,0.0009130338708804,31001.58050000001,2689.7244685454675,25368.935216325284
GALKr_num2,predict,23.1393054442402,0.0001573849033968,41441.64150000006,2010.0916996558783,147023.66583344535
ALLTNt2rpp,predict,23.12960874040388,0.0002731471030446,52455.427700000015,1587.3779914953195,84678.21361673836
ALLTNt2rpp_reverse,predict,23.12960874040388,0.0002731463532855,52455.427700000015,1587.3779914953195,84678.4460498661
CMtex_num4,predict,23.07941859025557,3.217010570723213e-05,38921.51909999999,2134.703599606421,717418.1769961392
PSCLYSt2pp,predict,23.032257981699093,0.0001802109490067,47575.973000000056,1742.815196530329,127807.20654682744
MICITDr_reverse,predict,22.95187381936313,0.0001856209231961,93497.01500000064,883.7367241051139,123649.17394099763
TMDPP_reverse,predict,22.90840060347784,0.0001476673032497,47206.60120000011,1747.006564253985,155135.2269550191
AGPR,predict,22.8749973545482,7.306035753965825e-05,35951.692100000015,2290.5734241191244,313097.2544465213
CYANSTpp,predict,22.805275651459677,0.004773642985074,11475.176599999995,7154.486175424514,4777.331635978252
AMANK,predict,22.80475609319255,0.0001331865043136,29643.512499999983,2769.4802340138754,171224.22583820228
ACACT2r_num2,predict,22.783564453983832,3.2755810727199953e-05,40875.8029,2006.5864451641582,695557.9467634636
MCPST,predict,22.753384618740487,0.000819593560367,30811.44880000002,2658.49831207761,27761.790378821315
TRE6PP,predict,22.718685757000795,0.0007134362451465,29174.935099999995,2803.340211207629,31844.03078979488
FACOAE181,predict,22.66747083824554,2.9778165134284507e-05,31965.918600000045,2552.809322916934,761211.1335949235
FACOAL181t2pp_num1,predict,22.66408011087287,1.1045435651423089e-05,62331.2346000001,1308.9855980350212,2051895.5364112633
ARBTptspp_num2,predict,22.61259104373051,5.462554253894191e-05,9119.2594,658.056206565845,413956.3653323948
ARBTptspp_num1,predict,22.61259104373051,5.462554253894191e-05,63561.09830000026,584.9659314815233,413956.3653323948
FUMt2_3pp_num2,predict,22.60753917561289,0.0001308898372374,47934.68860000006,1697.8756597619015,172721.88317117942
DHQTi,predict,22.569004667177868,5.06344199159829e-05,27466.33890000001,2958.1087271096153,445724.56255302916
GALCTND,predict,22.5580422590886,0.0003577852926453,42522.38210000004,1909.7931047639706,63049.104372918206
ASNtex_reverse_num4,predict,22.47397026612189,8.173882286284937e-05,40367.58979999997,2004.238879727193,274948.543164504
CYSTL_num1,predict,22.440331944222248,0.0004337744954351,43641.356400000026,1851.115585380844,51732.714072350755
CMtex_reverse_num1,predict,22.434166995340657,3.25948706166821e-05,41219.34330000004,1959.3471102977592,688272.9267180713
CMtex_num1,predict,22.434166995340657,3.25948706166821e-05,41219.34330000004,1959.3471102977592,688272.9267180713
CHLt2pp_num2,predict,22.433458842954916,8.687298315140349e-05,52880.51950000005,1527.2250083442848,258232.85939033038
ACONTb_num2,predict,22.359650585884943,0.0001313880249314,97676.06830000057,824.0989170648808,170180.2778263796
LYStex_reverse_num1,predict,22.354612274282808,0.0002574040905189,38921.51909999999,2067.66349434234,86846.37539837934
LYStex_num1,predict,22.354612274282808,0.000257404373138,38921.51909999999,2067.66349434234,86846.28004473732
FACOAL60t2pp_num1,predict,22.31769116068017,1.2114243503173311e-05,62331.2346000001,1288.9795733076735,1842268.661252688
ACGK,predict,22.31010849500569,8.227094515778276e-05,27159.2235,2957.2417849877215,271178.4634565508
ADEtex_reverse_num4,predict,22.27585327660719,5.91740052869174e-05,40367.58979999997,1986.5707165847673,376446.603007488
PPM2,predict,22.26115278438865,8.061333332868367e-05,44369.43790000008,1806.2016067099871,276147.28066911147
ALR2_num4,predict,22.231390347810237,0.0003035276352468,38831.70450000006,2061.022205505214,73243.38138019548
CDAPPA140,predict,22.16214595329679,2.456050721109675e-05,28450.435500000025,2804.3059457514587,902348.8710071773
FUSAtex_num3,predict,22.119895336153267,4.118345032398807e-05,39332.7982,2024.5603377934033,537106.4144003767
OXCDC,predict,22.060400169393304,8.207110718894998e-05,60580.53590000012,1310.9398824221319,268796.18083626276
MDDCP1pp_num4,predict,21.92944985565424,0.0008286037259972,43345.53450000004,1821.3183985620296,26465.545794236925
VALTA_reverse,predict,21.90946250822567,0.0002432983448406,34093.243900000016,2313.480795812814,90051.8354228013
METSOX2tex_num1,predict,21.869236299643102,0.0002339942774363,38921.51909999999,2022.7692160842507,93460.56040022834
METSOX2tex_reverse_num1,predict,21.869194279548253,0.0002339938920628,38921.51909999999,2022.7653294851416,93460.53474626137
ACOAD1f_reverse,predict,21.84980162347734,2.102916816490097e-05,89223.37480000046,881.5995362295803,1039023.5815388104
DURItex,predict,21.82055321289948,5.715344431449755e-05,33588.58699999999,2338.710811694405,381788.9450866302
DURItex_reverse,predict,21.82055321289948,5.715256579200402e-05,33588.58699999999,2338.710811694405,381794.81376761396
TALA_num1,predict,21.8155944592799,0.0002171639341014,35658.36250000007,2202.460644495593,100456.80259731149
LYStex_num3,predict,21.729547187658525,0.0002608027807873,41219.34330000004,1897.8072820381544,83317.92752386427
PYNP2r,predict,21.676825131285955,0.0001506543288529,27158.7802,2873.345927098354,143884.5156082529
MOBDabcpp_num1,predict,21.669882521408667,2.809637948655593e-05,39101.93910000005,853.4780373346168,771269.5698667392
LCTSt3ipp_num3,predict,21.626439158865697,0.0003228446735823,42537.696100000045,1830.2632279117818,66987.13322074572
BTNtex_reverse_num1,predict,21.61516919336397,1.917365153499317e-05,40367.58979999997,1927.6506098491502,1127337.1247993566
BTNtex_num1,predict,21.61513359456709,1.9173630483138097e-05,40367.58979999997,1927.6474351322702,1127336.5059150446
DAGK181,predict,21.54648382239923,5.911770259613044e-05,13244.52499999999,5856.558975171801,364467.5431587147
PPS,predict,21.462216712874124,8.547281786540624e-05,87434.09980000049,883.6824573373879,251099.90812132347
3HAD120_num1,predict,21.440130366920087,8.829763625932619e-05,17032.75699999999,4531.531173779579,242816.58349212643
HSDy_num1,predict,21.424246506876223,8.30345949251709e-05,88886.59570000051,867.7043688911799,258015.90922654973
FBA_reverse_num3,predict,21.41017853739122,0.0001351320993887,39146.79310000004,1968.9133293170908,158438.8804306668
POAACR,predict,21.397141733773072,0.0001996138574048,13762.69239999998,5596.99425103646,107192.66694186206
ALPATG160pp,predict,21.376700703011142,0.0001380230772751,8323.394100000001,1176.9063089640224,154877.7286018937
IDONt2rpp_reverse,predict,21.371660959555605,0.000434427948141,46040.72780000005,1671.0852136963852,49194.94947553217
IDONt2rpp,predict,21.371660959555605,0.000434427948141,46040.72780000005,1671.0852136963852,49194.94947553217
TRPAS2,predict,21.31109529414785,0.0002764954957096,52772.859400000045,1453.7765042712883,77075.74128632694
MTHFC,predict,21.264401788988646,5.720052776443723e-05,31043.375400000023,2465.9640085516944,371751.8460067281
PLIPA2E181pp,predict,21.216471098152287,0.0001470147069727,33162.71369999999,2303.1678482134666,144315.29698652594
UAGDP,predict,21.206986412747614,0.0002555910055326,49189.49640000002,1552.06205944998,82972.35017545529
ISETACabcpp_num1,predict,21.193922078404995,1.2888328307003808e-05,28296.39950000001,825.9732644664019,1644427.5451058878
FCLPA_num2,predict,21.185790759980428,0.000178651542036,23775.04630000003,3207.9368331631576,118587.22582820633
CDAPPA141,predict,21.1625307961283,2.6000679806660544e-05,28450.435500000025,2677.8187935317133,813922.2110149264
MTHFC_reverse,predict,21.094021473097943,3.678000968778624e-05,31043.375400000023,2446.205553509253,573518.6491835744
GMHEPPA,predict,21.07249333841982,2.334596049079053e-05,21294.00769999999,3562.550417332261,902618.3928792502
ACOTA_num1,predict,21.009563079606995,0.0003723155447402,43664.844600000026,1732.1583937707442,56429.45446789595
GAM6Pt6_2pp,predict,20.98697472988497,0.0001755265448114,50605.9889,1492.9677429460507,119565.81696765628
ALLK,predict,20.98006878119789,0.0001504561301786,33820.571000000025,2233.204389491601,139443.09717585685
ALPATE160pp,predict,20.976452560657847,0.0001256741008401,8323.394100000001,1154.8704218347998,166911.49903150686
GALUi,predict,20.970873978235385,0.0001005717982189,32941.8982,2291.766730116584,208516.44645540824
SERD_L_num4,predict,20.95415863435737,0.0004579842309702,52772.859400000045,1429.4273977446533,45753.013351502945
DHPTDNRN,predict,20.953899809581007,1.6593601737174518e-05,23904.896500000003,3155.5894548420915,1262769.839934036
THYMtex_num1,predict,20.94110634847426,5.780054005132584e-05,39332.7982,1916.6697083480663,362299.4928746156
THYMtex_reverse_num1,predict,20.941066111711397,5.780054005132584e-05,39332.7982,1916.666025611192,362298.79674335406
KG6PDC_num1,predict,20.914543927614336,0.0001685514497913,23577.805199999995,3193.3573757497843,124084.03459899439
LCTStpp_reverse,predict,20.91295952037417,0.0003405682448339,46502.69560000004,1618.9739820877596,61406.07598507524
LCTStpp,predict,20.912775828749115,0.0003405695535903,46502.69560000004,1618.9597616250173,61405.3006450097
DADNtex_reverse,predict,20.896399319350618,3.224808381288674e-05,33588.58699999999,2239.660678481719,647988.8678222845
DADNtex,predict,20.896399319350618,3.224808381288674e-05,33588.58699999999,2239.660678481719,647988.8678222845
UACGAMtex_num4,predict,20.895739707828845,3.372350017559689e-05,40367.58979999997,1863.4915614452636,619619.5412405467
RFAMPtpp,predict,20.84228300645089,1.5748870523440095e-05,113046.0180000008,359.0363453129324,1323414.4617183772
PLIPA2E120pp,predict,20.82988931067252,0.0002123116938031,33162.71369999999,2261.202210313117,98109.94833845737
BTNtex_reverse_num3,predict,20.805660845238297,3.441784664851062e-05,38921.51909999999,1924.395058949739,604502.1078080325
MMETtex_num2,predict,20.77506703214837,7.085560682638334e-05,39332.7982,1901.4726828088762,293202.8665431272
3HAD60_num2,predict,20.723016846061057,7.407136771908586e-05,17032.75699999999,4379.963892270631,279770.9490751227
GLYt4pp,predict,20.701725290594155,0.0005863913062399,51662.291000000056,1442.5649657336892,35303.60199802284
ACACT2r_reverse_num1,predict,20.65825512252825,6.465600457525464e-05,46529.971200000095,1598.318600315436,319510.23355431156
DTARTD,predict,20.53700335659861,0.0001037191925262,60297.86670000006,1226.1331309048605,198005.8160538693
CMtex_num2,predict,20.53042580654274,3.180935723463355e-05,40367.58979999997,1830.9127017425728,645420.9575850694
MELIBt3ipp,predict,20.50846518626088,0.0004949852270113,42537.696100000045,1735.6481765484966,41432.479328908725
SGSAD,predict,20.481186582245105,3.683654879205661e-05,53025.6779000001,1390.501255545141,556001.776872801
ASNtex_reverse_num2,predict,20.46410322194737,7.583953946762644e-05,39332.7982,1873.0112010950324,269834.22322445485
3HAD180_num2,predict,20.44797141933866,0.0001039905797658,17032.75699999999,4321.830993632988,196632.9206490635
HISTD,predict,20.42908200639428,0.0001407645479414,46109.79900000007,1594.9905837372942,145129.45414991045
SSALx,predict,20.40611510756378,3.101139898038061e-05,49717.307200000105,1477.594393672823,658019.8178248497
METSOX2tex_num3,predict,20.323947985417107,0.0002311523309725,41219.34330000004,1775.0455705950444,87924.47776715274
DSERDHr,predict,20.29627412206477,0.0001334512298059,27248.61870000001,2681.4785602116826,152087.57649955692
ADEtex_reverse_num2,predict,20.283665036470293,5.4903398494413655e-05,39332.7982,1856.4962950256884,369442.79575943056
PLIPA1E181pp,predict,20.243000736005857,0.0001505414773519,33162.71369999999,2197.4921385767384,134467.92931815458
CRNCDH_reverse,predict,20.23014154351919,3.1237317292165895e-05,28189.895400000005,2583.496977312979,647627.3667903219
BTNtex_reverse_num2,predict,20.223945386892503,3.48722900888948e-05,41219.34330000004,1766.311580049189,579943.1392471952
EAR181x,predict,20.18901374553775,3.973363400185942e-05,27863.63610000001,2608.433774511427,508108.9171101984
PPND,predict,20.188481751943275,6.593711540432167e-05,42042.020000000055,1728.7117580695624,306177.8124224718
TARTt2_3pp,predict,20.103366499596056,0.000170267419324,47934.68860000006,1509.806812399856,118069.36746566636
GLUt4pp,predict,19.966662899284483,0.000274593608297,42424.63480000005,1694.298295702101,72713.50204804684
TTRCYCtpp,predict,19.96248160885335,6.05236625809482e-06,53740.044600000125,343.8805834274967,3298293.718122933
DOXRBCNtpp,predict,19.95861894056753,1.6018990479814938e-05,42196.17500000005,343.8140437732722,1245934.877464145
LSERDHr,predict,19.924424501501576,0.0001483322421221,27248.61870000001,2632.3509824520265,134322.95107560462
LYStex_num4,predict,19.88567029695312,0.0002545176177998,40367.58979999997,1773.4131124427763,78130.82044715235
DPR_num1,predict,19.84269362964605,2.7410126107512504e-05,33870.375600000014,2109.03173647492,723918.3633017875
FALDH2,predict,19.819999692774772,6.556482322724451e-05,39358.55440000008,1812.8714324423722,302296.2423627623
PLIPA2E140pp,predict,19.704538771306296,0.0001383542176914,33162.71369999999,2139.0390490481086,142420.94747886475
BTNtex_num4,predict,19.682002841089364,1.778984393703001e-05,39332.7982,1801.4281584451755,1106361.7483524282
ACHBS_num1,predict,19.65240319262942,0.000561916695657,11105.639399999996,988.8616704572518,34973.87307499662
CDAPPA181,predict,19.64344517140789,2.2719515165652583e-05,28450.435500000025,2485.600004859973,864606.7060931344
DHPPD,predict,19.56958029361634,6.382443129575625e-05,28499.26899999998,2472.01038935486,306615.81930801383
PSCLYStex_num4,predict,19.539945902298395,6.540283598203335e-05,39332.7982,1788.4261600354237,298762.97577778075
AGMtex_num1,predict,19.463868177073763,0.0001013627649185,38921.51909999999,1800.2875287944648,192021.87502209068
AGMtex_reverse_num1,predict,19.463798723032543,0.0001013627649185,38921.51909999999,1800.2811047248456,192021.1898193806
FRULYSK,predict,19.42932671644757,5.728808037327529e-05,28331.515599999995,2468.8257828046185,339151.29621817963
GLXCL,predict,19.427172244593983,0.0002444274498502,64731.0383000001,1080.4371738393422,79480.32128347343
ACOTA_reverse_num1,predict,19.425769833134908,0.0014147193379676,43664.844600000026,1601.5806775431793,13731.182794915467
ASPt2_3pp_num1,predict,19.419889339323216,0.0006835547445403,45750.16070000011,1528.117072199998,28410.144899781742
LEUTAi_num1,predict,19.37587159145481,0.0001835825411336,34093.243900000016,2045.951917448292,105543.10596100884
UACMAMO,predict,19.31209128739559,4.562747308028222e-05,45838.20500000008,1516.715775293208,423255.7707812501
DAGK161,predict,19.299177150826186,6.058981889649619e-05,13244.52499999999,5245.717588435547,318521.78307042643
NI2t3pp_num2,predict,19.288611686810462,1.3620048010378793e-05,34678.008700000064,2002.3930057009743,1416192.6354526866
GLUt2rpp_reverse,predict,19.12776084182472,0.0001994624699883,47158.59530000004,1460.1779080253675,95896.54055194798
GLUt2rpp,predict,19.12776084182472,0.0001994624699883,47158.59530000004,1460.1779080253675,95896.54055194798
SELR,predict,19.11477058876223,1.319568379259158e-05,22751.54820000001,295.28497581706677,1448562.3397170056
DOPAtex_reverse_num3,predict,19.114230175542943,2.130802443730604e-05,41219.34330000004,1669.3916768915271,897043.7513708588
GLYCTO2,predict,19.09207066172023,0.000297331125983,45109.64480000002,500.6615241557645,64211.47667806506
URItex_reverse,predict,19.074700826066035,5.4738475023069006e-05,33588.58699999999,2044.4123765562913,348469.71564383525
URItex,predict,19.074700826066035,5.47385351236558e-05,33588.58699999999,2044.4123765562913,348469.3330388872
GALt2pp,predict,18.98244982407205,0.0003426288231063,50981.91700000004,1340.4129030036145,55402.37290014207
4HTHRS,predict,18.976167020592268,0.0007555529472776,47113.25360000006,1449.9996509290556,25115.601876701006
TARTRt7pp,predict,18.9462298770858,0.0001512469224051,52905.79020000004,1289.2053459492383,125266.8786630923
TARTRt7pp_reverse,predict,18.9462298770858,0.000151247088468,52905.79020000004,1289.2053459492383,125266.74112536277
AGMtex_num3,predict,18.919533519957533,0.0001027011299849,41219.34330000004,1652.3873312617054,184219.33159585725
EAR141x,predict,18.88871614843813,2.474130502841211e-05,27863.63610000001,2440.434474895301,763448.6591045599
DXPS,predict,18.86100324424571,0.0001259653098826,67616.15660000016,1004.1921205454081,149731.72583645617
PLIPA1G160pp,predict,18.859077443523034,0.0001687668148765,33162.71369999999,2047.259443568484,111746.36113932534
ACACT7r_reverse_num1,predict,18.78948744424198,5.769459131300596e-05,46529.971200000095,1453.7330037993013,325671.55805480696
PLIPA1E140pp,predict,18.77940204742243,0.0001386849344016,33162.71369999999,2038.610229015147,135410.54137172215
NOVBCNtpp,predict,18.749049664923447,2.6597010264394413e-05,42196.17500000005,322.9775868459938,704930.7226091843
PSSA140,predict,18.70121821638268,3.967530544717597e-05,141708.5374000001,475.090540162315,471356.6286536001
FORtppi_num2,predict,18.700591965652567,9.293375899052242e-05,30564.30340000001,2202.6391439482054,201224.96032426378
CMtex_num3,predict,18.694340874459314,2.9513633395564984e-05,39332.7982,1711.0307485841051,633413.7387932899
ACACT4r_num2,predict,18.6901592504786,3.228925305702978e-05,40875.8029,1646.0734353360667,578835.2928904162
METSOX2tex_num4,predict,18.599441262043975,0.0002255819705828,40367.58979999997,1658.7066226916118,82450.92111746155
DHBS,predict,18.44303643247568,1.0053889736185776e-05,59111.4352000001,1123.2163613058801,1834418.0129702277
MTRPOX,predict,18.407229300435493,0.0002578457784742,40901.496100000055,1620.1369583047524,71388.52305188047
GLYCAt2rpp_reverse_num1,predict,18.3865051389158,0.0001003252489077,49141.49909999999,1346.9556222817162,183268.97106262378
GLYCAt2rpp_num1,predict,18.3865051389158,0.0001003255242904,49141.49909999999,1346.9556222817162,183268.4680091443
3HAD181_num1,predict,18.381973578351705,9.632032036502232e-05,18968.838600000003,3488.621853847506,190842.11419449263
ACACT7r_num2,predict,18.371037843107302,6.045990184040656e-05,40875.8029,1617.967881804868,303854.90687035106
PLIPA1E120pp,predict,18.367220947871832,0.0002153021385795,33162.71369999999,1993.865641108213,85309.0501982625
GNK_num1,predict,18.299707097346214,0.0001071144002205,21003.7502,3136.532520294703,170842.64169593828
L_LACD2_num2,predict,18.28225520499492,6.83327751604872e-05,53051.31860000006,631.2220396165736,267547.38355140697
FACOAL160t2pp_num2,predict,18.275722561821617,5.135951100186607e-05,62331.2346000001,1055.5318155459368,355839.10760282737
PYDAMtex_num2,predict,18.224765950507525,7.062322164130368e-05,39332.7982,1668.0521199691073,258056.28130463042
ACACT6r_reverse_num1,predict,18.211394153412886,5.101695780967679e-05,46529.971200000095,1409.0062224729306,356967.466020849
EAR181y,predict,18.18752536536609,5.187409840138892e-05,27863.63610000001,2349.8401673182166,350608.99226884916
TGBPA_num1,predict,18.15007191926079,0.0001919122736835,47191.86040000006,832.5171430716792,94574.83656930523
ILETA_reverse,predict,18.14141526002634,0.000197570892366,34093.243900000016,1915.602256202285,91822.30764246068
LYStex_num2,predict,18.10724738743028,0.000236149000328,39332.7982,1657.296037350046,76677.2138026422
ACACT4r_reverse_num1,predict,17.970128069779875,6.606001373733598e-05,46529.971200000095,1390.3395893614354,272027.3135460078
LPLIPAL1A140pp,predict,17.96506792237187,0.0002083706039836,23621.8715,2737.8967208647596,86216.90189939569
PLIPA1E180pp,predict,17.93997567413005,0.0001439093204763,33162.71369999999,1947.4857519536524,124661.6662128186
GLCt2pp,predict,17.929839331908912,0.0002536706210204,50981.91700000004,1266.0846314365156,70681.57621006892
DHPTDNR,predict,17.91271067043159,1.606661958842257e-05,23904.896500000003,2697.5962189819024,1114902.2712493483
UAAGDS,predict,17.872580096438483,0.0001065829626505,53342.99120000008,1206.1807352711494,167687.02663149926
THRt2pp_num1,predict,17.842557095058947,0.0007544363484455,31168.089,2060.8644162371393,23650.18219472478
PLIPA1E160pp,predict,17.822282783360258,0.0001675275682917,33162.71369999999,1934.7095234880294,106384.17882558884
GUAtex_reverse,predict,17.813528200416336,3.320766406795646e-05,33588.58699999999,1909.2408240185518,536428.2222309456
GUAtex,predict,17.813464635378256,3.320766406795646e-05,33588.58699999999,1909.2340111646179,536426.3080632418
HSTPT,predict,17.752205609485745,0.0001912457938212,39359.66870000007,1623.6910092220512,92824.03160240315
GPDDA4pp,predict,17.7355241304628,0.0002715447851827,40842.87450000001,1563.2564468415674,65313.44035397342
HSDy_num2,predict,17.713528577816902,0.0001042361220434,89119.2202000006,715.5437708838977,169936.56546855855
GLYCAt2rpp_num2,predict,17.6624619398614,0.0001033028902447,49008.6523,1297.421169516654,170977.42278094278
PYNP2r_reverse,predict,17.63465540743968,0.0001763894463708,27158.7802,2337.540898349435,99975.68318440492
LPLIPAL2ATG160,predict,17.618364877621747,7.645320070920928e-05,38977.781800000055,1627.2376371976663,230446.40007464724
MAN6Pt6_2pp,predict,17.578927515064294,0.0001256601651378,50605.9889,1250.5266753957546,139892.60236756087
FUMt2_3pp_num1,predict,17.568189830280968,0.0001291650509304,45750.16070000011,1382.4100816548898,136013.4936171512
PLIPA2E180pp,predict,17.549089508471706,0.0001158737625794,33162.71369999999,1905.0528494746845,151450.07047170468
LPLIPAL2ATG180,predict,17.522293517548214,0.0004829930565721,38977.781800000055,1618.3644566241962,36278.56193608143
DOPAtex_reverse_num4,predict,17.49236918310797,2.0794538915400134e-05,40367.58979999997,1559.9774316768533,841200.1465516207
PHETA1_reverse_num3,predict,17.475965447198515,0.0001704585858799,34093.243900000016,1845.335568373845,102523.23376372227
PPCK,predict,17.47313546429957,0.000106223371879,59642.74990000014,1054.6677974597933,164494.26482340795
SHSL1,predict,17.32748599911786,0.00075044441051,41549.89720000007,1501.3021403293433,23089.63296474172
AGMtex_num4,predict,17.314097676788418,0.000100226105221,40367.58979999997,1544.0790977428715,172750.3791413483
ETHAAL,predict,17.277015365030522,0.0002420832699628,31781.25060000002,766.1293935402143,71368.06838277348
DDPGALA_reverse,predict,17.216655959324136,9.51632732755013e-05,21390.343499999974,2897.56737443543,180917.02152238143
GLNS_num2,predict,17.080991245846995,0.0005588811474011,53176.57960000005,1156.3656208728612,30562.833127001584
PLIPA2G181pp,predict,17.065661870775326,0.0001700449115601,33162.71369999999,1852.5740471833337,100359.73269769797
FACOAL80t2pp_num1,predict,17.015085136654083,1.8541183623626813e-05,62331.2346000001,982.7224967553362,917691.4204642231
PLIPA2G160pp,predict,16.99221991667623,0.0001237072935675,33162.71369999999,1844.6015079892104,137358.27069407632
PGPP180pp_num2,predict,16.98773356161008,8.896422752637609e-05,29020.883700000028,2107.304569150533,190950.1609124135
PGPP180_num2,predict,16.987672943302545,8.896422752637609e-05,29020.883700000028,2107.297049534336,190949.4795339626
3HAD161_num2,predict,16.96134775995345,0.0001122442810975,18968.838600000003,3219.0084603193586,151111.01959145808
MLTP3,predict,16.944516404814006,0.0005009053481245,90521.26860000048,673.8776422464997,33827.78097350729
METSOX2tex_num2,predict,16.93598379933451,0.0002093014181745,39332.7982,1550.094182661132,80916.7178466729
ADPRDP_num2,predict,16.902805668311064,0.0001151325793914,23666.517600000006,2571.147197673046,146811.66493151325
PFL_num4,predict,16.874800808649745,0.000210627434691,14284.00809999999,475.1820150551458,80116.8225469101
BTNtex_reverse_num4,predict,16.852563555864677,3.157576532366063e-05,39332.7982,1542.4590056527645,533718.2925931036
LPLIPAL1A160pp,predict,16.830180057027672,0.0002668876149692,23621.8715,2564.9385234061415,63060.92569702025
FBA3_reverse,predict,16.782046981026653,7.411749463230728e-05,39146.79310000004,1543.303150716984,226424.90904855114
ISETACabcpp_num2,predict,16.779651773925483,1.1228742321890194e-05,28925.081700000024,662.2083933072291,1494348.2798793868
NI2tex_num2,predict,16.749906028795273,1.000213026564596e-05,39332.7982,1533.063104156749,1674633.8613810812
FACOAE80,predict,16.743980675465046,1.8055635454946095e-05,31965.918600000045,1885.7061855771,927354.8259902567
CDAPPA161,predict,16.700590556630754,2.104103933548383e-05,28450.435500000025,2113.223398772601,793715.0960250668
GNK_num2,predict,16.6947101439834,0.0001023095808793,19543.043399999984,3075.312032430951,163178.36511987113
GLU5K,predict,16.691273605336676,0.0003078964990898,39056.05320000002,1538.5216901336055,54210.663825925985
HOPNTAL,predict,16.67215188908398,0.0002314099500416,36470.04080000001,1645.7274377576873,72045.95950211678
LPLIPAL1E140pp,predict,16.661826308391355,0.0003759393848595,23621.8715,2539.2812212279146,44320.51277260664
LPLIPAL2ATE160,predict,16.66071041251127,7.286656956024943e-05,38977.781800000055,1538.788374176811,228646.8336997178
MSO3tex_reverse_num3,predict,16.607476809530443,0.0001110338035995,41219.34330000004,1450.457763947674,149571.3581913646
MSO3tex_num3,predict,16.607476809530443,0.0001110335597788,41219.34330000004,1450.457763947674,149571.6866379471
GPDDA4,predict,16.558085266154322,0.0002072227738659,27409.26720000002,2174.7793008546946,79904.7563993596
MLTP2,predict,16.546953707878455,0.0005684781459495,90521.26860000048,658.0667092900433,29107.457913339702
ACNAMtex_reverse_num1,predict,16.529049888531233,0.0001320624999745,27887.67460000001,2133.723246997167,125160.81318862535
ACNAMtex_num1,predict,16.52899090697105,0.0001320624999745,27887.67460000001,2133.7156331096808,125160.36657009098
GPDDA1pp,predict,16.513141573332355,0.0002190467595232,40842.87450000001,1455.512384761177,75386.37690544511
DHACOAH,predict,16.397300044380213,1.918927838464636e-05,27237.057499999977,2167.2781709172814,854503.2134975928
ATHRDHr_reverse,predict,16.38102841406634,0.0002518964172852,27248.61870000001,2164.208870178025,65030.81143674844
ACOAD3f,predict,16.38033597989208,1.308985320756524e-05,89223.37480000046,660.9166001599302,1251376.59835827
XYLt2pp,predict,16.350602447202352,0.0004063988986013,53607.40820000006,1098.023030517047,40232.89064875937
CHLt2pp_num1,predict,16.33929642345615,8.760352306466823e-05,75841.25630000028,775.5866660721695,186514.1475120197
ASO3t8pp,predict,16.264796587985312,5.092607134131528e-05,45496.8568,1286.973910618527,319380.54830453836
CDAPPA180,predict,16.241793822698106,2.268940148811949e-05,28450.435500000025,2055.1691646939157,715831.7433451276
DHACOAH_reverse,predict,16.229333470882334,1.3639247823498108e-05,27237.057499999977,2145.077547204813,1189899.4490680012
LPLIPAL2ATE180,predict,16.213170665241098,0.000249425828476,38977.781800000055,1497.4534644982764,65001.97178577737
ACOTA_reverse_num2,predict,16.18778798210904,0.0011399360128172,43766.45330000008,1331.5229437518171,14200.611087023277
THRt2pp_num2,predict,16.14609622344079,0.0008222953925137,22473.832099999992,2586.383405631426,19635.39668401071
EAR141y,predict,16.128820927560447,3.0217263168213816e-05,27863.63610000001,2083.85420807364,533761.8048919367
ACOAD8f_reverse,predict,16.00896835315182,1.3057871278605807e-05,89223.37480000046,645.932595584204,1226001.3911594555
GLNS_num1,predict,16.005642217984402,0.000671148624739,51903.16590000002,1110.1502381523094,23848.133823128617
MICITDr,predict,15.973751722184176,0.0001602329136729,93497.01500000064,615.0517874807301,99690.8272840438
AGPR_reverse,predict,15.946274996283275,2.368919716370652e-05,35951.692100000015,1596.770183360014,673145.4378164434
DOPAtex_reverse_num2,predict,15.92795429429362,1.9293769240665997e-05,39332.7982,1457.8325998544656,825549.1239483595
UGMDDS,predict,15.924028671180288,9.513517088278443e-05,47446.580300000096,1208.232560782656,167383.1930233268
DAPE_reverse,predict,15.841996349074329,0.0003262136435257,30208.231199999995,1887.9353272649607,48563.25498178083
DHCIND,predict,15.81861454612176,3.569532586477897e-05,28499.26899999998,1998.1920366462161,443156.4683299386
PLIPA1G180pp,predict,15.795046137394053,8.927039072066069e-05,33162.71369999999,1714.6415281032505,176934.88299854004
GSPMDS,predict,15.783175460815734,0.00018486401404,70531.09490000029,805.594067970954,85377.21926453811
THRD_L_num2,predict,15.781537930147037,0.0013867922438477,56194.57980000006,1011.0145275706692,11379.886208737835
AGMtex_num2,predict,15.765682603344406,9.299275531224486e-05,39332.7982,1442.98041251588,169536.67573788358
PSSA141,predict,15.735933077356778,4.746228974104024e-05,141708.5374000001,399.7596765717827,331546.01607326267
THRD_L_num1,predict,15.712069510046003,0.0042265763816671,35232.01880000002,1605.4558371252226,3717.4460109599745
PPC,predict,15.653872831055628,5.178856474689192e-05,99061.43350000068,568.8787270759601,302265.0445626627
AKGt2rpp,predict,15.625848278034027,5.198904803982375e-05,47051.96620000007,1195.551606957552,300560.38468072325
AKGt2rpp_reverse,predict,15.625848278034027,5.198904803982375e-05,47051.96620000007,1195.551606957552,300560.38468072325
TARTD,predict,15.600999670275618,8.812881903819106e-05,32733.19750000004,1715.7993444726003,177024.94871189466
GLNabcpp,predict,15.53976747905914,0.0001865501419001,27189.7636,714.614189523563,83300.75399985965
URACPAH,predict,15.530249791058212,0.00016455477957,25208.35700000001,2217.8716069361258,94377.3850364024
ACONTa_reverse_num2,predict,15.479480927936082,0.0001623920827112,97676.06830000057,570.5198039852877,95321.64788763116
GPDDA1,predict,15.416880521140332,0.0001671601871647,27409.26720000002,2024.890686464801,92228.18413065278
TAUDO,predict,15.392879682902544,0.0004356964266595,32409.08780000003,1709.8403756507182,35329.36866368242
PLIPA2A140pp,predict,15.362859483551178,4.632529722131858e-05,33162.71369999999,1667.7252242111977,331630.0251708109
HISTP,predict,15.3473953038631,0.0001720807605991,40289.52810000005,1371.339544031718,89187.16566820758
INOSTt4pp,predict,15.304095186403936,0.0002917272687294,62084.20460000012,887.4196428225491,52460.283377210406
KG6PDC_num2,predict,15.29927341174306,0.0001234193397509,23444.48599999997,2349.2681512520717,123961.71817659958
POR5_reverse_num2,predict,15.227960604904382,0.0001478415362806,19699.9514,369.10579479563114,103001.9099368803
DOGULNR,predict,15.220405192089393,0.0002564660958437,36572.32660000003,1498.2218465565647,59346.65610289975
MSO3tex_reverse_num4,predict,15.19828707211442,0.0001083579672812,40367.58979999997,1355.390146666917,140259.98690685394
MSO3tex_num4,predict,15.1982620415107,0.0001083576698503,40367.58979999997,1355.3879144263044,140260.14090657028
PLIPA2G180pp,predict,15.196176302716747,9.261543859901544e-05,33162.71369999999,1649.6308228774506,164078.21992302578
ACOAD3f_reverse,predict,15.184676510470156,1.0107514986093178e-05,89223.37480000046,612.6739272105216,1502315.5079525076
ACOAD6f,predict,15.15826166789874,1.577827637139138e-05,89223.37480000046,611.6081366206648,960704.5352167345
PLIPA2E160pp,predict,15.066826547083757,0.0001207754871545,33162.71369999999,1635.5891758490664,124750.69984863546
GSPMDA,predict,15.048562029226607,0.0002894347770447,70531.09490000029,768.0984306570799,51992.929747010065
NI2uabcpp_num1,predict,15.027200972773349,9.180408676885878e-06,30361.609100000027,299.1000394063891,1636877.1262447527
PSERT,predict,15.005709599445634,0.0001839595536949,39782.842400000045,1357.8857441821256,81570.7001786537
ALAALAr_reverse_num2,predict,14.905245325910208,0.000387130373356,32839.329000000056,1633.9823256826185,38501.87521247149
MNNH,predict,14.904979391583655,0.0011245231710147,44837.49560000007,1196.719957073184,13254.48845854757
DOXRBCNtex_num4,predict,14.873710001165932,1.243956634291273e-05,38921.51909999999,1375.7262625496385,1195677.5333763964
LCADi,predict,14.845904410151809,0.0001048277110263,52272.17150000008,1022.4418527657002,141621.94580808075
SERt2rpp_num2,predict,14.841618081319456,0.0004464841257558,48878.40550000002,1093.117186335999,33241.087924897314
SERt2rpp_reverse_num2,predict,14.841618081319456,0.0004464841257558,48878.40550000002,1093.117186335999,33241.087924897314
ASPO5,predict,14.83192951111741,0.000524246847588,60336.71520000015,884.9495048418304,28291.88116124575
ACOAD5f,predict,14.825718146535042,1.151564735026556e-05,89223.37480000046,598.1906136947184,1287441.13948515
GLYBabcpp,predict,14.793989663832305,0.0001818521408412,34424.10630000003,398.3862701993847,81351.74870858937
GLYCTO3,predict,14.762430386144857,0.0002137496980731,53811.08310000008,387.1230642462285,69064.0993611896
LPLIPAL1A161pp,predict,14.718190788702367,0.000173678704343,23621.8715,2243.06896425749,84743.78505055663
PGPP161pp_num2,predict,14.674675877783894,7.569520589707409e-05,29020.883700000028,1820.3730012543335,193865.32745201405
ACOAD1f,predict,14.659184143796525,1.545339734608217e-05,89223.37480000046,591.4712712443513,948605.9159355662
UDCPDP_num3,predict,14.643113883549333,8.906821871013421e-05,29758.421400000007,1771.438386203429,164403.35391913741
UDCPDPpp_num2,predict,14.643113883549333,8.906821871013421e-05,29758.421400000007,1771.438386203429,164403.35391913741
P5CR,predict,14.62523454081962,8.830054472046016e-05,28144.588799999987,1870.727077275709,165630.1734844315
CRNCBCT,predict,14.49799052997626,6.918722336996601e-05,45126.25319999997,1156.5942706697965,209547.22308266239
DCYTt2pp_num1,predict,14.481790893717411,6.638072453797783e-05,43475.232800000056,1199.1758033181277,218162.59154315302
UDCPDP_num1,predict,14.47088732605662,0.0001295421976889,22398.3829,2325.8462276669015,111707.9035574875
PTRCabcpp_num1,predict,14.458126603462654,0.0002866729609263,41930.24030000003,349.7964079684625,50434.217990930985
DOXRBCNtex_reverse_num1,predict,14.457872615010706,1.2603814832467936e-05,41219.34330000004,1262.716415330142,1147102.9055240199
DOXRBCNtex_num1,predict,14.457848803822094,1.2603814832467936e-05,41219.34330000004,1262.7143357172188,1147101.0163191298
APG3PAT180,predict,14.449858396932685,0.0001094602244422,22193.16890000001,2343.941528285203,132010.1294380487
PPPNDO,predict,14.387014022148838,1.642387228542946e-05,51108.602500000095,407.8403341794115,875981.8495978179
SHK3Dr_num1,predict,14.36783032231514,4.253762246516689e-05,31227.45460000001,1656.369045216208,337767.5923021
PSSA180,predict,14.360926354446493,8.996842514153636e-05,141708.5374000001,364.82865340763396,159621.84879699958
LYSabcpp,predict,14.3310225614826,0.0001656550440221,27991.30769999997,476.9833902297763,86511.23571927397
FBA_num3,predict,14.279222825812592,0.0001007320952949,39146.79310000004,1313.1395473854352,141754.4505950085
APG3PAT140,predict,14.265656056005454,0.0001114325555789,22193.16890000001,2314.0616841617243,128020.54105188887
SPMDtex_num1,predict,14.238158620818789,3.233761064597514e-05,38921.51909999999,1316.9416872772485,440297.1752209813
SPMDtex_reverse_num1,predict,14.23813517148503,3.233761064597514e-05,38921.51909999999,1316.9395183587817,440296.4500797823
GLYCK2,predict,14.21909924827204,0.0001018954122349,39103.88370000001,1309.0453543308622,139546.02014360254
SADH,predict,14.155436050287744,0.0004073971766381,49297.96500000008,1033.7053422192132,34746.03375286111
LPLIPAL1A180pp,predict,14.114754951883045,0.0001856849286854,23621.8715,2151.104658527118,76014.54276236506
NADS1,predict,14.091640140625293,1.576916663771273e-05,30636.457600000005,1655.867175265428,893619.8382813997
ATHRDHr,predict,14.08767212347732,0.0002433398873189,27248.61870000001,1861.2180016493216,57892.98367273117
PTRCTA,predict,14.074731627205075,0.0005022485301808,49660.81040000007,1020.3021950269705,28023.44015250465
SUCTARTtpp,predict,14.072823253536548,0.0001189741377935,47934.68860000006,1056.8998191579262,118284.72569359858
PROD2,predict,14.05977290009483,0.0001632430109786,143813.43360000025,351.95030932312915,86127.87044180388
UPPRT,predict,14.058588157040669,5.754345543500056e-05,22532.99760000001,2246.0800939039905,244312.54693977925
ACACT8r_num1,predict,13.92734478597523,4.445499937958138e-05,46529.971200000095,1077.551520803665,313290.85547962453
PSSA181,predict,13.920919956024614,4.2230904061929296e-05,141708.5374000001,353.6506181009287,329638.2179176262
ALDD19xr_reverse,predict,13.8586184250024,1.3435532705108944e-05,53698.50160000009,929.0953163208666,1031490.0591721662
SHK3Dr_reverse_num1,predict,13.857032228726764,4.1143723135539725e-05,31227.45460000001,1597.4826210592375,336795.7776469951
LPLIPAL1G140pp,predict,13.851959141438794,0.0002556538739852,23621.8715,2111.054279047266,54182.473066067025
CYSDS_num1,predict,13.843209200795684,0.0004094246949505,52772.859400000045,944.3405888835431,33811.36841896981
MSO3tex_num2,predict,13.839068020861491,0.0001005375175275,39332.7982,1266.6437974174278,137650.78312259
MSO3tex_reverse_num2,predict,13.839068020861491,0.0001005377382997,39332.7982,1266.6437974174278,137650.48085334527
GPDDA2pp,predict,13.801576549201148,0.0004514629114056,40842.87450000001,1216.5078042468365,30570.787102379792
TDPDRR,predict,13.700924200440832,7.698268781612582e-05,32865.93890000004,1500.7429811045788,177974.0950740207
SOTA,predict,13.687782888790757,0.0004071101079881,43664.844600000026,1128.5055254644533,33621.82028944085
O16AT,predict,13.687640117716263,0.0002508286308851,21674.82970000001,2273.3975355653442,54569.68795554412
PPM_num2,predict,13.638046106765172,7.927992783433916e-05,44369.43790000008,1106.5491993612686,172023.94703565832
PHETA1_num3,predict,13.62304666604582,0.0002493680508953,34093.243900000016,1438.4952086581861,54630.280892581584
PACCOAL,predict,13.601816048223595,2.45486448568935e-05,48952.321300000025,1000.2904146979629,554076.0448291741
ALAt4pp,predict,13.594492783228464,0.0005452044488703,51662.291000000056,947.3094025122195,24934.669574683703
QUINDH_reverse,predict,13.569983719861778,0.0001037070081535,31227.45460000001,1564.3907586211776,130849.2450170428
OXCOAHDH,predict,13.565231683707877,1.905495112662202e-05,73001.7750000003,668.9540639436254,711900.6285330034
FLVRx,predict,13.54523627018694,2.0721378694461573e-06,26241.68680000001,1858.2208889358808,6536841.235282921
G3PD7,predict,13.541254850045968,3.729572793839537e-05,44107.56719999998,328.4456576935658,363077.90727166523
POR5_reverse_num1,predict,13.539823906559706,5.855941393688103e-05,128822.93540000058,328.10639463181195,231215.15391451438
GTHS,predict,13.484519834080528,0.000359915857106,35560.487600000015,1365.1182725258773,37465.756420143385
POR5_num1,predict,13.475857734711193,8.440139793799245e-05,128822.93540000058,326.5563220334936,159663.91628503075
ACACT5r_reverse_num2,predict,13.440250374034749,5.292779897861125e-05,40875.8029,1183.70522200862,253935.56190511744
CLPNS180pp_num1,predict,13.402305196504328,0.0003742031861725,47632.91480000005,1012.9192998160912,35815.58279497422
MOGDS_num2,predict,13.330471317046555,3.262340597931978e-05,77951.0022000005,493.14199607178375,408616.7865334736
POR5_num2,predict,13.329435839083516,0.0001818456518108,128822.93540000058,323.08804423737115,73300.8224631735
ACACT1r_reverse_num2,predict,13.310770793400671,4.85866816252072e-05,46529.971200000095,1029.8475073253928,273959.2486698027
QUINDH,predict,13.305875779559829,3.2808072841912e-05,31227.45460000001,1533.943557680022,405567.125008382
DOXRBCNtex_num2,predict,13.230991866315833,1.230005828363826e-05,40367.58979999997,1179.9458663429302,1075685.298492928
OROTt2_2pp,predict,13.211975077353264,4.129968789910998e-05,45435.73190000005,1046.8217037452785,319904.9617427735
XTSNt2rpp_reverse,predict,13.208813105170565,6.872885830304974e-05,46139.31040000012,1030.612004522155,192187.2912092946
XTSNt2rpp,predict,13.208813105170565,6.872893376450006e-05,46139.31040000012,1030.612004522155,192187.08019581114
PLIPA1A180pp,predict,13.205699012386695,6.638582656198187e-05,33162.71369999999,1433.5532633022162,198923.47051003494
GGPTRCS,predict,13.1776473202755,0.0008112000162112,53176.57960000005,892.1132331157261,16244.63394592023
3HAD141_num1,predict,13.150070308343643,0.0001104134340344,18968.838600000003,2495.6853768599785,119098.46318380657
PTRCORNt7pp_reverse,predict,13.129620040161884,0.0020272137702334,46494.34520000005,1016.6103413492687,6476.6825447570955
PTRCORNt7pp,predict,13.129620040161884,0.0020272137702334,46494.34520000005,1016.6103413492687,6476.6825447570955
DXPRIi,predict,13.12268788396128,3.2746065795181994e-05,43387.53750000009,1088.8305514517965,400740.90017531364
PRPPS,predict,13.1224573553961,1.7139995217629434e-05,34217.885000000024,1380.5893169442218,765604.4933955949
METabcpp,predict,13.119640911518632,0.0001700881386113,23255.7965,522.0305765902417,77134.36703249931
CRNBTCT,predict,13.106481513354888,8.549449894268963e-05,45126.25319999997,1045.5849999103766,153302.0448735618
PPM_reverse_num2,predict,13.102262217242712,0.0001001109003224,44369.43790000008,1063.0773391446025,130877.47862668114
DURIt2pp_num2,predict,13.086749199723071,5.638244855836452e-05,43475.232800000056,1083.6583057699693,232106.79093115777
DPCOAK,predict,13.033020268187178,4.7306939280171454e-05,22621.4247,2074.09009767072,275499.12267627777
LPLIPAL1E120pp,predict,12.996363929294263,0.0002710492739512,23621.8715,1980.660598609189,47948.34437237468
HEX1,predict,12.93243750675068,0.000104520164986,34722.67050000003,1340.8178102056527,123731.50681959718
ASR,predict,12.921242676791286,6.158865407360922e-05,15830.087399999986,1157.7019592370218,209799.07535157594
KDOPS,predict,12.920536893639676,2.602101368597208e-05,30832.3438,1508.6083989859646,496542.41182022565
PDXPP,predict,12.914828206203795,4.60054594130309e-05,30200.954500000007,1539.4672887684278,280723.8178029304
GPDDA2,predict,12.885307455701632,0.0003445230888708,27409.26720000002,1692.387706028341,37400.41777151768
P5CD,predict,12.820234536494302,0.0001025557142616,143813.43360000025,320.9216495014511,125007.51058875507
5DOAN,predict,12.79595169021816,9.076694196697296e-05,24353.6853,1891.51767041949,140975.90392407597
CLPNS180pp_reverse_num2,predict,12.699098115601952,5.854167098880503e-05,54821.72320000008,833.9167495589953,216924.07990934202
FLVR_num1,predict,12.658390454714976,2.1308515744663066e-06,26241.68680000001,1736.5577900645435,5940531.29105691
L_LACD3_num2,predict,12.633835012681706,2.241490090798394e-05,53051.31860000006,436.20193545408074,563635.5505003225
ADOCBLabcpp,predict,12.61749811377256,1.4465950839113968e-05,34948.8956,496.98980039070386,872220.4474562817
ADSL2r,predict,12.616144008313029,2.426651339049048e-05,51542.15810000002,881.1838716921494,519899.32815222733
3HAD121_num1,predict,12.554597822098073,8.285673359083687e-05,17032.75699999999,2653.5077180724816,151521.75662747203
GLUN_num1,predict,12.55338140572125,0.0002170038827266,50968.933900000055,886.6611404755407,57848.64882596166
PYDXPP_num1,predict,12.513690416059667,3.4453235665771406e-05,30370.595700000005,1483.3191269216625,363207.9882845885
HPPPNDO,predict,12.486313522885428,2.1281043336237226e-05,34195.63700000003,1314.5164888253871,586734.0865578621
TRPS1,predict,12.461500115715303,0.000167567027694,42982.535800000034,625.6266527636161,74367.2564179612
PSSA161,predict,12.421683653314794,3.924129438603328e-05,141708.5374000001,315.5636348550249,316546.2263073541
GTHRDabcpp,predict,12.399792733446503,0.0001409896805191,34066.01499999999,327.22632073781676,87948.22917388406
CLPNS161pp_reverse_num2,predict,12.38249403388048,6.695062606021523e-05,47632.91480000005,935.8440210753107,184949.63770381617
GTPDPDP,predict,12.36635315653507,3.407930507315468e-05,54870.50270000008,811.3443320709032,362869.87454672094
MLTP1,predict,12.364829149358595,0.0006168454869002,90521.26860000048,491.74504098466326,20045.261596214146
FALDH2_reverse,predict,12.31423989685189,4.020097653333806e-05,39358.55440000008,1126.3437975421857,306316.9345311768
ACACT6r_reverse_num2,predict,12.30409692628087,3.8687882377596246e-05,40875.8029,1083.6422967146445,318034.9031821407
G3PIabcpp,predict,12.301432488960812,7.668178115774303e-05,31499.36120000001,289.9492174864301,160421.8407975603
ILETA,predict,12.264328915488706,0.0002408955541477,34093.243900000016,1295.024440187087,50911.3958490454
NNATr_reverse,predict,12.253756152562786,3.573630498142738e-05,24527.63980000001,1798.5229116592789,342893.7647283686
GGPTRCO,predict,12.250541041841824,0.000127873844138,47168.99020000001,934.9775681784802,95801.77341521991
GCALDD,predict,12.23698363811969,1.816761206393367e-05,52272.17150000008,842.7647031505248,673560.3773933803
CLPNS180pp_num2,predict,12.223894199371353,0.0003382930380875,54821.72320000008,802.7113441362384,36134.04008689539
PTPATi,predict,12.162268354575422,8.136043562151374e-05,17836.435500000003,2454.7598692839447,149486.27378488882
LPLIPAL1E160pp,predict,12.151333286231544,0.0003328086641558,23621.8715,1851.8769704777017,36511.469186220034
DAGK180,predict,12.145367695800172,6.723851637213763e-05,13244.52499999999,3301.2375834452837,180631.1077505122
CYStpp_num1,predict,12.14213769613525,0.0002431891126275,21248.0356,2057.211147843093,49928.78819675503
RBP4E_num3,predict,12.086522872775586,0.0001493530598845,25518.61049999999,1705.08822735439,80925.84699719257
DDPGALA,predict,12.081245685351822,7.578401961747441e-05,21390.343499999974,2033.2765795587443,159416.79718670013
IPPS,predict,12.055010103342116,9.829918027740536e-05,57297.24130000005,757.4192995576486,122635.91689495533
DOXRBCNtex_num3,predict,12.047689567309106,1.1412359163059872e-05,39332.7982,1102.684894722613,1055670.382886801
RBP4E_num2,predict,12.033871078812744,0.0001518696910264,25560.5675,1694.8737888439243,79238.13499245782
TMPK,predict,12.033785196656217,5.753347381265162e-05,35070.44230000001,1235.2746035359346,209161.4567867443
FORCT,predict,12.032939620457205,0.000180870248011,45827.64540000004,945.2500178777656,66528.02079270326
MAN1PT2,predict,12.030925010377196,7.518192038234854e-05,53015.66780000005,816.9533995261278,160024.17800971543
SKMt2pp,predict,11.92221985337708,7.660368948701876e-05,47816.81490000006,897.5920199184457,155635.06057234248
ACOAD7f_reverse,predict,11.918192056170748,1.901352972321959e-05,89223.37480000046,480.87725328020736,626826.9085048466
ACOAD5f_reverse,predict,11.917773321898355,1.3384353685932315e-05,89223.37480000046,480.86035811810444,890425.7614190653
HSST,predict,11.915316825770354,0.0001484506904935,35726.83990000002,1200.6418897623591,80264.47560573707
PSSA120,predict,11.897250494696475,4.910172873432781e-05,141708.5374000001,302.2408004960983,242297.99645279936
ACONTb_reverse_num2,predict,11.870889856234903,0.0002893907668545,97676.06830000057,437.51969367961755,41020.278515669976
TRPt2rpp_num1,predict,11.861991148788857,0.0002425328844031,44332.01690000004,963.2579594103657,48908.795102084885
TRPt2rpp_reverse_num1,predict,11.861971612850477,0.0002425328844031,44332.01690000004,963.2563729863072,48908.714552437246
APG3PAT120,predict,11.827755050106967,0.000103023738964,22193.16890000001,1918.6047009440397,114806.11331957178
FBA_num1,predict,11.80046972071771,8.96958067729358e-05,38108.75040000001,1114.7489893707914,131560.99649775715
HCINNMt2rpp,predict,11.778221869665614,1.7030387779389177e-05,41550.29410000004,1020.4885344192104,691600.3336060302
HCINNMt2rpp_reverse,predict,11.778157209870672,1.703035038212472e-05,41550.29410000004,1020.482932166162,691598.0555651503
PROt2rpp_reverse,predict,11.737901191190968,0.000534223664,54845.15890000003,770.468080242675,21971.885526940958
PROt2rpp,predict,11.737901191190968,0.000534223664,54845.15890000003,770.468080242675,21971.885526940958
ALAALAD,predict,11.72938871568365,0.0004612482247307,21212.805599999992,1990.5806036548581,25429.66690556231
LPLIPAL1E180pp,predict,11.729224517516936,0.0002870622620894,23621.8715,1787.547115522196,40859.51400279879
SERt2rpp_reverse_num1,predict,11.611915192974203,0.000468370406718,46905.789000000026,891.2097117630216,24792.162413381495
SERt2rpp_num1,predict,11.611896068894875,0.0004683698924672,46905.789000000026,891.2082439978044,24792.148803006286
ABTA_num1,predict,11.569883378615293,0.0005945658521156,45774.10639999998,909.9375922063891,19459.380886821917
PTRCabcpp_num2,predict,11.558992297304991,0.0003176060393084,31061.606800000005,292.9076334775504,36394.11996848411
PSSA160,predict,11.533887672611028,7.948317929847904e-05,141708.5374000001,293.00983824422474,145111.05084634852
SDPTA,predict,11.533808524596552,0.0002661620316528,43766.45330000008,948.7108860280326,43333.78601363414
METDabcpp,predict,11.52426725545631,0.0001522964938452,37787.92870000007,458.55065094533376,75669.94462242852
URDGLYCD,predict,11.489589765089333,0.000114009372558,37966.6857,1089.442557118479,100777.58966039597
NNAM,predict,11.462902050444008,5.344700740015742e-05,23361.7852,1766.4081331249647,214472.2896199095
FUM_num1,predict,11.445138405052566,6.518361053652623e-05,60297.86670000006,683.3160195066935,175583.06928455856
DADNt2pp_num2,predict,11.370553419101643,3.465952275801386e-05,43475.232800000056,941.5473977350586,328064.3388683874
ACHBS_num2,predict,11.351035238564206,0.0005279077303033,62983.63010000011,504.7386387747877,21501.93033173178
OGMEACPS,predict,11.302024819301447,0.000224119478278,33514.741300000045,1214.0117384550767,50428.57009189672
AGMT,predict,11.210538373814009,0.0009195252950169,33556.663900000014,1202.680286276325,12191.65849440604
QULNS,predict,11.19941375356894,0.0001143688847363,38240.39070000005,1054.327342760338,97923.60727650179
LPLIPAL1G181pp,predict,11.157692823320115,0.0002449935623404,23621.8715,1700.4450373016557,45542.8000504656
ADNUC,predict,11.154413185959246,6.845825956291363e-05,32560.414300000022,1233.2732347773983,162937.4345356861
AST,predict,11.133951798577002,0.0001302606045296,38455.42360000003,1042.3036004439482,85474.43671695043
PTRCt2pp_num2,predict,11.124255792561693,0.0004726184998952,46494.34520000005,861.3374525644906,23537.495453581316
FACOAE160,predict,11.015887357905216,1.4366769474160133e-05,31965.918600000045,1240.60863023216,766761.6145521256
GLYCK,predict,10.996413525811173,9.6763820033194e-05,38734.06629999998,1022.0225366041739,113641.78803646805
LALADGLUtpp_num2,predict,10.97794436910939,0.0002254043304794,53574.55730000009,737.6747792331964,48703.34276968418
DAGK160,predict,10.977923275813888,6.445704356056192e-05,13244.52499999999,2983.9140167676856,170313.7883682077
SFGTHi_num1,predict,10.895099652505651,0.0001244943141737,31258.9278,1254.7570089406695,87514.83732264531
IPPMIb,predict,10.875764715984207,0.0001016309434293,22487.2053,541.0192870653583,107012.33648932895
IPPMIa_reverse,predict,10.863883810974428,8.60363331148379e-05,49881.29230000009,540.4282666703848,126270.88367973267
CINNDO,predict,10.829130370328528,3.1312793721498765e-05,51108.602500000095,306.982125846816,345837.2468022058
AMPTASEPG_num3,predict,10.815320110668724,0.0009869434274776,46179.62230000008,843.124098016006,10958.399245142336
PAPSR_num2,predict,10.792307576947106,2.9908281134621576e-05,27975.466900000018,976.6315740924583,360846.80120429996
HOMt2pp_num2,predict,10.772812039629232,0.0005009807001063,22426.492999999988,1729.2995094090393,21503.44721332262
MOBDabcpp_num2,predict,10.74828192457648,3.0111083765258896e-05,30291.46790000002,275.31091555970346,356954.336428683
CBL1abcpp,predict,10.656549830471391,2.377575931030608e-05,27080.873400000008,419.75013789132504,448210.7044990187
DAPE,predict,10.570305716860686,0.0002595056992118,30208.231199999995,1259.6931057882819,40732.46078589415
ARBt3ipp,predict,10.557141391346384,0.0005115227188409,42537.696100000045,893.4595075271823,20638.655923765516
PDX5PS,predict,10.523591637271764,4.652924867610694e-05,35113.360000000015,616.0415048374322,226171.53589835836
2AGPEAT161,predict,10.516981672568754,1.229099980008354e-05,80699.04430000036,469.1645898617829,855665.2708185116
PGPP161_num1,predict,10.4572221044926,6.966462969051859e-05,29020.883700000028,1297.2037642042349,150108.05556490074
ORPT,predict,10.39937767794212,2.260999670019164e-05,23566.706100000003,1588.586859857841,459946.00600069866
GLYCTO4,predict,10.365711840357932,9.557121986777424e-05,45109.64480000002,271.82557517757766,108460.5999033937
CRNCBCT_reverse,predict,10.31704979676946,0.0001951798930808,45126.25319999997,823.0547992486574,52859.18356609836
GLUabcpp,predict,10.307609657812185,0.000160948603199,27502.3631,329.85125131856086,64042.86494532453
GGGABAH,predict,10.30447240730303,0.0003146942469539,28012.69570000001,1324.2602948166425,32744.393985736082
LPLIPAL1G120pp,predict,10.274745723357436,0.000167298354237,23621.8715,1565.882898147455,61415.70112998191
SUCMALtpp_num2,predict,10.246243789727767,9.394469423206614e-05,47934.68860000006,769.5153284675749,109066.76394535985
FORCT_reverse,predict,10.2261710721944,7.658829933439247e-05,45827.64540000004,803.3189472985625,133521.32324476715
LPLIPAL1A181pp,predict,10.225416023278076,0.0001475182976294,23621.8715,1558.3649959234208,69316.25559404625
DADA,predict,10.19381861540023,8.415581186823481e-05,36397.02380000004,1008.2623023545345,121130.29853910729
ACSERtpp_num1,predict,10.18036865208912,0.0002453766380955,21248.0356,1724.833666389416,41488.74453209741
PUNP3_num2,predict,10.152646849209669,5.373916198880886e-05,25949.64089999999,1408.479169249499,188924.54726636692
TDP,predict,10.149715563805144,4.81957949108774e-05,17432.713799999987,2096.0004534519776,210593.38439326032
PPPNt2rpp_reverse,predict,10.0656418294047,3.826101785226956e-05,41592.22650000004,871.2279585671348,263078.25547844457
PPPNt2rpp,predict,10.0656418294047,3.826101785226956e-05,41592.22650000004,871.2279585671348,263078.25547844457
ADCS,predict,9.982406990328204,7.449883261378802e-05,50968.933900000055,500.92539382071936,133994.13977502636
PRAGSr,predict,9.93578983039589,8.895612053901998e-05,45939.83690000002,778.6018802653867,111693.15579626278
SELNPS,predict,9.886379052353677,2.571597412097117e-05,36686.86010000001,970.1283917855163,384445.0537182418
IPPMIa,predict,9.85739309779498,6.434920788391995e-05,22487.2053,490.35998160699523,153185.92756536815
PLIPA2A180pp,predict,9.849102106110498,4.383729982585623e-05,33162.71369999999,1069.17569842898,224674.01380185547
INDOLEt2rpp_reverse,predict,9.830566968571215,5.140396601723837e-05,44332.01690000004,798.2953080317974,191241.4105416404
INDOLEt2rpp,predict,9.830566968571215,5.140396601723837e-05,44332.01690000004,798.2953080317974,191241.4105416404
FOMETRi,predict,9.826379962715231,2.358025949931888e-05,21105.174099999986,1676.127744701943,416720.6032231777
ORPT_reverse,predict,9.806369324121428,1.4400170486321467e-05,23566.706100000003,1498.0001624765514,680989.8072690438
ARBTNabcpp,predict,9.79299912482761,0.0001094060955043,70422.20310000039,266.4635717768672,89510.54399380073
ASPO6,predict,9.722162335205894,0.0003290238737974,60336.71520000015,580.0744089353598,29548.501216639434
CRNBTCT_reverse,predict,9.719201939035525,6.538072237203904e-05,45126.25319999997,775.3607822359138,148655.46886634085
AMPTASEPG_num4,predict,9.590035740438498,0.0007723557476901,98917.74500000064,349.01855744465644,12416.604355078101
LALADGLUtpp_num1,predict,9.5851749955913,0.0002227668486257,53990.52470000011,639.123812481278,43027.834054862535
ACOAD7f,predict,9.58249172042654,1.5075617443797072e-05,89223.37480000046,386.6360163002417,635628.4746645185
NNATr,predict,9.504255185654484,9.353650126114652e-05,24527.63980000001,1394.9698767329471,101610.12072837057
CLPNS160pp_reverse_num2,predict,9.49201597424986,8.53584029103758e-05,54821.72320000008,623.3160052747019,111201.89284956796
2AGPEAT120,predict,9.491514436636628,1.3443456678216646e-05,80699.04430000036,423.41829780370404,706032.284986374
THRA_num1,predict,9.461853701053556,0.0006500557604257,45316.05480000002,751.6689940050296,14555.44935846319
DDPA_num2,predict,9.434891907099182,5.310405648276834e-05,38009.09170000006,893.6180620584786,177668.00753085024
DC6PH,predict,9.39979591412706,0.0004462616209386,50511.91050000001,669.9264580550247,21063.41991578154
TRPS2,predict,9.36860736788222,0.0003781521039678,42982.535800000034,470.3487071538869,24774.706446377368
DHORTS_reverse,predict,9.348013641056715,0.0001515760843885,38826.943300000086,866.7395949194926,61672.08817122567
ADSL2r_reverse,predict,9.309307369711313,5.3849434227368e-05,51542.15810000002,650.2154307535817,172876.6049872447
ADSL1r,predict,9.289973575498568,3.818518285063002e-05,51542.15810000002,648.8650476549377,243287.3926998962
HPPPNt2rpp,predict,9.26298031250594,2.3700331951341083e-05,41550.29410000004,802.5630106194928,390837.5769387396
HPPPNt2rpp_reverse,predict,9.26298031250594,2.3700331951341083e-05,41550.29410000004,802.5630106194928,390837.5769387396
ADA,predict,9.201011998453271,0.0001016878126668,36397.02380000004,910.0646079318095,90482.93750404668
DAPDC,predict,9.189745968374533,0.0011419372015546,46176.70660000005,716.4453232389744,8047.505550974152
CLPNS180pp_reverse_num1,predict,9.171999757116131,0.0001050552154591,47632.91480000005,693.2013139287885,87306.46752789694
2AGPGAT181,predict,9.10410041285382,1.3481118713645786e-05,80699.04430000036,406.13568314926874,675322.323483326
2AGPEAT140,predict,9.068829582913889,1.315018220507614e-05,80699.04430000036,404.56224459265195,689635.2796855699
ASPO3,predict,9.063036346482782,0.0002721157355955,60336.71520000015,540.7475488048765,33305.81499320195
LPLIPAL1G160pp,predict,9.053118307631326,0.0001690486115523,23621.8715,1379.705494861945,53553.3431744897
LPLIPAL1G180pp,predict,9.051699491692304,0.0001680778937931,23621.8715,1379.489265704129,53854.19395387436
METSOXR1_num4,predict,9.002532896258991,0.0002850241558399,85849.65890000053,331.86974378709215,31585.157649991514
FBA_num2,predict,8.951962296109343,0.0001271829130898,30809.441000000017,1046.0126253505741,70386.51717144295
OHPBAT,predict,8.932112797446202,0.00011872190043,39782.842400000045,808.2782458702924,75235.59482365845
HXPRT_num2,predict,8.864973332316023,1.5402072202640198e-05,20115.013299999995,1586.5713594302067,575570.1710576583
ADSK,predict,8.855536989676255,1.1353830401763704e-05,22321.03750000001,1428.2460285654063,779960.3020581173
DSBCGT,predict,8.801220158921826,0.000112342237616,25621.389599999995,1236.6383348746463,78342.9309019597
MOBDtex_num3,predict,8.776651571257139,2.5053536446951675e-05,41219.34330000004,766.5319999536642,350315.87615747616
THRA2_num1,predict,8.760165950010412,0.0005346772636449,45316.05480000002,695.9254851116799,16384.02555270871
GUAt2pp,predict,8.752258473049308,5.489297076231616e-05,48867.48370000003,644.7667880017625,159442.2446354043
CLPNS160pp_reverse_num1,predict,8.630835889635293,6.895190607125521e-05,47632.91480000005,652.3012360916242,125171.82455719422
PRPPS_reverse,predict,8.618356346396505,2.368071950360461e-05,34217.885000000024,906.7212320991608,363939.8011147695
CRNDt2rpp_reverse,predict,8.593148265231955,8.583828087139792e-05,54845.15890000003,564.0485755769233,100108.57834054396
CRNDt2rpp,predict,8.593148265231955,8.58383751182882e-05,54845.15890000003,564.0485755769233,100108.4684255766
UAMAS,predict,8.569400431958384,0.0001509579174973,53625.32980000008,575.2848825379184,56766.816699837254
HOMt2pp_num1,predict,8.560278712618455,0.0004166592399509,31168.089,988.7357343411858,20545.035107411073
GLUCYS,predict,8.522462889326803,0.0003456328308094,58268.61490000007,526.5418863007237,24657.561810227842
U23GAAT,predict,8.5166890480412,3.384806630529623e-05,36038.10640000001,850.7683570452057,251615.23176018443
UM3PL,predict,8.511862978698728,7.90392633704193e-05,49873.55650000011,614.4078921525348,107691.57777708136
DDPA_num1,predict,8.50055756071571,5.0560921822583954e-05,38803.54160000003,788.639540535561,168125.051013583
3HAD181_num2,predict,8.493751676229016,7.671394977650612e-05,17032.75699999999,1795.2176523403975,110719.78044376816
ASP1DC,predict,8.462976523607816,0.0005628370288963,13833.576899999982,2202.3743898794664,15036.282421224774
PRMICI,predict,8.450962380793802,4.488409333698355e-05,26032.32220000001,1168.6803942084612,188284.1281285365
CRNt8pp,predict,8.428735293618455,0.00013037013289,56586.61990000004,536.230068356255,64652.34871494849
GALKr_reverse_num1,predict,8.41183752766252,5.083663054987093e-05,47342.98750000007,639.6430960252567,165468.03823692593
THRA_num2,predict,8.380827751407963,0.0003163942945735,36494.29420000008,826.7314265545818,26488.55524624846
THRA2_num2,predict,8.380827751407963,0.0003163946419613,36494.29420000008,826.7314265545818,26488.52616294643
UM4PL,predict,8.348580138760948,4.508962010353991e-05,49873.55650000011,602.6217219848628,185155.25567946656
IGPDH,predict,8.33445294622607,4.10299516842784e-05,40289.52810000005,744.7104004778308,203130.947127574
R15BPK,predict,8.297475297712932,2.697391383773072e-05,20729.35040000001,1440.996003027984,307611.099658313
AMPTASECG_num4,predict,8.292422908458269,0.0005796781512495,46179.62230000008,646.4479565578802,14305.219009175862
ABTA_num2,predict,8.2762925110515,0.0005853977486855,44728.54410000003,666.1216822343515,14137.896036730179
THRt2rpp_reverse,predict,8.24915101280789,0.000638261481944,48878.40550000002,607.5677662215963,12924.406761446488
THRt2rpp,predict,8.24915101280789,0.0006382604307683,48878.40550000002,607.5677662215963,12924.42804715005
FUCtpp,predict,8.247117916951202,0.0004911334806782,47544.34020000007,624.4618050462352,16792.009181623827
FUCtpp_reverse,predict,8.247117916951202,0.0004911342895449,47544.34020000007,624.4618050462352,16791.981526260835
FLVR_num2,predict,8.186424901322141,1.961473801809169e-06,63997.36370000018,226.2374674995764,4173609.096268009
PLIPA1A160pp,predict,8.167251640294236,5.206685160878166e-05,33162.71369999999,886.601324941006,156860.8699765656
MTHFR2,predict,8.147219758553272,8.629498650903132e-05,33102.3431,886.0397296405215,94411.27565041815
IPPMIb_reverse,predict,8.146847418691642,7.362711325185614e-05,22487.2053,405.2681992846826,110650.09965586639
SPMDtex_reverse_num3,predict,8.135095599021248,2.2031341539054196e-05,41219.34330000004,710.5000179970472,369251.0319719045
SPMDtex_num3,predict,8.135095599021248,2.203129316012609e-05,41219.34330000004,710.5000179970472,369251.8428171417
DHFR_num1,predict,8.115500111761467,8.479858307903864e-06,26347.997200000016,1108.843309059607,957032.5136443862
UAPGR,predict,8.100284157183054,4.3058032771095394e-05,37850.56910000005,770.4249542144653,188124.80821512887
LALADGLUtpp_num4,predict,8.081568854947296,0.0002480704982997,54158.33160000011,537.1961620363174,32577.710410303433
2AGPEAT181,predict,8.053194518185638,1.2123331446968984e-05,80699.04430000036,359.25456759675865,664272.403457142
DDGALK,predict,8.016659315595296,6.382120785570319e-05,31373.21170000006,919.8922256385696,125611.21271350104
ACOAD8f,predict,7.983676008779073,2.0143363258014065e-05,89223.37480000046,322.1267262758202,396342.75103502173
PLIPA2A160pp,predict,7.9310062371113,5.578827468875014e-05,33162.71369999999,860.9555512219945,142162.6010368557
LPLIPAL1A120pp,predict,7.930071280088575,0.0001037000056338,23621.8715,1208.5518545098712,76471.27144903304
ENTCS,predict,7.922996827380696,2.6625439386107905e-05,23258.283900000013,1226.3496611016296,297572.43486147316
2AGPGAT160,predict,7.874857036477332,5.217289030542772e-05,80699.04430000036,351.2988979885388,150937.71861932066
ADSL1r_reverse,predict,7.850386222308693,3.574737151917422e-05,51542.15810000002,548.3160085280031,219607.36940051362
3HAD161_num1,predict,7.837323634110355,8.939652723523427e-05,17032.75699999999,1656.4766985636732,87669.21799420184
LALADGLUtpp_num3,predict,7.830428643084124,0.0002401058842631,53054.00150000016,531.3367949277635,32612.397930672127
METS_num1,predict,7.826679963488178,0.0001986954723998,135995.43160000033,207.18378210990852,39390.32867210947
GRXR_num2,predict,7.8224510215353344,0.0001935390811485,9137.398599999991,3081.9300886717615,40417.9402687836
ARBt2rpp_reverse,predict,7.761562212985235,0.0005302904050285,51683.87670000009,540.6255441892346,14636.437203814949
ARBt2rpp,predict,7.761548364958269,0.0005302904050285,51683.87670000009,540.6245796157493,14636.411089770956
SUCBZL,predict,7.735564081578179,1.0844288742668816e-05,50184.067800000055,554.917764033497,713330.7001630455
PANTS,predict,7.685505718888304,9.410842843376693e-05,31597.307000000023,875.638565906831,81666.497324385
PRMICI_reverse,predict,7.634883715045854,3.9965700670561645e-05,26032.32220000001,1055.825183900231,191035.90296040117
DHCINDO,predict,7.624971227801395,1.472888852630219e-05,34195.63700000003,802.7309571710857,517688.1618857433
GRXR_num1,predict,7.62282309182482,0.0001387188186713,24349.92030000001,1126.991907672459,54951.6148193809
TYRt2rpp_reverse_num2,predict,7.611546162089679,9.919145619926363e-05,42818.59590000005,639.945463123484,76735.90502390654
TYRt2rpp_num2,predict,7.611546162089679,9.919156510738942e-05,42818.59590000005,639.945463123484,76735.82077114182
ALDD3y,predict,7.603818670621016,3.713824335822235e-05,56305.69130000003,486.1630606466889,204743.62767450447
PTRCt2pp_num1,predict,7.600272354756977,0.0004902437261436,50852.38750000007,538.0471168069558,15503.048686707189
ACACT6r_num1,predict,7.59712910873144,3.171902909213066e-05,46529.971200000095,587.7859815101955,239513.2930035444
G1SAT,predict,7.584808539317432,0.0008737322277481,45365.6295000001,601.8942323183832,8680.930264946297
PE120abcpp,predict,7.531269493884908,8.480044520536185e-05,64459.97920000018,420.6109048509527,88811.6739911728
LALALGLUtpp_num2,predict,7.475067964409874,0.0001048065354208,53574.55730000009,502.2952316934124,71322.53665668225
SPMDtex_reverse_num4,predict,7.444811554452702,2.150044896700124e-05,40367.58979999997,663.9316770908564,346263.07412831025
SPMDtex_num4,predict,7.444798271566044,2.1500401753867496e-05,40367.58979999997,663.9304925169888,346263.21669672395
GOFUCR,predict,7.428721918822538,3.061795773222586e-05,36140.714400000026,739.9798081401822,242626.3039420065
GMAND,predict,7.359397652090059,0.0001054346962071,42046.32490000005,630.1105176382296,69800.52977659622
AMPTASECG_num2,predict,7.352961470691842,0.0004536409942563,98917.74500000064,267.6027571644548,16208.767646200718
FEENTERtpp,predict,7.343324301929157,1.4360398146348818e-05,43281.44640000003,610.7921450366536,511359.3806447646
MOBDtex_num2,predict,7.313601143345786,2.2685216655928228e-05,39332.7982,669.389550729824,322395.03171923885
SFGTHi_num2,predict,7.309366530059166,0.0001063711266257,31424.11470000001,837.3734553677972,68715.70097945332
2AGPEAT180,predict,7.258883475757442,5.760135770638121e-05,80699.04430000036,323.8201981126396,126019.31212731269
MTAN,predict,7.236032809813517,2.8198767165021447e-05,24353.6853,1069.641731608015,256608.12642863687
FBP_num1,predict,7.22371288518265,2.398891495849466e-05,35851.92450000001,725.3548240250683,301127.1204921537
IGPS,predict,7.217955049573262,6.633839286945954e-06,49491.72400000008,525.0299661911898,1088050.9366237933
PGM_num2,predict,7.209878040658715,0.0002263492214576,24064.957700000017,1078.5625002935847,31852.895248456945
TRPAS2_reverse,predict,7.179834723816293,0.0006336158026593,52772.859400000045,489.78594867911653,11331.527234141513
PG181abcpp,predict,7.178697668331916,9.634644556010657e-05,64459.97920000018,400.9202597756163,74509.21128017559
2AGPEAT160,predict,7.162691616941617,6.745369090739643e-05,80699.04430000036,319.52906065567504,106186.80046396413
DB4PS,predict,7.161027520277774,0.0001063727033164,23353.233499999995,1103.9027667410592,67320.16106592379
MLTP2_reverse,predict,7.149740947946525,0.0004426482971404,90521.26860000048,284.34276066483847,16152.193500201713
2AGPGAT161,predict,7.1399810895945945,5.854854895731424e-05,80699.04430000036,318.51593963102766,121949.7530980676
APRAUR,predict,7.114474233434252,1.1018593942823011e-05,40337.85500000001,634.9397418470393,645678.9559858753
GMHEPAT,predict,7.092977594826375,3.9834887554464825e-05,51050.00780000004,500.19031224075405,178059.43559219036
GPDDA5pp,predict,7.075243634448565,0.0001143655571202,40842.87450000001,623.6308632981949,61865.161265400675
ASNN_num1,predict,7.06671721734465,0.0007620187142391,37126.80160000004,685.224174614619,9273.679353663896
FDMO4,predict,7.0594682503268125,4.041713039288253e-05,41735.731200000046,608.9287277462746,174665.251632263
ANS,predict,7.054859847566571,6.870524294013638e-05,56869.27080000013,222.077732965666,102682.99107410983
PNTOt4pp,predict,7.054263435340994,4.767381169138308e-05,51716.4075,491.0501249961645,147969.36064199865
DINSt2pp,predict,7.019553413709501,4.392435981761196e-05,46388.71720000007,544.7529876802491,159810.03349523907
CYSabc2pp,predict,7.019380004396969,0.0001842917061532,62919.38320000014,197.4590063219212,38088.42053131693
CLPNS140pp_reverse_num1,predict,6.980159313775637,9.202297609237828e-05,54821.72320000008,458.36891040287946,75852.35351189389
NI2uabcpp_num2,predict,6.931949018921412,9.352982605380052e-06,99465.3217000007,250.89162777137943,741148.4989755027
PGM_reverse_num2,predict,6.9233149756340655,0.0002417468716346,24064.957700000017,1035.6940669911344,28638.695213804647
CRNt2rpp,predict,6.899735428969382,8.850427807580382e-05,54845.15890000003,452.89407565723656,77959.34364957779
CRNt2rpp_reverse,predict,6.899735428969382,8.850427807580382e-05,54845.15890000003,452.89407565723656,77959.34364957779
TDPGDH_num1,predict,6.895704482825312,3.6412555826567874e-05,39753.35690000003,624.463896234411,189377.10705256136
BALAt2pp,predict,6.893483641247268,0.0003265746983767,51659.05060000008,480.39096383413073,21108.443720571755
CLPNS140pp_reverse_num2,predict,6.865471975390549,6.535344964944087e-05,47632.91480000005,518.8785782936372,105051.40910261477
FBP_num3,predict,6.85139413617846,2.4991446034901327e-05,34323.0738,718.6133454703133,274149.5680806255
PGP181abcpp,predict,6.84277590480458,7.056462471060624e-05,64459.97920000018,382.1594974591059,96971.76074935001
CYSSADS,predict,6.838152226854185,0.0007288729365741,43233.66090000008,569.4023477127059,9381.816615383403
DHORTS,predict,6.818895082755616,9.4328772741025e-05,38826.943300000086,632.2419487995122,72288.60171303783
2AGPGAT140,predict,6.814802869753069,6.522950233280608e-05,80699.04430000036,304.0096762473176,104474.24288144044
SPMDtex_reverse_num2,predict,6.779003375543425,1.9948710917216866e-05,39332.7982,620.459597811079,339821.6257519057
SPMDtex_num2,predict,6.778991280578652,1.994868901437951e-05,39332.7982,620.4584907992422,339821.39255828725
DGSNt2pp,predict,6.7739328261462575,4.168244209433456e-05,46388.71720000007,525.6915829120295,162512.85879113508
NMNAT_num2,predict,6.736865734128877,6.325682743102458e-05,24527.63980000001,988.7912918088412,106500.21519771559
METSOXR2_num2,predict,6.712869906778269,0.0002780100936529,11806.481899999984,886.5938913800836,24146.13735269408
DHFR_reverse_num1,predict,6.709089009727513,1.943330031710341e-05,26347.997200000016,916.6814559635307,345236.72769173374
TDPGDH_num2,predict,6.692268928781168,2.928529022224939e-05,40557.81190000001,594.0204122208131,228519.8090233281
BSORx,predict,6.68991252690934,1.6079431679426898e-05,85849.65890000053,280.5332648429832,416054.04098136513
ASPO4,predict,6.682144853772227,0.0001692164847513,60336.71520000015,398.6912677271493,39488.73458512671
BSORy,predict,6.663267604463971,1.681659436160154e-05,85849.65890000053,279.4159427472128,396231.69003104797
EDD,predict,6.651021846075988,0.0001176423130145,64638.30970000024,370.4255070561269,56535.966317291095
PGPP160_num1,predict,6.617456706700178,5.9698550062383226e-05,19417.8997,1226.8496857114078,110847.86313545523
PGPP160pp_num1,predict,6.617444899963801,5.9698550062383226e-05,19417.8997,1226.8474967902778,110847.6653628734
GPDDA5,predict,6.605527218493198,8.727528302643514e-05,27409.26720000002,867.5860544923834,75686.11626836461
2AGPGAT180,predict,6.599494911196171,4.543540558376734e-05,80699.04430000036,294.4047465046139,145250.04952424075
CDPMEK,predict,6.575756437054814,6.84325581971084e-05,30925.00090000002,765.488196748842,96091.0509601944
FTHFD,predict,6.569126493637714,6.337180764051889e-05,31934.3405,740.5462272532533,103660.07753639526
SPMDAT1,predict,6.562515844178788,0.0002898857503598,21886.749500000005,1079.4228279098104,22638.283654969357
ACACT2r_num1,predict,6.539531436152837,2.910290414484485e-05,46529.971200000095,505.96019217287125,224703.7410289247
GLYAT_reverse,predict,6.5320647749605145,0.0001944027875245,43116.554700000095,545.3922131180346,33600.6744457679
LALALGLUtpp_num1,predict,6.526708641190293,0.0001035798978452,53990.52470000011,435.1902716049175,63011.34464280366
FBA3,predict,6.525444850994417,0.00012116258762,39146.79310000004,600.0900611084763,53856.9287696302
MEPCT,predict,6.5097150104329,0.000125048590301,25736.95940000001,910.5572135906011,52057.4841728611
DCYTt2pp_num2,predict,6.482988737408493,6.531987677128878e-05,46388.71720000007,503.11284431617224,99249.86172444951
ADEt2rpp_reverse_num1,predict,6.452633918474252,5.421035134135763e-05,48867.48370000003,475.3566246446058,119029.55355966254
ADEt2rpp_num1,predict,6.452633918474252,5.4210291820694194e-05,48867.48370000003,475.3566246446058,119029.6842492006
ALAALAr_num2,predict,6.446321863787629,0.0004763109209003,32839.329000000056,706.6757883401158,13533.852743924286
ALAALAr_num1,predict,6.446287359646344,0.0004763109209003,32839.329000000056,706.672005835649,13533.780303550213
ADPT,predict,6.444574770800549,1.2182161531026335e-05,19858.61569999999,1168.28229748572,529017.3467481185
NNDPR,predict,6.429774912032175,3.13225248118856e-05,32761.66130000005,706.5328425001389,205276.3929679239
GLUDC_num1,predict,6.40194538693524,0.001226878014341,52684.56370000003,437.4526763513247,5218.078172485594
GLUDC_num2,predict,6.398610962830733,0.0012379907767738,52667.53500000003,437.3661965799354,5168.5449381985645
TYRL,predict,6.395209813771325,5.966703051553296e-05,26895.785599999977,855.9986189649278,107181.63378528578
MLTP3_reverse,predict,6.395074648001757,0.0003728784606042,90521.26860000048,254.32993912776652,17150.56063479609
PE140abcpp,predict,6.382782133905405,6.257708503475869e-05,64459.97920000018,356.46948645089526,101998.71295315311
ADNK1,predict,6.380231721555777,3.048294690374976e-05,23585.735300000008,973.8443133295399,209304.95144388202
PPBNGS,predict,6.326814933985954,0.0001199688297002,35624.4192,639.3517220443397,52737.15639134393
ARGt3pp,predict,6.325345035212217,5.4570332048081584e-05,23175.4283,982.559710741742,115911.79305339382
GALKr_num1,predict,6.25854506735033,0.0001482281280506,47342.98750000007,475.90495302944606,42222.38484462191
TRPS3,predict,6.247229161278595,6.421200544157491e-05,42982.535800000034,313.64065585402693,97290.67202180457
UDPGD,predict,6.241622571029028,5.160732329797279e-05,43656.35160000006,514.698100784594,120944.51275821563
ARGORNt7pp,predict,6.235099317983512,0.0001569657264632,49500.88480000003,453.4536632108974,39722.67996635117
ARGORNt7pp_reverse,predict,6.235099317983512,0.0001569658988051,49500.88480000003,453.4536632108974,39722.6363525332
IMPC_reverse,predict,6.228813693714475,2.958637430232445e-05,57328.55670000012,391.144145050002,210529.80774413812
UAG2E,predict,6.197433711816901,8.422782191497532e-05,42244.09300000002,528.1391971781908,73579.41320236164
GRXR_num3,predict,6.184639124287605,0.000126570458576,12878.616699999997,1728.8115149381986,48863.21179419604
PA161abcpp,predict,6.182059282078968,7.322273692599107e-05,64459.97920000018,345.2593949252193,84428.13723730929
UHGADA,predict,6.179556845612014,2.423214084927165e-05,33955.52710000002,655.1629894799436,255014.89464137686
CRNt7pp,predict,6.175544035750179,0.0001010541775195,56586.61990000004,392.88366345240263,61111.21961839243
DHAD1,predict,6.162176382351807,0.0002877514463123,65530.874100000285,338.52493624018985,21414.92757490409
AP4AH,predict,6.120208688126438,4.126166068653321e-05,31296.348000000005,704.0039073330593,148326.76596858166
ADEt2rpp_num2,predict,6.108734593842923,4.93867751032455e-05,46933.092700000096,468.5701127433794,123691.70858134209
TRE6PS,predict,6.098280419103512,6.33095644934011e-05,53610.48960000007,409.50585739050246,96324.7886461002
GMHEPK,predict,6.091896106941336,2.81629061118765e-05,51050.00780000004,429.5949585533421,216309.2147785253
PRAGSr_reverse,predict,6.079896802473227,7.8573839786842e-05,45939.83690000002,476.44114489452204,77378.13016351237
3HAD141_num2,predict,6.076258924512228,8.793821128407757e-05,17032.75699999999,1284.2625611487342,69096.91288674664
CBPS,predict,6.063500627060432,0.0001457975317225,117840.3704000006,137.05331546783785,41588.49985609661
PRAIi,predict,6.062540363083929,7.478271554070573e-06,49491.72400000008,440.98575566092853,810687.3786609109
DHFS,predict,6.02148428821389,2.6339618122886544e-05,45405.13430000011,477.42053342126013,228609.39973088718
CLPNS140pp_num2,predict,5.9828760712650855,0.0001110877011033,47632.91480000005,452.1737531072587,53857.23182534522
CHORS,predict,5.973320964283039,2.5824597293342843e-05,39136.993500000026,549.4534339082262,231303.54740605628
GLYAT,predict,5.938218715825147,0.0007792488813804,43116.554700000095,495.80926689790647,7620.439191784135
OMMBLHX,predict,5.934091414301116,1.2654259834533077e-05,42952.99130000003,497.3513705315327,468940.2218616665
FDMO6,predict,5.917119537603561,5.976058927295432e-05,41735.731200000046,510.3931265345316,99013.74149068934
LYSt3pp,predict,5.9079913438593445,0.000234481253763,23175.4283,917.7292675058626,25196.007139363042
NI2abcpp,predict,5.893459516137984,1.0924296965527314e-05,76838.95830000046,276.11584966133796,539481.8114827316
DURIt2pp_num1,predict,5.858517810166697,5.548144677835087e-05,46388.71720000007,454.6507295226538,105594.17878145023
ALDD19xr,predict,5.8511067401194055,8.40679857487199e-05,53698.50160000009,392.26391122298696,69599.70181286876
PSD160,predict,5.8241621427538,7.459140203140726e-05,35933.97080000004,583.4864126375272,78080.87774381146
GLUPRT,predict,5.814277161963767,0.0001625815474404,56487.39320000007,370.54989790305166,35762.22058099918
ARGSS,predict,5.7981683706936415,0.0002780383301053,49897.83170000005,418.3229095002356,20853.845469787317
PE181abcpp,predict,5.795810988680901,9.16107602904635e-05,64459.97920000018,323.68796605586226,63265.61388972812
ALATA_L2_num1,predict,5.7771394282663975,6.748598937679425e-05,36494.29420000008,569.8891401428716,85605.01937685048
UAG2E_reverse,predict,5.775919311495258,7.960099268128999e-05,42244.09300000002,492.21815512485773,72560.8954981396
GHMT2r,predict,5.771528549097139,0.0009835720890519,45316.05480000002,458.502022482983,5867.926320134318
FDMO,predict,5.763588339646025,4.2641854353083566e-05,41735.731200000046,497.1499821890185,135162.70404007984
UDPGALM,predict,5.7619859511818605,5.098492758405132e-05,42965.32920000001,482.78809473790074,113013.51642959431
UDCPDPpp_num1,predict,5.728488829158803,0.0001200550060085,29020.883700000028,710.611020606918,47715.53490033744
UDCPDP_num2,predict,5.728478608501466,0.0001200550060085,29020.883700000028,710.609752748682,47715.449767216574
GGGABADr_reverse,predict,5.717185717395551,0.0001182690771917,53417.97230000012,385.29857455154536,48340.49485419319
ADEt2rpp_reverse_num2,predict,5.710848444788904,3.950712222317306e-05,46933.092700000096,438.0502800583609,144552.3774809187
PE161abcpp,predict,5.707692235080476,8.294611747521993e-05,64459.97920000018,318.7666564789965,68812.04821655026
ADPRDP_num1,predict,5.684819689742327,7.982224314759237e-05,21152.9129,967.4956342808171,71218.49080626588
MOHMT,predict,5.66682533759799,1.854075612224514e-05,28237.1171,722.4735847893185,305641.54451063357
SPMDAT2,predict,5.665109120671662,0.000189833981558,21886.749500000005,931.814604741466,29842.439557855454
G1PTT_num1,predict,5.6458550861980905,8.2510034227519e-05,32693.1704,621.6918720832631,68426.28462169596
PGSA120,predict,5.631521280346684,3.5450085787887124e-05,20700.3721,979.3774001409405,158857.7617002808
KARA1,predict,5.560222278824368,0.0001474566813291,54068.42740000005,370.2123617482483,37707.49638949781
AP5AH,predict,5.536020370825408,4.26136318573614e-05,31296.348000000005,636.8050781826514,129911.9584398689
GSNt2pp,predict,5.534850418140668,4.618000581917189e-05,46388.71720000007,429.5324964344212,119853.82677978884
ALAALAr_reverse_num1,predict,5.52053627486791,0.0004535085246358,32839.329000000056,605.1868657098457,12172.949294175447
UDPGDC,predict,5.516572838872989,9.87038790870074e-05,74287.98030000034,267.3334520570169,55890.13207890374
LALALGLUtpp_num4,predict,5.502877652647905,0.0001153456520183,54158.33160000011,365.78600123517134,47707.71638427128
IPDDI_reverse,predict,5.498259026556184,7.584486884777297e-05,20508.026799999992,965.1700131190717,72493.48716775623
ORNDC_num2,predict,5.490415201999534,0.0009615015133993,82414.8381000004,239.82932179294332,5710.251232562991
CLPNS160pp_num1,predict,5.4798029482640205,0.000218675495564,47632.91480000005,414.1524972087253,25059.06267243483
OMPDC,predict,5.463659433772006,6.950624862266141e-05,26349.952099999973,746.4595718023807,78606.73740908333
CLPNS140pp_num1,predict,5.456834736866544,0.0001004274126499,54821.72320000008,358.3361468053877,54336.10796973945
CLPNS161pp_reverse_num1,predict,5.438259456963247,6.470230635636233e-05,54821.72320000008,357.1163564786971,84050.47305440434
CYTDK2,predict,5.427041120911491,1.9726223313726723e-05,24352.843600000007,802.2614671282726,275118.10216277034
TDPAGTA,predict,5.426716383443185,0.0001685880035854,41900.5557,466.25107123329786,32189.22027684031
GUAPRT_num2,predict,5.422553124379545,2.681625534452485e-05,20115.013299999995,970.4786646979928,202211.42194212743
G1SAT_reverse,predict,5.419251294828331,0.0003056265695477,45365.6295000001,430.0459373407779,17731.610516874687
PSD180,predict,5.410786442177769,7.396108880080261e-05,35933.97080000004,542.0728841867915,73157.20373925933
CRNCAL2,predict,5.398741495472425,4.526377293587245e-05,58558.45330000009,331.89861221455277,119272.90071733756
ACACT4r_num1,predict,5.364607641269926,2.8688345182195304e-05,46529.971200000095,415.0569409458756,186996.0643320527
HISt2rpp,predict,5.35165694760482,0.0002172247440252,49689.54070000004,387.72676784628305,24636.497888951268
HISt2rpp_reverse,predict,5.35165694760482,0.0002172247440252,49689.54070000004,387.72676784628305,24636.497888951268
3HCINNMH,predict,5.347155702416504,1.5232099283848848e-05,62184.98120000009,309.5564259606046,351045.22382455115
GHMT2r_reverse,predict,5.344558436662379,0.0009139756784034,45316.05480000002,424.58264420636544,5847.593719341249
SCYSDS,predict,5.338192406971332,0.0003096381768917,44433.24750000001,319.05051184058857,17240.09765384465
PDE1,predict,5.336416785481012,4.7443741634163415e-06,90259.33490000054,212.84336350379562,1124788.3496689373
PGSA140,predict,5.333504844242697,2.5738402535813194e-05,20700.3721,927.5493863839147,207219.730782495
LALALGLUtpp_num3,predict,5.331872011992243,0.0001116423353989,53054.00150000016,361.7962585380486,47758.513765780444
MLTP1_reverse,predict,5.298459081733761,0.0004157384479822,90521.26860000048,210.71791181505202,12744.693466408997
AICART,predict,5.284114433954154,2.1108536425521575e-05,57328.55670000012,331.82087701564126,250330.68742583785
ASNS1,predict,5.282226306165932,0.0004257797094944,62658.28160000023,303.48765105931807,12406.007586501502
ACACT7r_num1,predict,5.273001306910157,5.371745314204568e-05,46529.971200000095,407.969405854189,98161.789111012
GDPMNH,predict,5.250816294427265,4.242344329358079e-05,18273.248,1034.4597008664334,123771.57266774197
FDH4pp_num1,predict,5.243140533226286,0.0001472617193076,112962.02910000064,110.5965434556252,35604.2327760307
O16GALFT,predict,5.237974239369075,7.588476781969536e-05,37756.76680000003,499.4259005707199,69025.37083350732
DHQS,predict,5.217213846294935,1.5702562666377625e-05,38880.53910000005,483.06865803364695,332252.3818017328
FDH5pp_num2,predict,5.212871468274173,1.4888145184468348e-05,33100.047800000044,109.95806086372764,350135.722327074
CRNDCAL2,predict,5.203556195965776,3.790089982256465e-05,58558.45330000009,319.8991990021835,137293.73762434503
DCYTD,predict,5.193937494464853,0.0002116834629712,31539.498500000027,592.8494703260249,24536.34035253618
CHRPL,predict,5.188317649250844,1.3565529568107371e-05,18776.687,994.7411669216746,382463.33275839116
IPDDI,predict,5.188262820193333,8.03311273017133e-05,20508.026799999992,910.7529619912534,64585.95807708374
PYDXK_num2,predict,5.1854324343215845,0.000157167323371,30847.016200000027,605.1657198389803,32993.069571345666
OHPBAT_reverse,predict,5.174717178233887,0.0001460677560545,39782.842400000045,468.2667380660054,35426.82737114908
GART,predict,5.146310617577178,7.149798842788027e-05,42433.18070000004,436.60922696935194,71978.39730509678
FDH4pp_num2,predict,5.139529624522868,0.0001410431743295,25368.19790000002,108.47426224367638,36439.406933057835
ALDD2x,predict,5.138688182773357,1.3386396510748877e-05,53417.97230000012,346.31186212180586,383873.89605911815
FE3DCITabcpp,predict,5.116069001425842,4.578112840893992e-05,34131.10310000001,141.28483161474122,111750.60945913252
FDH5pp_num1,predict,5.109858012239451,1.425943524902415e-05,112962.02910000064,107.8480169474791,358349.2559839736
DADNt2pp_num1,predict,5.090214547434378,3.41055823890958e-05,46388.71720000007,395.02649516602145,149248.72090915582
CYTD,predict,5.076809227884953,0.0002121231920688,31539.498500000027,579.4801467875533,23933.30582277086
GARFT,predict,5.0668357811620535,1.615020514938146e-05,23237.995899999987,784.9475871619119,313731.97642360034
HETZK,predict,5.058404859752119,9.327252680822176e-05,27338.87259999998,666.0939447483888,54232.52733522206
PHETRS,predict,5.050717144355251,5.989301486378432e-06,36831.36340000001,146.38764956656695,843289.848714776
GSNK,predict,5.038400434445874,3.465499454396194e-05,48448.21730000007,374.38408624387347,145387.42541293323
2AGPE140tipp,predict,4.998381638180208,0.0001174459504986,41655.10760000001,431.980012397057,42558.995154454395
CLPNS160pp_num2,predict,4.998002979573831,0.0001976902369094,54821.72320000008,328.2058584846849,25281.991957267877
FDMO2,predict,4.983094191715948,2.23096430841242e-05,41735.731200000046,429.82687913653695,223360.5518889711
ALDD2y,predict,4.940739153558686,1.3021377367391727e-05,56305.69130000003,315.89454888392896,379432.9135972465
FACOAL161t2pp_num2,predict,4.918991292834279,7.909986028521299e-06,62758.64560000017,282.1662017225457,621871.0469396164
G1PTT_num2,predict,4.885808851063928,7.739848026740838e-05,32733.99080000001,537.3286737720393,63125.38481613167
NMNAT_num1,predict,4.88245590251355,5.0405389879033066e-05,47345.25790000005,371.24818891415873,96863.766240691
MPTAT,predict,4.876476989211893,1.3250228789485368e-05,21222.104999999992,827.2184668374236,368029.64436973265
3HPPPNH,predict,4.8724957838462375,2.16465723482984e-05,62184.98120000009,282.07751266227655,225093.1789775602
INSK,predict,4.86513334480154,3.277754049492805e-05,48448.21730000007,361.5092776857554,148428.87145709922
GP4GH,predict,4.824537051393048,6.061343990459636e-05,31296.348000000005,554.9635818535432,79595.16996538585
ECAtpp,predict,4.809214297640707,0.0003983149807817,44959.08230000007,385.08729684428005,12073.897617916708
CBIuabcpp,predict,4.799741511894406,1.2623536214019238e-05,27080.873400000008,189.05670160707862,380221.62970182544
URIK2,predict,4.798314235860813,5.504004587833548e-05,24352.843600000007,709.3188595478405,87178.60167608428
WCOS,predict,4.764301074729815,6.026114830520169e-06,44066.74880000004,389.21600381436167,790609.0754527763
FACOAL180t2pp_num1,predict,4.76004298054289,2.0248646918965872e-05,62758.64560000017,273.0485109441934,235079.55862889785
CTBTCAL2,predict,4.75495068993963,3.5785817063853896e-05,58558.45330000009,292.32026324340507,132872.49195554774
GLUABUTt7pp,predict,4.724729017136962,0.0003417018253764,55075.9979,308.8282575029487,13827.0523194673
GLUABUTt7pp_reverse,predict,4.724729017136962,0.0003417018253764,55075.9979,308.8282575029487,13827.0523194673
GDMANE,predict,4.719633697273707,7.959513719333104e-05,36140.714400000026,470.1257734458435,59295.503013080386
CLPNS181pp_num1,predict,4.712850209013074,0.0012034990906103,47632.91480000005,356.1877500817365,3915.956601698108
DPR_num2,predict,4.704536288473449,2.606710927997201e-05,54068.42740000005,313.2388244475629,180477.867259645
ICYSDS,predict,4.703054056849126,0.0002584685084522,45088.99430000002,375.50171316765983,18195.849409325187
PAPSR2_num2,predict,4.6894466269449095,1.2412716175913908e-05,24349.92030000001,322.63512532596536,377793.7528326383
DHPPDA2,predict,4.651650417364514,1.1430818666750362e-05,40337.85500000001,415.14209177737007,406939.3936669734
2AGPE120tipp,predict,4.640290315757228,9.298897760935727e-05,41655.10760000001,401.0323367097968,49901.50913639345
SPMDabcpp_num1,predict,4.633393206041642,3.669679402389093e-05,43027.72350000004,117.41129365308447,126261.52581680942
CPGNabcpp,predict,4.614118310300002,4.997407610652435e-05,28886.09530000001,125.54830546716963,92330.23739077404
ALATA_D2_num2,predict,4.603838611694641,5.357479452473484e-05,36494.29420000008,454.1482268781807,85932.92148921083
DDPA_num3,predict,4.542734968107761,4.8374083621058735e-05,38734.62390000005,422.2022634686772,93908.44493703583
2AGPE180tipp,predict,4.513329980480135,6.902310673499415e-05,41655.10760000001,390.05991980029074,65388.68205119364
ENTERES,predict,4.501910994328197,2.742367228058114e-05,45651.37860000007,355.0140231598939,164161.4933356692
PMPK,predict,4.499613127915637,5.862451743369488e-05,28633.28150000001,565.7265396037925,76753.09452235168
THRTRS,predict,4.482497064354323,1.0126854435147378e-05,74013.48250000026,218.02770098914758,442634.68908932613
2AGPE160tipp,predict,4.470794666280099,7.689044317167047e-05,41655.10760000001,386.3838488466263,58144.99802398486
THFAT,predict,4.469621630054814,0.0001181248968034,45316.05480000002,355.07587629180205,37838.099765655534
HMPK1_num1,predict,4.468874532108823,6.77284982757291e-05,28633.28150000001,561.8618430301731,65982.18838273388
PDE4,predict,4.462003780694372,3.132802782657226e-05,90259.33490000054,177.96733853951372,142428.49263909698
PNTK,predict,4.450848428177114,6.033165441145978e-05,36359.31270000001,440.6863923320972,73773.0213367345
METAT,predict,4.421570929832523,0.0001152121824659,41951.13200000005,379.4332736336427,38377.63364252909
SERASr_reverse,predict,4.41593154756471,0.0001152913975295,141989.2243000003,111.96169040014202,38302.35075808488
SPMDt3pp,predict,4.394048871738993,2.601390073241419e-05,11720.002499999991,636.9550454463599,168911.5721989306
PGSA141,predict,4.390298835280818,2.935211810657983e-05,20700.3721,763.5165073680462,149573.49310667464
AGM3Pt2pp,predict,4.365267814401683,9.915900690445668e-05,53244.53680000006,295.1469780059396,44022.907758725116
FACOAL181t2pp_num2,predict,4.35000228202527,7.958954429363509e-06,62758.64560000017,249.52750438723504,546554.4903708096
PGSA160,predict,4.346657299423842,3.8305110676017206e-05,20700.3721,755.9268114762937,113474.60489509249
ABUTD,predict,4.323952825263632,7.727586595265483e-05,50829.40480000006,306.24458878080463,55954.76377984324
DSERt2pp,predict,4.31761715961633,0.0003360092346857,51659.05060000008,300.88477418938015,12849.697906829824
GARFT_reverse,predict,4.309992778328257,2.9149882108590014e-05,23237.995899999987,667.6984568183753,147856.26790093156
CBLAT_reverse,predict,4.309355162676067,1.2528386573158812e-05,21998.62850000001,705.2111719434616,343967.2888054523
CLPNS181pp_num2,predict,4.298467583091701,0.001088006138757,54821.72320000008,282.26918812231173,3950.775119708897
FACOAL60t2pp_num2,predict,4.283519133693767,8.729099967690915e-06,62758.64560000017,245.71385717249322,490717.15864732786
PRAIS,predict,4.2797952906517605,0.0001226666544039,36853.62070000003,418.0664681976912,34889.63900947225
CTBTt2rpp_reverse,predict,4.275382822480194,0.0002298166717188,54845.15890000003,280.63330418992894,18603.44939513998
CTBTt2rpp,predict,4.275382822480194,0.0002298161670612,54845.15890000003,280.63330418992894,18603.49024680087
FEENTERabcpp,predict,4.262442370236855,1.283652738720527e-05,34909.797400000025,115.50717515848785,332055.7220549709
UPP3MT_num2,predict,4.231125459686502,9.118947702831444e-05,49950.81540000002,304.9410011207024,46399.27322286027
PGSA181,predict,4.225223282189353,2.8409092150485117e-05,20700.3721,734.8082315815798,148727.85303409293
GLUTRR,predict,4.221907034832764,3.997456554812971e-05,46306.27210000011,328.2247660225258,105614.83225501358
AICART_reverse,predict,4.21868313312999,2.7425629503280943e-05,57328.55670000012,264.9161282525003,153822.6545584052
AIRC3,predict,4.215831981537394,1.1681360816403475e-05,17780.10779999999,853.5941010174656,360902.4708505998
CYSTRS,predict,4.213369018740491,4.824376153457991e-06,52201.51890000013,290.56871882449633,873350.0217889218
2MAHMP_num1,predict,4.187945794772148,3.5932319162107415e-05,30370.595700000005,496.42111106762815,116550.94612397198
CPPPGO,predict,4.180094283924701,7.695158935252183e-06,34322.20930000003,438.44320424119405,543210.9094947124
PGPP180pp_num1,predict,4.1613427595873365,5.177258908056871e-05,19417.8997,771.4961023572704,80377.33544890788
PGPP180_num1,predict,4.1613427595873365,5.177258908056871e-05,19417.8997,771.4961023572704,80377.33544890788
GGGABADr,predict,4.155559597395173,8.057528298368712e-05,53417.97230000012,280.0558296486029,51573.62709152988
FDMO3,predict,4.15236413365716,7.24803751081341e-05,41735.731200000046,358.17057593963426,57289.495638815504
DALAt2pp,predict,4.145111782308679,0.0003883106281256,51659.05060000008,288.863272611348,10674.731727837057
NMNPtpp,predict,4.139584106178573,5.466568159663182e-05,26995.92940000001,552.0277728331463,75725.46404385507
KARA2,predict,4.126662738994072,7.88239910668161e-05,54068.42740000005,274.76267712529483,52352.87738089862
SHCHD2,predict,4.101502623123417,1.0290780404144788e-05,49950.81540000002,295.5989672041328,398560.8925705447
UAGCVT,predict,4.076252542036443,5.83652418206918e-05,44817.12960000008,327.43081233232675,69840.41211650251
TDPADGAT,predict,4.050486871341226,9.386252175996138e-05,24220.0712,602.052430664548,43153.399199093634
METSOXR1_num2,predict,4.046204197196468,0.0002147630118997,23314.7748,414.74413157622837,18840.32153118691
PE160abcpp,predict,4.01209495451174,7.541191611040267e-05,64459.97920000018,224.06991152492063,53202.400382428335
ADCL,predict,3.9584333019190967,1.694001474545983e-05,29714.750000000004,479.57192595962425,233673.54523584543
GRXR_num4,predict,3.904905703290814,0.0001932987891717,9684.737199999998,1451.527309573969,20201.397639497027
PPNCL2,predict,3.904623815405333,1.988053459798186e-05,43437.64430000001,323.6051577377827,196404.3671039764
PRATPP,predict,3.875158224763864,1.7286009219506147e-05,22755.554000000004,613.0621829356432,224178.88221365737
TDSK,predict,3.856627448096535,3.9578802873613214e-05,35588.859400000045,390.1181169393563,97441.74073207528
METSOXR1_num3,predict,3.820919812156984,0.0001700554605612,85849.65890000053,135.64825391262366,22468.66874811057
DHNPA2r,predict,3.812407264055097,1.926798467700203e-05,13619.361699999989,1007.7319666602555,197862.2740242018
DHAD2,predict,3.8081144634899498,0.0002080419889695,65530.874100000285,209.2023379337734,18304.54747309803
UDPKAAT,predict,3.794623892948848,0.0001378254545433,42237.04590000007,323.42806471263725,27532.097793711306
PA140abcpp,predict,3.780375274600505,4.7023415124423694e-05,64459.97920000018,211.12869035120286,80393.46492800774
ARGTRS,predict,3.767115843512647,8.505846495081423e-06,64682.216700000194,209.6653103208426,442885.47244427854
SHCHF,predict,3.756275150136654,1.6369162163020095e-05,49950.81540000002,270.71811405288787,229472.6579606213
DNTPPA_num1,predict,3.750989028992548,1.0849564638381682e-05,14926.8881,904.646729707391,345727.14703435736
PG160abcpp,predict,3.709044362039215,5.649950952892472e-05,64459.97920000018,207.14495829904234,65647.37274649054
UPP3S,predict,3.707379643236361,4.212615031459119e-05,27797.606800000023,480.13366084633185,88006.60909079651
PROTRS,predict,3.7004681978557112,2.084645402439202e-05,63691.83340000015,209.15845566286572,177510.67848401782
GMPS2,predict,3.678269524939144,0.0001246546858704,58678.53230000009,225.66635140226398,29507.671526791524
PYDXK_num1,predict,3.66612942103805,7.356949725220694e-05,31321.84210000004,421.369403293715,49832.19347646247
PGPP161pp_num1,predict,3.66410326443752,4.477462642059583e-05,19417.8997,679.3099128004596,81834.36819814701
2AGPG160tipp,predict,3.645779067707137,7.693562247044808e-05,41655.10760000001,315.0827209421418,47387.39936896625
GTHRDabc2pp,predict,3.6376821738476592,0.0001058398904441,65055.37210000021,102.32999309240748,34369.67062781422
2AGPG140tipp,predict,3.63524364217228,5.34582169475897e-05,41655.10760000001,314.1722075834994,68001.58796422752
PGP160abcpp,predict,3.629609738220741,4.720000982993323e-05,64459.97920000018,202.7086452673666,76898.49538800139
TMK,predict,3.61203056918702,2.6137783300369338e-05,32396.887600000045,401.37528671344506,138191.9242224332
PPCDC,predict,3.607010805175384,4.6047706888487e-05,43437.64430000001,298.93975854098926,78332.03972372445
PGPP161_num2,predict,3.5947388122979094,4.405089675474604e-05,19417.8997,666.4500241636573,81604.21415054648
CLPNS161pp_num2,predict,3.5647049533922126,0.0009708941590373,47632.91480000005,269.41323843175667,3671.5690584922586
CPH4S,predict,3.563694821930261,2.441089668297125e-05,13772.725599999989,931.5005418353031,145987.87042576162
FACOAL160t2pp_num1,predict,3.507728284610399,3.7007947726071096e-05,62758.64560000017,201.2124656909008,94783.10741720216
KDOPP,predict,3.46358608122286,3.557036593969264e-05,20014.91889999999,622.9807852182854,97372.79866884576
GDPMNP,predict,3.4619398287866106,6.845337405756581e-05,21748.40270000001,573.0528147536919,50573.69160321148
THZPSN3,predict,3.4397673047708306,3.329693005964331e-05,7311.2128,69.7007804142909,103305.83926534154
NNDMBRT,predict,3.431034357153891,1.9260856612379817e-05,36986.591600000014,333.9513902587878,178135.08641918923
CBLAT,predict,3.4277622806153896,1.2991659425404531e-05,21998.62850000001,560.941524614382,263843.2988716264
PE180abcpp,predict,3.424644195888938,7.121867651944574e-05,64459.97920000018,191.26160539003314,48086.32178040916
SERASr,predict,3.415228203462375,3.8650902007984815e-05,141989.2243000003,86.58982111549238,88360.89265799876
FMETTRS,predict,3.4068998069487475,7.759511908785258e-06,34168.063900000016,358.95622710467615,439061.09649647964
AIRC2,predict,3.389700451139229,1.895756004357521e-05,39460.63929999998,309.2428769673083,178804.67968176166
KARA1_reverse,predict,3.3513772309327847,5.4322664037477314e-05,54068.42740000005,223.1423884793441,61693.90419845137
ALATA_L2_num2,predict,3.342786108339267,5.131948928249472e-05,45316.05480000002,265.55775967552574,65136.77659453062
PG140abcpp,predict,3.313807450420115,7.307134812451869e-05,64459.97920000018,185.0715276295401,45350.298516090814
ACACT8r_reverse_num1,predict,3.2878742745363496,3.0856963012519084e-05,46529.971200000095,254.38114580932373,106552.10213663655
HMBS,predict,3.274549053928703,7.656299220186845e-05,33851.43770000004,348.2385799567774,42769.345342393644
DBTS,predict,3.267305321878392,2.523724315590505e-05,25453.26960000001,462.1134865424993,129463.63838927876
FACOAL80t2pp_num2,predict,3.2657756691211954,1.3360142796354704e-05,62758.64560000017,187.33343105856113,244441.67393272606
CLPNS161pp_num1,predict,3.25128588501527,0.0008777234592576,54821.72320000008,213.50348917990513,3704.225802242186
ORNDC_num1,predict,3.237835204061288,0.0010367495984069,79415.20730000033,146.7754996922433,3123.0638613573046
ACNAMt2pp,predict,3.2108004424575056,0.0001005600939959,53550.59200000007,215.84974434730813,31929.17105455784
PGSA180,predict,3.200913061050442,5.841787734853059e-05,20700.3721,556.6705257332833,54793.381860714864
2AGPG180tipp,predict,3.1565949059668217,4.297004775445433e-05,41655.10760000001,272.8054809173163,73460.35368647234
ARGAGMt7pp_reverse,predict,3.1424068895213235,0.0001543185556812,46842.07010000004,241.50650853231087,20363.11755025161
ARGAGMt7pp,predict,3.1424068895213235,0.0001543185556812,46842.07010000004,241.50650853231087,20363.11755025161
ANPRT,predict,3.1344237240620583,1.4303387352205854e-05,56869.27080000013,198.4186758136414,219138.561158988
PA160abcpp,predict,3.129197058309852,4.774127826256678e-05,64459.97920000018,174.76129452296558,65544.89473658288
PPGPPDP,predict,3.0433611728739014,4.013997863504514e-05,79341.5360000004,138.08782605804342,75818.70435319126
ASNt2rpp_reverse,predict,3.0230653170501625,0.000265335125496,54232.43370000004,200.6739214688899,11393.38529491353
ASNt2rpp,predict,3.0230599233563566,0.000265335125496,54232.43370000004,200.6735634304178,11393.364967059102
AIRC3_reverse,predict,3.0188056394335794,1.0604141201064144e-05,17780.10779999999,611.2280321473017,284681.7655663277
IPDPS,predict,3.010516234801391,5.7175725648155456e-05,34774.147200000014,311.66424824028473,52653.7477342627
CYSDS_num2,predict,3.003629223213725,0.0003441384121,43211.87380000006,250.2336569253193,8727.968508034286
TGBPA_num2,predict,3.0027251275571856,7.721573378390007e-05,30815.56650000002,138.70319369620964,38887.477725210345
DMPPS,predict,2.9832676961785864,5.84029986746327e-05,34774.147200000014,308.8433382556944,51080.7281112154
DASYN140,predict,2.9826847136095544,1.3880924260456906e-05,31453.38050000001,341.38349513796754,214876.52101859218
DNTPPA_num2,predict,2.969890122527997,1.1562092560478164e-05,17305.55309999999,617.8135064114648,256864.41333982657
CTPS2,predict,2.9437606690334506,0.0001882388342847,60373.441100000055,175.53311879253496,15638.434440053896
LIPAHT2ex,predict,2.937258963911344,9.615601058910264e-05,21769.2935,485.7361250644555,30546.80561221436
HISTRS,predict,2.9333991766716867,7.021336888027289e-06,47028.8824000001,224.54790539564362,417783.56792332366
SERTRS,predict,2.9275593370945776,8.891393706254516e-06,48413.47600000005,217.69173553124895,329257.6432685947
IG3PS,predict,2.922117104114365,2.056738208427067e-05,21652.616999999987,209.94427814178457,142075.30604243086
ATPPRT,predict,2.92131993485406,1.1847156363428756e-05,33366.36540000005,315.19021144192703,246584.06162950172
ASNTRS,predict,2.90981793646343,7.265127627059489e-06,52569.79370000008,199.26546851311556,400518.488570745
GDPTPDP,predict,2.9087322865877963,3.955603854765795e-05,79341.5360000004,131.97924768832323,73534.46890500154
PA180abcpp,predict,2.9010871332335224,5.16360592742954e-05,64459.97920000018,162.02167312583697,56183.35663112257
LYSDC,predict,2.896708700527181,0.0003256022855119,80589.37580000047,129.39858658016544,8896.46304531641
FCLT,predict,2.882217105021385,1.915624954309072e-05,35883.96540000001,289.153705907792,150458.31902210438
METS_num2,predict,2.8798486191264283,0.0003592419293163,84672.4709000005,122.4418623745995,8016.460173809004
PGSA161,predict,2.870975252800493,2.739959482134844e-05,20700.3721,499.29106878623577,104781.66817866839
TPRDCOAS,predict,2.865138768045739,2.3900868211906945e-05,31644.09520000001,325.9533729681314,119875.92846599534
PG180abcpp,predict,2.8369877762490563,5.877926712431187e-05,64459.97920000018,158.44181337397288,48265.10970695042
TRPt2rpp_num4,predict,2.8011679414409563,0.0001072790590201,49689.54070000004,202.94421013208185,26111.041306916424
TRPt2rpp_reverse_num4,predict,2.8011679414409563,0.0001072790590201,49689.54070000004,202.94421013208185,26111.041306916424
HMPK1_num2,predict,2.787777513865386,7.419337765949019e-05,30847.016200000027,325.3474820658791,37574.47904124091
AM4PCP,predict,2.7766841205885457,0.0002222867499729,33567.06660000001,297.7937558034565,12491.451338989229
AADDGT,predict,2.7729521847242964,0.0002654091328373,40639.09220000004,245.6410152047505,10447.840114168792
HCYSMT2,predict,2.749745817189402,0.0003164323358121,33422.42890000004,296.18089611320363,8689.83825604417
PGP180abcpp,predict,2.722877143498337,7.135220241853414e-05,64459.97920000018,152.06889357162535,38161.080544180295
ACNML,predict,2.707924918096915,0.0014685378265899,32593.081300000005,299.0981311468975,1843.9599369292398
ADSS,predict,2.7077439313146128,4.607471301926048e-05,47344.38240000002,205.89302592175335,58768.54686393168
ICHORT,predict,2.6956540262363653,3.23059908547678e-05,32553.98120000002,298.1003900822708,83441.30469035076
LIPAMPL,predict,2.694373143905355,6.130058494524613e-06,37925.43480000006,255.7582627387376,439534.6547364886
FECRMabcpp,predict,2.693396154667977,3.244526411307818e-05,28886.09530000001,73.28622727672739,83013.53767011904
USHD,predict,2.682867217618868,3.949706000224203e-05,26893.86810000001,359.127290559885,67925.74478876597
MOCOS,predict,2.6639343600557828,6.995251500026259e-06,44066.74880000004,217.6281200078189,380820.38366251485
ALATA_D2_num1,predict,2.6638873794502222,4.074081357591081e-05,45316.05480000002,211.62465727313923,65386.20969084729
NAMNPP,predict,2.6586778615563,2.2921137578292755e-05,45896.72340000003,208.53864050789022,115992.40449890129
DASYN161,predict,2.649720894858565,2.4068061709452307e-05,31453.38050000001,303.27408596003954,110092.82454257352
BETALDHx,predict,2.645009323472537,0.0001071821045101,52910.5159000001,179.96485958476765,24677.714022897286
KARA2_reverse,predict,2.619758869574139,6.534333292799301e-05,54068.42740000005,174.42955869041774,40092.21372991578
OMPHHX,predict,2.595727189905729,1.4048338703964928e-05,42287.79620000008,220.97670541792405,184771.11383804583
SEPHCHCS,predict,2.530433359156462,8.543538168151613e-06,61366.30730000007,148.4456291044133,296180.9626589307
TMPPP,predict,2.525075685474542,3.618876170674247e-05,23014.98779999998,394.97185689181026,69775.13367096186
ILETRS,predict,2.5213713233752544,4.136362891288534e-06,104295.61110000077,87.03086034414011,609562.4077581385
TYRt2rpp_num4,predict,2.509415528109408,9.10795090599708e-05,50676.694800000056,178.26529407347732,27551.921985625737
TYRt2rpp_reverse_num4,predict,2.509415528109408,9.10795090599708e-05,50676.694800000056,178.26529407347732,27551.921985625737
PG161abcpp,predict,2.50824069625154,5.8561471438137705e-05,64459.97920000018,140.08174713319667,42830.90288981481
PGP161abcpp,predict,2.508214361807265,3.701802612608756e-05,64459.97920000018,140.08027639118643,67756.56684837828
AMPMS2,predict,2.4994166129444397,6.183087695412901e-05,70849.55920000028,127.00008169704952,40423.43786905534
HCYSMT,predict,2.484239128827503,9.405099609020204e-05,33422.42890000004,267.5826131768358,26413.74607500094
PAPSR2_num1,predict,2.402235068295847,1.7296602921780476e-05,27975.466900000018,229.633546937284,138884.79021917479
CBIAT,predict,2.376681683934992,1.895042197748045e-05,21998.62850000001,388.9357948913028,125415.76576813425
SERTRS2,predict,2.375226193568624,6.155093268590766e-06,48413.47600000005,176.62054046371378,385896.0522481963
KDOCT2,predict,2.364970830336512,7.725126462650983e-05,27614.11420000001,308.3167878407427,30614.0079618184
RBFK,predict,2.3610273927879137,8.87123775128688e-06,34733.8411,244.70943451274354,266144.07808486687
AHCYSNS,predict,2.327653471795555,2.6377906817853015e-05,24353.6853,344.07739096735384,88242.53902588508
LIPATPT,predict,2.315686764363607,3.444071680313429e-05,37925.43480000006,219.81217606789238,67236.89224008447
BETALDHy,predict,2.2931643832228645,0.0001039033278421,52910.5159000001,156.02553933144122,22070.172638818123
ULA4NFT,predict,2.290441114117816,1.334304982897653e-05,74287.98030000034,110.9949143525726,171657.99000043925
ACONMT,predict,2.2899371076604607,0.0001189141290804,29005.612100000017,284.213053637908,19257.064954091307
VALTRS,predict,2.2585540412037743,3.307866237001815e-06,108191.08910000084,75.1521647112574,682782.7606629231
MMETt2pp,predict,2.24873900203308,0.0002321424717688,50525.197300000094,160.22620078554493,9686.891782011735
ACGAMT,predict,2.2289072135610914,4.5378222158034426e-05,40956.754700000034,195.91557064505218,49118.434076123296
DHNPA2r_reverse,predict,2.227640205871557,1.8120398471793287e-05,13619.361699999989,588.8311741612393,122935.49776729046
TMDS,predict,2.187705194032194,1.541719790733246e-05,30479.330400000006,258.3960538226226,141900.31205292602
2MAHMP_num2,predict,2.147038193213313,2.393534900641193e-05,17432.713799999987,443.38119608020713,89701.56201349532
TYRt2rpp_reverse_num3,predict,2.1237283553250994,8.759034671061116e-05,49689.54070000004,153.86381060210428,24246.146237343524
TYRt2rpp_num3,predict,2.1237283553250994,8.759034671061116e-05,49689.54070000004,153.86381060210428,24246.146237343524
AOXSr2,predict,2.0978446299422364,0.0001877709801583,41593.77420000007,181.57142055630138,11172.35809374618
AGPAT180,predict,2.097685849066066,4.29856669452053e-05,27452.833700000017,275.0779441991751,48799.65807533076
ABUTt2pp,predict,2.081914730685797,0.0002110618416323,51079.488600000026,146.7299935040631,9864.00343418206
MECDPS,predict,2.0751820818807536,3.060995787541568e-05,16897.339399999997,442.1202248426586,67794.34621657651
DHPTPE,predict,2.055858258419416,1.4713000317872593e-05,14081.85819999999,525.5762148144555,139730.72887941595
RZ5PP,predict,2.031847600669789,4.145710871925928e-05,23308.201100000013,313.82307587912635,49010.83706606572
CYSTL_num2,predict,2.019555536461892,0.0003821370299382,43211.87380000006,168.25005008838102,5284.898814408273
DASYN180,predict,2.0129556194480216,2.692748597794237e-05,31453.38050000001,230.393048849324,74754.68081561467
PYDAMK,predict,1.995584293822682,2.522076142549201e-05,30847.016200000027,232.8945986601339,79124.66480118381
PHEt2rpp_reverse_num3,predict,1.9860202675105108,9.170223749635662e-05,50676.694800000056,141.0840425022713,21657.271640612
PHEt2rpp_num3,predict,1.986016860377334,9.170223749635662e-05,50676.694800000056,141.083800464398,21657.234486303998
OCTNLL,predict,1.9748327427458368,9.09761661948292e-06,37925.43480000006,187.45725425104422,217071.44028433238
PRAMPC,predict,1.960875726132661,3.817386458070452e-05,22755.554000000004,310.21668881705006,51366.969199230916
LEUTRS,predict,1.9554706492345084,4.735422924614324e-06,97232.6634000005,72.40050916104181,412945.3019011541
ADOCBLS,predict,1.9480355828389448,7.256932096554183e-06,26385.2981,265.78923124693455,268437.89592077525
BWCOS,predict,1.9336720694092,6.325238257291665e-06,44066.74880000004,157.9698897567209,305707.3885209121
ASPTRS,predict,1.9231518160702437,1.2628804156311798e-05,65912.69070000024,105.0381415828447,152282.97091843525
LYSTRS_num2,predict,1.886924188550112,6.50169254039434e-06,57602.74060000013,117.92715082692416,290220.4582617293
UDPKAAT_reverse,predict,1.885416676535572,0.0001286895622294,42237.04590000007,160.70016003482024,14650.890436433825
LYSTRS_num1,predict,1.8739775541136572,6.45994506232109e-06,57825.887800000135,116.66607209114306,290091.8716854115
PAPSR_num1,predict,1.8315369474624528,1.3146775196023786e-05,27975.466900000018,151.4707589079793,139314.54064996846
OPHBDC,predict,1.8010936208031043,2.491374846921781e-05,20694.766599999984,84.98190337606576,72293.16066301489
GLYTRS,predict,1.7929951297594398,1.3284563296282296e-05,76812.00450000032,57.845819842751524,134968.3154628961
CDGR,predict,1.788244845637614,0.0001328047258288,32587.10490000005,197.5530340621146,13465.219964708635
AGPAT140,predict,1.770783709725513,4.175174295695989e-05,27452.833700000017,232.20995780161823,42412.21046869682
ACBIPGT,predict,1.7436002085401905,2.1989171288614358e-05,20163.7742,311.2989011127037,79293.58435817901
BMOCOS,predict,1.7320318084726922,6.243666824980266e-06,44066.74880000004,141.4970398383846,277406.18726531207
ADOCBIK,predict,1.7278231823162642,7.902312360333938e-06,20163.7742,308.48210234066954,218647.79618041439
ARGDCpp,predict,1.7091278684220963,0.0001076743751084,73897.61930000031,83.26195599537427,15873.116205238715
PHEt2rpp_num2,predict,1.6807768618296846,8.818921906085269e-05,49689.54070000004,121.77203929330867,19058.756611393826
PHEt2rpp_reverse_num2,predict,1.6807739206899508,8.818921906085269e-05,49689.54070000004,121.7718262081625,19058.723261061834
O16GLCT1,predict,1.6486011970072487,9.244435443198652e-05,43187.61680000003,137.4228250822604,17833.443774223804
ENTERES2,predict,1.6422086015839323,9.27642256564226e-06,45651.37860000007,129.50213437151595,177030.37889480114
TRPTRS,predict,1.6356650677853464,4.53998506611776e-06,37437.38430000006,157.2864759151252,360279.834396909
METSOXR1_num1,predict,1.6318083422877665,0.0002386751149223,23314.7748,151.13464834212317,6836.943779492877
ASNS2,predict,1.6300053641902454,0.0012803695262304,36650.10100000003,160.10922619517143,1273.074163979227
PRFGS,predict,1.593572424064558,0.0003603391380184,141401.06280000033,40.571553091837124,4422.423922164085
MPTS,predict,1.5725174019476724,7.539353694432726e-06,8757.826599999995,219.94389829836845,208574.56297730986
AMMQLT8,predict,1.525766642112642,4.691630233186604e-05,28072.88920000001,195.66065581897817,32521.033548637643
CPPPGO2,predict,1.5256968076480808,2.7868565375700312e-05,52728.41250000009,104.16601310599066,54746.155285711095
PYAM5PO,predict,1.5031591958158848,4.652618354705123e-05,25544.8351,211.83824768307804,32307.812101023985
PYDXNK,predict,1.4932873082840104,7.464711362707017e-05,30847.016200000027,174.27404566352945,20004.622224836858
XPPT,predict,1.4836565307346228,9.44427675134376e-05,16970.386399999978,314.73434869135616,15709.58337835159
OHPHM,predict,1.4828522809043372,1.912693130133072e-05,26555.14670000002,201.025747346205,77526.93087788581
DHPTPE_reverse,predict,1.4597406121684964,1.9256204699125668e-05,14081.85819999999,373.17988358997894,75806.24712795955
LYSt2pp,predict,1.4357842130179548,0.0001857199983725,53575.23990000002,96.47783521851547,7730.907956062931
HPPK2,predict,1.4317723434457876,2.298444295943009e-05,18078.5667,285.1100157406193,62293.10607931692
DMQMT,predict,1.410111946294328,3.913231094415438e-05,26555.14670000002,191.16456271204018,36034.46646191417
GLNTRS,predict,1.3988033920676135,6.3562533415173885e-06,63477.14480000018,79.33079263898136,220067.28129147948
COLIPAKpp,predict,1.3947511845037572,8.604407953546006e-05,26758.797600000005,187.64311981692055,16209.72868829353
CBIAT_reverse,predict,1.3903472079560713,4.026922914514481e-06,21998.62850000001,227.5255454512473,345262.9308956372
AGPAT160,predict,1.3885995568239715,3.658640040901374e-05,27452.833700000017,182.0926196251389,37953.98129633612
ACMAMUT,predict,1.3839555210059449,0.0001400373264176,27927.842400000016,178.39687736211943,9882.761663693174
TYRTRS,predict,1.367804171038946,3.993056770840563e-06,47526.39420000008,103.60758687096434,342545.63597176573
HXPRT_num1,predict,1.365676099843958,2.351637167388176e-05,16970.386399999978,289.7066597987572,58073.41875620777
DMATT,predict,1.3654296959882817,2.6111107603665627e-05,32159.26200000001,152.85011532782727,52293.0592111916
UPLA4FNF,predict,1.3534926857273557,0.0002229488969442,33111.39300000002,147.15701234975157,6070.865136713863
OPHHX,predict,1.32012711235355,1.5290645892457158e-05,63201.966100000165,75.194774747249,86335.60162457009
OCTDPS,predict,1.286307458635589,2.7513637789329463e-05,35216.580200000026,131.49223532749826,46751.63162664204
SPMS,predict,1.225773627264445,6.089112593797162e-05,32321.015900000028,136.52989967286265,20130.579101347415
GRTT,predict,1.2218709635078746,2.824329333317024e-05,32159.26200000001,136.7797391814634,43262.34016317256
FEOXAMR2,predict,1.212615140006836,2.307800591537216e-05,30112.408000000032,144.97062154659315,52544.19053593873
DHPS2,predict,1.19265776069828,2.7766462028537414e-06,30614.766300000025,140.2450012663923,429531.77090855414
GLUTRS,predict,1.1882663121346906,5.396769449452591e-06,53815.10000000009,79.48993356297541,220181.04039171428
METSOXR2_num1,predict,1.1490348666570134,0.0001843387572727,15554.60489999999,133.41211431498803,6233.27879419952
ARGDC,predict,1.1441331356512503,0.0001240591734586,84424.28420000033,48.78784969721408,9222.479110205106
METTRS,predict,1.0811227708027942,4.159411671443249e-06,76253.84130000038,51.04060213278776,259922.04095240758
PDX5POi,predict,1.0470762277977703,1.689959070133614e-05,25544.8351,147.56307509191842,61958.673810661276
RBFSa,predict,1.002657745256641,2.778357017449067e-05,23444.63330000001,153.9613708918154,36088.15350077743
PPPGO,predict,0.9696524357476376,8.341032737410588e-06,21226.0465,164.45590886138385,116250.88478536041
SELCYSS,predict,0.9614021848493248,3.082824643699485e-05,50606.60020000007,68.39123457768983,31185.756439769873
MOCDS,predict,0.9563727887041364,1.350909331554111e-05,21513.6153,160.0354933991448,70794.7429457688
MECDPDH5_num1,predict,0.9346369344081912,3.720346098048906e-05,19699.9514,55.72244192479986,25122.311467160303
MECDPDH5_num2,predict,0.8874545410125483,3.473106322540037e-05,40683.13390000003,52.877278685049866,25552.18466112242
PPPGO3,predict,0.8509466444044955,1.3667580571146498e-05,21226.0465,144.32305704485213,62260.225207738746
GUAPRT_num1,predict,0.835362260335031,4.094395297480363e-05,16970.386399999978,177.20893716398322,20402.579615336654
OMBZLM,predict,0.8033937720162315,1.480850600278697e-05,28072.88920000001,103.02529100775394,54252.18262159817
LPADSS,predict,0.8031547880051563,3.861573768098957e-05,42381.972400000064,68.22139398162031,20798.639006721536
UDCPDPS,predict,0.7921393225581059,6.421200544157492e-06,28443.798400000003,100.25741010768733,123363.11833133073
HEMEOS,predict,0.7082160333525036,1.1865837099168333e-05,32248.10950000005,79.06130807664893,59685.298848586244
MOAT,predict,0.7052686719772602,3.533056148146683e-05,47290.47050000007,53.68877053397328,19962.000104278537
CCGS,predict,0.6936441909663698,6.886202561134276e-05,25513.893700000008,97.8729125722951,10072.956536034784
HBZOPT,predict,0.6896457384609176,1.6284443387675278e-05,32511.3528,76.3648524173163,42349.97304131802
RBFSb,predict,0.6673492906515215,1.0950848845117043e-05,16156.30269999999,148.70094296670234,60940.4165914582
ADMDC,predict,0.6661503084452839,5.676196314638675e-05,30384.30650000002,78.92696548473208,11735.857456644158
MOGDS_num1,predict,0.6610226982941146,9.91901493110813e-06,77951.0022000005,30.527916854144017,66641.9702848725
UPLA4FNT,predict,0.6445210082861105,2.3310153202665617e-05,36338.72350000005,63.85132460225232,27649.79717990042
APCS,predict,0.6296160814495889,5.186885875191368e-05,32321.015900000028,70.1282998106046,12138.61450973913
CFAS180E,predict,0.5964106069989986,5.9727856542729775e-05,43908.510600000045,48.89890720174856,9985.468113564762
DURIK1,predict,0.5636599761958896,2.66062398249954e-05,23456.312000000016,86.50873651003623,21185.25503428544
CFAS180G,predict,0.5497910786326725,7.594553117349441e-05,43908.510600000045,45.07663448455979,7239.28149737603
LIPOS,predict,0.5495443176190787,1.704235912275251e-05,36071.34330000006,54.84574075811256,32245.789075375495
CFAS160E,predict,0.5463279643559603,5.126204786970081e-05,43908.510600000045,44.792698381380646,10657.552459562887
CFAS160G,predict,0.4516850959659436,5.324125257552149e-05,43908.510600000045,37.033056308619024,8483.742851940582
TMDK1,predict,0.3657324196953698,3.29451334604058e-05,23456.312000000016,56.131446022005946,11101.257796843202
MALCOAMT,predict,0.2782923581003692,2.8325869280160977e-05,28275.8538,35.43137888063804,9824.671410712224
FEOXAMR3,predict,0.2321221139046849,7.3590340471001215e-06,30112.408000000032,27.750673744087976,31542.470440961504
DHNAOT4,predict,0.2248248183312737,9.25037510233007e-06,33593.573100000045,24.092981820757384,24304.400183149628
AMAOTr_reverse,predict,0.2048176845419431,0.0002107981738134,47335.11480000008,15.577096780401044,971.6293117569847
AMAOTr,predict,0.1238825134980217,4.672814622365586e-05,47335.11480000008,9.421695721605758,2651.1326365287496
BTS5,predict,0.1107295061255648,2.648318991630482e-05,38647.68880000006,10.314361205786582,4181.124195216088
