,GAPDi_nadp,PGMT_reverse,ENO,PGM_reverse,PGK_reverse,TPI,PFK,FBA,PGI,GAPD,PYK,TKT2_reverse,RPE_reverse,PGL,G6PDH2r,RPE,GND,TALA,TKT1,RPI_reverse,TKT2,MDH_reverse,MDH,CS,FUM,ACONT,ICDHyr,SUCOAS_reverse,SUCD1,SUCD5_BS,AKGDH,PRASCSi,IPPS,PRPPS,LEUTA,GLYt2r_reverse,METSR_R1,METSR_R2,ASPO1,PHETA1_reverse,HISTD,THRS,ILEDHr_reverse,ILETA,GHMT2r,PSERT,VALTA,VALDHr_reverse,TYRTA_reverse,TRPS1,PRO1x,HISTP,GLUPRT,GLNS,GLUR_reverse,ASPTA_reverse,ARGSS,METS,GLU5K,ASPCT,ASPK,ARGSL,ALAALAr,CYSTS,LLEUDr_reverse,ALATA_L_reverse,ALAR,CYSTGL,ECOAH6,HACD3,ACACT6r_1,ECOAH3,ACACT4r,ACACT5r_1,ACACT1r,ECOAH2c,ACACT3r,HACD5,HACD4,ACACT2r,HACD2,HACD6,ECOAH2,ECOAH4,ECOAH5_1,HACD1_1,ECOAH1_1,ACCOAC,PYRt2_reverse,PHCYT_BS,CYTK1,ACKr,PTA2,PTAr_reverse,FORt2_reverse,APTA1i,PTAr,ACKr_reverse,GF6PTA,NADH4,EX_gly_e,EX_ppa_e,EX_pyr_e,EX_mg2_e_reverse,EX_for_e,EX_h_e,EX_co2_e,EX_cit_e,EX_o2_e_reverse,EX_h2o_e,EX_acac_e,EX_pi_e_reverse,EX_k_e_reverse,EX_so4_e_reverse,EX_nh4_e_reverse,EX_ac_e,EX_glc__D_e_reverse,PRAMPC_1,PRATPP,ATPS4r,ADPDA,ATPPRT,ATPM,G3PD4,ME2,NAt3_1,PIt7,PPAKr,HEX7,NDPK3,IGPS,PPAt6_reverse,HIBD,HIBHr,MMSAD1,CDPDSP_BS,SHSL4r,ACOAD6_reverse,PRAIi,ACOAD5_1_reverse,ACOAD3_reverse,ACOAD4_1_reverse,ALDD2x,ACOAD2,HSK,DHAD3,ACOAD1,HSST,DHAD2,PPND,CAT,MTHFC,MTHFD,PGCD,PSP_L,DHQTi,PSCVT,CITt2r_reverse,GK1,IGPDH_1,P5CR,CHORS,DHQS,GMPS2,DAPDC,SHKK,CO2t_reverse,ACt2r_reverse,KAS4,OIVD3,GALUi,KAS12,FACOAL170_anteiso,CYOR3m,CYOO3,O2t,DDPA,H2Ot_reverse,SHK3Dr,ACACt2_reverse,OCOAT1_reverse,IPMD,OMCDC,HSTPTr,G3PCT,CHORM,AGPR_reverse,FACOAL150_anteiso,G3POA_BS,OIVD2,ACOTA_reverse,IMPD,FTHFD,NDPK1,MGt5_reverse,DHAD1,KARA1_reverse,UAMAGS,IG3PS_1,PRMICI,IPPMIb_reverse,PC,HCO3E,Kt1,UAAGDS,PPNDH,APATi,ACLDC,ACTD2,DAPE,UAGCVT,UAMAS,PDH,UAPGR,ADK1,ADSS,ADSL1r,IMPC_reverse,AIRC1,AICART,PRAIS_1,ADSL2r,PRFGS_1,PRAGSr,IPPMIa_reverse,FACOAL150_ISO,AGPATr_BS,DHDPRy,DHDPS,KAS3,ACLS,KARA2,OIVD1r,ACGK,CMPDAi,ACHBS,ORNTAC_1,CBPS,PAPPT3,GLCt2,OCBT_1,TRDR,GLCpts,UMPK,CTPS1,NDPK2,MTHFR3,XYLI2,APSR,SADT,SULR_1_reverse,SO4t2,ASNS1,HSDy_reverse,ASAD_reverse,PPA,DHORDi,DHORTS_reverse,OMPDC,ORPT_reverse,G3PD1ir,SHSL2,UAGDP,PIt2r,G5SADs,ANS,GARFT,G5SD,PGAMT_reverse,PPTGS_BS,UAGPT3,UDCPDP,NH4t,G1PACT,PAP_BS,UGMDDS,PSDC_BS,ANPRT,BIOMASS_BS_10,UAG4E
wildtype,0.0,0.0,0.01530391467462958,0.015303914674630213,0.014809734696946896,0.03004601813206686,0.028847444649048502,0.028846496248079296,0.08418284739598628,0.014809734696946896,0.03806870340216006,2.4109026312405826,30.894373886092012,-32.0577212863155,-32.0577212863155,-29.8745504282371,-32.0577212863155,-30.308131159391035,-30.308131159391035,-0.8045396212785748,0.0,0.0,0.5069823149054031,0.9557775625350045,0.5069823149054097,0.47008226662922004,0.47008226662922004,-0.38369477060765433,0.5663095482055528,0.566309548205553,0.5663095482055532,8.969594210678981e-13,-8.008566259537297e-16,4.199692146500746e-13,0.0,0.0,0.0,0.0,0.0,-1.922055902288952e-15,-3.6839404793871596e-15,-4.805139755722384e-15,-0.4922449050401504,-29.002453741100716,2.7709639257996377e-13,1.6817989145027337e-13,0.02775470286130214,0.026338531564933612,0.0,0.0,28.324258995336898,0.0,8.969594210678981e-13,1.9957347118765558e-13,0.0,1.4992036037853034e-13,0.0,0.0,-2.082227227479698e-15,-4.805139755722384e-15,-9.610279511444756e-16,-1.4415419267167136e-15,0.0,0.0,0.0,-2.0021415648843374e-14,0.0,0.0,0.0,0.0,0.0,0.0,0.0,0.0,-6.986536042281256,0.0,0.0,0.0,0.0,0.0,0.0,0.0,0.0,0.0,0.0,-4.103589351387493e-13,-4.103589351387493e-13,-3.203426503814918e-16,0.0,-3.6839404793871596e-15,0.0,0.0,0.0,0.0,-2.055190307802137e-11,6.406853007629834e-16,0.0,3.203426503814917e-16,0.0,0.045357315807807025,0.0,0.0,0.0,0.0,-2.055190307802137e-11,0.3260344256396732,-0.1077487141943496,33.63641662834321,0.08687760363736471,-0.009682537658457505,-34.00558233866475,2.1783300225941276e-14,3.203426503814917e-16,1.6017132519074577e-15,1.0411136137398107e-13,0.0,0.0,0.0,0.0,0.058274109223975794,0.0,0.0,0.0,0.0,0.0,0.0,0.0,0.0,0.0,0.0,0.0,0.0,0.0,0.0,0.0,-5.285653731294624e-15,0.0,0.0,0.0,0.0,0.0,0.0,0.0,0.0,-4.805139755722384e-15,-0.4922449050401504,0.0,6.406853007629834e-16,29.002453741100716,0.0,-0.0037962278150584935,3.6070582432951463e-13,3.6070582432951463e-13,1.6817989145027337e-13,1.6785954879989192e-13,0.0,0.0,8.625469905229725,0.0,-3.6839404793871596e-15,0.5129540272020803,0.0,0.0,0.0,0.0,0.0,-0.1077487141943496,3.203426503814917e-16,0.0,0.0,0.0,0.0,0.0,0.08708789649389946,0.08708789649389916,0.08687760363736471,0.0,-0.009682537658457505,0.0,-34.00558233866475,-34.00558233866475,-8.008566259537297e-16,-8.008566259537297e-16,-3.6839404793871596e-15,0.0,0.0,1.6017132519074577e-15,0.0,0.0,0.0,2.8830838534334232e-15,1.4415419267167058e-14,-2.1552012832526982e-11,-0.006733834345635722,0.0,-4.805139755722377e-16,-4.805139755722377e-16,0.0,-3.6839404793871596e-15,-3.6839404793871596e-15,9.61027951144475e-16,1.057971056576412,0.7719229793133437,3.203426503814917e-16,0.0,0.0,0.0,-1.0154862017093647e-13,-1.0154862017093647e-13,6.406853007629834e-16,0.0,-2.8830838534334283e-15,-0.1663080895896534,0.0,2.8926941329445806e-13,8.889508548083657e-13,8.889508548083657e-13,6.182613152361466e-13,8.969594210678981e-13,6.182613152361466e-13,8.969594210678981e-13,8.969594210678981e-13,8.969594210678981e-13,8.969594210678981e-13,9.61027951144475e-16,0.0,-2.7229125282426824e-15,1.2813706015259665e-15,6.406853007629834e-16,-6.88736698320209e-15,-2.8830838534334283e-15,0.0,0.0,-1.4415419267167136e-15,5.76616770686684e-15,0.0,-1.4415419267167136e-15,-9.610279511444756e-16,0.0,0.0,0.0,-5.125482406103878e-15,-3.203426503814918e-16,2.5627412030519317e-15,-3.203426503814918e-16,-4.805139755722377e-16,0.0,0.0,0.0,0.0,0.0,1.6017132519074577e-15,0.0,-1.2813706015259676e-15,-6.406853007629836e-16,8.841457150528902e-14,-4.805139755722384e-15,-4.805139755722384e-15,-4.805139755722384e-15,-4.805139755722384e-15,-3.203426503814918e-16,1.6017132519074577e-15,0.0,4.7731054906841486e-14,0.0,0.0,8.969594210678981e-13,0.0,0.0,0.0,0.0,0.0,1.0507238932512547e-13,0.0,0.0,0.0,0.0,0.0,0.0,0.0
acoA,,0.0,-0.017700732012360266,-0.017700732012360592,-0.017070546837829926,-0.034733937147278585,-0.03320809459705046,-0.033156986905747,-0.10626332155036715,-0.01707054683783009,-0.04481055577371142,-29.96592003129049,-30.08701896457671,,,,,,,0.8534737011699007,,,-0.05243229892218637,-0.049852875516745304,-0.052432298922186704,-0.049852875516745304,-0.04985287551674514,-0.0017618102145432622,-0.05631336004172939,-0.05631336004172939,-0.056313360041729724,3.7063644649133834e-13,-1.2813706015259676e-15,1.0186896282131079e-13,,,,,,0.0,0.0,1.4498609887287517,-2.8830838534334283e-15,-1.4095076616785707e-14,1.1436232618618801e-13,6.919401248240056e-14,1.890021637250789e-14,1.7939188421363428e-14,0.0,0.0,0.9940243544396565,0.0,3.7063644649133834e-13,8.328908909918545e-14,0.0,1.5696789868693013e-14,0.0,0.0,0.0,0.0,-8.008566259537297e-16,0.0,0.0,0.0,0.0,6.406853007629834e-16,0.0,8.969594210681742e-15,-1.8579873722126642e-14,-1.8579873722126642e-14,-1.8579873722126642e-14,-1.8579873722126642e-14,-1.8579873722126642e-14,-1.8579873722126642e-14,-0.023245157418904594,,-1.8579873722126642e-14,-1.8579873722126642e-14,-1.8579873722126642e-14,-1.8579873722126642e-14,-1.8579873722126642e-14,-1.8579873722126642e-14,-1.8579873722126642e-14,-1.8579873722126642e-14,-1.8579873722126642e-14,-1.8579873722126642e-14,-1.8579873722126642e-14,-1.0891650112970761e-14,,-2.0021415648843374e-14,0.0,,,,-8.535529919440097e-12,0.0,6.727195658011312e-15,9.61027951144475e-16,0.0,0.014533100935683831,,,,0.0,-8.535529919440097e-12,-0.0040808305309189006,0.006295205665750369,,0.006728651099523116,0.0031354182787056337,-0.023508590971819947,8.232806114804104e-14,0.0,2.8830838534334232e-15,3.9722488647304436e-14,0.0,0.0,-6.406853007629849e-15,-6.406853007629849e-15,0.008951530272984048,0.0,-6.406853007629849e-15,0.0,,,,,,,,0.0,,,,,0.0,-29.750897625031364,-1.8579873722126642e-14,0.0,-1.8579873722126642e-14,-1.8579873722126642e-14,-1.8579873722126642e-14,,-1.8579873722126642e-14,1.4498609887287546,-2.8830838534334283e-15,-1.8579873722126642e-14,-1.5333239231433318,,0.0,-0.0037962278069464416,1.4863898977700453e-13,1.4863898977700453e-13,6.919401248240056e-14,6.919401248240056e-14,0.0,1.6017132519074577e-15,,8.328908909918762e-15,-6.406853007629849e-15,0.9375622613508671,0.0,0.0,6.0865103572483304e-15,0.0,1.6017132519074577e-15,0.006295205665750369,6.406853007629834e-16,-1.4095076616785707e-14,-1.4095076616785707e-14,0.0,-1.4095076616785707e-14,-1.4095076616785707e-14,0.006750042131902591,0.006750042131902591,0.006728651099523116,0.0,0.0031354182787056337,0.0,-0.023508590971819947,-0.023508590971819784,-1.2813706015259676e-15,-1.2813706015259676e-15,-6.406853007629849e-15,0.0,0.0,0.0,-1.4095076616785707e-14,-1.4255247941976454e-14,2.793387911326338e-13,0.0,-27.758892223823587,-8.95085416566222e-12,-0.006733834341847487,0.0,4.484797105340878e-15,4.484797105340878e-15,0.0,-6.406853007629849e-15,-6.406853007629849e-15,-1.2813706015259676e-15,-3.0913065761814287e-14,-2.322484215265834e-14,0.0,0.0,0.0,0.0,1.8628053100366857,1.8628053100366857,0.0,0.0,0.0,-0.029609255727284317,0.0,-0.021317732614635144,2.847846161891181e-13,2.847846161891181e-13,2.5563343500440776e-13,3.7063644649133834e-13,2.5563343500440776e-13,3.7063644649133834e-13,3.7063644649133834e-13,3.7063644649133834e-13,3.7063644649133834e-13,-1.2813706015259676e-15,-1.201284938930599e-14,-1.4255247941976454e-14,0.0,0.0,-1.201284938930599e-14,0.08660466460931183,-2.8830838534334283e-15,-1.7779017096172903e-14,0.0,-0.06485283141891575,-2.8830838534334283e-15,0.0,0.0,0.0,,0.0,-0.31550031537137857,-2.7229125282426824e-15,-0.03959383994749567,-1.7618845770982058e-15,-1.1211992763352217e-15,-4.4847971053408916e-15,,0.0,0.0,0.0,2.8830838534334232e-15,0.0,-1.7618845770982058e-15,-8.008566259537297e-16,1.1532335413733657e-14,0.0,0.0,0.0,0.0,0.0012244908560657545,0.0,0.0,1.0763513052817723e-13,0.0,0.0,3.7063644649133834e-13,0.0,0.0,0.0,0.0,0.0,3.9722488647304436e-14,0.0,0.0,0.0,9.289936861063231e-15,0.0,0.0,0.0
acoB,,0.0,-0.01824946640043281,-0.01824946640043265,-0.017580634454610198,-0.03573508690210793,-0.03417251918593834,-0.03417128770923493,-0.10927396985988536,-0.01758063445461036,-0.0465836648241415,-30.443967327706932,-30.565066261024246,,,,31.968713094424146,,,0.8534737013294345,,,-0.058536310827418364,-0.05534211213266316,-0.05853631082741386,-0.05534211213266316,-0.05534211213266316,-0.061408610462363844,-0.06341139899000235,-0.06341139899000235,-0.06341139899000219,8.101465628145653e-13,0.0,3.6070582432951463e-13,,,,,,0.0,0.0,5.1575166711419256e-14,-0.4922449049592922,-28.673146116535616,2.501876099479234e-13,1.5152207363043766e-13,0.027754702861045723,0.02633853156470179,0.0,0.0,1.4625195774278694,0.0,8.101465628145653e-13,1.8099359746553148e-13,-3.844111804577906e-15,1.44794877972427e-13,0.0,0.0,2.5627412030519317e-15,0.0,9.610279511444721e-15,0.0,0.0,0.0,0.0,1.2813706015259665e-15,0.0,0.0,0.0,0.0,-1.3134048665641223e-14,0.0,-1.3134048665641223e-14,-1.3134048665641223e-14,-0.03440413878927936,,-1.3134048665641223e-14,0.0,0.0,-1.3134048665641223e-14,0.0,0.0,0.0,0.0,0.0,-1.3134048665641223e-14,-1.3134048665641223e-14,-4.805139755722377e-16,,0.0,0.0,,,,-1.861783432631686e-11,0.0,1.2813706015259665e-15,1.2813706015259665e-15,0.0,0.015567174929676708,,,,0.0,-1.861783432631686e-11,-0.003837505632662421,0.006730979440719657,,0.007229915894395319,0.0033243503503519217,-0.034986192551519704,1.6850023410065485e-13,-6.406853007629836e-16,2.2423985526704407e-15,9.289936861062962e-14,0.0,0.0,0.0,0.0,0.009604410468352404,6.406853007629834e-16,-4.324625780150146e-15,0.0,,,,,,,,6.727195658011312e-15,,,,,0.0,0.0,0.0,6.727195658011312e-15,-1.3134048665641223e-14,-1.3134048665641223e-14,-1.3134048665641223e-14,,-1.3134048665641223e-14,5.1575166711419256e-14,-0.4922449049592922,-1.3134048665641223e-14,0.0,,0.0,-0.00379622781240501,3.251477901371775e-13,3.251477901371775e-13,1.512017309800562e-13,1.5152207363043766e-13,0.0,0.0,-24.681639108801722,0.0,0.0,1.3389182116703822,0.0,0.0,4.484797105340878e-15,0.0,0.0,0.006730979440719657,0.0,0.0,0.0,0.0,0.0,0.0,0.007254073241857705,0.007254073241857705,0.007229915894395319,0.0,0.0033243503503519217,0.0,-0.03498619255151921,-0.034986192551519545,0.0,0.0,-4.324625780150146e-15,0.0,0.0,3.844111804577896e-15,5.125482406103859e-15,0.0,3.1521716797535346e-13,3.844111804577896e-15,-1.7346554518158824e-13,-1.9523923512932886e-11,-0.006733834344104883,0.0,5.76616770686684e-15,5.76616770686684e-15,-3.844111804577906e-15,0.0,0.0,0.0,1.3134048665641102e-14,8.649251560300252e-15,-6.406853007629836e-16,-3.844111804577906e-15,0.0,0.0,1.8628053160930598,1.8628053160930598,6.406853007629834e-16,-3.844111804577906e-15,-3.844111804577906e-15,-0.03082130341567908,-3.844111804577906e-15,-0.021317732615868452,8.844660577030276e-13,8.844660577030276e-13,5.593182675659763e-13,8.101465628145653e-13,5.593182675659763e-13,8.101465628145653e-13,8.101465628145653e-13,8.101465628145653e-13,8.101465628145653e-13,0.0,-8.649251560300302e-15,0.0,0.0,0.0,0.0,0.08660466462072794,0.0,0.0,5.349722261370814e-14,-0.06485283143174027,0.0,5.349722261370814e-14,0.0,0.0,-2.715173899669016e-05,0.0,-0.3155003155234591,-6.406853007629836e-16,-0.03959383995227482,0.0,-3.203426503814918e-16,0.0,-2.715173899669016e-05,0.0,0.0,0.0,2.2423985526704407e-15,0.0,1.537644721831152e-14,9.610279511444721e-15,5.734133441828588e-14,0.0,0.0,0.0,0.0,0.0,0.0,0.0,1.614526957922628e-13,0.0,0.0,8.101465628145653e-13,0.0,0.0,0.0,0.0,0.0,9.001628475719637e-14,0.0,0.0,0.0,0.0,0.0,0.0,0.0
acoC,,0.0,0.0017299905590139981,0.0017299905590139981,0.0016760539063172199,0.0033845576416455083,0.003234075710071516,0.0032339572045777935,0.0,0.0016760539063172199,0.0044065858644927675,-0.060148558030145044,-0.1126211355127514,,,,-3.834899557719597e-05,,,-0.11262113551274949,,,0.018335187157299742,0.04904288962648109,0.018335187157302903,0.01741540387303101,0.01741540387303101,-0.029572688253091547,0.019722640833717962,0.019722640833717643,0.01972264083371859,1.0763513052817723e-13,0.0,1.0763513052817723e-13,,,,,,0.0,-4.324625780150146e-15,7.944497729460777e-14,-0.4922449049592922,-28.673146116535616,3.203426503814882e-14,1.890021637250789e-14,0.027754702860982874,0.02633853156464297,0.0,0.0,0.12962342878104643,-4.324625780150146e-15,1.0763513052817723e-13,2.3385013477848707e-14,-3.844111804577906e-15,3.84411180457785e-14,-9.610279511444786e-15,0.0,2.5627412030519317e-15,0.0,1.4095076616785568e-14,-9.610279511444786e-15,0.0,0.0,0.0,4.8051397557223685e-15,0.0,0.0,0.0,0.0,-1.3134048665641223e-14,0.0,-1.3134048665641223e-14,-1.3134048665641223e-14,-3.282996207163135,,-1.3134048665641223e-14,0.0,0.0,-1.3134048665641223e-14,0.0,0.0,0.0,0.0,0.0,-1.3134048665641223e-14,-1.3134048665641223e-14,-4.805139755722377e-16,,0.0,0.0,,,,-2.4792919426296858e-12,0.0,-1.6017132519074588e-16,-1.6017132519074588e-16,0.0,0.00452738602289655,,,,0.0,-2.4792919426296858e-12,0.02976469340441719,-0.0059296217177597504,,0.006258929238369306,-0.00035742729803691796,-29.827762280883874,-2.306467082746759e-14,-6.406853007629836e-16,2.2423985526704407e-15,1.60171325190745e-14,0.0,0.0,-4.324625780150146e-15,-4.324625780150146e-15,0.00464759560818984,6.406853007629834e-16,-4.324625780150146e-15,0.0,,,,,,,,6.727195658011312e-15,,,,,0.0,0.0,0.0,6.727195658011312e-15,-1.3134048665641223e-14,-1.3134048665641223e-14,-1.3134048665641223e-14,,-1.3134048665641223e-14,7.944497729460777e-14,-0.4922449049592922,-1.3134048665641223e-14,0.0,,0.0,-0.0037962278123838114,4.068351659844888e-14,4.1324201899211844e-14,1.890021637250789e-14,1.890021637250789e-14,0.0,0.0,4.754093755026351,0.0,-4.324625780150146e-15,0.1180045876308869,0.0,0.0,4.484797105340878e-15,0.0,0.0,-0.0059296217177597504,3.203426503814917e-16,0.0,0.0,0.0,0.0,0.0,0.00628087803018851,0.00628087803018851,0.006258929238369306,0.0,-0.00035742729803691796,0.0,-29.827762280883874,-29.827762280883874,0.0,0.0,-4.324625780150146e-15,0.0,0.0,1.1532335413733657e-14,5.125482406103859e-15,0.0,-8.601200162743311e-14,1.1532335413733657e-14,-3.5606085589907205e-13,-2.59990095049853e-12,-0.006733834344646703,0.0,-2.5627412030519365e-15,-2.5627412030519365e-15,-3.844111804577906e-15,-4.324625780150146e-15,-4.324625780150146e-15,0.0,0.10290151122047056,0.0681138334307199,-6.406853007629836e-16,-3.844111804577906e-15,0.0,0.0,1.862805316093056,1.862805316093056,6.406853007629834e-16,-3.844111804577906e-15,-3.844111804577906e-15,-0.018843176254387514,-3.844111804577906e-15,-0.021317732616031492,2.633216586135622e-13,2.633216586135622e-13,7.143641103507089e-14,1.0763513052817723e-13,7.303812428697828e-14,1.0763513052817723e-13,1.0763513052817723e-13,1.0571307462588841e-13,1.0571307462588841e-13,0.0,-8.649251560300302e-15,0.0,0.0,0.0,0.0,0.0866046646207204,0.0,0.0,3.844111804577896e-15,-0.06485283143174027,0.0,3.844111804577896e-15,-5.92633903205761e-15,0.0,-4.072741687243251e-05,-9.610279511444786e-15,-0.3155003155234553,0.0,-0.03959383995227482,0.0,-3.203426503814918e-16,0.0,-4.072741687243251e-05,0.0,0.0,0.0,2.2423985526704407e-15,0.0,2.242398552670425e-14,1.4095076616785568e-14,1.537644721831152e-14,0.0,0.0,0.0,0.0,0.0,0.0,0.0,-4.356660045188354e-14,0.0,0.0,1.0763513052817723e-13,0.0,0.0,0.0,0.0,0.0,1.2493363364878124e-14,0.0,0.0,0.0,0.0,0.0,0.0,0.0
acoL,,0.0,0.028947195162808945,0.028947195162808945,0.028091688646616077,0.057160638530915686,0.0550776345580961,0.05507598040749464,0.1563466899287829,0.02809168864661576,0.07074614261329591,,,-32.757432952292454,-32.757432952292454,-31.58043379162392,-32.75744610878728,-31.092088500341884,-31.092088500341884,-1.4261230917919745,-29.78034930616679,,1.2396104286094678,1.1229693603102386,1.239610428609474,1.1229693603102386,1.122969360310239,-0.6207561699603797,1.4422989769296644,1.4422989769296644,1.4422989769296644,1.9444798878143445e-12,-9.610279511444756e-16,8.351332895443073e-13,,,,,,0.0,0.0,2.786981058318709e-13,-0.49224490496919737,-28.70967199247647,5.945559591079262e-13,3.6102616697989603e-13,0.027754702861189015,0.026338531564837044,0.0,0.0,,0.0,1.942237489261677e-12,4.3342360596609327e-13,0.0,3.712771317921012e-13,0.0,3.2034265038149143e-15,0.0,-5.766167706866863e-15,4.741071225646e-14,0.0,0.0,6.4068530076298215e-15,0.0,-3.139357973738654e-14,0.0,6.4068530076298215e-15,0.0,0.0,0.0,0.0,0.0,0.0,-7.869258696083542,,0.0,0.0,0.0,0.0,0.0,-1.2813706015259728e-14,0.0,0.0,0.0,0.0,0.0,-3.203426503814918e-16,,0.0,0.0,,,,-4.5152616914628226e-11,6.406853007629834e-16,0.0,0.0,0.0,-0.03422602500282125,,,,0.0,-4.5152616914628226e-11,0.22871468349233476,-0.18452515871970043,,0.056240116819004905,-0.009823128880974627,-34.60076175075203,6.691957966467811e-13,0.0,1.9220559022889496e-15,2.1879403021054227e-13,0.0,0.0,0.0,0.0,0.032360205752528924,0.0,0.0,0.0,,,,,,,,0.0,,,,,0.0,0.0,0.0,6.727195658011312e-15,0.0,0.0,0.0,,0.0,2.786981058318709e-13,-0.49224490496919737,-1.2813706015259728e-14,0.0,,0.0,-0.00379622781273246,7.7234613006957e-13,7.7234613006957e-13,3.6070582432951463e-13,3.6070582432951463e-13,0.0,0.0,-24.71816498348654,0.0,0.0,0.5718878955669658,0.0,0.0,4.484797105340878e-15,0.0,0.0,-0.18452515871970043,0.0,0.0,0.0,0.0,0.0,0.0,0.05638012774185266,0.05638012774185235,0.056240116819004905,9.61027951144475e-16,-0.009823128880974627,0.0,-34.60076175075203,-34.60076175075203,0.0,0.0,0.0,0.0,0.0,9.289936861063231e-15,0.0,3.523769154196405e-15,0.0,9.289936861063231e-15,-3.1233408412195785e-14,-4.735016749631571e-11,-0.0067338343439112954,0.0,-4.805139755722377e-16,0.0,-3.3635978290056677e-15,0.0,0.0,0.0,3.203426503814882e-14,2.0822272274796813e-14,-3.203426503814918e-16,0.0,0.0,6.406853007629834e-16,1.8628053164784424,1.8628053164784424,6.406853007629834e-16,3.523769154196405e-15,0.0,-0.6781293402948805,3.523769154196405e-15,-0.02131773261564705,1.969466614544067e-12,1.969466614544067e-12,1.3409543344963011e-12,1.9444798878143445e-12,1.3422357050978262e-12,1.942237489261677e-12,1.9444798878143445e-12,1.942237489261677e-12,1.942237489261677e-12,0.0,0.0,3.523769154196405e-15,6.406853007629834e-16,0.0,0.0,0.08660466462144835,0.0,0.0,1.1211992763352168e-14,-0.06485283143255634,0.0,9.289936861063231e-15,-2.2423985526704442e-15,0.0,-6.787982655502931e-06,0.0,-0.3155003155331305,3.203426503814917e-16,-0.03959383995257938,0.0,0.0,3.2034265038149143e-15,-6.787982655502931e-06,1.9220559022889496e-15,1.9220559022889496e-15,1.9220559022889496e-15,1.9220559022889496e-15,0.0,7.688223609155598e-14,4.709036960607852e-14,1.3710665436327195e-13,-5.766167706866863e-15,-2.8830838534334283e-15,-5.766167706866863e-15,-5.766167706866863e-15,0.0,0.0,0.0,5.51309701306442e-13,0.0,0.0,1.942237489261677e-12,0.0,0.0,0.0,0.0,0.0,2.197550581616866e-13,0.0,0.0,0.0,0.0,0.0,0.0,0.0
adhB,,0.0,-0.5638573465592631,-0.5638573465592636,-0.010335387301094652,-0.02102005896770326,-0.020177382569143778,-0.020176715917639254,-0.06819787020833488,-0.010335387301094652,-2.345898814269357,-29.866172237475038,-29.29495136093342,1.6184690877539802,1.6184690877539802,,1.6184690877539807,2.0209620459160114,2.0209620459159896,0.48920271444372354,,,-3.3320531306659227,-2.6278079077051615,-3.3320531306659236,-2.627807907705161,-2.627807907705161,-35.00617227984998,-34.1627177596875,-34.1627177596875,-34.1627177596875,4.570969278286265e-12,0.0,1.8762469032831772e-12,,,,,,0.0,0.0,-5.625216940700092e-13,-0.49224490494886586,-28.635671411205653,4.0315000224917785,3.3655959411427703,1.3916589831491237,1.3449363922705293,0.0,7.047538308392801e-15,,0.0,4.570969278286265e-12,1.014845516408209e-12,-3.844111804577906e-15,8.005362833031258e-13,0.0,0.0,-2.40256987786119e-15,-3.043255178624175e-15,-9.40205678869709e-14,0.0,0.0,6.727195658011312e-15,0.0,-2.0982443599987862e-14,0.0,6.727195658011312e-15,-1.3614562641213466e-14,0.0,0.0,0.0,0.0,0.0,-7.342664668035524,,0.0,0.0,0.0,0.0,0.0,-1.3614562641213466e-14,0.0,0.0,0.0,0.0,0.0,-4.805139755722377e-16,,-4.965311080913131e-15,0.0,,,,-24.840880907019876,6.406853007629834e-16,-1.5536618543502434e-14,-1.5536618543502434e-14,0.0,0.29735808765027905,,,,3.844111804577896e-15,-24.840880907019876,-0.2013078329680091,0.4075280435010357,,0.39220634734648385,0.16171533806583038,-33.9974348060802,1.910203224223571e-12,0.0,2.2423985526704407e-15,5.368942820392802e-13,0.0,0.0,-4.6449684305316375e-15,-4.6449684305316375e-15,0.212507300291729,6.406853007629834e-16,-4.6449684305316375e-15,0.0,,,,,,,,7.047538308392801e-15,,,,,-6.88736698320209e-15,0.0,0.0,7.047538308392801e-15,0.0,0.0,0.0,,0.0,-5.625216940700092e-13,-0.49224490494886586,0.0,0.0,,0.0,6.042430909074343,4.390222239883284,4.390222239883284,3.3655959411427703,3.36559594114277,-9.930622161826278e-15,0.0,,-5.3977736589282376e-14,0.0,4.3527765016036035,-9.930622161826278e-15,0.0,-5.62201351419529e-14,1.2813706015259665e-15,-1.2813706015259676e-15,0.4075280435010357,0.0,-5.285653731294624e-15,0.0,0.0,0.0,0.0,0.1746813601117036,0.1746813601117033,0.39220634734648385,0.0,0.16171533806583038,-1.2813706015259676e-15,-33.9974348060802,-33.9974348060802,-1.1211992763352217e-15,-1.1211992763352217e-15,0.0,0.0,0.0,0.0,-5.285653731294624e-15,0.0,7.535102153378334,0.0,-4.677002695569855e-14,10.232551868330301,-0.006733834341840407,0.0,2.100687355498194,2.100687355498195,-3.844111804577906e-15,-4.6449684305316375e-15,-4.6449684305316375e-15,0.0,2.6588439981663572e-14,1.761884577098194e-14,0.0,-3.844111804577906e-15,0.0,6.406853007629834e-16,1.8628053157132902,1.8628053157132902,6.406853007629834e-16,3.844111804577896e-15,-3.844111804577906e-15,-1.4364448837119554,0.0,-0.02131773261502105,4.289388088601798e-12,4.289388088601798e-12,3.1537733930023393e-12,4.570969278286265e-12,3.1537733930023393e-12,4.570969278286265e-12,4.570969278286265e-12,4.570969278286265e-12,4.568726879733601e-12,0.0,0.0,0.0,6.406853007629834e-16,0.0,0.0,2.0955331950611513,0.0,0.0,0.0,-0.06485283143088098,0.0,0.0,-1.1211992763352217e-15,0.0,-2.92314723563777e-05,0.0,-0.3155003155139023,9.61027951144475e-16,-0.039593839951955444,-8.008566259537297e-16,-4.805139755722377e-16,0.0,,2.2423985526704407e-15,0.0,0.0,2.2423985526704407e-15,2.5627412030519317e-15,-1.5392464350831503e-13,-9.40205678869709e-14,3.5301760072036074e-13,0.0,-3.043255178624175e-15,-3.043255178624175e-15,-3.043255178624175e-15,-6.406853007629836e-16,2.2423985526704407e-15,0.0,1.941596803960915e-12,0.0,0.0,4.570969278286265e-12,-2.40256987786119e-15,0.0,0.0,0.0,0.0,5.359332540881362e-13,0.0,0.0,0.0,0.0,0.0,0.0,0.0
asnH,,1.2813706015259665e-15,-0.018852703576966154,-0.018852703576965665,-0.018140109501838364,-0.03689150497524791,-0.03522851700750926,-0.03522720824236044,-0.11256580625857515,-0.018140109501838364,-0.04856722124698217,-30.516117113414335,-30.63721604673531,,,,32.040926794400725,,,0.8534737013495994,,,0.10318864451949475,0.3152098831050715,0.10318864451949475,0.09821241661674497,0.09821241661674528,-0.1777037397476647,0.11065719973428806,0.11065719973428806,0.11065719973428895,3.4734753580823337e-12,0.0,1.306357328255132e-12,,,,,,-1.922055902288952e-15,-4.164454454959399e-15,1.4498609892844283,0.0,-3.3635978290056677e-15,1.0907667245485671e-12,6.611872303872474e-13,3.168188812272606e-13,3.0016106340742654e-13,-3.043255178624175e-15,0.0,1.4248709810166054,-4.164454454959399e-15,3.4734753580823337e-12,7.745885286222391e-13,0.0,5.554741557613997e-13,1.9220559022889496e-15,0.0,0.0,-2.7229125282426824e-15,-3.171392238776803e-14,0.0,0.0,6.0865103572483304e-15,0.0,-2.851049588395305e-14,0.0,0.0,-1.2653534690068979e-14,-1.2653534690068979e-14,-1.2653534690068979e-14,-1.2653534690068979e-14,-1.2653534690068979e-14,-1.2653534690068979e-14,-6.137921092875722,,-1.2653534690068979e-14,0.0,0.0,-1.2653534690068979e-14,0.0,-1.2653534690068979e-14,0.0,0.0,0.0,-1.2653534690068979e-14,-1.2653534690068979e-14,3.203426503814917e-16,,0.0,-1.9861244323652628e-14,,,,-7.853600502629011e-11,-6.406853007629836e-16,-1.9220559022889632e-14,-1.954090167327113e-14,0.0,0.045425744214979066,,,,3.523769154196405e-15,-7.853600502629011e-11,0.2427905127466146,-0.04189326014173553,,0.053005742843310034,-0.00028412404963011243,-32.89059763062917,1.9284627552952912e-12,0.0,0.0,3.994672850256649e-13,0.0,0.0,-4.164454454959399e-15,-4.164454454959399e-15,0.04251922246946745,-6.406853007629836e-16,-4.164454454959399e-15,0.0,,,,,,,,6.4068530076298215e-15,,,,,0.0,-30.301094707085525,-1.2653534690068979e-14,0.0,-1.2653534690068979e-14,-1.2653534690068979e-14,-1.2653534690068979e-14,,-1.2653534690068979e-14,1.4498609892844283,0.0,-1.2653534690068979e-14,-1.5333239237711607,,3.2034265038149143e-15,-0.0037962278130595885,1.4178365705877857e-12,1.4184772558885482e-12,6.611872303872474e-13,6.611872303872474e-13,-1.1211992763352217e-15,0.0,,-5.605996381676117e-15,-4.164454454959399e-15,1.3425773884430758,0.0,-1.1211992763352217e-15,-4.164454454959399e-15,-1.1211992763352217e-15,-1.1211992763352217e-15,-0.04189326014173553,0.0,0.0,-3.3635978290056677e-15,1.2813706015259665e-15,-9.450108186254038e-15,-9.450108186254038e-15,0.05312704582117313,0.05312704582117313,0.053005742843310034,-1.1211992763352217e-15,-0.00028412404963011243,-1.1211992763352217e-15,-32.89059763062917,-32.89059763062917,0.0,0.0,-4.164454454959399e-15,-8.008566259537297e-16,1.2813706015259665e-15,1.9220559022889496e-15,0.0,0.0,-2.453824701922436e-13,0.0,-4.164454454959399e-15,-8.235801318820481e-11,-0.006733834342561492,3.523769154196405e-15,-4.324625780150146e-15,-4.004283129768652e-15,0.0,-4.164454454959399e-15,-4.164454454959399e-15,0.0,0.6592827415616749,0.46342897809759453,0.0,-3.3635978290056677e-15,0.0,0.0,1.862805316863307,1.862805316863307,0.0,0.0,0.0,-0.14972817412676778,0.0,-0.02131773261546759,3.1496089385473893e-12,3.1496089385473893e-12,2.3961630248515682e-12,3.4734753580823337e-12,2.3961630248515682e-12,3.4734753580823337e-12,3.4734753580823337e-12,3.4734753580823337e-12,3.4715533021800494e-12,0.0,0.0,0.0,6.406853007629834e-16,0.0,0.0,0.086604664622573,0.0,0.0,1.9220559022889496e-15,-0.06485283143333287,0.0,1.9220559022889496e-15,-9.610279511444756e-16,0.0,-0.0004530212775761985,1.9220559022889496e-15,-0.31550031554388824,-6.246681682439103e-15,-0.03959383995286912,0.0,-3.203426503814918e-16,0.0,-4.988717957664176e-06,0.0,0.0,0.0,0.0,0.0,-5.2376023337374854e-14,-3.219443636334028e-14,2.2071608611283094e-13,-2.7229125282426824e-15,-2.7229125282426824e-15,-2.7229125282426824e-15,-2.7229125282426824e-15,6.406853007629834e-16,0.0,0.0,1.905398084467855e-12,0.0,0.0,3.4734753580823337e-12,0.0,0.0,0.0,0.0,0.0,3.9722488647299513e-13,0.0,0.0,0.0,0.0,0.0,0.0,0.0
citH,,1.6017132519074577e-15,-0.018846891034066685,-0.018846891034066036,-0.018134724998469957,-0.036880369612966014,-0.035218362843959516,-0.03521705483319438,-0.11253417615153286,-0.018134724998469957,-0.04854793393775265,-30.61799672736986,-30.739095660696307,,,,32.14279841896329,,,0.8534737013754045,,,-0.05651809303630168,-0.05353476810574884,-0.05651809303629569,-0.05353476810574834,-0.05353476810574818,-0.0611440556354992,-0.061049745576976136,-0.0610497455769763,-0.06104974557697413,1.0007504397914333e-12,0.0,3.3315635639671297e-13,,,,,,-1.7618845770982058e-15,0.0,-3.876146069616102e-14,-0.4922449050043154,-28.847175515927653,3.081696296669622e-13,1.867597651723976e-13,0.027754702861185556,0.026338531564828238,0.0,0.0,1.2735666561469579,0.0,9.991487265395268e-13,2.2295848466550104e-13,0.0,1.4447453532204555e-13,0.0,0.0,0.0,0.0,-6.246681682439103e-15,0.0,0.0,5.76616770686684e-15,-1.1211992763352217e-15,-4.2925915151120534e-14,0.0,5.76616770686684e-15,0.0,0.0,0.0,0.0,0.0,0.0,-0.03972269849692729,,0.0,0.0,0.0,0.0,0.0,0.0,0.0,0.0,0.0,-1.1724541003963074e-13,-1.1724541003963074e-13,0.0,,0.0,-1.8579873722126642e-14,,,,-2.3011814290337988e-11,0.0,3.523769154196405e-15,3.844111804577896e-15,-1.922055902288952e-15,0.015808800019974412,,,,0.0,-2.3011814290337988e-11,-0.0040713492040190275,0.00679164220071801,,0.0072998709089946755,0.003358708677749282,-0.04050067006319109,-2.2103642876323103e-14,0.0,1.9220559022889496e-15,1.0987752908084749e-13,0.0,0.0,-4.164454454959399e-15,-4.164454454959399e-15,0.009714337430601514,0.0,-4.164454454959399e-15,0.0,,,,,,,,0.0,,,,,-5.766167706866863e-15,0.0,0.0,0.0,0.0,0.0,0.0,,0.0,-3.876146069616102e-14,-0.4922449050043154,-1.153233541373375e-14,0.0,,3.2034265038149143e-15,-0.003796227813903667,4.001079703264277e-13,4.0074865562719057e-13,1.8643942252201615e-13,1.867597651723976e-13,0.0,-1.1211992763352217e-15,-24.855668502484466,-5.285653731294624e-15,-4.164454454959399e-15,1.1803686806216125,-1.1211992763352217e-15,-8.008566259537297e-16,0.0,0.0,-1.1211992763352217e-15,0.00679164220071801,0.0,0.0,-3.043255178624175e-15,0.0,8.969594210681742e-15,0.0,0.007324417267527825,0.007324417267527825,0.0072998709089946755,-8.008566259537297e-16,0.003358708677749282,-1.1211992763352217e-15,-0.04050067006319109,-0.04050067006319109,0.0,0.0,-4.164454454959399e-15,0.0,0.0,1.6978160470218965e-14,0.0,-2.8830838534334283e-15,2.0341758299223293e-13,1.6978160470218965e-14,3.113730561707764e-13,-2.4131572024764784e-11,-0.006733834345044177,0.0,3.523769154196405e-15,3.523769154196405e-15,-3.3635978290056677e-15,-4.164454454959399e-15,-4.164454454959399e-15,0.0,1.02509648122077e-14,6.727195658011312e-15,6.406853007629834e-16,-3.3635978290056677e-15,0.0,0.0,1.8628053178449722,1.8628053178449722,0.0,0.0,-3.3635978290056677e-15,-0.03216774105624937,0.0,-0.021317732616257447,7.569696828512664e-13,7.569696828512664e-13,6.89697726271187e-13,1.0007504397914333e-12,6.89697726271187e-13,1.0007504397914333e-12,1.0007504397914333e-12,1.0007504397914333e-12,9.991487265395268e-13,0.0,0.0,0.0,0.0,0.0,0.0,0.08660466462402831,0.0,0.0,1.3422357050983882e-13,-0.06485283143545052,0.0,1.156436967877139e-13,0.0,0.0,-0.0005845169436188913,0.0,-0.3155003155674615,-9.129765535872545e-15,-0.03959383995365786,-3.203426503814918e-16,-6.406853007629836e-16,0.0,-0.0005845169436188913,0.0,1.9220559022889496e-15,0.0,1.9220559022889496e-15,0.0,-1.0731478787780014e-14,-6.5670243328205966e-15,6.342784477553398e-14,0.0,0.0,-2.7229125282426824e-15,-2.7229125282426824e-15,0.0,1.9220559022889496e-15,-1.1211992763352217e-15,1.1211992763351777e-13,0.0,0.0,9.991487265395268e-13,0.0,-1.1211992763352217e-15,0.0,0.0,0.0,1.0667410257703281e-13,-1.1211992763352217e-15,0.0,0.0,0.0,0.0,0.0,0.0
cydA,,1.2813706015259665e-15,-0.519025589671248,-0.519025589671248,-0.0074560901173318555,-0.015179963064754593,-0.014569873809726689,-0.014569391211533604,-0.05185440429813342,-0.007456090117331694,-2.0156634069138293,-29.633681465747127,-27.781171065391714,1.0276932466754332,1.0276932466754327,,1.0276932466754332,1.2527510459481062,1.2527510459480862,0.3348518381170848,,,-3.237829734732154,-2.5403240109782868,-3.2378297347321547,-2.5403240109782868,-2.5403240109782868,-35.11695313554373,-34.20210943017529,-34.20210943017529,-34.20210943017529,2.987195214804318e-12,-9.610279511444756e-16,1.2323581760170725e-12,,,,,,0.0,0.0,-1.7618845770982058e-15,-0.4922449049875924,-28.780061320211377,3.9427187783932967,3.280308851735757,1.3344601572410393,1.2889198387620713,0.0,0.0,,0.0,2.987195214804318e-12,6.618279156880102e-13,0.0,5.388163379415686e-13,1.6017132519074577e-15,0.0,1.9220559022889496e-15,0.0,3.203426503814917e-16,0.0,0.0,6.0865103572483304e-15,0.0,3.523769154196405e-15,0.0,6.0865103572483304e-15,-1.2333192039687486e-14,-1.2333192039687486e-14,0.0,-1.2333192039687486e-14,0.0,0.0,-7.3883616233157134,,0.0,-1.2333192039687486e-14,-1.2333192039687486e-14,0.0,-1.2333192039687486e-14,-1.2333192039687486e-14,-1.2333192039687486e-14,-1.2333192039687486e-14,-1.2333192039687486e-14,1.2493363364878124e-14,1.2493363364878124e-14,0.0,,-4.324625780150146e-15,0.0,,,,-24.985270811726387,6.406853007629834e-16,0.0,0.0,0.0,0.2826036888463492,,,,3.523769154196405e-15,-24.985270811726387,-0.18562729271501932,0.4050326956214024,,0.38400487078754636,0.1528799593827251,-34.18780047849275,7.025114322864404e-13,0.0,1.9220559022889496e-15,3.4404800650968114e-13,0.0,0.0,-4.324625780150146e-15,-4.324625780150146e-15,0.20246796770715075,6.406853007629834e-16,-4.324625780150146e-15,0.0,,,,,,,,6.4068530076298215e-15,,,,,-6.246681682439103e-15,0.0,-1.2333192039687486e-14,0.0,0.0,0.0,0.0,,0.0,0.0,-0.4922449049875924,-1.2333192039687486e-14,0.0,,0.0,5.949158257254902,4.300127403349534,4.300127403349534,3.2803088517357564,3.280308851735757,-9.129765535872545e-15,-1.1211992763352217e-15,,-5.445825056485463e-14,-4.324625780150146e-15,3.9129351209049203,-9.129765535872545e-15,0.0,-4.677002695569855e-14,-8.008566259537297e-16,-1.1211992763352217e-15,0.4050326956214024,0.0,0.0,0.0,0.0,0.0,0.0,0.1665148334099274,0.16651483340992682,0.38400487078754636,0.0,0.1528799593827251,-1.1211992763352217e-15,-34.18780047849275,-34.18780047849275,0.0,0.0,-4.324625780150146e-15,0.0,0.0,1.6017132519074577e-15,0.0,0.0,7.697993348420513,1.6017132519074577e-15,-6.791264188087785e-14,10.137875443291568,-0.0067338343431041165,0.0,2.227868410424763,2.227868410424763,3.2034265038149143e-15,-4.324625780150146e-15,-4.324625780150146e-15,-9.610279511444756e-16,1.9540901673270865e-14,1.2813706015259613e-14,0.0,-3.203426503814921e-15,0.0,0.0,1.862805317194331,1.862805317194331,0.0,0.0,-3.203426503814921e-15,-1.433899708605894,3.2034265038149143e-15,-0.021317732615700042,2.9920003545600306e-12,2.9939224104623153e-12,2.0617252978538077e-12,2.987195214804318e-12,2.0630066684553323e-12,2.987195214804318e-12,2.989117270706603e-12,2.987195214804318e-12,2.987195214804318e-12,-9.610279511444756e-16,0.0,-3.3635978290056677e-15,6.406853007629834e-16,0.0,0.0,2.220281698139262,0.0,0.0,1.6017132519074577e-15,-0.06485283143407237,0.0,1.6017132519074577e-15,0.0,0.0,,0.0,-0.3155003155511179,-1.6017132519074597e-15,-0.03959383995314422,0.0,0.0,0.0,,1.9220559022889496e-15,0.0,0.0,1.9220559022889496e-15,0.0,0.0,0.0,2.0918375069909895e-13,-2.7229125282426824e-15,0.0,-2.7229125282426824e-15,-2.7229125282426824e-15,0.0,0.0,0.0,6.93541838075763e-13,0.0,0.0,2.987195214804318e-12,0.0,0.0,0.0,0.0,0.0,3.4404800650968114e-13,0.0,0.0,0.0,0.0,0.0,0.0,0.0
cydB,,0.0,0.00793171436221982,0.00793171436221982,0.007680569519792042,0.015542708283965107,0.014925805483618715,0.014925317241505375,0.04315369855665289,0.007680569519792042,0.01965426224278858,0.7914173063233231,2.161385878499595,-30.82153173861686,-30.821531738616855,,-30.82153549762761,-28.901264801350365,-28.901264801350365,-0.4732458700779172,,,0.5075215844391252,0.47623521680428904,0.5075215844391281,0.4762352168042888,0.47623521680428904,-0.40241299700376115,0.5562779149121857,0.5562779149121857,0.5562779149121859,5.561148410621625e-13,0.0,1.8611907987163472e-13,,,,,,0.0,0.0,-6.583041465339806e-14,-0.49224490496919737,-28.70967199247647,1.6914091940141773e-13,1.0282999077245519e-13,0.027754702861030323,0.02633853156468669,0.0,0.0,,0.0,5.561148410621625e-13,1.2365226304725053e-13,0.0,7.976531994498924e-14,0.0,-2.226381420151385e-14,0.0,-2.8830838534334283e-15,-1.2973877340450474e-14,0.0,0.0,6.4068530076298215e-15,0.0,-1.0042742089460116e-13,0.0,6.4068530076298215e-15,0.0,0.0,0.0,0.0,0.0,0.0,-7.300959555394518,,0.0,0.0,0.0,0.0,0.0,-1.2813706015259728e-14,0.0,0.0,0.0,0.0,0.0,-3.203426503814918e-16,,0.0,0.0,,,,-1.2588024618120828e-11,6.406853007629834e-16,3.203426503814917e-16,9.61027951144475e-16,0.0,-0.012787066544101031,,,,0.0,-1.2588024618120828e-11,0.1836464305757098,-0.11102387194501664,,0.040891942672820085,-0.004612350499939825,-34.02946794736943,2.927931824486538e-13,0.0,-1.5056104567930193e-14,6.342784477553398e-14,0.0,0.0,0.0,0.0,0.027208578888196312,0.0,0.0,0.0,,,,,,,,0.0,,,,,0.0,0.0,0.0,6.727195658011312e-15,0.0,0.0,0.0,,0.0,-6.583041465339806e-14,-0.49224490496919737,0.0,-5.285653731294624e-15,,0.0,-0.0037962278126499145,2.2552122586855258e-13,2.2552122586855258e-13,1.0282999077245519e-13,1.0250964812207372e-13,0.0,0.0,-24.71816498348654,0.0,0.0,3.2004241318095557,0.0,0.0,4.484797105340878e-15,0.0,0.0,-0.11102387194501664,0.0,0.0,0.0,0.0,0.0,0.0,0.040992203942562824,0.040992203942562824,0.040891942672820085,9.61027951144475e-16,-0.004612350499939825,0.0,-34.02946794736943,-34.02946794736943,0.0,0.0,0.0,0.0,0.0,9.289936861063231e-15,0.0,3.523769154196405e-15,1.3966939556632364e-13,9.289936861063231e-15,-1.2893791677855619e-13,-1.3200840108306099e-11,-0.006733834344596335,0.0,1.9220559022889496e-15,2.5627412030519317e-15,0.0,0.0,0.0,0.0,2.5627412030519317e-15,1.6017132519074577e-15,-3.203426503814918e-16,0.0,0.0,6.406853007629834e-16,-3.938612886440979e-13,-3.938612886440979e-13,6.406853007629834e-16,3.523769154196405e-15,0.0,-0.494981224574846,3.523769154196405e-15,8.649251560300018e-14,4.164454454958792e-13,4.164454454958792e-13,3.8280946720583187e-13,5.561148410621625e-13,3.840908378073575e-13,5.561148410621625e-13,5.561148410621625e-13,5.561148410621625e-13,5.561148410621625e-13,0.0,0.0,3.523769154196405e-15,6.406853007629834e-16,0.0,0.0,-7.84839493434657e-15,0.0,0.0,7.36788095877429e-15,-6.406853007629836e-16,0.0,5.76616770686684e-15,-9.610279511444756e-16,0.0,-6.406031475579045e-05,0.0,2.6268097331282087e-14,-4.6449684305316375e-15,0.0,0.0,0.0,-2.226381420151385e-14,-6.406031475579045e-05,-1.5056104567930193e-14,-1.5056104567930193e-14,-1.5056104567930193e-14,-1.5056104567930193e-14,0.0,-2.1783300225941604e-14,-1.2973877340450474e-14,4.1324201899211844e-14,-2.8830838534334283e-15,-2.8830838534334283e-15,-2.8830838534334283e-15,-2.8830838534334283e-15,0.0,-1.6978160470219163e-14,0.0,2.1302786250367627e-13,0.0,0.0,5.561148410621625e-13,0.0,0.0,0.0,0.0,0.0,6.534990067782284e-14,0.0,0.0,0.0,0.0,0.0,0.0,0.0
cysP,,0.0,0.030009670607890462,0.030009670607890462,0.02927486295258614,0.059522599414569985,0.05771611814647448,0.05771467451018675,0.16716120861815417,0.02927486295258614,0.07076968185977293,,,-7.9852740978058545,-7.9852740978058545,-30.848361122222762,-7.9852740978058545,-30.22743372301762,-30.22743372301762,-1.6350278818011874,-29.332745557025767,,1.8907514195061617,1.6643121602375206,1.8907514195061679,1.664312160237521,1.664312160237521,-0.6592956675699203,2.3352599690976246,2.3352599690976246,2.3352599690976246,1.602674279857713e-12,0.0,6.304343359506381e-13,,,,,,0.0,-1.0411136137398519e-14,1.4498609875944455,0.0,0.0,4.904445977339805e-13,2.969576369036123e-13,1.579289266380668e-13,1.4927967507776743e-13,0.0,0.0,,-1.0411136137398519e-14,1.602674279857713e-12,3.575023978257005e-13,0.0,2.835032455875924e-13,0.0,7.36788095877429e-15,0.0,7.047538308392801e-15,1.2493363364878124e-14,0.0,0.0,1.5056104567930036e-14,-2.5627412030519365e-15,0.0,0.0,1.5056104567930036e-14,-3.059272311143279e-14,-3.059272311143279e-14,-3.059272311143279e-14,-3.059272311143279e-14,-3.059272311143279e-14,-3.059272311143279e-14,-8.181610233368719,,-3.059272311143279e-14,-3.059272311143279e-14,-3.059272311143279e-14,-3.059272311143279e-14,-3.059272311143279e-14,-3.059272311143279e-14,-3.059272311143279e-14,-3.059272311143279e-14,-3.059272311143279e-14,-3.059272311143279e-14,-3.059272311143279e-14,9.61027951144475e-16,,-1.1051821438161509e-14,0.0,,,,-3.72382313940771e-11,0.0,0.0,3.203426503814917e-16,0.0,-0.03617541018857197,,,,0.0,-3.72382313940771e-11,0.2187352781543967,-0.19846231190161837,,0.05901695461264692,-0.011015630615537553,-33.67985385084496,1.7843085626247987e-13,0.0,4.8051397557223685e-15,1.8099359746553148e-13,0.0,0.0,-1.0411136137398519e-14,-1.0411136137398519e-14,0.033402676670350566,0.0,-1.0411136137398519e-14,0.0,,,,,,,,0.0,,,,,-1.521627589312094e-14,-29.03100554525735,-3.059272311143279e-14,0.0,-3.059272311143279e-14,-3.059272311143279e-14,-3.059272311143279e-14,,-3.059272311143279e-14,1.4498609875944455,0.0,-3.059272311143279e-14,-1.5333239218621006,,0.0,-0.0037962277944489074,6.374818742590278e-13,6.374818742590278e-13,2.9631695160284944e-13,2.9631695160284944e-13,0.0,0.0,-23.48369980056986,0.0,-1.0411136137398519e-14,0.0,0.0,0.0,1.02509648122077e-14,0.0,0.0,-0.19846231190161837,0.0,0.0,0.0,0.0,0.0,0.0,0.05914131902642724,0.05914131902642724,0.05901695461264692,0.0,-0.011015630615535617,0.0,-33.67985385084496,-33.67985385084496,0.0,0.0,-1.0411136137398519e-14,0.0,0.0,1.761884577098194e-14,0.0,0.0,2.630013159631808e-13,1.761884577098194e-14,-27.039000147126483,-3.9050409767333113e-11,-0.006733834334754587,0.0,3.523769154196405e-15,2.2423985526704407e-15,0.0,-1.0411136137398519e-14,-1.0411136137398519e-14,0.0,1.2813706015259613e-14,8.649251560300252e-15,0.0,0.0,0.0,0.0,1.862805296142438,1.862805296142438,0.0,8.328908909918762e-15,-8.32890890991881e-15,-0.659888536376602,0.0,-0.021317732611181976,1.5645535044623575e-12,1.5645535044623575e-12,1.1064635144172483e-12,1.602674279857713e-12,1.1064635144172483e-12,1.602674279857713e-12,1.602674279857713e-12,1.602674279857713e-12,1.602674279857713e-12,0.0,0.0,0.0,1.9220559022889496e-15,0.0,0.0,0.08660466458311529,0.0,0.0,1.3134048665641102e-14,-0.0648528313894881,0.0,1.3134048665641102e-14,0.0,0.0,-2.92314723563777e-05,0.0,-0.31550031502249165,-1.1211992763352217e-15,-0.03959383993652749,0.0,0.0,-7.207709633583583e-15,-2.92314723563777e-05,-4.805139755722384e-15,0.0,-4.805139755722384e-15,4.8051397557223685e-15,0.0,1.8579873722126402e-14,1.1532335413733657e-14,8.777388620452607e-14,7.047538308392801e-15,7.047538308392801e-15,0.0,0.0,0.0,0.0,0.0,2.6780645571890226e-13,0.0,0.0,1.602674279857713e-12,0.0,0.0,0.0,0.0,0.0,1.8003256951438714e-13,0.0,0.0,0.0,0.0,0.0,0.0,0.0
deoD,,0.0,0.00469304603300099,0.00469304603300099,0.004543564577814375,0.009187003875401889,0.008811748684832471,0.008811452050090979,0.02533791327480852,0.004543564577814375,0.011701706422060039,0.4001401560210585,0.8505525483281845,-30.1241535959652,-30.1241535959652,,-30.124154496322483,-27.891930715317187,-27.891930715317187,-0.29008681404229225,,,0.35116434351843506,0.3299345281594849,0.3511643435184416,0.3299345281594849,0.32993452815948515,-0.31188703481877733,0.3841105879800668,0.38411058798006703,0.38411058798006725,1.0628969139653982e-12,6.406853007629834e-16,5.038989890499986e-13,,,,,,0.0,0.0,-3.251477901372178e-14,-0.4922449049961496,-28.81400865206193,3.353987549493829e-13,2.0341758299223293e-13,0.027754702861189015,0.026338531564832957,0.0,6.0865103572483304e-15,,-4.324625780150146e-15,1.0628969139653982e-12,2.364128759815216e-13,0.0,1.931666181800266e-13,0.0,2.8830838534334232e-15,0.0,-5.605996381676117e-15,-5.44582505648537e-15,0.0,0.0,0.0,9.61027951144475e-16,2.6588439981663572e-14,0.0,0.0,-1.1852678064115245e-14,-1.1852678064115245e-14,0.0,-1.1852678064115245e-14,0.0,0.0,-6.812488546462887,,0.0,0.0,0.0,0.0,0.0,-1.1852678064115245e-14,0.0,0.0,0.0,-5.99040756213402e-14,-5.99040756213402e-14,0.0,,0.0,0.0,,,,-2.388618955456848e-11,0.0,0.0,3.203426503814917e-16,-1.1211992763352217e-15,-0.008300521656395166,,,,0.0,-2.388618955456848e-11,0.13267354266009906,-0.07819764347734622,,0.029835511288892714,-0.003184452880559674,-33.64161869397274,-1.233319203968796e-13,0.0,1.9220559022889496e-15,1.246132909983949e-13,0.0,0.0,-4.324625780150146e-15,-4.324625780150146e-15,0.020151278582247956,0.0,-4.324625780150146e-15,0.0,,,,,,,,0.0,,,,,0.0,0.0,-1.1852678064115245e-14,0.0,0.0,0.0,0.0,,0.0,-3.251477901372178e-14,-0.4922449049961484,-1.1852678064115245e-14,6.406853007629834e-16,,2.8830838534334232e-15,-0.0037962278134989714,4.3534566186838164e-13,4.359863471691444e-13,2.0277689769147002e-13,2.030972403418515e-13,-8.008566259537297e-16,-1.1211992763352217e-15,-24.822501639654373,-5.285653731294624e-15,-4.324625780150146e-15,2.911018595919176,0.0,-8.008566259537297e-16,-4.004283129768652e-15,-1.1211992763352217e-15,-1.1211992763352217e-15,-0.07819764347734622,0.0,0.0,0.0,0.0,0.0,0.0,0.029911899675453064,0.029911899675452748,0.029835511288892714,-8.008566259537297e-16,-0.003184452880559674,0.0,-33.64161869397274,-33.64161869397274,6.406853007629834e-16,6.406853007629834e-16,-4.324625780150146e-15,0.0,0.0,5.44582505648535e-15,0.0,0.0,-2.6107926006091817e-14,7.047538308392801e-15,2.498672672975614e-14,-2.5093080489901238e-11,-0.006733834344640105,0.0,-3.203426503814918e-16,0.0,-3.203426503814921e-15,0.0,0.0,6.406853007629834e-16,2.2744328177085736e-14,1.537644721831152e-14,0.0,0.0,0.0,6.406853007629834e-16,-3.844111804577953e-14,-3.844111804577953e-14,6.406853007629834e-16,0.0,-3.203426503814921e-15,-0.3503884829067639,0.0,1.803529121647686e-13,1.0811564450371296e-12,1.0811564450371296e-12,7.335846693734296e-13,1.0628969139653982e-12,7.335846693734296e-13,1.0628969139653982e-12,1.0628969139653982e-12,1.0628969139653982e-12,1.0628969139653982e-12,6.406853007629834e-16,0.0,0.0,0.0,0.0,0.0,-1.2813706015259676e-15,0.0,0.0,-3.3635978290056677e-15,-6.406853007629836e-16,0.0,-3.3635978290056677e-15,-2.082227227479698e-15,0.0,-4.3846986432702414e-05,1.6017132519074577e-15,1.2813706015259665e-15,-8.008566259537297e-16,-8.008566259537297e-16,-6.406853007629836e-16,-3.203426503814918e-16,2.8830838534334232e-15,-4.3846986432702414e-05,0.0,1.9220559022889496e-15,-1.922055902288952e-15,1.9220559022889496e-15,0.0,-8.80942288549105e-15,-5.44582505648537e-15,1.0218930547169226e-13,-2.8830838534334283e-15,-5.605996381676117e-15,-5.605996381676117e-15,-5.605996381676117e-15,0.0,0.0,-1.1211992763352217e-15,-1.2140986449459048e-13,0.0,0.0,1.0628969139653982e-12,0.0,0.0,0.0,0.0,0.0,1.2621500425030224e-13,-1.1211992763352217e-15,0.0,0.0,0.0,0.0,0.0,0.0
fbp,,1.2813706015259665e-15,0.0038431971712047145,0.0038431971712053533,0.003722436044148025,0.007524533627772393,0.0072172371796497235,0.0072169942636868285,0.020730995688311642,0.0037224360441477054,0.009579414070301715,0.319081140899509,0.6549188062211047,-29.76770718946255,-29.76770718946255,,-29.76770718946252,-27.34288611974472,-27.34288611974472,-0.2417723272077843,,,0.28206074394087166,0.6024754683875557,0.2820607439408759,0.2649076515361202,0.2649076515361202,-0.28336666289950946,0.3086985109702953,0.30869851097029505,0.3086985109702956,6.374818742591545e-14,0.0,-1.3614562641213466e-14,,,,,,-1.922055902288952e-15,-4.164454454959399e-15,-1.890021637250814e-14,-0.4922449049786193,-28.745295902127037,1.8579873722126402e-14,1.2173020714496637e-14,0.027754702861020896,0.02633853156467631,-3.043255178624175e-15,0.0,,-4.164454454959399e-15,6.374818742591545e-14,1.8579873722126402e-14,-3.3635978290056677e-15,0.0,4.0042831297685915e-14,0.0,0.0,-3.043255178624175e-15,-2.7229125282426824e-15,4.0042831297685915e-14,0.0,6.0865103572483304e-15,0.0,-4.164454454959453e-14,0.0,0.0,-1.2653534690068979e-14,-1.2653534690068979e-14,-1.2653534690068979e-14,-1.2653534690068979e-14,-1.2653534690068979e-14,-1.2653534690068979e-14,-6.548566630618852,,-1.2653534690068979e-14,0.0,0.0,-1.2653534690068979e-14,0.0,-1.2653534690068979e-14,0.0,0.0,0.0,-1.2653534690068979e-14,-1.2653534690068979e-14,3.203426503814917e-16,,0.0,-1.9861244323652628e-14,,,,-1.5573457948304629e-12,-6.406853007629836e-16,0.0,0.0,0.0,0.038668613468235496,,,,3.523769154196405e-15,-1.5573457948304629e-12,0.2595080834056039,-0.07180469382799304,,0.0641375579704232,-0.00568499286986264,-33.306381985987535,1.5248310158158202e-13,0.0,1.9220559022889496e-15,2.8830838534334232e-15,0.0,0.0,-4.164454454959399e-15,-4.164454454959399e-15,0.045009754256814034,-6.406853007629836e-16,-4.164454454959399e-15,0.0,,,,,,,,6.4068530076298215e-15,,,,,0.0,0.0,-1.2653534690068979e-14,0.0,-1.2653534690068979e-14,-1.2653534690068979e-14,-1.2653534690068979e-14,,-1.2653534690068979e-14,-1.890021637250814e-14,-0.4922449049786193,-1.2653534690068979e-14,6.406853007629834e-16,,3.2034265038149143e-15,-0.0037962278130896187,2.402569877861168e-14,2.4666384079374653e-14,1.1211992763352168e-14,1.1532335413733657e-14,0.0,0.0,8.174564217291328,-5.605996381676117e-15,-4.164454454959399e-15,2.613807776158264,0.0,0.0,0.0,-1.1211992763352217e-15,-1.1211992763352217e-15,-0.07180469382799304,3.203426503814917e-16,0.0,-3.3635978290056677e-15,1.2813706015259665e-15,-9.450108186254038e-15,-9.450108186254038e-15,0.06428927807187422,0.06428927807187422,0.0641375579704232,0.0,-0.00568499286986264,0.0,-33.306381985987535,-33.306381985987535,0.0,0.0,-4.164454454959399e-15,-8.008566259537297e-16,1.2813706015259665e-15,1.2493363364878124e-14,0.0,0.0,1.3614562641212757e-13,1.2493363364878124e-14,2.1687197430825365e-13,-1.6332670029709604e-12,-0.006733834345199626,3.523769154196405e-15,2.5627412030519317e-15,2.8830838534334232e-15,-3.3635978290056677e-15,-4.164454454959399e-15,-4.164454454959399e-15,0.0,0.8412278947074366,0.6018178849881732,0.0,-3.3635978290056677e-15,0.0,-6.406853007629836e-16,7.68502018264994e-13,7.68502018264994e-13,0.0,0.0,-3.3635978290056677e-15,-0.13472813368149694,0.0,5.734133441828588e-14,-3.475717756639227e-14,-3.475717756639227e-14,4.3886943102263704e-14,6.374818742591545e-14,4.3886943102263704e-14,6.374818742591545e-14,6.374818742591545e-14,6.374818742591545e-14,6.374818742591545e-14,0.0,0.0,0.0,0.0,-6.406853007629836e-16,0.0,2.0181586974033842e-14,0.0,0.0,1.0891650112970678e-14,-2.018158697403412e-14,0.0,8.969594210681742e-15,2.3385013477848707e-14,0.0,-7.975677919331263e-05,4.0042831297685915e-14,-3.171392238776803e-14,-9.610279511444756e-16,-1.2493363364878233e-14,0.0,-6.406853007629836e-16,-3.043255178624175e-15,-7.975677919331263e-05,0.0,0.0,0.0,1.9220559022889496e-15,0.0,-4.6449684305316375e-15,-2.7229125282426824e-15,-5.44582505648537e-15,-3.043255178624175e-15,-3.043255178624175e-15,-3.043255178624175e-15,-3.043255178624175e-15,6.406853007629834e-16,0.0,-1.1211992763352217e-15,5.6700649117522924e-14,0.0,0.0,6.374818742591545e-14,0.0,0.0,0.0,0.0,0.0,4.164454454959387e-15,-1.1211992763352217e-15,0.0,0.0,0.0,0.0,0.0,0.0
galE,,0.0,-0.6336365831302795,-0.6336365831302795,0.0,-1.2813706015259676e-15,-6.406853007629836e-16,-1.1211992763352217e-15,,-1.6017132519074588e-16,-4.6781239830599235,,,3.427666359081921e-14,3.459700624120069e-14,-2.2584156851895347e-14,3.491734889158218e-14,-5.92633903205761e-15,-2.0662100949606367e-14,6.150578887324511e-14,,,-2.6196715880234636,-2.2365774216583794,-2.6196715880234622,-2.236577421658379,-2.236577421658379,-7.363666577218279,-3.535233658354051,-3.535233658354051,-3.5352336583540502,-3.1233408412195785e-14,6.406853007629834e-16,-2.658843998166406e-14,,,,,,0.0,-4.324625780150146e-15,1.6337475169455987e-14,-0.4922449049961496,-28.81400865206193,4.091854344017964,3.4236902470735924,1.4312530915955928,1.3837385930408581,0.0,6.0865103572483304e-15,3.41905532792867,2.0501929624415328e-14,-3.1233408412195785e-14,-1.0571307462589268e-14,0.0,8.008566259537271e-15,0.0,2.8830838534334232e-15,0.0,-5.605996381676117e-15,2.8830838534334232e-15,0.0,0.0,0.0,9.61027951144475e-16,6.567024332820432e-14,0.0,0.0,-1.1852678064115245e-14,-1.1852678064115245e-14,0.0,-1.1852678064115245e-14,0.0,0.0,-1.1852678064115245e-14,-32.96290223911619,0.0,0.0,0.0,0.0,0.0,-1.1852678064115245e-14,0.0,0.0,0.0,-1.1852678064115245e-14,-1.1852678064115245e-14,0.0,,0.0,0.0,,-32.96290223911619,,-25.01921814262023,0.0,3.203426503814917e-16,3.203426503814917e-16,-1.1211992763352217e-15,0.26658354299287584,,-32.96290223911619,,0.0,-25.01921814262023,-0.18953972056493074,0.21611321157774704,,0.2717448701878841,0.1532011483003191,,-2.855854728151282e-13,0.0,1.9220559022889496e-15,0.0,0.0,0.0,-1.2173020714496738e-14,-1.2173020714496738e-14,0.220725576504369,0.0,3.2674950338911785e-14,0.0,,,,,-32.96290223911619,-35.82059593974636,,0.0,-32.96290223911619,-32.96290223911619,-32.96290223911619,-32.96290223911619,0.0,0.0,-1.1852678064115245e-14,0.0,0.0,0.0,0.0,,0.0,1.6337475169455987e-14,-0.4922449049961484,-1.1852678064115245e-14,6.406853007629834e-16,,2.8830838534334232e-15,6.1094733004737884,4.451423864063302,4.451423864063303,3.4236902470735924,3.423690247073593,-1.0891650112970761e-14,-1.1211992763352217e-15,-24.822501639654373,-5.830236236943268e-14,-8.32890890991881e-15,3.113528120446247,-1.0891650112970761e-14,0.0,-4.965311080913208e-14,-1.1211992763352217e-15,-1.1211992763352217e-15,0.21611321157774704,0.0,0.0,0.0,0.0,0.0,0.0,0.13204801089949406,0.13204801089949406,0.2717448701878841,0.0,0.1532011483003191,0.0,,,0.0,0.0,1.2173020714496637e-14,0.0,0.0,0.0,-4.805139755722384e-15,0.0,-7.245892664713782,0.0,0.0,10.296698844736937,-0.006733834345500226,0.0,-1.8830059052194417,-1.8830059052194417,-3.203426503814921e-15,1.6337475169455987e-14,1.6337475169455987e-14,6.406853007629834e-16,1.6978160470218965e-14,1.1532335413733657e-14,0.0,0.0,0.0,6.406853007629834e-16,-2.6428268656473315e-14,-2.6428268656473315e-14,6.406853007629834e-16,0.0,-3.203426503814921e-15,-0.5997567033992033,0.0,9.61027951144475e-16,-3.491734889158303e-14,-3.491734889158303e-14,-2.2904499502276845e-14,-3.1233408412195785e-14,-2.5467240705328818e-14,-3.1233408412195785e-14,-3.1233408412195785e-14,-3.1233408412195785e-14,-3.1233408412195785e-14,6.406853007629834e-16,0.0,0.0,0.0,0.0,0.0,-1.7959305545642148,0.0,0.0,-1.3774733966404212e-14,0.0,0.0,-1.0411136137398519e-14,-2.082227227479698e-15,0.0,-35.82059593974636,1.6017132519074577e-15,0.0,3.53809274957588,-4.805139755722377e-16,-6.406853007629836e-16,0.0,2.8830838534334232e-15,-35.82059593974636,1.9220559022889496e-15,1.9220559022889496e-15,0.0,1.9220559022889496e-15,0.0,4.484797105340878e-15,2.8830838534334232e-15,-1.0891650112970761e-14,-5.605996381676117e-15,-5.605996381676117e-15,-5.605996381676117e-15,-5.605996381676117e-15,0.0,1.9220559022889496e-15,-1.1211992763352217e-15,-2.8510495883955585e-13,0.0,0.0,-3.1233408412195785e-14,0.0,0.0,0.0,0.0,0.0,9.61027951144475e-16,-1.1211992763352217e-15,0.0,0.0,0.0,0.0,0.0,0.0
gapB,,1.6017132519074577e-15,-0.2228876471904829,-0.2228876471904829,-0.008930059977927514,-0.018163520385975757,-0.017272955571531575,-0.01721789004824693,-0.05947766105419284,-0.008930059977927514,-0.6620717048177005,-1.1322030934383998,-30.48911740784024,,,,30.96143320659808,,,0.4723413648681696,,,-0.36488947000725364,-0.34612347026214924,-0.3648894700072518,-0.3461234702621488,-0.3461234702621488,-0.5645934422783064,-0.3933130526965805,-0.3933130526965803,-0.3933130526965803,2.4893827361124247e-12,0.0,1.1340129823500351e-12,,,,,,-2.082227227479698e-15,-4.805139755722384e-15,6.695161392973022e-14,-0.4922449049378772,-28.59719726348451,2.743206676656307,2.154690399701813,0.6911768655581774,0.6626186943726111,0.0,0.0,1.031331763537122,-4.805139755722384e-15,2.4874606802101392e-12,5.529114145583488e-13,0.0,4.497610811355443e-13,-1.201284938930599e-14,0.0,0.0,3.2034265038149143e-15,1.1211992763352168e-14,-1.201284938930599e-14,0.0,0.0,0.0,-1.222107211205443e-13,0.0,0.0,0.0,0.0,0.0,0.0,0.0,0.0,-4.889737354311624,,0.0,0.0,0.0,0.0,0.0,1.4095076616785568e-14,0.0,0.0,0.0,0.0,0.0,0.0,,0.0,-2.2103642876323103e-14,,,,-24.802406760441134,0.0,-2.2423985526704442e-15,-1.922055902288952e-15,0.0,0.12042232570961652,,,,3.844111804577896e-15,-24.802406760441134,-0.09358969638318573,0.12554514024476693,,0.13383068552460625,0.06521945889864147,-31.465444260229212,3.623075375814217e-13,6.406853007629834e-16,2.2423985526704407e-15,2.879880426929324e-13,0.0,0.0,-4.805139755722384e-15,-4.805139755722384e-15,0.08130831845063248,0.0,-4.805139755722384e-15,0.0,,,,,,,,0.0,,,,,0.0,0.0,0.0,0.0,0.0,0.0,0.0,,0.0,6.695161392973022e-14,-0.49224490493787565,0.0,0.0,,0.0,4.648450579468444,3.071778177819729,3.071778177819729,2.1546903997018125,2.1546903997018134,-4.4847971053408916e-15,-1.2813706015259676e-15,-24.605690258466304,-2.466638407937508e-14,-4.805139755722384e-15,0.9855692549167175,-4.4847971053408916e-15,0.0,-9.450108186254038e-15,1.2813706015259665e-15,-1.2813706015259676e-15,0.12554514024476693,0.0,0.0,0.0,-1.4415419267167136e-15,-1.0731478787780014e-14,0.0,0.06540256191545707,0.06540256191545676,0.13383068552460625,0.0,0.06521945889864147,-1.2813706015259676e-15,-31.465444260229212,-31.465444260229212,0.0,0.0,-4.805139755722384e-15,0.0,0.0,1.9220559022889496e-15,5.44582505648535e-15,3.523769154196405e-15,3.0112209135859913e-14,4.164454454959387e-15,-4.471983399326318e-13,8.803957367823815,-0.006733834342471859,0.0,-6.406853007629836e-16,0.0,0.0,-4.805139755722384e-15,-4.805139755722384e-15,0.0,9.289936861063231e-15,5.76616770686684e-15,0.0,0.0,-2.082227227479698e-15,0.0,1.862805315259737,1.862805315259737,0.0,0.0,-3.6839404793871596e-15,-0.31661812591601435,3.844111804577896e-15,-0.02131773261545101,2.673259417431072e-12,2.673259417431072e-12,1.7170366060437741e-12,2.4893827361124247e-12,1.7170366060437741e-12,2.4874606802101392e-12,2.4874606802101392e-12,2.4874606802101392e-12,2.4874606802101392e-12,0.0,0.0,0.0,0.0,0.0,0.0,0.08660466461915198,0.0,0.0,-4.853191153279682e-14,-0.06485283142997546,0.0,-4.62895129801263e-14,-4.965311080913131e-15,0.0,-5.430296700307913e-05,-1.201284938930599e-14,-0.31550031550253327,-5.766167706866863e-15,-0.039593839951616965,0.0,3.203426503814917e-16,-3.5237691541964136e-15,-5.430296700307913e-05,0.0,0.0,0.0,2.2423985526704407e-15,0.0,1.8579873722126402e-14,1.1211992763352168e-14,1.9220559022888224e-13,3.2034265038149143e-15,3.2034265038149143e-15,3.2034265038149143e-15,3.2034265038149143e-15,0.0012244908562507556,2.2423985526704407e-15,0.0,1.9669038733422252e-13,0.0,0.0,2.4874606802101392e-12,0.0,0.0,0.0,0.0,0.0,2.847846161891181e-13,0.0,0.0,0.0,0.0,0.0,0.0,0.0
glcP,,0.0,-0.0176771255544729,-0.0176771255544729,-0.01705770757576673,-0.03465530354384498,-0.03318379908102055,-0.033182637836403704,-0.10618742535446878,-0.017057707575766246,-0.04474175374832993,-30.51611711341462,-30.63721604673584,,,,,,,0.8534737013492973,,,-0.439199940556102,0.1983469680789988,-0.43919994055610373,0.1983469680789988,0.19834696807899907,0.23451356474847213,-0.47578001456731794,-0.47578001456731794,0.2209950790666492,1.1612421076324404e-12,0.0,5.362535967385175e-13,,,,,,-1.922055902288952e-15,-4.164454454959399e-15,-1.7618845770982058e-15,0.0,-3.3635978290056677e-15,3.5814308312646335e-13,2.1687197430825365e-13,1.1628438208847681e-13,1.1083855703199188e-13,-3.043255178624175e-15,0.0,1.3902677319149277,-4.164454454959399e-15,1.1593200517301528e-12,2.588368615082221e-13,-3.3635978290056677e-15,2.1270751985329484e-13,1.9220559022889496e-15,0.0,0.0,2.8830838534334232e-15,9.61027951144475e-16,0.0,0.0,0.0,0.0,3.203426503814917e-16,-1.1211992763352217e-15,2.7359159053465563,-1.2653534690068979e-14,-1.2653534690068979e-14,-1.2653534690068979e-14,0.0,-1.2653534690068979e-14,-1.2653534690068979e-14,-1.2653534690068979e-14,,-1.2653534690068979e-14,-1.2653534690068979e-14,-1.2653534690068979e-14,-1.2653534690068979e-14,-1.2653534690068979e-14,-1.2653534690068979e-14,0.0,0.0,0.0,-1.2653534690068979e-14,0.0,0.0,-34.319179046062125,0.0,-1.9861244323652628e-14,,,,-2.6742364625419975e-11,0.0,0.0,3.203426503814917e-16,0.0,0.08898129127149128,,,-34.319179046062125,3.523769154196405e-15,-2.6742364625419975e-11,0.15465674753706735,0.06719769300762234,,0.03005128102233683,-0.004512333564863763,,5.44582505648535e-15,0.0,3.7159747444252564e-14,1.284574028029725e-13,0.0,0.0,-4.164454454959399e-15,-4.164454454959399e-15,0.03480686685637401,0.0,-4.164454454959399e-15,0.0,,,,,,,,6.4068530076298215e-15,,,,,0.0,-30.30109470708553,-1.2653534690068979e-14,0.0,-1.2653534690068979e-14,-1.2653534690068979e-14,-1.2653534690068979e-14,,-1.2653534690068979e-14,0.0,0.0,0.0,6.406853007629834e-16,,3.2034265038149143e-15,1.02509648122077e-14,4.651375283538511e-13,4.651375283538511e-13,2.1655163165787217e-13,2.1719231695863507e-13,-1.1211992763352217e-15,-1.1211992763352217e-15,-24.753788891942293,-5.605996381676117e-15,-4.164454454959399e-15,1.3273440241168692,-1.1211992763352217e-15,-1.1211992763352217e-15,-4.164454454959399e-15,-1.1211992763352217e-15,-1.922055902288952e-15,0.06719769300762234,0.0,4.8051397557223685e-15,0.0,1.2813706015259665e-15,9.610279511444721e-15,9.610279511444721e-15,0.030115753040521595,0.030115753040521595,0.03005128102233683,-1.1211992763352217e-15,-0.0045123335648647265,-1.1211992763352217e-15,,,0.0,0.0,-4.164454454959399e-15,-8.008566259537297e-16,1.2813706015259665e-15,0.0,0.0,0.0,1.0891650112970309e-13,0.0,-4.164454454959399e-15,-2.7997146786988085e-11,9.578245246403425e-13,3.523769154196405e-15,3.523769154196405e-15,3.523769154196405e-15,0.0,-4.164454454959399e-15,-4.164454454959399e-15,0.0,1.2665111947693632,0.9405630787620053,0.0,-3.3635978290056677e-15,0.0,0.0,1.8628053168431506,1.8628053168431506,0.0,0.0,-3.3635978290056677e-15,0.11336575332524425,0.0,-0.021317732615952493,1.2900198530856905e-12,1.2896995104353095e-12,8.011769686038884e-13,1.1612421076324404e-12,8.011769686038884e-13,1.1593200517301528e-12,1.1612421076324404e-12,1.1593200517301528e-12,1.1593200517301528e-12,0.0,8.328908909918762e-15,0.0,6.406853007629834e-16,0.0,8.328908909918762e-15,0.08660466462209968,0.0,0.0,0.0,-0.06485283143333287,0.0,0.0,9.61027951144475e-16,0.0,,1.9220559022889496e-15,-0.3155003155422316,-1.6017132519074588e-16,-0.03959383995286814,0.0,0.0,-3.043255178624175e-15,,3.7159747444252564e-14,3.7159747444252564e-14,0.0,3.7159747444252564e-14,0.0,6.406853007629834e-16,3.203426503814917e-16,9.289936861062962e-14,2.8830838534334232e-15,2.8830838534334232e-15,2.8830838534334232e-15,2.8830838534334232e-15,0.0,-2.082227227479698e-15,0.0,1.3069980135564272e-13,0.0,0.0,1.1593200517301528e-12,0.0,0.0,-3.3635978290056677e-15,0.0,-3.3635978290056677e-15,1.2813706015259101e-13,0.0,0.0,-3.3635978290056677e-15,0.0,0.0,0.0,0.0
gndA,,1.6017132519074577e-15,0.3011808608668727,0.30118086086687296,0.0010624248321971879,0.002102870094150768,0.0020768036910049402,0.002110727622433156,0.0,0.0010624248321971879,0.8238282381583127,-0.06014855802084034,-0.11262113549645626,,,,,,,-0.11262113549644673,,,-1.9664955188831452,-1.1729358805300758,-0.031090982449779786,-0.027888887584614674,-0.027888887584614674,-0.043671232966127106,-0.03670438897660106,-0.03670438897660106,-0.0367043889766004,1.1138313953760169e-12,0.0,5.029379610988544e-13,,-34.50418391781551,,,,-2.5627412030519365e-15,0.0,0.0,-0.4922449048726223,-28.387743898410672,-3.7966440948064304,-3.14045144529924,-1.203464615693523,-1.1615940723455993,0.0,0.0,-33.89191558024066,0.0,1.1138313953760169e-12,2.4762486874487187e-13,-4.6449684305316375e-15,2.0790238009757319e-13,1.1532335413733657e-14,-4.164454454959399e-15,0.0,3.523769154196405e-15,3.203426503814917e-16,1.1532335413733657e-14,-4.6449684305316375e-15,0.0,0.0,0.0,0.0,2.7359159038706955,0.0,0.0,0.0,-1.585696119388393e-14,0.0,0.0,0.0,,0.0,0.0,0.0,0.0,0.0,0.0,-1.585696119388393e-14,-1.585696119388393e-14,-1.585696119388393e-14,-1.585696119388393e-14,-1.585696119388393e-14,0.0,,-5.92633903205761e-15,0.0,,,,-9.912728031138128,0.0,,34.9300208174135,0.0,-0.29536005049605557,-34.50418391781551,,,0.0,-9.912728031138128,-0.44355738003423945,-0.011697536968078492,-33.89025153564766,-0.28256792365636263,-0.003203422813989782,,2.8222187498606663e-13,0.0,0.0,-0.9639013541973889,0.0,0.0,-5.605996381676117e-15,-5.605996381676117e-15,-0.2623768301504084,0.0,-5.605996381676117e-15,0.0,,,,,,,,0.0,,,,,0.0,-29.943542702774156,0.0,0.0,0.0,0.0,0.0,-34.93003771173435,0.0,0.0,-0.4922449048726223,-1.585696119388393e-14,0.0,,0.0,1.4895933242738598e-13,-4.151704537454421,-4.151704537454421,-3.1404514452992403,-3.14045144529924,-6.5670243328205966e-15,1.6017132519074577e-15,-33.89025153564766,-2.851049588395305e-14,-5.605996381676117e-15,-5.000361797246637,1.6017132519074577e-15,0.0,-2.2423985526704594e-14,0.0,-5.125482406103878e-15,-0.011697536968078492,0.0,0.0,0.0,0.0,0.0,0.0,-0.28316838756704565,-0.28316838756704604,-0.28256792365636263,0.0,-0.0032034228139902637,-5.125482406103878e-15,,,0.0,0.0,-5.605996381676117e-15,0.0,0.0,0.0,0.0,0.0,6.951435513278203e-14,0.0,-27.951537300972,-9.98121558638011,8.876694842068406e-13,0.0,3.65190621434896e-14,3.65190621434896e-14,-4.6449684305316375e-15,-5.605996381676117e-15,-5.605996381676117e-15,0.0,-0.5316290107519589,-0.4376883916267214,0.0,-4.6449684305316375e-15,0.0,0.0,-7.339194024919546,-7.339194024919546,0.0,-4.6449684305316375e-15,-4.6449684305316375e-15,3.7469549279680683,-4.6449684305316375e-15,-0.021317732615017963,1.2064104213361935e-12,1.2064104213361935e-12,7.688223609153754e-13,1.1138313953760169e-12,7.688223609153754e-13,1.1138313953760169e-12,1.1138313953760169e-12,1.1138313953760169e-12,1.1138313953760169e-12,0.0,0.0,0.0,0.0,0.0,0.0,-3.8002838197439406,0.0,0.0,0.0,0.0,0.0,2.5627412030519317e-15,7.047538308392801e-15,-4.6449684305316375e-15,,1.1532335413733657e-14,-0.3155003154389062,0.0,-0.03959383994961295,-6.406853007629836e-16,-4.805139755722377e-16,-4.164454454959399e-15,,0.0,0.0,0.0,0.0,0.0,6.406853007629834e-16,0.0,1.0218930547169226e-13,3.523769154196405e-15,3.523769154196405e-15,0.0,0.0,0.001224490856163696,0.0,-1.6017132519074597e-15,3.11052713520395e-13,0.0,0.0,1.1138313953760169e-12,0.0,0.0,0.0,-4.6449684305316375e-15,0.0,-0.9639013541973886,0.0,0.0,-4.6449684305316375e-15,0.0,0.0,0.0,0.0
gutP,,1.6017132519074577e-15,-0.7720587345590709,-0.7720587345590713,-0.017584434148310228,-0.0357429366834796,-0.034179697389931554,-0.03417846539579626,-0.16214991296606962,-0.017584434148310228,-35.40588788976561,-30.617996727370112,-30.739095660696755,,,,,,,0.8534737013756021,,,-2.54301634050055,-2.200694307438056,-2.54301634050055,-2.2006943074380554,-2.200694307438056,-5.630493626839496,-3.3034799399315644,-3.3034799399315644,-3.303479939931564,1.654249446569075e-12,9.61027951144475e-16,6.929011527750003e-13,,,,,,-1.7618845770982058e-15,0.0,0.0,-0.4922449050043154,-28.84717551592765,4.232683625193697,3.5595873588652545,1.5258285364332438,1.4765065174724659,0.0,0.0,3.2285272906126363,0.0,1.654249446569075e-12,3.6102616697989603e-13,0.0,2.895897559448395e-13,-2.3865527453421336e-14,0.0,0.0,-2.5627412030519365e-15,6.406853007629834e-16,-2.3865527453421336e-14,0.0,5.76616770686684e-15,-1.1211992763352217e-15,3.748009009463405e-14,0.0,5.76616770686684e-15,-1.153233541373375e-14,0.0,-1.153233541373375e-14,0.0,-1.153233541373375e-14,-1.153233541373375e-14,-6.490645329308156,,-1.153233541373375e-14,-1.153233541373375e-14,-1.153233541373375e-14,0.0,-1.153233541373375e-14,-1.153233541373375e-14,0.0,0.0,0.0,3.523769154196366e-14,3.523769154196366e-14,-1.6017132519074588e-16,,0.0,-1.8579873722126642e-14,,,,-25.05238500557501,0.0,0.0,0.0,-1.1211992763352217e-15,0.34966626474979745,,,,0.0,-25.05238500557501,-0.2743248837718423,0.3745853384916034,,0.39877588169572487,0.19335169379157588,-33.349701988744904,8.681285825338166e-14,0.0,1.9220559022889496e-15,1.9188524757850081e-13,0.0,0.0,-4.164454454959399e-15,-4.164454454959399e-15,0.24569929908497182,0.0,-4.164454454959399e-15,0.0,,,,,,,,0.0,,,,,-5.766167706866863e-15,0.0,-1.153233541373375e-14,0.0,-1.153233541373375e-14,-1.153233541373375e-14,-1.153233541373375e-14,,-1.153233541373375e-14,1.6017132519074577e-15,-0.4922449050043154,-1.153233541373375e-14,0.0,,3.2034265038149143e-15,6.252781713329016,4.59409594361097,4.59409594361097,3.5595873588652545,3.5595873588652545,-1.1692506738924496e-14,-1.1211992763352217e-15,,-6.230664549920149e-14,-4.164454454959399e-15,2.9983273303539373,-1.1692506738924496e-14,-1.1211992763352217e-15,-5.670064911752516e-14,0.0,-1.1211992763352217e-15,0.3745853384916034,3.203426503814917e-16,-4.6449684305316375e-15,-3.043255178624175e-15,0.0,8.969594210681742e-15,0.0,0.20245630160337444,0.20245630160337444,0.39877588169572487,-1.1211992763352217e-15,0.19335169379157588,-1.1211992763352217e-15,-33.349701988744904,-33.349701988744904,0.0,0.0,-4.164454454959399e-15,0.0,0.0,3.523769154196405e-15,0.0,0.0,-2.285644810472125e-13,3.523769154196405e-15,-5.269636598775636e-14,10.445750136774985,-0.006733834344391321,0.0,-3.844111804577906e-15,-3.844111804577906e-15,-3.3635978290056677e-15,-4.164454454959399e-15,-4.164454454959399e-15,9.61027951144475e-16,4.484797105340878e-15,1.9220559022889496e-15,6.406853007629834e-16,-3.3635978290056677e-15,0.0,0.0,1.8628053178450186,1.8628053178450137,0.0,0.0,-3.3635978290056677e-15,-1.150350622237247,0.0,-0.021317732616195025,1.6574528730728863e-12,1.6574528730728863e-12,1.1417012059591848e-12,1.654249446569075e-12,1.1417012059591848e-12,1.654249446569075e-12,1.654249446569075e-12,1.654249446569075e-12,1.654249446569075e-12,0.0,0.0,0.0,0.0,0.0,0.0,0.08660466462402498,0.0,0.0,1.9220559022889496e-15,-0.06485283143545052,0.0,1.02509648122077e-14,-1.5536618543502434e-14,0.0,,-2.3865527453421336e-14,-0.3155003155674581,-0.048097827801995015,-0.03959383995365737,-3.203426503814918e-16,-3.203426503814918e-16,0.0,,1.9220559022889496e-15,1.9220559022889496e-15,0.0,1.9220559022889496e-15,0.0,0.0,3.203426503814917e-16,1.2076917919381735e-13,-2.5627412030519365e-15,-2.5627412030519365e-15,-2.5627412030519365e-15,-2.5627412030519365e-15,0.0,1.9220559022889496e-15,-1.1211992763352217e-15,9.61027951144475e-16,0.0,0.0,1.654249446569075e-12,0.0,-1.1211992763352217e-15,0.0,0.0,0.0,1.9156490492811936e-13,-1.1211992763352217e-15,0.0,0.0,0.0,0.0,0.0,0.0
hutM,,0.0,-1.0120332722968515e-05,-1.012033272264817e-05,1.5056104567930036e-14,9.930622161826211e-15,1.377473396640408e-14,1.3134048665641102e-14,2.2423985526704407e-15,1.4735761917548547e-14,-2.5582175005332444e-05,-2.860659867907005e-13,-5.276043451784134e-13,,,,-8.09577951351584e-05,,,-5.160720097646756e-13,,,0.1733602678617666,0.1645357015782072,0.17336026786177,0.1645357015782072,0.16453570157820777,-0.18511688191264059,0.1866999323512342,0.1866999323512342,0.18669993235123533,-1.701019473526724e-12,-9.610279511444756e-16,-6.973859498806761e-13,,,,,,0.0,0.0,-1.2605483292512252e-13,-0.49224490496919737,-28.70967199247647,-5.260026319265053e-13,-3.189011084548103e-13,0.02775470286082638,0.026338531564493246,0.0,0.0,0.9299582669547929,0.0,-1.7029415294290153e-12,-3.866535790105124e-13,0.0,-3.0881031496779107e-13,-5.2376023337374854e-14,0.0,0.0,-5.766167706866863e-15,-1.8099359746554398e-14,-5.2376023337374854e-14,0.0,6.4068530076298215e-15,0.0,1.922055902288938e-14,0.0,6.4068530076298215e-15,0.0,0.0,0.0,0.0,0.0,0.0,-6.130347656377158,,0.0,0.0,0.0,0.0,0.0,-1.2813706015259728e-14,0.0,0.0,0.0,0.0,0.0,-3.203426503814918e-16,,0.0,0.0,,,,3.9223715140127795e-11,6.406853007629834e-16,0.0,0.0,0.0,-0.002686525477306531,,,,0.0,3.9223715140127795e-11,0.09395835221283741,-0.044975731122681835,,0.01884282371043698,-0.0014719182409683252,-32.84729089843193,-4.4111182957538156e-13,0.0,1.9220559022889496e-15,-1.8708010782280331e-13,0.0,0.0,0.0,0.0,0.013479533904927047,0.0,0.0,0.0,,,,,,,,0.0,,,,,0.0,8.008566259537271e-15,0.0,6.727195658011312e-15,0.0,0.0,0.0,,0.0,-1.2605483292512252e-13,-0.49224490496919737,-1.2813706015259728e-14,5.125482406103859e-15,,0.0,-0.0037962278127584756,-6.840917298898379e-13,-6.840917298898379e-13,-3.189011084548103e-13,-3.18420594479238e-13,0.0,0.0,-24.71816498348654,0.0,0.0,0.8350327141866841,0.0,0.0,-4.324625780150146e-15,0.0,0.0,-0.044975731122681835,0.0,0.0,0.0,0.0,0.0,0.0,0.018892376466051224,0.018892376466051224,0.01884282371043698,9.61027951144475e-16,-0.0014719182409683252,0.0,-32.84729089843193,-32.84729089843193,0.0,0.0,0.0,0.0,0.0,9.289936861063231e-15,0.0,3.523769154196405e-15,0.0,9.289936861063231e-15,2.2103642876322762e-14,4.108458559614209e-11,-0.0067338343461995865,0.0,-4.805139755722377e-16,0.0,-3.3635978290056677e-15,0.0,0.0,0.0,-6.7271956580113425e-15,-7.528052283965076e-15,-3.203426503814918e-16,0.0,0.0,6.406853007629834e-16,3.5237691541959793e-13,3.5237691541959793e-13,6.406853007629834e-16,3.523769154196405e-15,0.0,-0.2293108956242074,3.523769154196405e-15,-3.4452852048533556e-13,-1.665621610659528e-12,-1.665621610659528e-12,-1.174055813648645e-12,-1.701019473526724e-12,-1.174055813648645e-12,-1.7029415294290153e-12,-1.701019473526724e-12,-1.7029415294290153e-12,-1.7029415294290153e-12,0.0,0.0,3.523769154196405e-15,6.406853007629834e-16,0.0,0.0,8.328908909918762e-15,0.0,0.0,1.5056104567930036e-14,0.0,0.0,1.3134048665641102e-14,-3.427666359082003e-14,0.0,-0.00023077349498672973,-5.2376023337374854e-14,-2.7709639257999302e-14,1.9220559022889496e-15,-4.805139755722377e-16,0.0,0.0,0.0,-0.00023077349498672973,0.0,0.0,1.9220559022889496e-15,1.9220559022889496e-15,0.0,-3.059272311143279e-14,-1.8419702396935893e-14,-1.2557431894955024e-13,-5.766167706866863e-15,-2.8830838534334283e-15,-5.766167706866863e-15,-5.766167706866863e-15,0.0,0.0,0.0,-5.559546697371861e-13,0.0,0.0,-1.701019473526724e-12,0.0,0.0,0.0,0.0,0.0,-1.851580519205141e-13,0.0,0.0,0.0,0.0,0.0,0.0,0.0
iolJ,,0.0,-0.6772032703744442,-0.6772032703744439,-0.01707054683788827,-0.03468180252486705,-0.033208094597233215,-0.03320693165153812,-0.10626332155089319,-0.01707054683788827,-4.048042291398398,-30.287848125902514,-30.408947059210725,,,,31.81262105575111,,,0.8534737012831638,,,-2.0917077927412975,-1.8544947641478704,-2.0917077927413184,-1.8544947641478706,-1.8544947641478706,-3.717995984372814,-2.5514932262963437,-2.5514932262963432,-2.5514932262963432,1.3713868862825144e-12,0.0,5.666861485247476e-13,,,,,,-2.2423985526704442e-15,-5.125482406103878e-15,6.727195658011312e-15,-0.4922449049140132,-28.517026915003537,4.133606441802073,3.463931346805752,1.4589752710167225,1.4109188551082417,0.0,0.0,3.0179484448088068,0.0,1.368824145079465e-12,3.0272380461047797e-13,0.0,2.376942465830473e-13,8.649251560300252e-15,0.0,0.0,0.0,-3.043255178624175e-15,8.649251560300252e-15,0.0,7.36788095877429e-15,-1.1211992763352217e-15,-1.383880249648111e-13,0.0,7.36788095877429e-15,0.0,0.0,0.0,0.0,0.0,0.0,-6.383574642134198,,0.0,0.0,0.0,0.0,0.0,-1.457559059235795e-14,0.0,0.0,0.0,0.0,0.0,0.0,,0.0,-2.3545184803039838e-14,,,,-24.722236414597074,9.61027951144475e-16,0.0,0.0,0.0,0.31787858640022854,,,,0.0,-24.722236414597074,-0.23661552291292,0.34150330386268074,,0.3631146934576542,0.17758388756659332,-32.911232294645245,4.35666004518763e-13,0.0,0.0,1.5024070302891182e-13,0.0,0.0,-5.125482406103878e-15,-5.125482406103878e-15,0.22353962089670146,9.61027951144475e-16,-5.125482406103878e-15,0.0,,,,,,,,7.688223609155783e-15,,,,,-7.36788095877433e-15,-1.649764649464692e-14,0.0,0.0,0.0,0.0,0.0,,0.0,6.727195658011312e-15,-0.4922449049140116,0.0,-1.0891650112970761e-14,,0.0,6.1493568452486675,4.493741433391584,4.493741433391584,3.463931346805752,3.463931346805752,-1.0891650112970761e-14,-1.1211992763352217e-15,-24.52551991301145,-5.862270501981418e-14,-5.125482406103878e-15,2.8139682491344127,-1.0891650112970761e-14,-1.1211992763352217e-15,-2.5467240705328818e-14,-1.2813706015259676e-15,-1.1211992763352217e-15,0.34150330386268074,0.0,0.0,-3.844111804577906e-15,0.0,-1.1372164088543004e-14,0.0,0.18276233949717763,0.1827623394971779,0.3631146934576542,-1.1211992763352217e-15,0.17758388756659332,-1.1211992763352217e-15,-32.911232294645245,-32.911232294645245,-1.1211992763352217e-15,0.0,-5.125482406103878e-15,0.0,0.0,0.0,0.0,0.0,6.406853007629693e-14,1.9220559022889496e-15,-2.5467240705328818e-14,10.3409777647259,-0.006733834343020117,0.0,-6.406853007629836e-16,0.0,-4.004283129768652e-15,-5.125482406103878e-15,-5.125482406103878e-15,0.0,6.406853007629834e-16,3.203426503814917e-16,0.0,-4.004283129768652e-15,-2.2423985526704442e-15,9.61027951144475e-16,1.8628053143313195,1.8628053143313195,9.61027951144475e-16,0.0,-4.004283129768652e-15,-0.9781171253421949,-4.004283129768652e-15,-0.021317732615313,1.389326074703861e-12,1.3867633335008113e-12,9.450108186250912e-13,1.3713868862825144e-12,9.450108186250912e-13,1.3713868862825144e-12,1.3713868862825144e-12,1.3713868862825144e-12,1.368824145079465e-12,0.0,-9.450108186254038e-15,0.0,9.61027951144475e-16,9.61027951144475e-16,0.0,0.08660466461740556,0.0,0.0,2.2423985526704407e-15,-0.06485283142800892,0.0,2.2423985526704407e-15,5.125482406103859e-15,0.0,-0.0006575649129259711,1.0571307462589189e-14,-0.3155003154792159,-1.3294219990831969e-14,-0.03959383995088388,0.0,-3.203426503814918e-16,0.0,-0.0006575649129259711,0.0,0.0,0.0,0.0,0.0,-5.605996381676117e-15,-3.043255178624175e-15,8.74535435541446e-14,0.0,0.0,-3.203426503814921e-15,-3.203426503814921e-15,0.0,2.2423985526704407e-15,0.0,4.0363173948062315e-13,0.0,0.0,1.368824145079465e-12,0.0,0.0,0.0,0.0,0.0,1.4992036037853034e-13,0.0,0.0,0.0,0.0,0.0,0.0,0.0
katX,,0.0,-9.817410272723038e-06,-9.817410272723038e-06,-1.44154192671672e-14,-1.2973877340450474e-14,-1.1852678064115245e-14,-1.201284938930599e-14,0.0,-1.44154192671672e-14,-2.462195713081171e-05,1.74266401807521e-13,3.2386641953565186e-13,,,,-1.917462521021186e-05,,,2.8670667209140663e-13,,,0.25397091564255614,0.2400387853206698,0.2539709156425626,0.2400387853206698,0.24003878532067008,-0.25897778183196696,0.2752588529592784,0.2752588529592784,0.2752588529592786,1.0430356696417602e-12,0.0,4.2509469705617693e-13,,,,,,0.0,0.0,-4.2445401175548284e-14,-0.4922449049875924,-28.780061320211377,3.1938162243031196e-13,1.9348696083040803e-13,0.027754702861145022,0.026338531564792378,0.0,0.0,2.407625141022205,0.0,1.0430356696417602e-12,2.325687641769443e-13,0.0,1.6850023410065485e-13,1.6017132519074577e-15,0.0,1.9220559022889496e-15,-2.7229125282426824e-15,-6.5670243328205966e-15,0.0,0.0,6.0865103572483304e-15,0.0,-2.9952037810669786e-14,0.0,6.0865103572483304e-15,-1.2333192039687486e-14,-1.2333192039687486e-14,-1.2333192039687486e-14,-1.2333192039687486e-14,-1.2333192039687486e-14,-1.2333192039687486e-14,-6.563659630524769,,-1.2333192039687486e-14,-1.2333192039687486e-14,-1.2333192039687486e-14,-1.2333192039687486e-14,-1.2333192039687486e-14,-1.2333192039687486e-14,-1.2333192039687486e-14,-1.2333192039687486e-14,-1.2333192039687486e-14,-8.601200162743311e-14,-8.601200162743311e-14,-3.203426503814918e-16,,-4.324625780150146e-15,0.0,,,,-2.4150952755113192e-11,6.406853007629834e-16,3.203426503814917e-16,3.203426503814917e-16,0.0,-0.003676033284831873,,,,3.523769154196405e-15,-2.4150952755113192e-11,0.11923771285010239,-0.062561942463056,,0.026042093097273938,-0.0019870541774174217,-33.356402521616864,2.3192807887618143e-13,0.0,1.9220559022889496e-15,1.1948780859229148e-13,0.0,0.0,-4.324625780150146e-15,-4.324625780150146e-15,0.018606464931051947,6.406853007629834e-16,-4.324625780150146e-15,0.0,,,,,,,,6.4068530076298215e-15,,,,,-6.246681682439103e-15,0.0,-1.2333192039687486e-14,0.0,-1.2333192039687486e-14,-1.2333192039687486e-14,-1.2333192039687486e-14,,-1.2333192039687486e-14,-4.2445401175548284e-14,-0.4922449049875924,-1.2333192039687486e-14,0.0,,0.0,-0.0037962278133113984,4.15484417544735e-13,4.161251028454978e-13,1.9348696083040803e-13,1.9348696083040803e-13,0.0,0.0,-24.788554308888767,-5.44582505648537e-15,-4.324625780150146e-15,1.922357932837733,0.0,0.0,-4.4847971053408916e-15,-8.008566259537297e-16,9.61027951144475e-16,-0.062561942463056,0.0,-4.6449684305316375e-15,-3.043255178624175e-15,0.0,-9.450108186254038e-15,-9.450108186254038e-15,0.02610866541913225,0.026108665419131934,0.026042093097273938,0.0,-0.0019870541774174217,0.0,-33.356402521616864,-33.356402521616864,0.0,0.0,-4.324625780150146e-15,0.0,0.0,1.6017132519074577e-15,-4.6449684305316375e-15,-3.3635978290056677e-15,0.0,3.523769154196405e-15,1.0154862017092931e-13,-2.532628993938304e-11,-0.006733834344559805,0.0,-1.1211992763352217e-15,-1.1211992763352217e-15,0.0,-4.324625780150146e-15,-4.324625780150146e-15,-9.610279511444756e-16,7.36788095877429e-15,4.8051397557223685e-15,0.0,-3.203426503814921e-15,0.0,6.406853007629834e-16,1.579289266380668e-13,1.579289266380668e-13,0.0,0.0,-3.203426503814921e-15,-0.3065339875708776,0.0,2.8029981908377805e-13,9.773654263136003e-13,9.773654263136003e-13,7.198099354070324e-13,1.0430356696417602e-12,7.198099354070324e-13,1.0430356696417602e-12,1.0430356696417602e-12,1.0430356696417602e-12,1.0430356696417602e-12,-9.610279511444756e-16,0.0,0.0,6.406853007629834e-16,6.406853007629834e-16,0.0,2.8830838534334232e-15,0.0,0.0,0.0,0.0,0.0,-1.7618845770982058e-15,-9.610279511444756e-16,0.0,-2.92314723563777e-05,0.0,-1.0250964812207773e-14,-1.6017132519074588e-16,-6.406853007629836e-16,-4.805139755722377e-16,-3.203426503814918e-16,0.0,-2.92314723563777e-05,0.0,0.0,0.0,1.9220559022889496e-15,0.0,-1.153233541373375e-14,-7.047538308392836e-15,7.848394934346335e-14,-2.7229125282426824e-15,-2.7229125282426824e-15,-2.7229125282426824e-15,-2.7229125282426824e-15,6.406853007629834e-16,0.0,0.0,4.0939790718748836e-13,0.0,0.0,1.0430356696417602e-12,0.0,0.0,0.0,0.0,0.0,1.2076917919381735e-13,0.0,0.0,0.0,0.0,0.0,0.0,0.0
ktrB,,0.0,0.03288514906758375,0.03288514906758375,0.0319451469799789,0.0650311325094981,0.06277916946525258,0.06282022219721459,0.18083150191337882,0.03194514697997921,0.07992236966129837,,,-32.92960584907303,-32.92960584907303,-31.863080446265602,-32.929608250024536,-31.27716179310522,-31.27716179310522,-1.5782325579449825,-30.2800283525442,,1.7011915566808575,1.5181557391737468,1.7011915566808598,1.5181557391737464,1.5181557391737468,-0.7231723193277422,2.040414182378694,2.040414182378694,2.040414182378694,1.438338500212181e-12,0.0,6.868146424177548e-13,,,,,,0.0,0.0,-1.2445311967321492e-13,-0.49224490494886586,-28.635671411205653,4.4431525607906064e-13,2.6908782632042797e-13,0.027754702861073687,0.026338531564731357,0.0,7.047538308392801e-15,,0.0,1.438338500212181e-12,3.2002230773107476e-13,-3.844111804577906e-15,2.569148056059335e-13,-5.92633903205761e-15,0.0,-2.40256987786119e-15,-3.043255178624175e-15,-2.0982443599987862e-14,-5.92633903205761e-15,0.0,6.727195658011312e-15,0.0,1.890021637250789e-14,0.0,6.727195658011312e-15,-1.3614562641213466e-14,0.0,0.0,0.0,0.0,0.0,-8.18603090133318,,0.0,0.0,0.0,0.0,0.0,-1.3614562641213466e-14,0.0,0.0,0.0,-6.77524705556871e-14,-6.77524705556871e-14,-4.805139755722377e-16,,-4.965311080913131e-15,0.0,,,,-3.3174364531238323e-11,6.406853007629834e-16,3.203426503814917e-16,3.203426503814917e-16,0.0,-0.04075612156409701,,,,3.844111804577896e-15,-3.3174364531238323e-11,0.2776274245245345,-0.2324159635424517,,0.07022665659058597,-0.011602896501947022,-34.84475442905675,2.908711265463652e-13,0.0,2.2423985526704407e-15,1.7074263265332503e-13,0.0,0.0,-4.6449684305316375e-15,-4.6449684305316375e-15,0.04084521956740393,6.406853007629834e-16,-4.6449684305316375e-15,0.0,,,,,,,,7.047538308392801e-15,,,,,-6.88736698320209e-15,0.0,0.0,7.047538308392801e-15,0.0,0.0,0.0,,0.0,-1.2445311967321492e-13,-0.49224490494886586,0.0,0.0,,0.0,-0.0037962278119784737,5.769371133369513e-13,5.769371133369513e-13,2.6844714101966516e-13,2.6908782632042797e-13,0.0,0.0,-24.644164404793898,-5.766167706866863e-15,0.0,1.4522486129291532,0.0,0.0,-4.6449684305316375e-15,1.2813706015259665e-15,-1.2813706015259676e-15,-0.2324159635424517,0.0,-5.285653731294624e-15,0.0,0.0,0.0,0.0,0.07039799997718911,0.0703979999771888,0.07022665659058597,0.0,-0.011602896501947022,-1.2813706015259676e-15,-34.84475442905675,-34.84475442905675,-1.1211992763352217e-15,-1.1211992763352217e-15,0.0,0.0,0.0,7.688223609155783e-15,-5.285653731294624e-15,0.0,0.0,7.688223609155783e-15,-4.447957700547699e-13,-3.478873131787387e-11,-0.006733834343243153,0.0,0.0,6.406853007629834e-16,-3.844111804577906e-15,-4.6449684305316375e-15,-4.6449684305316375e-15,0.0,-5.44582505648537e-15,-4.004283129768652e-15,0.0,-3.844111804577906e-15,0.0,6.406853007629834e-16,1.8628053156876894,1.8628053156876894,6.406853007629834e-16,3.844111804577896e-15,-3.844111804577906e-15,-0.8589794586725781,0.0,-0.021317732615646075,1.6305440904408716e-12,1.6305440904408716e-12,9.927418735319016e-13,1.440260556114468e-12,9.927418735319016e-13,1.440260556114468e-12,1.438338500212181e-12,1.440260556114468e-12,1.438338500212181e-12,0.0,0.0,0.0,6.406853007629834e-16,0.0,0.0,0.086604664619965,0.0,0.0,9.930622161826211e-15,-0.06485283143088098,0.0,9.930622161826211e-15,-6.0865103572483564e-15,0.0,-2.92314723563777e-05,-7.84839493434657e-15,-0.31550031551329777,-1.1211992763352217e-15,-0.039593839951954785,-8.008566259537297e-16,-4.805139755722377e-16,0.0,-2.92314723563777e-05,2.2423985526704407e-15,0.0,0.0,2.2423985526704407e-15,2.5627412030519317e-15,-3.4116492265629275e-14,-2.0982443599987862e-14,1.1884712329152855e-13,0.0,-3.043255178624175e-15,-3.043255178624175e-15,-3.043255178624175e-15,0.0012244908562648385,2.2423985526704407e-15,0.0,3.9562317322108806e-13,0.0,0.0,1.440260556114468e-12,-2.40256987786119e-15,0.0,0.0,0.0,0.0,1.7042229000294355e-13,0.0,0.0,0.0,0.0,0.0,0.0,0.0
ktrD,,0.0,-1.0122856563609728e-05,-1.0122856563289382e-05,-2.4025698778612082e-14,-2.226381420151385e-14,-1.6657817819837668e-14,-1.7138331795409912e-14,-6.406853007629836e-16,-2.4025698778612082e-14,-2.5590238870400108e-05,3.3507841229900144e-13,6.230664549918669e-13,,,,-2.6631355079282698e-05,,,5.096651567568633e-13,,,0.12240241145336131,0.28790625030142597,0.12240241145336808,0.11559081896819062,0.11559081896819062,-0.14897368066214275,0.1328293490581538,0.1328293490581538,0.1328293490581538,1.80609186284972e-12,0.0,8.402587719504082e-13,,,,,,0.0,0.0,-1.1099872835719117e-13,-0.4922449050195841,-28.911305853217474,5.525910719079675e-13,3.3507841229900144e-13,0.027754702861310626,0.026338531564943677,-2.8830838534334283e-15,0.0,1.1512969928472556,0.0,1.80609186284972e-12,3.8729426431117157e-13,0.0,2.796591337830152e-13,-1.3005911605489153e-13,0.0,-1.922055902288952e-15,-2.7229125282426824e-15,-1.793918842136365e-14,-1.3005911605489153e-13,0.0,0.0,0.0,-3.748009009463502e-14,0.0,0.0,0.0,0.0,0.0,0.0,0.0,0.0,-5.56462561833513,,0.0,0.0,0.0,0.0,0.0,0.0,0.0,0.0,0.0,2.242398552670425e-14,1.1211992763352168e-14,0.0,,0.0,0.0,,,,-4.1959921889504693e-11,6.406853007629834e-16,-5.44582505648537e-15,-5.125482406103878e-15,-1.1211992763352217e-15,0.0213014470458095,,,,0.0,-4.1959921889504693e-11,0.1453153503868592,-0.03465033771423583,,0.033040494407233306,-0.002573529502445441,-32.47313637767851,2.726115954746237e-13,6.406853007629834e-16,1.9220559022889496e-15,2.0982443599986186e-13,0.0,0.0,0.0,0.0,0.023668299969295176,0.0,0.0,0.0,,,,,,,,0.0,,,,,-5.605996381676117e-15,0.0,0.0,0.0,0.0,0.0,0.0,,0.0,-1.1099872835719117e-13,-0.4922449050195841,0.0,0.0,,-2.8830838534334283e-15,-0.003796227814125125,7.185285648055071e-13,7.191692501062698e-13,3.3475806964862003e-13,3.3475806964862003e-13,-9.610279511444756e-16,0.0,7.17089563158409,-4.965311080913131e-15,0.0,0.9422724761868686,-9.610279511444756e-16,-9.610279511444756e-16,-4.004283129768652e-15,0.0,-9.610279511444756e-16,-0.03465033771423583,0.0,0.0,0.0,0.0,0.0,0.0,0.033123600570793776,0.033123600570793776,0.033040494407233306,-9.610279511444756e-16,-0.002573529502445441,-9.610279511444756e-16,-32.47313637767851,-32.47313637767851,0.0,0.0,0.0,0.0,0.0,1.6337475169455987e-14,0.0,0.0,7.303812428697828e-14,1.6337475169455987e-14,1.5824926928844827e-13,-4.400210628574755e-11,-0.006733834344432839,0.0,6.406853007629834e-16,6.406853007629834e-16,0.0,0.0,0.0,0.0,0.4800396544300868,0.33131143210995156,6.406853007629834e-16,0.0,0.0,6.406853007629834e-16,-3.9658420117234133e-13,-3.9658420117234133e-13,6.406853007629834e-16,2.8830838534334232e-15,-3.043255178624175e-15,-0.07399529946092596,0.0,4.888428844820736e-13,1.7298503120590185e-12,1.7298503120590185e-12,1.2467735952842274e-12,1.80609186284972e-12,1.2467735952842274e-12,1.80609186284972e-12,1.80609186284972e-12,1.80609186284972e-12,1.80609186284972e-12,0.0,0.0,0.0,6.406853007629834e-16,1.2813706015259665e-15,0.0,-8.489080235109556e-15,0.0,0.0,-1.9973364251287395e-13,1.761884577098194e-14,0.0,-1.9973364251287395e-13,-7.848394934346761e-14,0.0,-2.92314723563777e-05,-1.2829723147779315e-13,3.6198719493108113e-14,-8.008566259537297e-16,9.930622161826211e-15,-6.406853007629836e-16,-3.203426503814918e-16,0.0,-2.92314723563777e-05,0.0,0.0,-1.7618845770982058e-15,1.9220559022889496e-15,0.0,-3.043255178624204e-14,-1.8259531071745147e-14,1.736257165067581e-13,-2.7229125282426824e-15,0.0,-2.7229125282426824e-15,-2.7229125282426824e-15,0.0,0.0,0.0,3.6102616697989603e-13,0.0,0.0,1.80609186284972e-12,0.0,0.0,0.0,0.0,0.0,2.1334820515405775e-13,0.0,0.0,0.0,0.0,0.0,0.0,0.0
maeN,,1.9220559022889496e-15,-0.8664899115474094,-0.8664899115474092,-0.017051057781296203,-0.03464157926777797,-0.03317121539679656,-0.03317005503275116,-0.2593491808647679,-0.017051057781296203,-35.17401940970656,-30.328490110369057,-30.44958904367953,,,,31.85330138916298,,,0.853473701296683,,,-3.653651640380683,-2.940411991375034,-3.6536516403806845,-2.9404119913750333,-2.9404119913750333,-34.9050991701489,-9.135569204091496,-9.135569204091462,-9.13556920409146,4.646890486426436e-12,-1.1211992763352217e-15,1.9822803205593093e-12,,,,,,0.0,0.0,0.0,-0.49224490492627526,-28.557668899396557,4.398401847856033,3.72006749877805,1.6409259840481731,1.589555496178226,0.0,7.047538308392801e-15,3.2911661856459937,0.0,4.646890486426436e-12,1.0308626489272722e-12,0.0,7.99575255351982e-13,0.0,-3.3635978290056677e-15,2.5627412030519317e-15,-3.203426503814921e-15,0.0,0.0,0.0,7.047538308392801e-15,-1.1211992763352217e-15,-1.3294219990831969e-14,0.0,0.0,-1.4095076616785707e-14,0.0,0.0,0.0,0.0,0.0,-6.668539686202654,,0.0,0.0,0.0,0.0,0.0,0.0,0.0,0.0,0.0,1.4095076616785568e-14,0.0,0.0,,-5.285653731294624e-15,0.0,,,,-24.762878397675202,-8.008566259537297e-16,0.0,0.0,0.0,0.37861446623579637,,,,0.0,-24.762878397675202,-0.3036386264969531,0.4080143253423465,,0.4333350979702827,0.2124228075033236,-33.23997058915575,1.0077979780998212e-12,0.0,2.5627412030519317e-15,5.343315408362293e-13,0.0,0.0,-4.965311080913131e-15,-4.965311080913131e-15,0.2657489407083857,-8.008566259537297e-16,-4.965311080913131e-15,0.0,,,,,,,,0.0,,,,,-7.207709633583583e-15,0.0,0.0,0.0,0.0,0.0,0.0,,0.0,0.0,-0.49224490492627526,0.0,9.61027951144475e-16,,0.0,6.425111473440734,4.76176181627668,4.76176181627668,3.7200674987780493,3.72006749877805,-1.3934905291594958e-14,-1.1211992763352217e-15,-24.566161895849383,-7.608137946560629e-14,-4.965311080913131e-15,3.0687918000152545,-1.3934905291594958e-14,-1.1211992763352217e-15,-6.903384115721312e-14,0.0,-1.1211992763352217e-15,0.4080143253423465,0.0,0.0,0.0,1.9220559022889496e-15,0.0,0.0,0.22211088082088562,0.2221108808208859,0.4333350979702827,-1.1211992763352217e-15,0.2124228075033236,-1.1211992763352217e-15,-33.23997058915575,-33.23997058915575,-1.1211992763352217e-15,-1.1211992763352217e-15,-4.965311080913131e-15,0.0,0.0,6.4068530076298215e-15,-5.44582505648537e-15,-3.6839404793871596e-15,0.0,6.4068530076298215e-15,-1.383880249648111e-13,10.620118865330218,-0.006733834340702215,0.0,0.0,6.406853007629834e-16,0.0,-4.965311080913131e-15,-4.965311080913131e-15,0.0,-1.5536618543502434e-14,-9.450108186254038e-15,0.0,0.0,0.0,6.406853007629834e-16,1.8628053148084363,1.8628053148084363,6.406853007629834e-16,3.844111804577896e-15,0.0,-1.2944058933083475,3.844111804577896e-15,-0.021317732614758035,4.731460946126875e-12,4.731460946126875e-12,3.2072706156159307e-12,4.646890486426436e-12,3.2072706156159307e-12,4.646890486426436e-12,4.646890486426436e-12,4.646890486426436e-12,4.646890486426436e-12,-1.1211992763352217e-15,0.0,3.523769154196405e-15,6.406853007629834e-16,0.0,0.0,0.08660466461830214,0.0,0.0,8.328908909918762e-15,-0.0648528314290195,0.0,8.328908909918762e-15,-1.2813706015259676e-15,0.0,32.25328560171264,1.9220559022889496e-15,-0.31550031549120666,-0.13935601362765143,-0.0395938399512617,0.0,0.0,0.0,32.25328560171264,0.0,0.0,0.0,2.5627412030519317e-15,-2.8830838534334283e-15,0.0,0.0,3.430869785585369e-13,-3.203426503814921e-15,-3.203426503814921e-15,-3.203426503814921e-15,-3.203426503814921e-15,0.0,0.0,0.0,7.710647594680447e-13,0.0,0.0,4.646890486426436e-12,0.0,0.0,0.0,0.0,0.0,5.320891422835597e-13,0.0,0.0,0.0,0.0,0.0,0.0,0.0
manP,,0.0,-0.7620224061030995,-0.7620224061030989,-0.01707493801702953,-0.03469086563468581,-0.03321640372183011,-0.03321524019407691,-0.13874092084569728,-0.01707493801702953,-35.32341496853192,-30.480493203707454,-30.601592137026838,,,,32.00526027487214,,,0.8534737013397352,,,-3.195847494461419,-2.6348018464339464,-3.1958474944614763,-2.6348018464339464,-2.634801846433946,-34.943504798172015,-5.098935899934545,-5.098935899934545,-5.098935899934526,1.792317128883333e-12,-9.610279511444756e-16,7.278185016665657e-13,,,,,,0.0,0.0,1.6817989145027337e-13,-0.49224490496919737,-28.70967199247647,4.261406446882866,3.5873600740077656,1.5454869252864352,1.4958035705998052,0.0,0.0,4.017538523854104,0.0,1.792317128883333e-12,3.953028305707067e-13,0.0,3.325156710959501e-13,0.0,3.2034265038149143e-15,0.0,-5.766167706866863e-15,2.9151181184715457e-14,0.0,0.0,6.4068530076298215e-15,0.0,-8.008566259537297e-16,0.0,6.4068530076298215e-15,0.0,0.0,0.0,0.0,0.0,0.0,-6.518192136902382,,0.0,0.0,0.0,0.0,0.0,-1.2813706015259728e-14,0.0,0.0,0.0,0.0,0.0,-3.203426503814918e-16,,0.0,0.0,,,,-24.91488148600877,6.406853007629834e-16,6.406853007629834e-16,6.406853007629834e-16,0.0,0.3525668548444406,,,,0.0,-24.91488148600877,-0.2581797148396786,0.3801237520315045,,0.4045585558419322,0.19639082465936128,-33.24005207927097,6.458107831689429e-13,0.0,1.9220559022889496e-15,1.992531285372741e-13,0.0,0.0,0.0,0.0,0.24923806639862345,0.0,0.0,0.0,,,,,,,,0.0,,,,,0.0,0.0,0.0,6.727195658011312e-15,0.0,0.0,0.0,,0.0,1.6817989145027337e-13,-0.49224490496919737,-1.2813706015259728e-14,0.0,,0.0,6.282707801731575,4.623172759332241,4.623172759332241,3.5873600740077656,3.587360074007766,-1.1692506738924496e-14,0.0,-24.71816498348654,-6.278715947477374e-14,0.0,3.61167610120609,-1.1692506738924496e-14,0.0,-4.436745707783729e-14,0.0,0.0,0.3801237520315045,0.0,0.0,0.0,0.0,0.0,0.0,0.2052249092993624,0.2052249092993624,0.4045585558419322,9.61027951144475e-16,0.19639082465936128,0.0,-33.24005207927097,-33.24005207927097,0.0,0.0,0.0,0.0,0.0,1.9220559022889496e-15,0.0,3.523769154196405e-15,0.0,1.9220559022889496e-15,1.201284938930544e-13,10.476048215730337,-0.006733834344031342,0.0,-4.805139755722377e-16,0.0,-3.3635978290056677e-15,0.0,0.0,0.0,1.4095076616785568e-14,8.969594210681742e-15,-3.203426503814918e-16,0.0,0.0,6.406853007629834e-16,1.862805316478301,1.862805316478301,6.406853007629834e-16,3.523769154196405e-15,0.0,-1.1168773585059615,3.523769154196405e-15,-0.021317732615644288,1.7384995636193083e-12,1.7384995636193083e-12,1.2368429731224096e-12,1.792317128883333e-12,1.2368429731224096e-12,1.792317128883333e-12,1.792317128883333e-12,1.792317128883333e-12,1.792317128883333e-12,0.0,0.0,3.523769154196405e-15,6.406853007629834e-16,0.0,0.0,0.08660466462144503,0.0,0.0,7.36788095877429e-15,-0.06485283143255634,0.0,5.76616770686684e-15,-2.2423985526704442e-15,0.0,30.223940325867854,0.0,-0.31550031553312335,-0.029626064875802563,-0.03959383995257938,0.0,0.0,3.2034265038149143e-15,30.223940325867854,1.9220559022889496e-15,1.9220559022889496e-15,1.9220559022889496e-15,1.9220559022889496e-15,0.0,4.709036960607852e-14,2.883083853433397e-14,1.2365226304725053e-13,-5.766167706866863e-15,-2.8830838534334283e-15,-5.766167706866863e-15,-5.766167706866863e-15,0.0,0.0,0.0,6.064086371720364e-13,0.0,0.0,1.792317128883333e-12,0.0,0.0,0.0,0.0,0.0,2.005344991387999e-13,0.0,0.0,0.0,0.0,0.0,0.0,0.0
mrpD,,1.6017132519074577e-15,0.010645288897991196,0.010645288897991196,0.010304656233105303,0.020872533322153587,0.020042120544476256,0.020041463386505275,0.05814151626896184,0.010304656233104986,0.02641914838800486,1.2029629155359793,,-31.380854748693604,-31.380854748693604,-26.100866200485736,-31.38085850770437,-29.553244559783316,-29.553244559783316,-0.6041455017106782,,,0.5547672007398952,0.519051061673762,0.5547672007399036,0.5190510616737622,0.5190510616737625,-0.4172269961522137,0.6108704024980679,0.6108704024980679,0.6108704024980688,1.6183710697263887e-12,9.61027951144475e-16,6.65351684842205e-13,,,,,,-1.7618845770982058e-15,0.0,-5.3016708638137856e-14,-0.4922449050043154,-28.847175515927653,5.019769331477102e-13,3.043255178623851e-13,0.027754702861245262,0.026338531564885803,0.0,0.0,,0.0,1.6183710697263887e-12,3.6102616697989603e-13,0.0,2.7485399402729374e-13,0.0,8.969594210681742e-15,0.0,2.5627412030519317e-15,-8.168737584728063e-15,0.0,0.0,5.76616770686684e-15,-1.1211992763352217e-15,-9.962656426864738e-14,-9.610279511444756e-16,5.76616770686684e-15,-1.153233541373375e-14,0.0,-1.153233541373375e-14,0.0,0.0,0.0,-7.339515764542331,,0.0,-1.153233541373375e-14,0.0,0.0,0.0,-1.153233541373375e-14,0.0,0.0,0.0,-4.693019828088931e-14,-4.693019828088931e-14,0.0,,0.0,-1.8579873722126642e-14,,,,-3.719178170977058e-11,0.0,0.0,3.203426503814917e-16,-8.008566259537297e-16,-0.015454336288521407,,,,0.0,-3.719178170977058e-11,0.18757135960680799,-0.11736130615866237,,0.0418228098294241,-0.005214258396643494,-34.20577046441856,4.17086130796642e-13,0.0,5.76616770686684e-15,1.867597651723976e-13,0.0,0.0,-4.164454454959399e-15,-4.164454454959399e-15,0.027160772822251694,0.0,-4.164454454959399e-15,0.0,,,,,,,,0.0,,,,,-5.766167706866863e-15,0.0,0.0,0.0,-1.153233541373375e-14,0.0,0.0,,0.0,-5.3016708638137856e-14,-0.4922449050043154,0.0,1.9220559022889496e-15,,3.2034265038149143e-15,-0.0037962278138331663,6.515769508758072e-13,6.506159229246631e-13,3.043255178623851e-13,3.043255178623851e-13,-1.1211992763352217e-15,-1.1211992763352217e-15,-24.855668502484466,-5.285653731294624e-15,-4.164454454959399e-15,2.968711322704585,-1.1211992763352217e-15,-1.922055902288952e-15,-4.164454454959399e-15,0.0,-1.1211992763352217e-15,-0.11736130615866237,0.0,0.0,-3.043255178624175e-15,0.0,8.969594210681742e-15,0.0,0.04192701456025087,0.04192701456025056,0.0418228098294241,-1.922055902288952e-15,-0.005214258396643494,-1.1211992763352217e-15,-34.20577046441856,-34.20577046441856,0.0,0.0,-4.164454454959399e-15,0.0,0.0,1.02509648122077e-14,0.0,-2.8830838534334283e-15,2.5627412030519112e-14,1.02509648122077e-14,-5.6380306467143653e-14,-3.895831125534594e-11,-0.006733834344470173,0.0,6.406853007629834e-16,6.406853007629834e-16,-3.3635978290056677e-15,-4.164454454959399e-15,-4.164454454959399e-15,9.61027951144475e-16,1.986124432365235e-14,1.3134048665641102e-14,6.406853007629834e-16,-3.3635978290056677e-15,0.0,0.0,3.7800432745015535e-14,3.7800432745015535e-14,0.0,-3.3635978290056677e-15,-3.3635978290056677e-15,-0.5093313913405977,-3.3635978290056677e-15,3.386021814531971e-13,1.5033680582395576e-12,1.5033680582395576e-12,1.1170348218798294e-12,1.6183710697263887e-12,1.1170348218798294e-12,1.6183710697263887e-12,1.6183710697263887e-12,1.6183710697263887e-12,1.6183710697263887e-12,0.0,0.0,2.8830838534334232e-15,0.0,0.0,0.0,1.6017132519074577e-15,0.0,0.0,0.0,-6.406853007629836e-16,0.0,1.6017132519074577e-15,9.61027951144475e-16,0.0,,0.0,8.649251560300252e-15,3.203426503814917e-16,-4.805139755722377e-16,-3.203426503814918e-16,-3.203426503814918e-16,8.969594210681742e-15,,4.164454454959387e-15,5.76616770686684e-15,4.164454454959387e-15,5.76616770686684e-15,0.0,-1.3454391316022717e-14,-8.168737584728063e-15,1.2685568955106515e-13,2.5627412030519317e-15,2.5627412030519317e-15,2.5627412030519317e-15,2.5627412030519317e-15,0.0,5.76616770686684e-15,0.0,4.113199630897768e-13,0.0,0.0,1.6183710697263887e-12,0.0,0.0,0.0,0.0,-3.3635978290056677e-15,1.8772079312354196e-13,0.0,0.0,0.0,0.0,0.0,0.0,0.0
mtlD,,0.0,0.007938714373579682,0.007938714373580001,0.007687057795841228,0.015556033078565885,0.01493792829891423,0.014937439127565752,0.04318692267779143,0.007687057795840909,0.019677047795332463,0.7911246144534958,2.1599952132674467,-30.784604200364143,-30.784604200364143,,-30.784609002263153,-28.864233466862856,-28.864233466862856,-0.4731338449078088,,,0.4360202991409187,0.40854180653447836,0.43602029914091306,0.40854180653447836,0.40854180653447836,-0.3540451222355212,0.4789850500838865,0.4789850500838867,0.4789850500838867,6.256291961949178e-13,0.0,2.9407455305017946e-13,,,,,,0.0,-4.324625780150146e-15,-2.2423985526704442e-15,-0.4922449049592922,-28.673146116535616,2.0918375069909895e-13,1.265353469006837e-13,0.02775470286102844,0.026338531564686376,0.0,0.0,,0.0,6.256291961949178e-13,1.383880249647978e-13,-3.844111804577906e-15,1.0507238932512547e-13,0.0,3.523769154196405e-15,2.5627412030519317e-15,-2.8830838534334283e-15,3.203426503814917e-16,0.0,0.0,0.0,0.0,2.883083853433397e-14,0.0,0.0,0.0,0.0,0.0,0.0,0.0,0.0,-7.028672853807456,,0.0,0.0,0.0,0.0,0.0,0.0,0.0,0.0,0.0,0.0,0.0,-4.805139755722377e-16,,0.0,0.0,,,,-1.319155017144495e-11,0.0,0.0,3.203426503814917e-16,0.0,-0.011742345490879215,,,,0.0,-1.319155017144495e-11,0.1477739255611448,-0.09190463270582616,,0.03341820579120838,-0.004117748734727742,-33.718741567675515,-5.0614138760276585e-14,-6.406853007629836e-16,2.2423985526704407e-15,7.335846693735976e-14,0.0,0.0,0.0,0.0,0.02185809566570639,6.406853007629834e-16,-4.324625780150146e-15,0.0,,,,,,,,6.727195658011312e-15,,,,,0.0,0.0,0.0,6.727195658011312e-15,0.0,0.0,0.0,,0.0,0.0,-0.4922449049592922,0.0,0.0,,0.0,-0.0037962278122248235,2.722912528242423e-13,2.722912528242423e-13,1.2685568955106515e-13,1.2685568955106515e-13,0.0,0.0,-24.681639108801722,0.0,-4.324625780150146e-15,2.785732216070436,0.0,0.0,-9.129765535872545e-15,0.0,0.0,-0.09190463270582616,0.0,0.0,0.0,0.0,0.0,0.0,0.03350200511604302,0.03350200511604302,0.03341820579120838,0.0,-0.004117748734727742,0.0,-33.718741567675515,-33.718741567675515,0.0,0.0,-4.324625780150146e-15,0.0,0.0,7.688223609155783e-15,5.125482406103859e-15,0.0,6.589448318345781e-13,7.688223609155783e-15,4.484797105340878e-15,-1.3833516842815471e-11,-0.00673383434435608,0.0,1.2173020714496637e-14,1.2173020714496637e-14,-3.844111804577906e-15,-4.324625780150146e-15,-4.324625780150146e-15,0.0,-1.5056104567930193e-14,-9.450108186254038e-15,-6.406853007629836e-16,-3.844111804577906e-15,0.0,0.0,-8.505097367628858e-14,-1.0619358860146842e-13,6.406853007629834e-16,-3.844111804577906e-15,-3.844111804577906e-15,-0.3949673389515867,-3.844111804577906e-15,1.3966939556632364e-13,6.538193494284765e-13,6.538193494284765e-13,4.318218927141863e-13,6.256291961949178e-13,4.318218927141863e-13,6.256291961949178e-13,6.256291961949178e-13,6.256291961949178e-13,6.256291961949178e-13,0.0,0.0,0.0,0.0,0.0,0.0,9.930622161826211e-15,0.0,0.0,1.729850312060045e-14,0.0,0.0,-7.688223609155822e-15,-1.1211992763352217e-15,0.0,-1.4615810213186794e-05,0.0,6.4068530076298215e-15,-8.008566259537297e-16,-3.203426503814918e-16,0.0,-3.203426503814918e-16,3.523769154196405e-15,-1.4615810213186794e-05,2.2423985526704407e-15,2.2423985526704407e-15,0.0,2.2423985526704407e-15,0.0,6.406853007629834e-16,3.203426503814917e-16,6.919401248240056e-14,-2.8830838534334283e-15,-2.8830838534334283e-15,-2.8830838534334283e-15,-2.8830838534334283e-15,0.0,0.0,0.0,-1.1163941365795419e-13,0.0,0.0,6.256291961949178e-13,0.0,0.0,0.0,0.0,0.0,7.143641103507089e-14,0.0,0.0,0.0,0.0,0.0,0.0,0.0
odhA,,0.0,-0.016033430500843267,-0.016033430500842293,0.039699949935383665,0.08115479134682052,0.07836953284307108,0.07836731615645605,0.23863828051802963,0.039699949935383665,-0.04001627720757017,,,-33.146581820253445,-33.146581820253445,-32.21780541427983,-33.14658182025344,-31.51149832366781,-31.51149832366781,-1.7476004321965404,-30.848632234923727,,2.313949600156183,2.2545642027911494,2.31394960015621,1.7088387384872854,1.7088387384872858,-32.905800449091835,,,,-4.512026230624017e-13,0.0,-1.7859102758769271e-13,,,,,,0.0,0.0,1.4498609889944123,0.0,-3.844111804577906e-15,1.701564915349567,1.242155875667287,0.27365315829371983,0.26102458384173755,-4.164454454959399e-15,0.0,,0.0,-4.512026230624017e-13,-1.010681061953642e-13,0.0,-7.095589705950217e-14,0.0,0.0,-2.8830838534334283e-15,0.0,8.008566259537271e-15,0.0,0.0,0.0,0.0,-0.22882913798879673,-0.4347766773756026,0.0,0.0,0.0,0.0,0.0,0.0,0.0,-3.899624870174539,,0.0,0.0,0.0,0.0,0.0,0.0,0.0,0.0,0.0,-1.569678986869318e-14,-1.569678986869318e-14,-9.610279511444756e-16,,0.0,0.0,,,,7.402431623020745,0.0,3.203426503814917e-16,3.203426503814917e-16,0.0,0.03699858353870211,,,,0.0,7.402431623020745,0.20736122334307364,-0.08513613787368939,,0.08790419785611697,-0.007284744450557685,-4.105334494060614,-3.4949383156624987e-13,0.0,2.5627412030519317e-15,0.22160614646825771,0.0,0.0,-5.44582505648537e-15,-5.44582505648537e-15,0.06710140084298861,0.0,-5.44582505648537e-15,0.0,,,,,,,,0.0,,,,,-7.84839493434657e-15,-29.98793682209027,0.0,0.0,0.0,0.0,0.0,,0.0,1.4498609889944123,0.0,0.0,-1.5333239234433442,,0.0,-0.9203394752684608,1.9744629946065355,1.974462994606536,1.2421558756672875,1.242155875667287,0.0,1.2813706015259665e-15,7.733134770974537,-6.88736698320209e-15,-5.44582505648537e-15,-2.8830838534334283e-15,1.2813706015259665e-15,0.0,0.0,0.0,0.0,-0.08513613787368939,0.0,-6.0865103572483564e-15,0.0,0.0,0.0,0.0,0.0912954247966755,0.0912954247966749,0.08790419785611697,0.0,-0.007284744450559294,0.0,-4.105334494060614,-4.105334494060614,0.0,0.0,-5.44582505648537e-15,0.0,0.0,-6.88736698320209e-15,-6.0865103572483564e-15,0.0,6.791264188087466e-14,-6.88736698320209e-15,-27.99593142016198,7.470592838309152,-0.0067338343439906296,0.0,2.5627412030519317e-15,1.9220559022889496e-15,0.0,-5.44582505648537e-15,-5.44582505648537e-15,0.0,0.6625874161573182,0.4659049010398244,0.0,0.0,0.0,0.0,7.284591869673284e-13,7.284591869673284e-13,0.0,4.484797105340878e-15,-4.4847971053408916e-15,-0.1009671039085286,4.484797105340878e-15,-2.593173754838409e-13,-4.5216365101354647e-13,-4.5216365101354647e-13,-3.113730561708436e-13,-4.512026230624017e-13,-3.113730561708436e-13,-4.512026230624017e-13,-4.512026230624017e-13,-4.512026230624017e-13,-4.512026230624017e-13,0.0,0.0,0.0,0.0,0.0,0.0,1.9540901673270865e-14,0.0,0.0,-9.129765535872545e-15,0.0,0.0,-9.129765535872545e-15,0.0,0.0,-7.975677919331263e-05,0.0,-4.5008142378600295e-14,-1.4415419267167136e-15,0.0,0.0,3.203426503814917e-16,-3.6839404793871596e-15,-7.975677919331263e-05,2.5627412030519317e-15,2.5627412030519317e-15,2.5627412030519317e-15,2.5627412030519317e-15,0.0,1.2173020714496637e-14,7.688223609155783e-15,-3.011220913586054e-14,0.0,0.0,0.0,0.0,9.61027951144475e-16,2.5627412030519317e-15,0.0,-3.8136792527921635e-13,0.0,0.0,-4.512026230624017e-13,-2.8830838534334283e-15,0.0,0.0,0.0,0.0,0.22160614646825358,0.0,0.0,0.0,-7.84839493434657e-15,0.0,0.0,0.0
pckA,,0.0,0.008596381598408202,0.008596381598408202,0.00831443920001759,0.016834260452090227,0.016144604986394598,0.016144059891032514,0.04664655060794286,0.008314439200018226,0.021480227399536405,0.8428816065395861,2.424245533705073,-31.181890315385882,-31.181890315385882,,-31.181892716337384,-29.278792650201332,-29.278792650201332,-0.4924648807014103,,,0.38476300520244294,0.35992720263873357,0.38476300520244955,0.35992720263873357,0.3599272026387338,-0.31361880641558615,0.423748087217458,0.423748087217458,0.42374808721745755,2.5928534121854643e-12,-8.008566259537297e-16,1.1474673736660471e-12,,,,,,-1.922055902288952e-15,0.0,-1.2317174907168883e-13,-0.4922449050401504,-29.002453741100716,8.050210804084641e-13,4.87561513880548e-13,0.027754702861467744,0.026338531565090254,0.0,0.0,,0.0,2.59125169893356e-12,5.778981412880955e-13,0.0,4.468779972821118e-13,-1.4415419267167136e-15,0.0,-2.082227227479698e-15,-2.40256987786119e-15,-2.0982443599987862e-14,-3.043255178624175e-15,0.0,5.125482406103859e-15,0.0,1.1211992763352168e-14,0.0,0.0,0.0,0.0,-1.0571307462589268e-14,0.0,-1.0571307462589268e-14,-1.0571307462589268e-14,-6.787020826028238,,-1.0571307462589268e-14,0.0,0.0,0.0,0.0,0.0,-1.0571307462589268e-14,-1.0571307462589268e-14,-1.0571307462589268e-14,-3.368402968761779e-13,-3.368402968761779e-13,-3.203426503814918e-16,,-3.6839404793871596e-15,0.0,,,,-5.93471599248714e-11,6.406853007629834e-16,-1.6017132519074588e-16,-3.203426503814918e-16,0.0,-0.011682735380820784,,,,0.0,-5.93471599248714e-11,0.12835501076679345,-0.08043339340987828,,0.028579885449213038,-0.003881869646505587,-33.804365396602925,3.2130367833260043e-13,3.203426503814917e-16,1.6017132519074577e-15,3.0016106340742654e-13,0.0,0.0,0.0,0.0,0.018261826064773633,0.0,-3.6839404793871596e-15,0.0,,,,,,,,0.0,,,,,-5.285653731294624e-15,0.0,0.0,0.0,-1.0571307462589268e-14,-1.0571307462589268e-14,-1.0571307462589268e-14,,-1.0571307462589268e-14,-1.2317174907168883e-13,-0.4922449050401504,-1.0571307462589268e-14,6.406853007629834e-16,,0.0,-0.0037962278150119218,1.0468797814463354e-12,1.0468797814463354e-12,4.878818565309294e-13,4.878818565309294e-13,0.0,0.0,-25.010946723113488,0.0,0.0,2.3058925493436733,0.0,0.0,-3.5237691541964136e-15,0.0,0.0,-0.08043339340987828,0.0,-3.844111804577906e-15,-2.5627412030519365e-15,0.0,0.0,0.0,0.028655347003591597,0.028655347003591597,0.028579885449213038,0.0,-0.003881869646505587,0.0,-33.804365396602925,-33.804365396602925,-8.008566259537297e-16,-8.008566259537297e-16,-3.6839404793871596e-15,0.0,0.0,1.6017132519074577e-15,-3.844111804577906e-15,0.0,-2.2744328177086093e-14,2.8830838534334232e-15,2.883083853433397e-14,-6.21964476288096e-11,-0.006733834344196447,0.0,-4.805139755722377e-16,-4.805139755722377e-16,0.0,-3.6839404793871596e-15,-3.6839404793871596e-15,9.61027951144475e-16,1.02509648122077e-14,6.4068530076298215e-15,3.203426503814917e-16,0.0,0.0,0.0,1.351845984609832e-13,1.351845984609832e-13,6.406853007629834e-16,0.0,-2.8830838534334283e-15,-0.33950842949263854,0.0,6.201833711384348e-13,2.5999009504938446e-12,2.5982992372419398e-12,1.7897543876802844e-12,2.59125169893356e-12,1.78847301707876e-12,2.59125169893356e-12,2.59125169893356e-12,2.59125169893356e-12,2.59125169893356e-12,9.61027951144475e-16,0.0,-2.7229125282426824e-15,1.2813706015259665e-15,6.406853007629834e-16,-6.88736698320209e-15,2.5627412030519317e-15,0.0,0.0,-1.4415419267167136e-15,2.2423985526704407e-15,0.0,-1.4415419267167136e-15,-1.7618845770982058e-15,0.0,,-1.4415419267167136e-15,-1.3934905291594958e-14,-2.5627412030519365e-15,1.2813706015259665e-15,-3.203426503814918e-16,-3.203426503814918e-16,0.0,,1.6017132519074577e-15,0.0,0.0,1.6017132519074577e-15,0.0,-3.4116492265629275e-14,-2.0982443599987862e-14,2.1462957575558352e-13,-2.40256987786119e-15,-2.40256987786119e-15,-2.40256987786119e-15,-2.40256987786119e-15,-8.008566259537297e-16,1.6017132519074577e-15,0.0,3.4244629325777407e-13,0.0,0.0,2.59125169893356e-12,0.0,0.0,0.0,0.0,0.0,3.0112209135857085e-13,0.0,0.0,0.0,0.0,0.0,0.0,0.0
pgi,,1.2813706015259665e-15,0.001431623657564171,0.001431623657564491,0.0013877726309032305,0.0028434440722132324,0.002694131154957397,0.0026500507010445845,,0.05745603930508356,0.0014814590163256748,-0.060148558031239495,-0.11262113551467694,,,,,,,-0.1126211355146759,,,0.021034691241149144,-0.6352784460284159,0.021034691241149144,0.01991938913632421,0.01991938913632421,0.0945251067276342,0.02272986878610851,0.022729868786108824,0.02272986878610914,3.844111804577896e-15,0.0,4.58089990045526e-14,,,,,,0.0,0.0,1.4498609892546934,,,1.6017132519074577e-15,1.9220559022889496e-15,-0.0938213547016956,-0.08913647408145181,0.0,0.0,-32.04303173273746,0.0,3.844111804577896e-15,6.406853007629834e-16,0.0,5.76616770686684e-15,0.0,3.2034265038149143e-15,0.0,-2.8830838534334283e-15,3.203426503814917e-16,0.0,0.0,6.4068530076298215e-15,0.0,6.406853007629834e-16,0.0,6.4068530076298215e-15,0.0,0.0,0.0,0.0,0.0,0.0,0.0,,0.0,0.0,0.0,0.0,0.0,-1.2813706015259728e-14,0.0,0.0,0.0,0.0,0.0,0.0,,0.0,0.0,,,,-9.113748403353728e-14,0.0,0.0,0.0,0.0,-0.09695667332000221,,,,0.0,-9.113748403353728e-14,-0.2860076741210188,0.017943197058150537,-34.070494454573414,-0.08429609664599902,0.006528077930974795,,-3.3635978290056677e-15,0.0,1.9220559022889496e-15,3.203426503814917e-16,0.0,0.0,0.0,0.0,-0.06307047643557255,0.0,0.0,0.0,,,,,,-1.6017132519074588e-16,,0.0,,,,,0.0,-30.265470797382072,0.0,6.727195658011312e-15,0.0,0.0,0.0,,0.0,1.4498609892546954,,0.0,-1.5333239237373562,-30.500121368435128,0.0,2.59477546809006e-14,1.6017132519074577e-15,1.6017132519074577e-15,9.61027951144475e-16,1.2813706015259665e-15,0.0,0.0,-34.070494454573414,0.0,0.0,-2.979373742424959,0.0,0.0,0.0,0.0,0.0,0.017943197058150537,0.0,0.0,0.0,0.0,0.0,0.0,-0.08447296294388028,-0.08447296294388079,-0.08429609664599902,0.0,0.0065280779309757515,0.0,,,0.0,0.0,0.0,0.0,0.0,-1.7618845770982058e-15,0.0,0.0,-1.3982956689152794e-13,0.0,0.0,-9.562228113887846e-14,6.631092862896728e-14,0.0,-3.043255178624175e-15,-3.043255178624175e-15,-3.3635978290056677e-15,0.0,0.0,0.0,-1.4806516293860268,-1.1183655594686972,-3.203426503814918e-16,0.0,0.0,0.0,1.8628053164785783,1.862805316478584,6.406853007629834e-16,0.0,0.0,-0.362037025186996,0.0,-0.02131773261609782,9.097731270834079e-14,9.097731270834079e-14,4.164454454959387e-15,6.0865103572483304e-15,4.164454454959387e-15,3.844111804577896e-15,3.844111804577896e-15,3.844111804577896e-15,3.844111804577896e-15,0.0,0.0,0.0,6.406853007629834e-16,0.0,0.0,0.08660466462144986,0.0,0.0,0.0,-0.06485283143255718,0.0,-1.7618845770982058e-15,-1.2813706015259676e-15,0.0,0.0,0.0,-0.3155003155331417,1.2813706015259665e-15,-0.039593839952579875,-6.406853007629836e-16,-4.805139755722377e-16,3.2034265038149143e-15,0.0,0.0,1.9220559022889496e-15,1.9220559022889496e-15,1.9220559022889496e-15,0.0,6.406853007629834e-16,0.0,1.1532335413733657e-14,-2.8830838534334283e-15,0.0,-2.8830838534334283e-15,-2.8830838534334283e-15,-0.0012244908562928855,0.0,0.0,4.8051397557223685e-15,0.0,0.0,3.844111804577896e-15,0.0,0.0,0.0,0.0,0.0,6.406853007629834e-16,0.0,0.0,0.0,0.0,0.0,0.0,0.0
pit,,1.2813706015259665e-15,-0.8193752832043946,-0.8193752832044098,-0.017583744779667135,-0.03579522044311167,-0.03417839507324373,-0.034125776343851555,-0.21717585773928508,-0.017583744779667135,-35.37279472468167,-30.584829863454022,-30.705928796777993,,,,,,,0.8534737013691444,,,-2.6302014277538732,-2.273870626766213,-2.6302014277538865,-2.2738706267662128,-2.2738706267662128,-4.281792128709448,-3.43336198707657,-3.43336198707657,-3.4333619870765713,7.771192355583679e-12,6.406853007629834e-16,3.788692526056929e-12,,,,,,0.0,-4.324625780150146e-15,1.4498609893403107,0.0,0.0,4.295576625416121,3.6204235301635688,1.5595578886381556,1.5096188512929993,0.0,6.0865103572483304e-15,2.982441110583082,-4.324625780150146e-15,7.7692702996814e-12,1.7288892841078752e-12,0.0,1.5030477155891763e-12,0.0,0.0,0.0,-5.605996381676117e-15,3.203426503814917e-16,0.0,0.0,0.0,9.61027951144475e-16,-2.8286256028688497e-13,0.0,0.0,-1.1852678064115245e-14,-1.1852678064115245e-14,0.0,-1.1852678064115245e-14,0.0,0.0,-6.559864158287346,,0.0,0.0,0.0,0.0,0.0,-1.1852678064115245e-14,0.0,0.0,0.0,-3.47892118314342e-13,-3.47892118314342e-13,0.0,,0.0,0.0,,,,-25.01921814275519,0.0,1.8259531071744916e-14,1.7939188421363428e-14,0.0,0.3610339409126692,,,,0.0,-25.01921814275519,-0.2969466896923435,0.38664430617724216,,0.41118656511470025,0.20035782693944698,-33.386513774048815,2.4256345486866164e-12,0.0,1.9220559022889496e-15,9.020849034739989e-13,0.0,0.0,-4.324625780150146e-15,-4.324625780150146e-15,0.254464733770798,0.0,-4.324625780150146e-15,0.0,,,2.4253142060362357e-12,2.4256345486866164e-12,,,,0.0,,,,,0.0,-30.36980745711882,-1.1852678064115245e-14,0.0,0.0,0.0,0.0,,0.0,1.4498609893403107,0.0,0.0,-1.5333239238340581,,2.8830838534334232e-15,6.318277332979118,4.657754881192741,4.657754881192741,3.6204235301635688,3.6204235301635688,-1.2813706015259728e-14,-1.1211992763352217e-15,,-6.903384115721312e-14,-4.324625780150146e-15,2.8001101380396998,-1.201284938930599e-14,-8.008566259537297e-16,-5.365739393890087e-14,-1.1211992763352217e-15,-1.1211992763352217e-15,0.38664430617724216,3.203426503814917e-16,0.0,0.0,1.2813706015259665e-15,0.0,0.0,0.20973565017811951,0.20973565017811951,0.41118656511470025,-8.008566259537297e-16,0.20035782693944698,0.0,-33.386513774048815,-33.386513774048815,0.0,0.0,-4.324625780150146e-15,0.0,0.0,1.6017132519074577e-15,0.0,-3.043255178624175e-15,-9.874562198012863e-13,1.6017132519074577e-15,-8.811024598745621e-13,10.512049854322303,-0.006733834338898938,0.0,-1.7779017096172903e-14,-1.7298503120600658e-14,0.0,-4.324625780150146e-15,-4.324625780150146e-15,6.406853007629834e-16,1.1179958498313629e-13,7.303812428697828e-14,0.0,0.0,0.0,6.406853007629834e-16,1.8628053175322894,1.8628053175322894,6.406853007629834e-16,0.0,0.0,-1.2321529657124755,0.0,-0.02131773261440009,8.280537169687417e-12,8.280537169687417e-12,5.3641376806281075e-12,7.7692702996814e-12,5.3641376806281075e-12,7.7692702996814e-12,7.771192355583679e-12,7.7692702996814e-12,7.7692702996814e-12,6.406853007629834e-16,0.0,0.0,0.0,0.0,-7.84839493434657e-15,0.08660466462353295,0.0,0.0,1.6017132519074577e-15,-0.06485283143477737,0.0,1.6017132519074577e-15,-2.082227227479698e-15,0.0,31.981701933929973,1.6017132519074577e-15,-0.315500315559512,-0.09800552595662315,-0.03959383995340713,-6.406853007629836e-16,0.0,0.0,,0.0,1.9220559022889496e-15,0.0,1.9220559022889496e-15,0.0,-4.805139755722377e-16,3.203426503814917e-16,9.15539294790013e-13,-2.8830838534334283e-15,-5.605996381676117e-15,-5.605996381676117e-15,-5.605996381676117e-15,0.0012244908563294927,0.0,0.0,,0.0,0.0,7.7692702996814e-12,0.0,0.0,0.0,0.0,0.0,9.036866167259052e-13,0.0,0.0,0.0,0.0,0.0,0.0,0.0
pps,,0.0,-0.002631872717278629,-0.002631872717278629,-0.001603496937120048,-0.0031889125898769007,-0.0031098593206373122,-0.0031568405171538234,-0.008873691041630941,-0.0016034969371206895,-0.006505023537313742,-0.13220309460958002,-0.2533020279480156,,,,,,,0.11258812486748991,,,0.022264812735293148,-0.5007703406928962,0.022264812735294095,0.02090283066616878,0.02090283066616878,0.014142384489537951,0.024380817418868724,0.024380817418868724,0.024380817418868724,9.430887627228035e-13,0.0,4.001079703264277e-13,,,,,,0.0,0.0,0.0,,,0.04666031876920628,0.028465821972713922,-0.049596738493714744,-0.047156252651327814,0.0,0.0,-28.211396402808095,0.0,9.430887627228035e-13,2.1046512130062474e-13,0.0,0.03175322171523725,0.0,0.49805078218308385,0.0,-4.324625780150146e-15,0.05967504135454707,0.0,0.0,4.8051397557223685e-15,0.0,0.0,0.0,0.0,1.9540901673270865e-14,1.9540901673270865e-14,1.9540901673270865e-14,1.9540901673270865e-14,1.9540901673270865e-14,1.9540901673270865e-14,1.9540901673270865e-14,,1.9540901673270865e-14,1.9540901673270865e-14,1.9540901673270865e-14,1.9540901673270865e-14,1.9540901673270865e-14,1.9540901673270865e-14,1.9540901673270865e-14,1.9540901673270865e-14,1.9540901673270865e-14,1.9540901673270865e-14,1.9540901673270865e-14,0.0,,0.0,4.933660017251082,,,,-25.32087383449063,0.0,0.0,0.0,0.0,-0.07370525140292096,,,,0.0,-25.32087383449063,-0.2146604503908907,0.01835596421649767,-33.86964588298463,-0.06353711740100318,0.007488553396580857,,2.235991699662639e-13,0.0,0.349752140179326,0.008390762271670037,0.0,0.0,-3.203426503814921e-15,-3.203426503814921e-15,-0.047329776871558746,0.0,-3.203426503814921e-15,0.0,,,,,,,,0.0,,,,,0.0,1.6017132519074577e-15,1.9540901673270865e-14,0.0,1.9540901673270865e-14,1.9540901673270865e-14,1.9540901673270865e-14,,1.9540901673270865e-14,0.0,,1.9540901673270865e-14,0.13064057668858414,-1.790449376531706,0.0,0.18819705482850538,-0.08953638084244549,-0.08953638084244549,0.028465821972713922,0.028465821972713922,0.0,0.0,-33.86964588298463,0.0,-3.203426503814921e-15,-0.448944210759623,0.0,0.0,3.2034265038149143e-15,0.0,0.0,0.01835596421649767,3.203426503814917e-16,0.0,0.0,0.0,7.36788095877429e-15,0.0,-0.06415829119857146,-0.06415829119857146,-0.06353711740100318,0.0,0.007488553396576715,0.0,,,0.0,0.0,-3.203426503814921e-15,0.0,0.0,1.2813706015259665e-15,0.0,-2.5627412030519365e-15,0.0,1.2813706015259665e-15,,-25.252316814770527,7.018707469856778e-13,0.0,0.0,0.0,0.0,-3.203426503814921e-15,-3.203426503814921e-15,0.0,-1.0950680523825336,-0.8054739920610519,0.0,0.0,-1.7618845770982058e-15,0.0,-0.02222788694227207,-0.02222788694227207,0.0,0.0,0.0,-0.228170106626433,0.0,0.04239349788502846,9.427684200724222e-13,9.427684200724222e-13,6.509362655750443e-13,9.430887627228035e-13,6.509362655750443e-13,9.430887627228035e-13,9.430887627228035e-13,9.430887627228035e-13,9.430887627228035e-13,0.0,0.0,-2.5627412030519365e-15,1.2813706015259665e-15,6.406853007629834e-16,0.0,-0.0005175692348805891,0.0,0.0,1.2813706015259665e-15,-31.36253156752123,1.2813706015259665e-15,8.328908909918762e-15,-1.6017132519074597e-15,0.0,,1.2813706015259665e-15,0.2644511012865054,0.0,-1.3802724866864131,-3.3355182409830877,-0.8232773312491071,0.4980507821830813,,0.349752140179326,0.349752140179326,0.349752140179326,0.349752140179326,0.0,0.09596992826012553,0.059675041354547376,0.02562876487173435,-4.324625780150146e-15,-4.324625780150146e-15,-4.324625780150146e-15,-4.324625780150146e-15,-0.00122449085642033,0.3497521401793167,0.0,2.011751844395628e-13,0.0,0.0,-0.16580091802134428,0.0,0.0,0.0,0.0,0.0,0.00839076227166972,0.0,0.0,0.0,0.0,0.0,0.0,0.0
pstBB,,0.0,-0.0194076436657765,-0.019407643665776176,-0.018653614281441067,-0.038010956425170765,-0.0361960903883885,-0.036140326273953326,-0.11557772309181678,-0.01865361428144123,-0.050424560571997054,-30.48049320370759,-30.60159213702709,,,,32.00528584060486,,,0.8534737013393888,,,-0.050939334267131896,-0.048503253847106444,-0.050939334267128746,-0.048503253847106104,-0.048503253847106104,-0.19760271971055932,-0.054591512778909314,-0.054591512778909154,-0.05459151277890832,4.8339705942559e-13,-9.610279511444756e-16,2.434604142899132e-13,,,,,,0.0,0.0,1.005875922197849e-13,-0.49224490496919737,-28.70967199247647,1.5088138832967473e-13,9.161799800910374e-14,0.027754702861046664,0.02633853156470242,0.0,0.0,0.6326872304000586,0.0,4.8339705942559e-13,1.0699444522741428e-13,0.0,1.0347067607321812e-13,-7.528052283965076e-15,0.0,0.0,-5.766167706866863e-15,1.729850312060045e-14,-7.528052283965076e-15,0.0,6.4068530076298215e-15,0.0,-1.1372164088543004e-14,0.0,6.4068530076298215e-15,0.0,0.0,0.0,0.0,0.0,0.0,-4.805067714932183,,0.0,0.0,0.0,0.0,0.0,-1.2813706015259728e-14,0.0,0.0,0.0,0.0,0.0,-3.203426503814918e-16,,0.0,0.0,,,,-1.0991757191256808e-11,6.406853007629834e-16,-3.203426503814918e-16,0.0,0.0,0.015527767126972276,,,,0.0,-1.0991757191256808e-11,-0.004334855542208885,0.035815195530360895,,0.02280998881458824,0.003344085759721113,-31.49020189271732,9.930622161826211e-15,0.0,1.9220559022889496e-15,5.445825056485257e-14,0.0,0.0,0.0,0.0,0.009461074726830727,0.0,0.0,0.0,,,,,,,,0.0,,,,,0.0,0.0,0.0,6.727195658011312e-15,0.0,0.0,0.0,,0.0,1.005875922197849e-13,-0.49224490496919737,-1.2813706015259728e-14,0.0,,0.0,-0.0037962278127637752,1.963700446838411e-13,1.9572935938307819e-13,9.161799800910374e-14,9.129765535872225e-14,0.0,0.0,-24.71816498348654,0.0,0.0,0.5969103799040107,0.0,0.0,4.484797105340878e-15,0.0,0.0,0.035815195530360895,0.0,0.0,0.0,0.0,0.0,0.0,0.0071169075713963465,0.0071169075713963465,0.02280998881458824,9.61027951144475e-16,0.003344085759721113,0.0,-31.49020189271732,-31.49020189271732,0.0,0.0,0.0,0.0,0.0,9.289936861063231e-15,0.0,3.523769154196405e-15,5.815012537547283,9.289936861063231e-15,-3.11052713520462e-13,-1.1526729417398075e-11,-0.006733834344643002,0.0,0.9898173817952131,0.9898173817952136,-3.3635978290056677e-15,0.0,0.0,0.0,8.649251560300252e-15,5.44582505648535e-15,-3.203426503814918e-16,0.0,0.0,6.406853007629834e-16,1.8628053164784462,1.8628053164784462,6.406853007629834e-16,3.523769154196405e-15,0.0,-0.1532191578337299,3.523769154196405e-15,-0.02131773261606937,5.91672875254494e-13,5.91672875254494e-13,3.3347669904709437e-13,4.8339705942559e-13,3.3475806964862003e-13,4.8339705942559e-13,4.8339705942559e-13,4.8339705942559e-13,4.8339705942559e-13,0.0,0.0,3.523769154196405e-15,6.406853007629834e-16,0.0,0.0,1.0176878197390968,0.0,0.0,-7.528052283965076e-15,-0.06485283143255634,0.0,-7.528052283965076e-15,-5.766167706866863e-15,0.0,-2.715173899669016e-05,-7.528052283965076e-15,-0.3155003155331359,-2.40256987786119e-15,-0.03959383995257938,0.0,0.0,0.0,-2.715173899669016e-05,0.0,0.0,1.9220559022889496e-15,1.9220559022889496e-15,0.0,2.8190153233571003e-14,1.729850312060045e-14,3.555803419234515e-14,-5.766167706866863e-15,-2.8830838534334283e-15,-5.766167706866863e-15,-5.766167706866863e-15,0.0012244908562926847,0.0,0.0,-7.512035151446177e-14,0.0,0.0,4.8339705942559e-13,0.0,0.0,0.0,0.0,0.0,5.1575166711419256e-14,0.0,0.0,0.0,0.0,0.0,0.0,0.0
pstC,,1.2813706015259665e-15,-0.4488700142908413,-0.4488700142908406,-0.015502545828387634,-0.031450620980838555,-0.030233282800541935,-0.030232318361883684,-0.09700166819739653,-0.015502545828387797,-1.5352676329949408,-30.480834711621622,-30.602220098845876,,,,,,,0.8528457395208093,,,-4.93539314478958,-4.029278309338506,-4.93539314478958,-4.029278309338505,-4.029278309338505,-35.8992812443923,-35.943004091260136,-35.943004091260136,-7.450527843618646,-1.3470408448542357e-13,-9.610279511444756e-16,-8.024583392056593e-14,,,-35.32379821388895,-35.32379821388895,-37.14697150619279,0.0,0.0,-2.082227227479698e-15,0.0,0.0,3.79906060512323,3.1427601274615427,-1.7183653374629593,-1.6955104187196686,0.0,0.0,,0.0,-1.3678631171290348e-13,-3.3796149615247776e-14,0.0,-4.256974774975361,0.0,0.0,0.0,-2.8830838534334283e-15,0.0,0.0,0.0,6.4068530076298215e-15,0.0,3.555803419234515e-14,0.0,6.4068530076298215e-15,0.0,-1.2813706015259728e-14,-1.2813706015259728e-14,-1.2813706015259728e-14,-1.2813706015259728e-14,-1.2813706015259728e-14,-1.2813706015259728e-14,33.954350807011856,0.0,0.0,0.0,0.0,0.0,-1.2813706015259728e-14,0.0,0.0,0.0,-1.2813706015259728e-14,-1.2813706015259728e-14,-1.6017132519074588e-16,,0.0,-4.933660012397559,,,,-24.914881485965854,0.0,-1.6017132519074588e-16,-1.6017132519074588e-16,0.0,0.6219222263248905,,,,0.0,-24.914881485965854,0.49669537539169817,-0.368109044358417,,-0.4579495729688266,-0.27677821080859427,,-2.1238717720294467e-13,0.0,0.0,-1.44154192671672e-14,0.0,0.0,0.0,0.0,0.2847552445389427,0.0,0.0,0.0,,,,,,,-30.9572756837595,0.0,,,,,0.0,0.0,-1.2813706015259728e-14,6.727195658011312e-15,-1.2813706015259728e-14,-1.2813706015259728e-14,-1.2813706015259728e-14,,0.0,0.0,0.0,-1.2813706015259728e-14,-6.406853007629836e-16,,0.0,-1.82029789268122,4.154161891986927,4.154161891986927,3.1427601274615427,3.142760127461543,-7.36788095877433e-15,1.2813706015259665e-15,,-4.5488656354172545e-14,0.0,0.0,-7.36788095877433e-15,1.2813706015259665e-15,-3.571820551753677e-14,0.0,1.2813706015259665e-15,-0.368109044358417,0.0,0.0,0.0,0.0,0.0,0.0,0.1625877716691272,0.1625877716691272,-0.4579495729688266,1.9220559022889496e-15,-0.27677821080859427,1.2813706015259665e-15,,,0.0,-9.610279511444756e-16,0.0,0.0,0.0,0.0,0.0,0.0,8.33662213603242,1.9220559022889496e-15,-4.901242550836907e-14,9.98381674384193,-0.006733834345055441,0.0,2.754032906466325,2.7540329064663256,-3.3635978290056677e-15,0.0,0.0,0.0,0.053093605358242334,0.03493931511993986,-3.203426503814918e-16,0.0,0.0,0.0,1.8850332033418946,1.8850332033418946,6.406853007629834e-16,0.0,0.0,-1.740655197608787,0.0,-0.02131773261620055,-1.1067838570680965e-13,-1.1067838570680965e-13,-9.289936861063559e-14,-1.3470408448542357e-13,-9.289936861063559e-14,-1.3470408448542357e-13,-1.3470408448542357e-13,-1.3470408448542357e-13,-1.3470408448542357e-13,0.0,0.0,-3.5237691541964136e-15,6.406853007629834e-16,0.0,0.0,2.7388677582726237,0.0,0.0,0.0,,0.0,0.0,-2.2423985526704442e-15,0.0,,0.0,-5.871017952375798,-6.406853007629849e-15,1.340678646566164,3.335518239592317,0.8232773311923165,0.0,,-2.082227227479698e-15,-2.082227227479698e-15,-2.082227227479698e-15,0.0,0.0,-3.203426503814918e-16,-3.203426503814918e-16,-2.4025698778612082e-14,-2.8830838534334283e-15,-2.8830838534334283e-15,-2.8830838534334283e-15,-2.8830838534334283e-15,0.0,0.0,0.0,-2.306467082746925e-13,0.0,0.0,-1.3470408448542357e-13,0.0,0.0,0.0,0.0,0.0,-1.44154192671672e-14,0.0,0.0,0.0,0.0,0.0,0.0,0.0
pstS,,1.2813706015259665e-15,0.0028202136768853353,0.0028202136768853353,0.0027340729591232025,0.005524721310927445,0.005299245781440491,0.0052990675393547095,0.015202722320355093,0.002734072959123522,0.007025839539530526,0.22733092112390524,0.45027575930511554,-29.32300210842738,-29.32300210842738,,-29.323005867438084,-26.413856319711346,-26.413856319711346,-0.18148238136538658,,,0.3474492820845147,0.32713526851720753,0.3474492820845182,0.32713526851720776,0.32713526851720803,-0.3193844477827213,0.37880341697226577,0.37880341697226605,0.37880341697226605,1.6625783554798465e-13,0.0,3.363597829005624e-14,,,,,,-1.922055902288952e-15,-4.164454454959399e-15,1.6433577964569592e-13,-0.4922449049786193,-28.745295902127037,4.8371740207604445e-14,2.883083853433397e-14,0.027754702861038497,0.02633853156469267,-3.043255178624175e-15,0.0,,-4.164454454959399e-15,1.6625783554798465e-13,3.6198719493108113e-14,-3.3635978290056677e-15,3.299529298929328e-14,-1.7618845770982058e-15,-3.043255178624175e-15,0.0,-3.043255178624175e-15,2.8190153233571003e-14,-3.844111804577906e-15,0.0,6.0865103572483304e-15,0.0,-2.851049588395305e-14,0.0,0.0,-1.2653534690068979e-14,-1.2653534690068979e-14,-1.2653534690068979e-14,-1.2653534690068979e-14,-1.2653534690068979e-14,-1.2653534690068979e-14,-6.877324317458872,,-1.2653534690068979e-14,0.0,0.0,-1.2653534690068979e-14,0.0,-1.2653534690068979e-14,0.0,0.0,0.0,-1.2653534690068979e-14,-1.2653534690068979e-14,3.203426503814917e-16,,0.0,-1.9861244323652628e-14,,,,-4.0934985579057e-12,-6.406853007629836e-16,0.0,0.0,0.0,-0.006890052887785214,,,,3.523769154196405e-15,-4.0934985579057e-12,0.14072006255119257,-0.08013441757298831,,0.03160433187101426,-0.0029390229024678157,-33.6383107315912,1.7074263265332503e-13,0.0,0.0,1.377473396640408e-14,0.0,0.0,-4.164454454959399e-15,-4.164454454959399e-15,0.021878590841987126,-6.406853007629836e-16,-4.164454454959399e-15,0.0,,,,,,,,6.4068530076298215e-15,,,,,0.0,0.0,-1.2653534690068979e-14,0.0,-1.2653534690068979e-14,-1.2653534690068979e-14,-1.2653534690068979e-14,,-1.2653534690068979e-14,1.6433577964569592e-13,-0.4922449049786193,-1.2653534690068979e-14,6.406853007629834e-16,,3.2034265038149143e-15,-0.003796227813069545,6.278715947477103e-14,6.278715947477103e-14,2.8510495883952485e-14,2.883083853433397e-14,0.0,0.0,-24.753788891942293,-5.605996381676117e-15,-4.164454454959399e-15,3.1889957531912585,0.0,0.0,0.0,-1.1211992763352217e-15,-1.1211992763352217e-15,-0.08013441757298831,0.0,0.0,-3.3635978290056677e-15,1.2813706015259665e-15,-9.450108186254038e-15,-9.450108186254038e-15,0.03168377412601317,0.03168377412601317,0.03160433187101426,0.0,-0.0029390229024678157,0.0,-33.6383107315912,-33.6383107315912,0.0,0.0,-4.164454454959399e-15,-8.008566259537297e-16,1.2813706015259665e-15,1.2493363364878124e-14,0.0,0.0,1.63695094344933e-13,1.2493363364878124e-14,1.6914091940141773e-13,-4.292911857768758e-12,-0.006733834345416225,3.523769154196405e-15,2.5627412030519317e-15,2.8830838534334232e-15,-3.3635978290056677e-15,-4.164454454959399e-15,-4.164454454959399e-15,0.0,1.377473396640408e-14,8.328908909918762e-15,0.0,-3.3635978290056677e-15,0.0,-6.406853007629836e-16,3.844111804577389e-13,3.844111804577389e-13,0.0,0.0,-3.3635978290056677e-15,-0.3713394236611206,0.0,4.1324201899211844e-14,9.065697005795932e-14,9.065697005795932e-14,1.146826688365695e-13,1.6817989145027337e-13,1.146826688365695e-13,1.6817989145027337e-13,1.6625783554798465e-13,1.6817989145027337e-13,1.6625783554798465e-13,0.0,0.0,0.0,0.0,-6.406853007629836e-16,0.0,1.1211992763352168e-14,0.0,0.0,1.0891650112970678e-14,0.0,0.0,7.36788095877429e-15,-3.3635978290056677e-15,0.0,-0.0001060585800068122,-1.7618845770982058e-15,-1.9380730348080384e-14,-9.610279511444756e-16,-4.805139755722377e-16,0.0,-6.406853007629836e-16,-3.043255178624175e-15,-0.0001060585800068122,0.0,0.0,0.0,0.0,0.0,4.516831370378963e-14,2.8190153233571003e-14,6.0865103572483304e-15,-3.043255178624175e-15,-3.043255178624175e-15,-3.043255178624175e-15,-3.043255178624175e-15,6.406853007629834e-16,0.0,-1.1211992763352217e-15,5.5419278515997007e-14,0.0,0.0,1.6625783554798465e-13,0.0,0.0,0.0,0.0,0.0,1.60171325190745e-14,-1.1211992763352217e-15,0.0,0.0,0.0,0.0,0.0,0.0
sodA,,0.0,0.0007344298933311506,0.0007344298933317908,0.0007173129473830385,0.0014490043473139788,0.0013845383905434824,0.0013844876246999036,-0.005283055391127372,0.0007173129473836788,0.0018717190267229184,-0.13220309458431212,-0.2533020279015635,,,,27.60929742032874,,,-0.047111513149842146,,,-0.003260104079165292,-0.0030960111176842795,-0.003260104079169787,-0.0030960111176839586,-0.0030960111176839586,-0.09475915780483876,-0.003507741194623716,-0.0035077411946240374,-0.003507741194623716,1.5110562818487052e-12,6.406853007629834e-16,5.70530260329324e-13,,,,,,0.0,0.0,7.560086549003007e-14,-0.4922449049592922,-28.673146116535616,4.234929838042699e-13,2.569148056059335e-13,0.027754702861100402,0.026338531564754634,0.0,0.0,-0.30821887346930715,0.0,1.508813883296037e-12,3.3635978290052715e-13,-3.844111804577906e-15,2.4890623934639763e-13,-7.688223609155822e-15,0.0,2.5627412030519317e-15,-2.8830838534334283e-15,1.3454391316022592e-14,-7.688223609155822e-15,0.0,-27.72767958735692,0.0,0.0,0.0,-27.72767958735692,0.0,0.0,0.0,0.0,0.0,0.0,-4.084731443662944,,0.0,0.0,0.0,0.0,0.0,0.0,0.0,0.0,0.0,-5.3016708638137856e-14,0.0,3.203426503814917e-16,,0.0,0.0,,,,-3.7937058885902534e-11,0.0,-0.011048301598405827,-0.011048301598405343,0.0,0.001979217495441965,,,,0.0,-3.7937058885902534e-11,-0.0006984817056976539,0.019558831037480226,,0.011190879980357685,0.0006231233885592637,-30.69825822162545,5.096651567568633e-13,-6.406853007629836e-16,2.2423985526704407e-15,1.736257165067581e-13,0.0,0.0,0.0,0.0,0.0015192892470971596,6.406853007629834e-16,-4.324625780150146e-15,0.0,,,,,,,,6.727195658011312e-15,,,,,0.0,0.2346505710487554,0.0,6.727195658011312e-15,0.0,0.0,0.0,,0.0,7.560086549003007e-14,-0.4922449049592922,0.0,0.0,,0.0,-0.0037962278121610685,5.516300439568234e-13,5.516300439568234e-13,2.5627412030517067e-13,2.569148056059335e-13,0.0,0.0,-24.681639108801722,0.0,0.0,-0.27705254137454355,0.0,0.0,0.0,0.0,0.0,0.019558831037480226,0.0,0.0,0.0,0.0,0.0,0.0,0.001348599030167979,0.001348599030167979,0.011190879980357685,0.0,0.0006231233885592637,0.0,-30.69825822162545,-30.69825822162545,0.0,0.0,-4.324625780150146e-15,0.0,0.0,0.0,5.125482406103859e-15,0.0,5.129758313481763,0.0,0.0,-3.978335375142599e-11,-0.006733834343579156,0.0,0.6838374622442219,0.6838374622442219,-3.844111804577906e-15,0.0,0.0,0.0,-6.246681682439103e-15,-4.4847971053408916e-15,-6.406853007629836e-16,-3.844111804577906e-15,0.0,0.0,1.8628053160931353,1.8628053160931353,6.406853007629834e-16,-3.844111804577906e-15,-3.844111804577906e-15,-0.07426225993673316,-3.844111804577906e-15,-0.02131773261565404,1.208332477238481e-12,1.208332477238481e-12,1.0430356696417602e-12,1.5110562818487052e-12,1.0430356696417602e-12,1.5110562818487052e-12,1.5110562818487052e-12,1.5110562818487052e-12,1.5110562818487052e-12,0.0,0.0,0.0,0.0,0.0,0.0,0.7260016896294168,0.0,0.0,0.0,-0.06485283143173944,0.0,0.0,-5.92633903205761e-15,0.0,-0.0001607657689938315,-7.688223609155822e-15,-0.31550031552346586,2.8830838534334232e-15,-0.03959383995227482,0.0,-3.203426503814918e-16,0.0,,2.2423985526704407e-15,2.2423985526704407e-15,0.0,2.2423985526704407e-15,0.0,2.146295757555979e-14,1.377473396640408e-14,1.1916746594191003e-13,-2.8830838534334283e-15,-2.8830838534334283e-15,-2.8830838534334283e-15,-2.8830838534334283e-15,0.0,-0.587735079658984,0.0,5.580368969644507e-13,0.0,0.0,1.5110562818487052e-12,0.0,0.0,0.0,0.0,0.0,1.755477724090468e-13,0.0,0.0,0.0,0.0,0.0,0.0,0.0
tdk,,0.0,-0.0007423779488804745,-0.0007423779488803144,-0.0007188627501204746,-0.0014499971402803184,-0.001394500956288255,-0.0013944569694374312,-2.082227227479698e-15,-0.0007188627501204746,-0.0018177556399919604,0.029808107040937375,0.055289184309145756,-1.4277954064043955e-05,,,,,,0.05528918430913959,,,-0.19710876125125665,-0.6346862494850902,-0.19710876125125665,-0.18657811244356157,-0.1865781124435612,-0.22963748664886258,-0.2131353718696518,-0.2131353718696518,-0.21313537186965162,1.0606545154127294e-12,0.0,4.148437322439722e-13,,,,,,-1.922055902288952e-15,-4.164454454959399e-15,5.285653731294517e-14,0.0,-3.3635978290056677e-15,3.2546813278755893e-13,1.9765141528536689e-13,0.08585317534512411,0.08155502207855475,-3.043255178624175e-15,0.0,-1.4263044761655288,-4.164454454959399e-15,1.0606545154127294e-12,2.364128759815216e-13,-3.3635978290056677e-15,1.8836147842430487e-13,1.9220559022889496e-15,0.0,0.0,0.0,6.0865103572483304e-15,0.0,3.2034265038149143e-15,6.0865103572483304e-15,-30.403675004818485,-3.3796149615247776e-14,0.0,0.0,-1.2653534690068979e-14,-1.2653534690068979e-14,-1.2653534690068979e-14,0.0,-1.2653534690068979e-14,-1.2653534690068979e-14,-1.2653534690068979e-14,,-1.2653534690068979e-14,-1.2653534690068979e-14,-1.2653534690068979e-14,-1.2653534690068979e-14,-1.2653534690068979e-14,-1.2653534690068979e-14,0.0,0.0,0.0,-1.2653534690068979e-14,0.0,0.0,,0.0,-1.9861244323652628e-14,-33.76766185627843,,-33.76766185627843,-2.4695535260770944e-11,0.0,,,0.0,-0.1753050358629347,,,,3.523769154196405e-15,-2.4695535260770944e-11,-0.13464341042544722,-0.141931805259828,-33.541323780521516,-0.17888172414332423,-0.05482950344950417,,-8.216788982285498e-14,0.0,0.0,1.2781671750220956e-13,0.0,0.0,-4.164454454959399e-15,-4.164454454959399e-15,-0.1625863152836674,0.0,-4.164454454959399e-15,0.0,,,,,,,,6.4068530076298215e-15,,,,,0.0,0.0,-1.2653534690068979e-14,0.0,-1.2653534690068979e-14,-1.2653534690068979e-14,-1.2653534690068979e-14,-35.28531102429004,-1.2653534690068979e-14,3.7800432745015535e-14,0.0,0.0,6.406853007629834e-16,,3.2034265038149143e-15,-1.521627589312094e-14,4.215709279019816e-13,4.215709279019816e-13,1.9733107263498543e-13,1.9733107263498543e-13,1.2813706015259665e-15,0.0,-33.54458493963217,-5.605996381676117e-15,-4.164454454959399e-15,-1.2254116992462163,0.0,0.0,-4.164454454959399e-15,-1.1211992763352217e-15,0.0,-0.141931805259828,0.0,4.8051397557223685e-15,0.0,1.2813706015259665e-15,9.610279511444721e-15,9.610279511444721e-15,-0.17926140057699522,-0.17926140057699558,-0.17888172414332423,0.0,-0.05482950344950417,1.2813706015259665e-15,,,0.0,0.0,-4.164454454959399e-15,-8.008566259537297e-16,1.2813706015259665e-15,1.9220559022889496e-15,0.0,0.0,2.1783300225939793e-13,1.9220559022889496e-15,9.546210981368138e-14,-2.5803920831110304e-11,-0.006733834344382471,3.523769154196405e-15,3.844111804577896e-15,3.844111804577896e-15,0.0,-4.164454454959399e-15,-4.164454454959399e-15,0.0,-1.144462716368431,-0.8412988492084897,0.0,-3.3635978290056677e-15,0.0,-6.406853007629836e-16,-9.225152280128768,-9.225152280128768,0.0,0.0,-3.3635978290056677e-15,,0.0,0.021317732616363504,1.014845516408209e-12,1.014845516408209e-12,7.31982956121523e-13,1.0606545154127294e-12,7.31982956121523e-13,1.0606545154127294e-12,1.0606545154127294e-12,1.0606545154127294e-12,1.0606545154127294e-12,0.0,8.328908909918762e-15,0.0,0.0,-6.406853007629836e-16,8.328908909918762e-15,-3.888270057964887,0.0,0.0,1.9220559022889496e-15,1.9220559022889496e-15,0.0,0.0,0.0,3.2034265038149143e-15,-4.5009316138738184e-06,1.9220559022889496e-15,0.14924795797004317,-2.082227227479698e-15,1.6017132519074577e-15,1.9220559022889496e-15,3.203426503814917e-16,-3.043255178624175e-15,-4.5009316138738184e-06,0.0,-2.082227227479698e-15,0.0,0.0,0.0,1.02509648122077e-14,7.36788095877429e-15,6.919401248240056e-14,0.0,0.0,0.0,0.0,0.0,0.0,-1.1211992763352217e-15,-3.3315635639675526e-14,0.0,0.0,1.0606545154127294e-12,0.0,0.0,0.0,0.0,0.0,1.265353469006837e-13,-1.1211992763352217e-15,0.0,0.0,0.0,0.0,0.0,0.0
treA,,1.9220559022889496e-15,-1.0139713937295314e-05,-1.0139713937615658e-05,-1.2493363364878233e-14,-5.380108667571583e-05,-7.207709633583583e-15,5.1472101972593073e-05,3.523769154196405e-15,-1.2333192039687486e-14,-2.5644127054232814e-05,1.5696789868692243e-13,2.966372942532309e-13,,,,-6.610844367056656e-05,,,2.4442144224105753e-13,,,-3.937580989070775e-05,-3.753654095291524e-05,-3.937580989086792e-05,-3.753654095323559e-05,-3.753654095291524e-05,-0.09561148075706366,-4.212518199386589e-05,-4.212518199386589e-05,-4.212518199418624e-05,1.289058825134547e-12,1.2813706015259665e-15,3.4020389470510415e-13,,,,,,-2.8830838534334283e-15,-6.0865103572483564e-15,1.4498609887892089,-1.2813706015259676e-15,0.0,4.077961939355814e-13,2.466638407937276e-13,9.706382306558873e-14,9.193834065948521e-14,4.8051397557223685e-15,9.289936861063231e-15,-0.7017661526425018,-6.0865103572483564e-15,1.289058825134547e-12,2.876677000425509e-13,-4.965311080913131e-15,1.457559059235714e-13,2.5627412030519317e-15,0.0,0.0,-4.324625780150146e-15,9.61027951144475e-16,2.5627412030519317e-15,0.0,8.649251560300252e-15,-1.6017132519074597e-15,0.0,0.0,8.649251560300252e-15,0.0,0.0,0.0,0.0,0.0,0.0,-4.985441564823874,,0.0,0.0,0.0,0.0,0.0,0.0,0.0,0.0,0.0,0.0,0.0,0.0,,0.0,-2.83503245587623e-14,,,,-2.8937672808526704e-11,0.0,6.406853007629834e-16,9.61027951144475e-16,0.0,-1.6837713014796614e-05,,,,0.0,-2.8937672808526704e-11,3.877766565181801e-05,0.033610855528576684,,0.018040610057801058,-2.1910799238534315e-05,-31.212905077476506,2.428197289891503e-13,0.0,0.0,1.3774733966403489e-13,0.0,0.0,-6.0865103572483564e-15,-6.0865103572483564e-15,-4.142547301686611e-05,0.0,-6.0865103572483564e-15,0.0,,,,,,,,9.289936861063231e-15,,,,,0.0,-29.80152369804627,0.0,9.289936861063231e-15,0.0,0.0,0.0,,0.0,1.4498609887892089,0.0,0.0,-1.5333239232116105,,0.0,-0.003796227807280476,5.304874290316528e-13,5.304874290316528e-13,2.466638407937276e-13,2.466638407937276e-13,0.0,0.0,-24.25421790355382,-7.84839493434657e-15,-6.0865103572483564e-15,-0.642216353278247,0.0,0.0,0.0,1.6017132519074577e-15,0.0,0.033610855528576684,3.203426503814917e-16,0.0,0.0,1.9220559022889496e-15,0.0,-1.3614562641213466e-14,-1.98107837231997e-05,-1.98107837231997e-05,0.018040610057801058,0.0,-2.1910799238534315e-05,0.0,-31.212905077476506,-31.212905077476506,0.0,0.0,-6.0865103572483564e-15,0.0,1.6017132519074577e-15,0.0,6.727195658011312e-15,-4.6449684305316375e-15,6.076226879244227,2.5627412030519317e-15,-27.809518296673637,-3.034637961360826e-11,-0.006733834341863258,0.0,1.1277439272460337,1.1277439272460335,-4.965311080913131e-15,-6.0865103572483564e-15,-6.0865103572483564e-15,0.0,-1.954090167327113e-14,-1.201284938930599e-14,0.0,-4.965311080913131e-15,0.0,1.2813706015259665e-15,1.057771431559298e-12,1.057771431559298e-12,0.0,-4.965311080913131e-15,-4.965311080913131e-15,-0.13052393816229207,-4.965311080913131e-15,2.835032455875924e-13,6.04166238619367e-13,6.04166238619367e-13,8.899118827595097e-13,1.289058825134547e-12,8.899118827595097e-13,1.289058825134547e-12,1.289058825134547e-12,1.289058825134547e-12,1.289058825134547e-12,1.2813706015259665e-15,0.0,4.8051397557223685e-15,1.2813706015259665e-15,1.2813706015259665e-15,1.1532335413733657e-14,1.1092690724384362,0.0,0.0,0.0,0.0,0.0,0.0,0.0,0.0,-7.307923615528467e-06,2.5627412030519317e-15,-1.2349209172207036e-13,3.2034265038149143e-15,-6.406853007629836e-16,0.0,0.0,0.0,-7.307923615528467e-06,0.0,0.0,0.0,0.0,0.0,1.2813706015259665e-15,6.406853007629834e-16,8.873491415567048e-14,-4.324625780150146e-15,-4.324625780150146e-15,-4.324625780150146e-15,-4.324625780150146e-15,0.001224490856095841,0.0,0.0,2.2007540081206803e-13,0.0,0.0,1.289058825134547e-12,0.0,0.0,0.0,0.0,0.0,1.3902871026556073e-13,0.0,1.6337475169455987e-14,0.0,0.0,0.0,0.0,0.0
tuaA,,1.2813706015259665e-15,0.02976102700110354,0.02976102700110354,0.02890594900182517,0.05915445436882209,0.0570873387849104,0.05712892476235092,0.1670127499753557,0.02890594900182517,0.07289292351067853,,,-2.020552180839679,-2.0205521808396796,-4.899435074902369,-2.020552180839679,-2.089428548325052,-2.0894285483251056,-1.102160636144498,-31.00223204089454,,2.055415435459379,2.7448178865705133,2.0554154354594085,1.7411585911300131,1.741158591130013,-0.8626179827583638,2.7809479773130517,2.7809479773130517,2.780947977313051,1.3323050829360092e-12,0.0,5.564351837125439e-13,,,,,,0.0,-3.844111804577906e-15,-6.711178525492408e-14,-0.49224490501212054,-28.87959699355364,4.1868784404854896e-13,2.537113791021192e-13,0.027754702861263175,0.026338531564901842,0.0,0.0,,-3.844111804577906e-15,1.3323050829360092e-12,2.9759832220437516e-13,0.0,2.3865527453419166e-13,-1.922055902288952e-15,0.0,-1.922055902288952e-15,0.0,-1.0891650112970761e-14,-1.922055902288952e-15,0.0,5.76616770686684e-15,0.0,2.0822272274796813e-14,0.0,5.76616770686684e-15,0.0,0.0,0.0,0.0,0.0,0.0,-7.983241072343021,,0.0,0.0,0.0,0.0,0.0,0.0,0.0,0.0,0.0,-1.153233541373375e-14,-1.153233541373375e-14,-6.406853007629836e-16,,-4.004283129768652e-15,-1.8259531071745147e-14,,,,-3.0162502932285424e-11,6.406853007629834e-16,3.203426503814917e-16,6.406853007629834e-16,0.0,0.08726748643000722,,,,0.0,-3.0162502932285424e-11,0.5120602780917145,-0.23430210737550217,,0.17535634336288417,-0.018730930931527286,-34.88513978150494,2.575554909066964e-13,-3.203426503814918e-16,1.9220559022889496e-15,1.5376447218310786e-13,0.0,0.0,-3.844111804577906e-15,-3.844111804577906e-15,0.1168308572747564,0.0,-3.844111804577906e-15,0.0,,,,,,,,0.0,,,,,0.0,0.0,-1.153233541373375e-14,0.0,0.0,0.0,0.0,,0.0,-6.711178525492408e-14,-0.4922449050121194,-1.153233541373375e-14,0.0,,0.0,-0.003796227814271747,5.436214776972891e-13,5.436214776972891e-13,2.5339103645173774e-13,2.5339103645173774e-13,0.0,0.0,9.628266961640849,0.0,-3.844111804577906e-15,0.0,0.0,0.0,0.0,0.0,0.0,-0.23430210737550217,0.0,0.0,0.0,0.0,0.0,0.0,0.17577605995594886,0.17577605995594886,0.17535634336288417,0.0,-0.018730930931527286,0.0,-34.88513978150494,-34.88513978150494,0.0,0.0,0.0,0.0,0.0,4.8051397557223685e-15,0.0,-2.8830838534334283e-15,-1.2397260569764264e-13,4.8051397557223685e-15,-4.741071225646156e-14,-3.163047312769005e-11,-0.006733834344874244,0.0,-2.7229125282426824e-15,-2.7229125282426824e-15,-3.203426503814921e-15,-3.844111804577906e-15,-3.844111804577906e-15,0.0,1.6636645203836835,1.273715633912748,0.0,0.0,0.0,0.0,1.8628053181486381,1.8628053181486381,0.0,3.2034265038149143e-15,0.0,-0.29966441269512284,0.0,-0.021317732616237456,1.343517075699351e-12,1.343517075699351e-12,9.197037492449696e-13,1.3323050829360092e-12,9.197037492449696e-13,1.3323050829360092e-12,1.3323050829360092e-12,1.3323050829360092e-12,1.3323050829360092e-12,0.0,0.0,0.0,0.0,6.406853007629834e-16,0.0,0.08660466462459425,0.0,0.0,1.1532335413733657e-14,-0.06485283143609352,0.0,1.1532335413733657e-14,0.0,3.2034265038149143e-15,-5.8462352444970564e-05,-1.922055902288952e-15,-0.31550031557516817,9.61027951144475e-16,-0.039593839953897064,0.0,3.203426503814917e-16,0.0,-5.8462352444970564e-05,-1.7618845770982058e-15,0.0,0.0,1.9220559022889496e-15,0.0,-1.8579873722126642e-14,-1.1211992763352255e-14,8.969594210681491e-14,0.0,0.0,0.0,0.0,0.0012244908563502975,0.0,0.0,2.4474178489143893e-13,0.0,0.0,1.3323050829360092e-12,0.0,0.0,0.0,0.0,0.0,1.512017309800562e-13,0.0,-1.0411136137398519e-14,0.0,0.0,0.0,0.0,0.0
tuaB,,1.2813706015259665e-15,-0.01999852952729409,-0.01999852952729409,-0.019199145382080788,-0.039142473481763536,-0.03722227720860192,-0.03716491168587258,-0.11876764298865705,-0.019199145382080788,-0.05243747759090501,-30.65041820504288,-30.771517138370978,,,,32.175206877242346,,,0.8534737013833311,,,-0.05010140721165687,-0.04774296404470829,-0.05010140721165074,-0.04774296404470796,-0.0477429640447073,-0.0635381653621318,-0.05363024482492817,-0.053630244824927994,-0.0536302448249275,5.59958952866739e-13,0.0,1.9380730348078951e-13,,,,,,0.0,0.0,-1.3758716833885729e-13,-0.49224490501212054,-28.87959699355364,1.7907154156324278e-13,1.0827581582894015e-13,0.027754702861170162,0.026338531564812827,0.0,0.0,0.8691856962274501,0.0,5.59958952866739e-13,1.255743189495393e-13,0.0,8.457045970071135e-14,1.6017132519074577e-15,0.0,-1.922055902288952e-15,2.5627412030519317e-15,-2.2584156851895347e-14,1.6017132519074577e-15,0.0,5.76616770686684e-15,0.0,-6.711178525492408e-14,0.0,5.76616770686684e-15,-1.153233541373375e-14,-1.153233541373375e-14,-1.153233541373375e-14,-1.153233541373375e-14,-1.153233541373375e-14,-1.153233541373375e-14,-0.2955227947556297,,-1.153233541373375e-14,-1.153233541373375e-14,-1.153233541373375e-14,-1.153233541373375e-14,-1.153233541373375e-14,-1.153233541373375e-14,-1.153233541373375e-14,-1.153233541373375e-14,-1.153233541373375e-14,-1.153233541373375e-14,-1.153233541373375e-14,-6.406853007629836e-16,,-4.004283129768652e-15,-1.8259531071745147e-14,,,,-1.2405589478726988e-11,6.406853007629834e-16,1.2813706015259665e-15,1.2813706015259665e-15,0.0,0.01581187142787283,,,,0.0,-1.2405589478726988e-11,-0.004434146734812234,0.006697670359887868,,0.007191543641234251,0.003410787260789074,-0.3450281947531167,4.677002695569704e-14,-3.203426503814918e-16,1.9220559022889496e-15,6.118544622286363e-14,0.0,0.0,-3.844111804577906e-15,-3.844111804577906e-15,0.009605788014074685,0.0,-3.844111804577906e-15,0.0,,,,,,,,0.0,,,,,0.0,0.0,-1.153233541373375e-14,0.0,-1.153233541373375e-14,-1.153233541373375e-14,-1.153233541373375e-14,,-1.153233541373375e-14,-1.3758716833885729e-13,-0.4922449050121194,-1.153233541373375e-14,0.0,,0.0,-0.0037962278142304744,2.3224842152656283e-13,2.3224842152656283e-13,1.0827581582894015e-13,1.0827581582894015e-13,0.0,0.0,-24.888089979120902,0.0,-3.844111804577906e-15,0.8260498042833322,0.0,0.0,3.844111804577896e-15,0.0,0.0,0.006697670359887868,0.0,-4.324625780150146e-15,-2.8830838534334283e-15,0.0,0.0,0.0,0.007215488872053579,0.00721548887205326,0.007191543641234251,0.0,0.003410787260789074,0.0,-0.3450281947531167,-0.3450281947531167,0.0,0.0,-3.844111804577906e-15,0.0,0.0,4.8051397557223685e-15,-4.324625780150146e-15,-2.8830838534334283e-15,-1.4895933242740135e-13,4.8051397557223685e-15,2.2135677141359385e-13,-1.3009275203376225e-11,-0.006733834345436985,0.0,-2.7229125282426824e-15,-2.7229125282426824e-15,-3.203426503814921e-15,-3.844111804577906e-15,-3.844111804577906e-15,0.0,4.164454454959387e-15,2.8830838534334232e-15,0.0,0.0,0.0,0.0,1.8628053181486737,1.8628053181486737,0.0,3.2034265038149143e-15,0.0,-0.03484548194488638,0.0,-0.02131773261640651,4.628951298011813e-13,4.628951298011813e-13,3.8633323636002736e-13,5.59958952866739e-13,3.8633323636002736e-13,5.59958952866739e-13,5.59958952866739e-13,5.59958952866739e-13,5.59958952866739e-13,0.0,-7.528052283965076e-15,-2.8830838534334283e-15,0.0,6.406853007629834e-16,0.0,0.08660466462459697,0.0,-5.605996381676117e-15,4.484797105340815e-14,-0.06485283143609352,0.0,4.6449684305315556e-14,2.2423985526704407e-15,3.2034265038149143e-15,-0.00013153696165310873,1.6017132519074577e-15,-0.31550031557508107,-2.40256987786119e-15,-0.03959383995389657,0.0,3.203426503814917e-16,0.0,-0.00013153696165310873,-1.7618845770982058e-15,0.0,0.0,1.9220559022889496e-15,0.0,-3.7800432745016526e-14,-2.322484215265834e-14,3.427666359081921e-14,2.5627412030519317e-15,2.5627412030519317e-15,2.5627412030519317e-15,2.5627412030519317e-15,0.0012244908563502975,0.0,0.0,-9.930622161826278e-15,0.0,0.0,5.59958952866739e-13,0.0,0.0,0.0,0.0,0.0,6.214647417400806e-14,0.0,-1.0411136137398519e-14,0.0,0.0,0.0,0.0,0.0
tuaC,,1.2813706015259665e-15,-0.7962627435997114,-0.796262743599712,-0.01706139002295667,-0.034663311659608245,-0.03319038044554819,-0.0331892181130936,-0.17821546297475266,-0.01706139002295667,-35.39425979029464,-30.551224039466888,-30.672609426694606,,,,,,,0.8528457395404401,,,-4.665840302909803,-3.8999121312013743,-4.665840302909864,-3.8999121312013734,-3.8999121312013734,-35.68054450537936,-35.73379239001185,-35.73379239001185,-35.73379239001185,3.245391391011243e-12,-9.610279511444756e-16,1.3512052993084994e-12,,,-34.93893108107244,-34.93893108107244,-36.4259919453987,0.0,0.0,1.449860989313131,0.0,-3.043255178624175e-15,4.308530021388041,3.632963971524965,-0.7213812269855274,-0.7111419750322915,0.0,0.0,,0.0,3.245391391011243e-12,7.172471942039818e-13,0.0,-3.5197157173184994,-1.4255247941976454e-14,0.0,1.9220559022889496e-15,-2.7229125282426824e-15,-3.203426503814918e-16,-1.6017132519074678e-14,0.0,6.0865103572483304e-15,0.0,-1.0891650112970761e-14,0.0,6.0865103572483304e-15,-1.2333192039687486e-14,-1.2333192039687486e-14,-1.2333192039687486e-14,-1.2333192039687486e-14,-1.2333192039687486e-14,-1.2333192039687486e-14,-1.2333192039687486e-14,32.05240913780468,-1.2333192039687486e-14,-1.2333192039687486e-14,-1.2333192039687486e-14,-1.2333192039687486e-14,-1.2333192039687486e-14,-1.2333192039687486e-14,-1.2333192039687486e-14,-1.2333192039687486e-14,-1.2333192039687486e-14,-1.2333192039687486e-14,-1.2333192039687486e-14,-3.203426503814918e-16,,-4.324625780150146e-15,-4.933660013339815,,,,-24.985270811725083,6.406853007629834e-16,-1.6017132519074588e-16,0.0,0.0,,,,,3.523769154196405e-15,-24.985270811725083,0.1355788481702732,-0.0977051108245465,,-0.12085860314285504,-0.07281341362263552,,8.610810442251928e-13,0.0,-2.2423985526704442e-15,3.722381597432454e-13,0.0,0.0,-4.324625780150146e-15,-4.324625780150146e-15,0.3161725136217951,6.406853007629834e-16,-4.324625780150146e-15,0.0,-37.573801104402946,,,,,,-31.027665011617945,6.4068530076298215e-15,,,,,-6.246681682439103e-15,-30.33586012522024,-1.2333192039687486e-14,0.0,-1.2333192039687486e-14,-1.2333192039687486e-14,-1.2333192039687486e-14,,-1.2333192039687486e-14,1.449860989313132,0.0,-1.2333192039687486e-14,-1.5333239238033605,,0.0,-0.3442040662645207,4.670861875752202,4.670861875752202,3.632963971524965,3.632963971524966,-1.0891650112970761e-14,0.0,,-5.974390429614945e-14,-4.324625780150146e-15,5.370969792013516,-1.0891650112970761e-14,9.61027951144475e-16,-4.644968430531706e-14,-8.008566259537297e-16,0.0,-0.0977051108245465,3.203426503814917e-16,-4.6449684305316375e-15,-3.043255178624175e-15,0.0,-9.450108186254038e-15,-9.450108186254038e-15,0.219484973446262,0.219484973446262,-0.12085860314285504,9.61027951144475e-16,-0.07281341362263552,0.0,,,0.0,0.0,-4.324625780150146e-15,0.0,0.0,1.6017132519074577e-15,-4.6449684305316375e-15,-3.3635978290056677e-15,6.3772787595041045,1.6017132519074577e-15,-5.077431008546734e-14,10.52568567172831,-0.006733834342892989,0.0,1.301186015866986,1.3011860158669857,3.2034265038149143e-15,-4.324625780150146e-15,-4.324625780150146e-15,-9.610279511444756e-16,-6.7271956580113425e-15,-5.125482406103878e-15,0.0,-3.203426503814921e-15,0.0,0.0,1.8850332040729731,1.8850332040729731,0.0,0.0,-3.203426503814921e-15,-1.5535416373992246,3.2034265038149143e-15,-0.021317732615714187,3.2681357191882773e-12,3.2681357191882773e-12,2.2414375247175566e-12,3.245391391011243e-12,2.2414375247175566e-12,3.245391391011243e-12,3.245391391011243e-12,3.245391391011243e-12,3.245391391011243e-12,-9.610279511444756e-16,0.0,-3.3635978290056677e-15,6.406853007629834e-16,0.0,0.0,1.3177225095455165,0.0,0.0,1.6017132519074577e-15,,0.0,1.6017132519074577e-15,-9.610279511444786e-15,0.0,,-1.6017132519074678e-14,-5.4271112573064855,-0.06560956847900654,1.3406786465981497,3.3355182398623193,0.8232773312033422,0.0,,-2.2423985526704442e-15,-2.2423985526704442e-15,0.0,-2.2423985526704442e-15,0.0,-6.406853007629836e-16,-3.203426503814918e-16,2.264822538196969e-13,-2.7229125282426824e-15,-2.7229125282426824e-15,-2.7229125282426824e-15,-2.7229125282426824e-15,-6.386214032210899,0.0,0.0,8.059821083596081e-13,0.0,0.0,3.245391391011243e-12,0.0,0.0,0.0,0.0,0.0,3.722381597432454e-13,0.0,0.0,0.0,0.0,0.0,0.0,0.0
tuaD,,1.2813706015259665e-15,0.01872136625403785,0.01872136625403785,0.018133211849925505,0.036821993435341024,0.035394634314556514,0.03539350355461632,0.10389902642988655,0.01813321184992519,0.04629535526222038,,,-32.33407281673223,-32.33407281673223,-30.658634046183177,-32.334076575743,-30.620315257691733,-30.620315257691733,-0.9580585443546601,-25.40494647719224,,0.7874283358494288,0.728953832128439,0.7874283358494308,0.7289538321284394,0.7289538321284399,-0.4966873967819217,0.8821369482858806,0.8821369482858811,0.8821369482858813,-1.8419702396935893e-14,0.0,0.0,,,,,,0.0,0.0,1.829156533678202e-13,-0.4922449050267325,-28.9423327487773,-8.32890890991881e-15,-5.125482406103878e-15,0.027754702861173618,0.026338531564814083,-2.7229125282426824e-15,0.0,,0.0,-2.018158697403412e-14,-4.004283129768652e-15,-2.8830838534334283e-15,1.3454391316022592e-14,3.2034265038149143e-15,0.0,-1.922055902288952e-15,2.5627412030519317e-15,3.139357973738585e-14,3.2034265038149143e-15,0.0,5.44582505648535e-15,-9.610279511444756e-16,-5.782184839386042e-14,0.0,0.0,0.0,-1.0891650112970761e-14,-1.0891650112970761e-14,-1.0891650112970761e-14,-1.0891650112970761e-14,-1.0891650112970761e-14,-7.582318818384962,,-1.0891650112970761e-14,-1.0891650112970761e-14,-1.0891650112970761e-14,-1.0891650112970761e-14,-1.0891650112970761e-14,-1.0891650112970761e-14,-1.0891650112970761e-14,-1.0891650112970761e-14,-1.0891650112970761e-14,-7.672206476636931e-14,-1.0891650112970761e-14,0.0,,0.0,-1.7458674445791407e-14,,,,3.104120282196321e-13,6.406853007629834e-16,6.406853007629834e-16,6.406853007629834e-16,0.0,-0.02428690014920537,,,,0.0,3.104120282196321e-13,0.20963878214134143,-0.14678565248408815,,0.04808153663721238,-0.007342092947167428,-34.54511842485447,-2.8830838534334545e-14,6.406853007629834e-16,0.0,-2.2423985526704442e-15,0.0,0.0,-3.6839404793871596e-15,-3.6839404793871596e-15,0.0293022739973616,0.0,-3.6839404793871596e-15,0.0,,,,,,,,5.44582505648535e-15,,,,,0.0,0.0,0.0,5.44582505648535e-15,-1.0891650112970761e-14,-1.0891650112970761e-14,-1.0891650112970761e-14,,-1.0891650112970761e-14,1.829156533678202e-13,-0.4922449050267312,-1.0891650112970761e-14,0.0,,-2.7229125282426824e-15,-0.0037962278147146635,-1.0891650112970761e-14,-1.0891650112970761e-14,-5.44582505648537e-15,-5.44582505648537e-15,0.0,0.0,-24.950825732491687,0.0,-3.6839404793871596e-15,2.266568911139018,0.0,0.0,3.523769154196405e-15,0.0,0.0,-0.14678565248408815,0.0,-4.324625780150146e-15,-2.8830838534334283e-15,1.2813706015259665e-15,-8.489080235109556e-15,-8.489080235109556e-15,0.04820277813172575,0.048202778131725126,0.04808153663721238,0.0,-0.007342092947167428,0.0,-34.54511842485447,-34.54511842485447,-8.008566259537297e-16,-8.008566259537297e-16,-3.6839404793871596e-15,0.0,0.0,1.6017132519074577e-15,0.0,0.0,2.3705356128230196e-14,1.6017132519074577e-15,-7.92848059694214e-14,3.2546813278755893e-13,-0.006733834346334277,0.0,0.0,0.0,-2.8830838534334283e-15,-3.6839404793871596e-15,-3.6839404793871596e-15,9.61027951144475e-16,2.1783300225941276e-14,1.4735761917548547e-14,6.406853007629834e-16,0.0,0.0,6.406853007629834e-16,-5.646039212974897e-13,-5.646039212974897e-13,0.0,0.0,-2.8830838534334283e-15,-0.5890340231030613,0.0,-1.6817989145028417e-14,-2.5146898054947323e-14,-2.5146898054947323e-14,-1.4095076616785707e-14,-1.8419702396935893e-14,-1.3934905291594958e-14,-1.8419702396935893e-14,-1.8419702396935893e-14,-2.018158697403412e-14,-2.018158697403412e-14,9.61027951144475e-16,0.0,2.8830838534334232e-15,6.406853007629834e-16,6.406853007629834e-16,-7.207709633583583e-15,-1.2813706015259728e-14,-9.610279511444756e-16,0.0,1.6017132519074577e-15,-4.805139755722377e-16,0.0,1.6017132519074577e-15,1.9220559022889496e-15,2.8830838534334232e-15,-1.4615810213186794e-05,1.6017132519074577e-15,3.940214599692295e-14,3.203426503814917e-16,0.0,0.0,3.203426503814917e-16,0.0,-4.988717957664176e-06,-1.7618845770982058e-15,-1.7618845770982058e-15,0.0,0.0,0.0,5.029379610989333e-14,3.1073237087004364e-14,4.8051397557223685e-15,2.5627412030519317e-15,2.5627412030519317e-15,2.5627412030519317e-15,2.5627412030519317e-15,0.0,0.0,0.0,-7.239743898621895e-14,0.0,0.0,-2.018158697403412e-14,0.0,0.0,0.0,0.0,0.0,-2.7229125282426824e-15,0.0,0.0,-2.8830838534334283e-15,0.0,0.0,0.0,0.0
udk,,1.2813706015259665e-15,-0.01599446745984754,-0.015994467459847863,-0.011758593029137319,-0.023811078453649784,-0.02283499438755966,-0.022834222923344232,-0.05756213776331932,-0.011758593029137319,-0.04005888296544489,-1.0720545356650035,-30.72163175815972,,,,,,,0.6975836359955412,,,-0.3570937160259916,-0.6893771427553053,-0.3570937160259852,-0.3368928493327597,-0.3368928493327599,0.2102040769403909,-0.38811479064533055,-0.38811479064533033,-0.3881147906453299,9.350801964632714e-13,0.0,2.4986726729754194e-13,,-0.0001038258442279734,,,,0.0,0.0,0.0,,,0.31948210632973667,0.2019721914441977,-0.01903363319022736,-0.018106474120877687,-2.7229125282426824e-15,0.0,-32.85172773734993,0.0,9.350801964632714e-13,2.2456019791740824e-13,-2.8830838534334283e-15,0.10228592749547515,1.3646596906250905e-13,1.2395628436327784,-1.922055902288952e-15,-2.5627412030519365e-15,0.18831287547212067,2.274432817708412e-13,0.0,5.44582505648535e-15,-9.610279511444756e-16,-4.805139755722377e-16,0.0,0.0,0.0,0.0,0.0,0.0,0.0,0.0,6.743540713212896,-1.9908163091941007e-05,0.0,0.0,0.0,0.0,0.0,-1.0891650112970761e-14,0.0,0.0,0.0,0.0,0.0,0.0,,0.0,-1.7458674445791407e-14,,,,-25.147542236024982,6.406853007629834e-16,,,0.0,-0.09268713850619839,,,,0.0,-25.147542236024982,-0.33082040162314713,0.05313291991738253,-33.33724838714686,-0.1187910429145325,-0.0035046458831682514,,9.264309449029767e-13,6.406853007629834e-16,0.9303745888148692,0.027519641657989532,0.0,0.0,-3.6839404793871596e-15,-3.6839404793871596e-15,-0.09690059133882735,0.0,-3.6839404793871596e-15,0.0,,,,,,,,5.44582505648535e-15,,-5.515512666641052e-06,-5.515512666641052e-06,-5.515512666641052e-06,0.0,0.0,0.0,5.44582505648535e-15,0.0,0.0,0.0,-34.769816363614595,0.0,0.0,,0.0,0.3927857246576467,-30.732782125083915,-2.7229125282426824e-15,1.0361583714437572,-0.025354007748602983,-0.025354007748602983,0.20197219144419715,0.2019721914441977,0.0,-9.610279511444756e-16,-33.34155327298863,-4.965311080913131e-15,-3.6839404793871596e-15,-3.493895108867771,-9.610279511444756e-16,0.0,-3.6839404793871596e-15,0.0,-8.008566259537297e-16,0.05313291991738253,0.0,0.0,0.0,1.2813706015259665e-15,8.328908909918762e-15,8.328908909918762e-15,-0.1224912944966629,-0.1224912944966629,-0.1187910429145325,0.0,-0.0035046458831682514,-1.7618845770982058e-15,,,-8.008566259537297e-16,-8.008566259537297e-16,-3.6839404793871596e-15,0.0,0.0,-1.6017132519074597e-15,4.484797105340878e-15,0.0,3.7323122195899326e-12,0.0,-4.274972669341641e-13,-25.07898521651987,8.328908909916381e-13,0.0,6.567024332820432e-14,6.599058597858578e-14,-2.8830838534334283e-15,-3.6839404793871596e-15,-3.6839404793871596e-15,0.0,-0.8529198100269667,-0.6209666617886445,6.406853007629834e-16,0.0,0.0,0.0,-8.499311459373963,-8.499311459373963,0.0,-2.8830838534334283e-15,-2.8830838534334283e-15,1.6470367214428296,-2.8830838534334283e-15,0.15679645834592268,1.121839961635548e-12,1.121839961635548e-12,6.445294125674175e-13,9.350801964632714e-13,6.454904405185614e-13,9.350801964632714e-13,9.350801964632714e-13,9.350801964632714e-13,9.350801964632714e-13,0.0,7.047538308392801e-15,0.0,6.406853007629834e-16,0.0,0.0,-3.242758853210169,0.0,0.0,-1.6017132519074597e-15,0.06485283143729709,0.0,-1.6017132519074597e-15,8.264840379842252e-14,0.0,,1.3646596906250905e-13,1.047079515566789,3.523769154196405e-15,0.03959383995434547,0.0,0.0,1.2395628436327777,,0.9303745888148673,0.9303745888148673,0.9303745888148692,0.9303745888148692,0.0,0.29524974640088747,0.1883128754721201,0.08294183061174781,-2.5627412030519365e-15,-2.5627412030519365e-15,-2.5627412030519365e-15,-2.5627412030519365e-15,0.0,0.9303745888148685,0.0,-32.74805112112389,0.0,0.0,-0.0029097073290638084,0.0,0.0,0.0,0.0,0.0,0.027519641657989216,0.0,0.0,-2.8830838534334283e-15,0.0,0.0,0.0,0.0
ugtP,-32.50195678352618,-1.922055902288952e-15,0.01869005108664605,0.018690051086645735,0.018072102527549712,0.036577491459949554,0.03541430819261606,0.035366422498885,,-0.05061724667988274,-1.1530031759337869,,,-32.135845031662875,-32.135845031662875,-30.418679436961717,-32.13584503166288,-30.418679436961717,-30.418679436961717,-0.9400928194682306,,,0.2212913584383883,0.20480788449140525,0.22129135843838746,0.20480788449140552,0.20480788449140552,0.1378489576979039,0.2478740880899623,0.24787408808996256,0.24787408808996148,-2.2744328177086093e-14,6.406853007629834e-16,1.3422357050983882e-13,-0.06691392246563993,,,,,0.0,0.0,1.3579468540916535,,,-7.528052283965076e-15,-3.844111804577906e-15,,0.0,0.0,0.0,,0.0,-2.6428268656473315e-14,-1.6017132519074597e-15,0.0,2.4666384079374653e-14,0.0,0.0,4.933276815874889e-14,1.1820643799076561e-13,-1.6017132519074597e-15,0.0,0.0,0.0,-0.06315350341550557,0.0,0.0,0.0,-1.6978160470219163e-14,0.0,0.0,0.0,1.6978160470218965e-14,1.6978160470218965e-14,-0.06294282570639505,,1.6978160470218965e-14,0.0,0.0,1.6978160470218965e-14,0.0,-1.6978160470219163e-14,0.0,0.0,0.0,0.0,0.0,-8.008566259537297e-16,,0.0,0.0008959939412014937,,,,,-2.40256987786119e-15,-8.008566259537297e-16,6.406853007629834e-16,0.0,-37.810382117543355,,-2.835194702910897e-07,,0.0,,-0.01775831172976628,0.03701423173829226,,0.03917720865884771,0.017139430183065258,-0.0632019894423677,-6.53499006778258e-14,0.0,0.0,1.2173020714496637e-14,0.0,0.0,-4.324625780150146e-15,-4.324625780150146e-15,-0.013949672972372634,-1.6017132519074597e-15,-4.324625780150146e-15,0.0,,,,,,-35.87795084443795,0.00093446082048529,0.0,-2.835194702910897e-07,,,,0.0,-30.188077091387473,-1.6978160470219163e-14,0.0,-1.6978160470219163e-14,0.0,0.0,,0.0,1.3579468540916535,,0.0,-1.4383261075631335,-2.1523386963963986,0.0,0.0037962278138821085,-9.930622161826278e-15,-9.930622161826278e-15,-4.324625780150146e-15,-3.844111804577906e-15,0.0,0.0,,,0.0,0.0,0.0,0.0,0.0,0.0,0.0,0.03701423173829226,0.0,-6.5670243328205966e-15,-4.324625780150146e-15,0.0,-1.3294219990831969e-14,-1.3294219990831969e-14,-0.10020205049394897,-0.10020205049394897,0.03917720865884771,-8.008566259537297e-16,0.017139430183065258,0.0,-0.0632019894423677,-0.06320198944236786,-8.008566259537297e-16,-8.008566259537297e-16,0.0,0.0,0.0,-2.83503245587623e-14,-6.5670243328205966e-15,-4.324625780150146e-15,-3.715974744425352e-14,-2.83503245587623e-14,,6.378022169094092e-13,-4.0523345273259276e-14,0.0,-3.203426503814918e-16,0.0,0.0,-4.324625780150146e-15,-4.324625780150146e-15,0.0,2.7229125282426543e-14,2.0822272274796813e-14,0.0,0.0,0.0,-2.40256987786119e-15,-0.02222788687855071,-0.02222788687855071,-1.6017132519074597e-15,0.0,0.0,0.02373741503299002,0.0,6.631092862896728e-14,-5.269636598775636e-14,-5.269636598775636e-14,-1.8259531071745147e-14,-2.466638407937508e-14,-1.8259531071745147e-14,-2.466638407937508e-14,-2.2744328177086093e-14,-2.466638407937508e-14,-2.6428268656473315e-14,-8.008566259537297e-16,-1.1051821438161509e-14,0.0,-2.40256987786119e-15,-2.40256987786119e-15,-1.1051821438161509e-14,-0.0005321590015408291,-1.922055902288952e-15,-8.32890890991881e-15,-2.83503245587623e-14,,-3.043255178624175e-15,-2.83503245587623e-14,2.0822272274796813e-14,0.0,-35.87795084443795,-2.83503245587623e-14,0.0016420218301038644,3.6525736073783674,3.2034265038149143e-15,-0.006680783486965854,-0.0006540582195845374,0.0,-35.87795084443795,0.0,0.0,0.0,0.0,-2.40256987786119e-15,-2.082227227479698e-15,-1.6017132519074597e-15,7.496018018926713e-14,1.1820643799076561e-13,1.1820643799076561e-13,1.1820643799076561e-13,1.1820643799076561e-13,7.034095538848678,0.0,0.0,-8.489080235109782e-14,6.406853007629693e-14,6.4068530076298215e-15,-2.466638407937508e-14,4.933276815874889e-14,0.0,0.0,0.0,0.0,1.4415419267167058e-14,0.0,,0.0,0.0,0.0,0.0,0.0
xpt,,1.2813706015259665e-15,-9.7806855313239e-06,-9.7806855313239e-06,-9.429637740169885e-06,-1.9047283775731157e-05,-1.8224162295478746e-05,-1.822351323575041e-05,-1.2813706015259676e-15,-9.429637740169885e-06,-2.4723914637497657e-05,0.000341507913586692,0.0006279618179686284,,,,-2.0239874694164125e-05,,,0.0006279618179670275,,,0.6739509237329568,0.6444820948403461,0.6739509237329568,0.6444820948403462,0.6444820948403465,0.3743172860721602,0.7177517630298952,0.7177517630298953,0.7177517630298955,-1.9185321331360297e-12,0.0,-7.108403411967054e-13,,,,,,-1.922055902288952e-15,-4.164454454959399e-15,1.449860989284638,0.0,-3.3635978290056677e-15,-6.056077805463373e-13,-3.6695250601204547e-13,1.6731716417831528,1.6212554690064032,-3.043255178624175e-15,0.0,-31.921823822564626,-4.164454454959399e-15,-1.9185321331360297e-12,-4.2861846621049965e-13,-3.3635978290056677e-15,-3.1569768195099466e-13,1.9220559022889496e-15,0.0,0.0,-3.043255178624175e-15,1.9220559022889496e-15,1.9220559022889496e-15,0.0,6.0865103572483304e-15,0.0,4.182026382407154,5.173727281611601,0.0,-1.2653534690068979e-14,-1.2653534690068979e-14,-1.2653534690068979e-14,-1.2653534690068979e-14,-1.2653534690068979e-14,-1.2653534690068979e-14,-6.300542598411649,,-1.2653534690068979e-14,-1.2653534690068979e-14,-1.2653534690068979e-14,-1.2653534690068979e-14,-1.2653534690068979e-14,-1.2653534690068979e-14,-1.2653534690068979e-14,-1.2653534690068979e-14,-1.2653534690068979e-14,-1.2653534690068979e-14,-1.2653534690068979e-14,0.0,,0.0,4.93366001288018,,,,4.320589462690636e-11,-6.406853007629836e-16,-3.203426503814918e-16,3.203426503814917e-16,0.0,-37.749707725792966,,,,3.523769154196405e-15,4.320589462690636e-11,-0.23390983523350073,0.3293826092547545,,0.35087145865301816,0.1702491896726181,-33.0554327949624,-4.3582617584408534e-13,0.0,0.0,-2.115863205769908e-13,0.0,0.0,-4.164454454959399e-15,-4.164454454959399e-15,-0.03759603370628047,-6.406853007629836e-16,-4.164454454959399e-15,0.0,,,,,,,,6.4068530076298215e-15,,,,,0.0,-30.30109470708553,-1.2653534690068979e-14,0.0,-1.2653534690068979e-14,-1.2653534690068979e-14,-1.2653534690068979e-14,,-1.2653534690068979e-14,1.449860989284638,0.0,-1.2653534690068979e-14,-1.5333239237711627,,3.2034265038149143e-15,5.680491104482261,-7.877225772883034e-13,-7.877225772883034e-13,-3.674330199876178e-13,-3.6695250601204547e-13,0.0,0.0,-1.1062719462534205,-5.605996381676117e-15,-4.164454454959399e-15,-2.843397862392901,0.0,0.0,0.0,-1.1211992763352217e-15,-1.1211992763352217e-15,0.3293826092547545,0.0,0.0,-3.3635978290056677e-15,1.2813706015259665e-15,0.0,0.0,-0.006833816037574891,-0.006833816037574729,0.35087145865301816,0.0,0.1702491896726181,0.0,-33.0554327949624,-33.0554327949624,0.0,0.0,-4.164454454959399e-15,-8.008566259537297e-16,1.2813706015259665e-15,1.9220559022889496e-15,0.0,0.0,1.9060387697697502e-13,0.0,-4.164454454959399e-15,4.530862378394596e-11,-0.006733834346442899,3.523769154196405e-15,1.9220559022889496e-15,1.9220559022889496e-15,-3.3635978290056677e-15,-4.164454454959399e-15,-4.164454454959399e-15,0.0,3.844111804577896e-15,1.9220559022889496e-15,0.0,-3.3635978290056677e-15,0.0,-6.406853007629836e-16,-0.022227886871192867,-0.022227886871192867,0.0,0.0,-3.3635978290056677e-15,2.5717642156099388e-05,0.0,-3.797662120273085e-13,-1.7421835041007949e-12,-1.7421835041007949e-12,-1.3252575446288402e-12,-1.9185321331360297e-12,-1.323976174027313e-12,-1.9185321331360297e-12,-1.9185321331360297e-12,-1.9185321331360297e-12,-1.9185321331360297e-12,0.0,0.0,0.0,0.0,-6.406853007629836e-16,0.0,-0.0005175692348408523,0.0,0.0,1.9220559022889496e-15,-30.992163117729053,0.0,1.9220559022889496e-15,-1.2813706015259676e-15,0.0,-4.3846986432702414e-05,1.9220559022889496e-15,4.578375344777573,-9.610279511444756e-16,-1.3802724865354157,-3.335518239730617,-0.8232773311979642,-3.043255178624175e-15,-4.3846986432702414e-05,0.0,0.0,0.0,0.0,0.0,3.2034265038149143e-15,2.2423985526704407e-15,-1.2205054979535354e-13,-3.043255178624175e-15,-3.043255178624175e-15,-3.043255178624175e-15,-3.043255178624175e-15,6.4715910141605,0.0,-1.1211992763352217e-15,-5.895906480272561e-13,0.0,0.0,-1.9185321331360297e-12,0.0,0.0,0.0,0.0,0.0,-2.1206683455256314e-13,-1.1211992763352217e-15,0.0,0.0,0.0,0.0,0.0,0.0
yfkE,,0.0,0.016702447553023962,0.016702447553023962,0.016161983217491613,0.03280540031655974,0.03149541896850869,0.031494382457474226,0.09207470090497112,0.016161983217491613,0.04157879721675608,3.12781319804472,,-32.349610853335015,-32.349610853335015,-30.391217957964137,-32.349610853335015,-30.614448430470144,-30.614448430470144,-0.8594095689353833,,,0.6371870816371039,1.1699029165872752,0.6371870816370894,0.5910282201623125,0.5910282201623125,-0.4653518928897311,0.711421218669493,0.7114212186694929,0.711421218669493,-2.1687197430843294e-12,-4.805139755722377e-16,-5.030981324242205e-13,,,,,,0.0,0.0,-1.175337184250172e-12,-0.49224490507455176,-29.169103610217512,-5.327298275845192e-13,-3.2290539158457985e-13,0.027754702861130565,0.026338531564765327,0.0,0.0,,0.0,-2.1701612850110483e-12,-4.837174020761337e-13,0.0,-3.645499361341837e-13,1.2813706015259665e-15,0.0,0.0,2.2423985526704407e-15,-1.1916746594191984e-13,1.2813706015259665e-15,0.0,0.0,0.0,-5.1735338036611845e-14,0.0,0.0,0.0,0.0,-9.450108186254038e-15,0.0,0.0,0.0,-7.36022542085675,,0.0,0.0,0.0,0.0,0.0,-9.450108186254038e-15,0.0,0.0,0.0,-8.42501170503348e-14,0.0,0.0,,0.0,0.0,,,,4.925748763506919e-11,0.0,0.0,0.0,-9.610279511444756e-16,0.06156848326351112,,,,0.0,4.925748763506919e-11,0.42811093616895823,-0.14121014405714474,,0.11390459076913792,-0.011805049135800182,-34.54853594994698,-9.930622161826278e-15,0.0,5.083837861553378e-13,-2.3385013477850797e-13,0.0,0.0,-3.3635978290056677e-15,-3.3635978290056677e-15,0.07743735928367507,0.0,-3.3635978290056677e-15,0.0,,,,,,,,0.0,,,,,-4.6449684305316375e-15,-6.406853007629836e-16,0.0,0.0,-9.450108186254038e-15,0.0,0.0,,0.0,-1.1769388975020808e-12,-0.49224490507455243,0.0,1.7458674445790245e-13,,0.0,-0.003796227816378892,-8.823838304760889e-13,-8.828643444516614e-13,-3.2258504893419824e-13,-3.2290539158457985e-13,-8.008566259537297e-16,-8.008566259537297e-16,8.450563715522232,-4.004283129768652e-15,-3.3635978290056677e-15,1.8405599311659797,-8.008566259537297e-16,-8.008566259537297e-16,6.4068530076298215e-15,0.0,-8.008566259537297e-16,-0.14121014405714474,0.0,0.0,0.0,0.0,0.0,0.0,0.11417765346358154,0.11417765346358154,0.11390459076913792,-8.008566259537297e-16,-0.011805049135800182,-8.008566259537297e-16,-34.54853594994698,-34.54853594994698,0.0,0.0,-3.3635978290056677e-15,-6.406853007629836e-16,0.0,3.844111804577896e-15,0.0,0.0,0.0,5.125482406103859e-15,-2.0987248739758698e-12,5.168952903668039e-11,-0.006733834348148336,0.0,-4.805139755722377e-16,0.0,-2.7229125282426824e-15,-3.3635978290056677e-15,-3.3635978290056677e-15,0.0,1.2644710084567412,0.938890985941101,0.0,0.0,-1.4415419267167136e-15,0.0,-8.880378782577856e-12,-8.880378782577856e-12,0.0,2.5627412030519317e-15,-2.7229125282426824e-15,-0.22452770357403135,0.0,8.328908909918762e-15,-1.284413856705163e-12,-1.284413856705163e-12,-1.4969612052334877e-12,-2.1674383724828015e-12,-1.4969612052334877e-12,-2.1674383724828015e-12,-2.1687197430843294e-12,-2.1687197430843294e-12,-2.1687197430843294e-12,0.0,0.0,0.0,6.406853007629834e-16,0.0,0.0,-2.08703236723557e-13,-6.406853007629836e-16,0.0,0.0,1.659374928976032e-13,-6.406853007629836e-16,0.0,9.61027951144475e-16,0.0,-0.0001607657689938315,1.2813706015259665e-15,1.0263778518219345e-12,2.8830838534334232e-15,1.0186896282131079e-13,-4.805139755722377e-16,-3.203426503814918e-16,0.0,,5.083837861553378e-13,5.067820729034309e-13,5.083837861553378e-13,5.083837861553378e-13,0.0,-1.9556918805791397e-13,-1.198081512426829e-13,-7.4319494888508e-14,2.2423985526704407e-15,2.2423985526704407e-15,2.2423985526704407e-15,2.2423985526704407e-15,0.0,5.083837861553378e-13,0.0,-1.6609766422281303e-13,0.0,0.0,-2.1701612850110483e-12,0.0,0.0,0.0,0.0,0.0,-2.1398889045485237e-13,0.0,0.0,0.0,0.0,0.0,0.0,0.0
yhaU,,1.2813706015259665e-15,0.01112508641418576,0.011125086414186077,0.02217540656483348,0.04508229558317335,0.043387216662011424,0.04338587218700225,0.12825833207026976,0.02217540656483348,0.027514365356673218,,,-32.474805959317145,-32.474805959317145,-31.104756081321117,-32.47480595931714,-30.788895447138508,-30.788895447138508,-1.1318362898707923,-28.758299705296754,,0.8324583323819983,1.4224217067440401,0.8324583323820056,0.7615285855996174,0.7615285855996177,-0.5486197074414736,0.9512126999534598,0.9512126999534594,0.9512126999534598,-5.080634435051354e-13,0.0,-2.1751265960904932e-13,,,,,,-1.922055902288952e-15,-4.164454454959399e-15,1.1340129823504364e-13,-0.4922449049786193,-28.745295902127037,0.5095365033927799,0.32974090729413513,0.08907632753522578,0.08462149710034046,-3.043255178624175e-15,0.0,,-4.164454454959399e-15,-5.080634435051354e-13,-1.1420215486100632e-13,-3.3635978290056677e-15,-8.360943174957177e-14,1.9220559022889496e-15,0.0,0.0,-3.043255178624175e-15,1.9540901673270865e-14,0.0,0.0,6.0865103572483304e-15,0.0,2.0822272274796813e-14,0.0,0.0,-1.2653534690068979e-14,-1.2653534690068979e-14,-1.2653534690068979e-14,-1.2653534690068979e-14,-1.2653534690068979e-14,-1.2653534690068979e-14,-7.4850645538719895,,-1.2653534690068979e-14,0.0,0.0,-1.2653534690068979e-14,0.0,-1.2653534690068979e-14,0.0,0.0,0.0,-1.2653534690068979e-14,-1.2653534690068979e-14,3.203426503814917e-16,,0.0,-1.9861244323652628e-14,,,,6.005708344218871,-6.406853007629836e-16,0.0,0.0,0.0,0.06361639826863318,,,,3.523769154196405e-15,6.005708344218871,0.4267284804050271,-0.15247456199241843,,0.1272099594480513,-0.01737081329935335,-34.2502995078595,-6.5670243328205966e-15,0.0,1.9220559022889496e-15,-6.054476092210321e-14,0.0,0.0,-4.164454454959399e-15,-4.164454454959399e-15,0.08253171214430009,-6.406853007629836e-16,-4.164454454959399e-15,0.0,,,,,,,,6.4068530076298215e-15,,,,,0.0,0.0,-1.2653534690068979e-14,0.0,-1.2653534690068979e-14,-1.2653534690068979e-14,-1.2653534690068979e-14,,-1.2653534690068979e-14,1.1340129823504364e-13,-0.4922449049786193,-1.2653534690068979e-14,6.406853007629834e-16,,3.2034265038149143e-15,1.479354070836929,0.63315866021792,0.6331586602179196,0.3297409072941349,0.3297409072941349,-1.1211992763352217e-15,0.0,9.094055361863253,-5.605996381676117e-15,-4.164454454959399e-15,0.0,0.0,0.0,0.0,-1.1211992763352217e-15,-1.1211992763352217e-15,-0.15247456199241843,3.203426503814917e-16,0.0,-3.3635978290056677e-15,1.2813706015259665e-15,-9.450108186254038e-15,-9.450108186254038e-15,0.12188002895845951,0.12188002895845892,0.1272099594480513,0.0,-0.01737081329935335,0.0,-34.2502995078595,-34.2502995078595,0.0,0.0,-4.164454454959399e-15,-8.008566259537297e-16,1.2813706015259665e-15,-1.7618845770982058e-15,0.0,0.0,1.3614562641212757e-13,-1.7618845770982058e-15,6.086510357248215e-14,5.094491965563288,-0.00673383434576478,3.523769154196405e-15,2.5627412030519317e-15,2.8830838534334232e-15,-3.3635978290056677e-15,-4.164454454959399e-15,-4.164454454959399e-15,0.0,1.3203239086274263,0.9848196062334303,0.0,-3.3635978290056677e-15,0.0,-6.406853007629836e-16,4.0363173948067394e-14,4.0363173948067394e-14,0.0,0.0,-3.3635978290056677e-15,-0.22896687654873363,0.0,-6.390835875110902e-14,-5.311281143326111e-13,-5.311281143326111e-13,-3.5077520216777614e-13,-5.080634435051354e-13,-3.5077520216777614e-13,-5.080634435051354e-13,-5.080634435051354e-13,-5.080634435051354e-13,-5.080634435051354e-13,0.0,0.0,0.0,0.0,-6.406853007629836e-16,0.0,3.2034265038149143e-15,0.0,0.0,1.0891650112970678e-14,0.0,0.0,8.969594210681742e-15,-1.2813706015259676e-15,0.0,-4.412131638106936e-05,1.9220559022889496e-15,0.0,-4.805139755722377e-16,-4.805139755722377e-16,0.0,-6.406853007629836e-16,-3.043255178624175e-15,-4.412131638106936e-05,0.0,0.0,0.0,1.9220559022889496e-15,0.0,3.171392238776734e-14,1.9540901673270865e-14,-4.0523345273259276e-14,-3.043255178624175e-15,-3.043255178624175e-15,-3.043255178624175e-15,-3.043255178624175e-15,6.406853007629834e-16,0.0,-1.1211992763352217e-15,-1.0539273197551463e-13,0.0,0.0,-5.080634435051354e-13,0.0,0.0,0.0,0.0,0.0,-5.926339032057719e-14,-1.1211992763352217e-15,0.0,0.0,0.0,0.0,0.0,0.0
yjbQ,,0.0,0.005040451491941224,0.0050404514919415435,0.004879205472032501,0.009866838576713744,0.009463723467672323,0.009463404813077635,0.027224243159675622,0.004879205472032501,0.012570197488697261,0.43455482436501003,0.9386429624746575,-30.226803920285192,-30.226803920285192,,-30.22680842206598,-28.049623522444577,-28.049623522444577,-0.30933721733786484,,,0.33251274841652767,0.3121595781929603,0.33251274841653455,0.3121595781929603,0.3121595781929603,-0.29534086646648433,0.36416101746183693,0.36416101746183716,0.3641610174618374,9.507769863319543e-13,6.406853007629834e-16,4.558475914927908e-13,,,,,,0.0,0.0,-7.207709633583583e-15,-0.4922449049961496,-28.81400865206193,2.931135250990352e-13,1.774698283113355e-13,0.027754702861171106,0.02633853156481597,0.0,6.0865103572483304e-15,,0.0,9.485345877792854e-13,2.117464919021505e-13,0.0,1.6850023410065485e-13,0.0,2.8830838534334232e-15,0.0,-5.605996381676117e-15,-8.008566259537297e-16,0.0,0.0,0.0,9.61027951144475e-16,-5.92633903205761e-15,0.0,0.0,-1.1852678064115245e-14,-1.1852678064115245e-14,0.0,-1.1852678064115245e-14,0.0,0.0,-6.704161930186192,,0.0,0.0,0.0,0.0,0.0,-1.1852678064115245e-14,0.0,0.0,0.0,-1.8003256951440958e-13,-1.8003256951440958e-13,0.0,,0.0,0.0,,,,-2.189221672723725e-11,0.0,3.203426503814917e-16,3.203426503814917e-16,-1.1211992763352217e-15,-0.00828146622132645,,,,0.0,-2.189221672723725e-11,0.12174995560312454,-0.07279959857757763,,0.027485524269829534,-0.003091212325453214,-33.53228186746269,4.1964887199974816e-14,0.0,1.9220559022889496e-15,1.1083855703199188e-13,0.0,0.0,0.0,0.0,0.01838252905015932,0.0,-4.324625780150146e-15,0.0,,,,,,,,0.0,,,,,0.0,0.0,-1.1852678064115245e-14,0.0,0.0,0.0,0.0,,0.0,-7.207709633583583e-15,-0.4922449049961484,-1.1852678064115245e-14,6.406853007629834e-16,,2.8830838534334232e-15,-0.0037962278135184034,3.80567068653162e-13,3.8120775395392485e-13,1.77790170961717e-13,1.77790170961717e-13,-8.008566259537297e-16,-1.1211992763352217e-15,-24.822501639654373,-5.285653731294624e-15,-4.324625780150146e-15,2.726323135207794,0.0,-8.008566259537297e-16,-4.004283129768652e-15,-1.1211992763352217e-15,-1.1211992763352217e-15,-0.07279959857757763,0.0,0.0,0.0,0.0,0.0,0.0,0.027556789786049647,0.027556789786049647,0.027485524269829534,-8.008566259537297e-16,-0.003091212325453214,0.0,-33.53228186746269,-33.53228186746269,6.406853007629834e-16,6.406853007629834e-16,0.0,0.0,0.0,7.047538308392801e-15,0.0,0.0,-2.6107926006091817e-14,7.047538308392801e-15,2.0822272274796813e-14,-2.295767638242265e-11,-0.006733834344751945,0.0,9.61027951144475e-16,9.61027951144475e-16,-3.203426503814921e-15,-4.324625780150146e-15,-4.324625780150146e-15,6.406853007629834e-16,1.537644721831152e-14,1.0571307462589189e-14,0.0,0.0,0.0,6.406853007629834e-16,3.6647199203638004e-13,3.6647199203638004e-13,6.406853007629834e-16,0.0,-3.203426503814921e-15,-0.3209077295501698,0.0,2.3705356128228444e-13,9.802485101670317e-13,9.802485101670317e-13,6.547803773796206e-13,9.50456643681573e-13,6.547803773796206e-13,9.485345877792854e-13,9.507769863319543e-13,9.523786995838606e-13,9.507769863319543e-13,6.406853007629834e-16,0.0,0.0,0.0,0.0,0.0,8.969594210681742e-15,0.0,0.0,7.047538308392801e-15,-6.406853007629836e-16,0.0,7.047538308392801e-15,-2.082227227479698e-15,0.0,-5.8462352444970564e-05,1.6017132519074577e-15,-2.2904499502276845e-14,-1.922055902288952e-15,-1.1211992763352217e-15,-6.406853007629836e-16,-3.203426503814918e-16,2.8830838534334232e-15,-5.8462352444970564e-05,0.0,1.9220559022889496e-15,-1.922055902288952e-15,1.9220559022889496e-15,0.0,-1.4415419267167136e-15,-4.805139755722377e-16,9.193834065948521e-14,-2.8830838534334283e-15,-5.605996381676117e-15,-5.605996381676117e-15,-5.605996381676117e-15,0.0,0.0,-1.1211992763352217e-15,4.452762840302667e-14,0.0,0.0,9.507769863319543e-13,0.0,0.0,0.0,0.0,0.0,1.1179958498313629e-13,-1.1211992763352217e-15,0.0,0.0,0.0,0.0,0.0,0.0
yloB,,0.0,-0.2946440611772167,-0.29464406117721587,0.007084771780036941,0.014480164727009763,0.013930155351491991,0.013929719277082317,0.03371432755812768,0.007084771780036941,-0.8874540629470105,,,-0.4261676810832696,-0.42616768108327,-0.7070767131727957,-0.4261676810832698,-0.39642963768811806,-0.3964296376881354,-0.2744649728992744,-28.824914815434802,,-2.617850959655466,-0.8105798262060586,-2.617850959655466,-0.8105798262060588,-0.8105798262060588,-35.27370662898231,-33.554356421622145,-33.554356421622145,-4.073214164330984,1.4809440727060353e-11,0.0,6.1082936574613534e-12,,,,,,-1.7618845770982058e-15,0.0,1.4498609893662562,0.0,0.0,3.427242407347447,2.7897290874980722,1.0140819298375154,0.9760816693547164,0.0,0.0,,0.0,1.4807518671158084e-11,3.3027327254293996e-12,3.2034265038149143e-15,2.7149039619805883e-12,0.0,0.0,0.0,2.8830838534334232e-15,0.0,0.0,0.0,5.76616770686684e-15,-1.1211992763352217e-15,-1.2333192039687486e-14,0.0,5.76616770686684e-15,0.0,0.0,0.0,0.0,0.0,0.0,-7.986358740907718,,0.0,0.0,0.0,0.0,0.0,0.0,0.0,0.0,0.0,-1.758681150594497e-13,-1.758681150594497e-13,0.0,,0.0,-4.933660014196436,,,,-25.05238500586562,6.406853007629834e-16,0.0,6.406853007629834e-16,-1.1211992763352217e-15,0.2255292827353984,,,,0.0,-25.05238500586562,-0.01523396075033693,0.39557876385000507,,0.3620131324655179,0.10603591517878279,-34.85584832880004,3.294083473869119e-12,0.0,1.9220559022889496e-15,1.6882057675094738e-12,0.0,0.0,-4.164454454959399e-15,-4.164454454959399e-15,0.17315085456181858,0.0,-4.164454454959399e-15,0.0,,,,,,,-31.09477920744653,0.0,,,,,-5.766167706866863e-15,-30.40297432103039,0.0,0.0,0.0,0.0,0.0,,0.0,1.4498609893662562,0.0,-1.153233541373375e-14,-1.5333239238633625,,3.2034265038149143e-15,5.400943781920449,3.7751633051813647,3.7751633051813647,2.7897290874980722,2.7897290874980727,-6.88736698320209e-15,-1.1211992763352217e-15,-24.855668502484466,-3.107323708700504e-14,-4.164454454959399e-15,0.0,-5.92633903205761e-15,-1.1211992763352217e-15,-2.4185870103802828e-14,0.0,-1.1211992763352217e-15,0.39557876385000507,0.0,0.0,-3.043255178624175e-15,0.0,8.969594210681742e-15,0.0,0.15348403574002928,0.15348403574002897,0.3620131324655179,-1.1211992763352217e-15,0.10603591517878279,-1.1211992763352217e-15,-34.85584832880004,-34.85584832880004,0.0,0.0,-4.164454454959399e-15,0.0,0.0,1.9220559022889496e-15,0.0,-2.8830838534334283e-15,8.435923401273493,1.9220559022889496e-15,7.27177816365968e-14,9.579253169524774,-0.006733834334697299,0.0,2.839294852370553,2.839294852370553,-3.3635978290056677e-15,-4.164454454959399e-15,-4.164454454959399e-15,0.0,0.567840985052557,0.3954893216610016,6.406853007629834e-16,-3.3635978290056677e-15,0.0,6.406853007629834e-16,1.885033204738014,1.8850332047375165,0.0,3.2034265038149143e-15,0.0,-1.5442362796089584,3.2034265038149143e-15,-0.021317732613076883,1.4724549924710126e-11,1.4724549924710126e-11,1.0222133973637189e-11,1.4809440727060353e-11,1.0222133973637189e-11,1.4809440727060353e-11,1.4809440727060353e-11,1.4809440727060353e-11,1.4809440727060353e-11,0.0,0.0,-2.8830838534334283e-15,6.406853007629834e-16,0.0,0.0,2.823070662451475,0.0,0.0,6.727195658011312e-15,,0.0,-1.6017132519074597e-15,0.0,0.0,-0.0007744339711967576,0.0,-0.3171423373976263,-1.2173020714496738e-14,1.34067864662723,3.3355182401077816,0.8232773312133654,0.0,-2.4943611352117383e-06,0.0,1.9220559022889496e-15,0.0,1.9220559022889496e-15,0.0,0.0,3.203426503814917e-16,1.0295812783257472e-12,2.8830838534334232e-15,2.8830838534334232e-15,2.8830838534334232e-15,0.0,0.0,1.9220559022889496e-15,-1.1211992763352217e-15,3.242187964507435e-12,0.0,0.0,1.4809440727060353e-11,0.0,-1.1211992763352217e-15,0.0,0.0,0.0,1.6635393834301276e-12,-1.1211992763352217e-15,0.0,0.0,0.0,0.0,0.0,0.0
yqeW,,0.0,0.008535806356119646,0.008535806356119646,0.022732421956399386,0.04622421095590391,0.04448460652843666,0.04448322678697732,0.13159963018362497,0.022732421956399386,0.021153550415629906,,,-32.544294195821955,-32.544294195821955,-31.198845021741683,-32.544294195821955,-30.86086813875603,-30.86086813875603,-1.1508174793678037,-28.939384224643838,,0.8468163170017444,1.4393159958471398,0.846816317001755,0.773572615490537,0.7735726154905371,-0.5588901266841801,0.9699551570011545,0.9699551570011541,0.9699551570011545,5.484266174530097e-13,0.0,2.6524371451585083e-13,,,,,,0.0,-4.324625780150146e-15,5.76616770686684e-15,-0.4922449049875924,-28.780061320211377,0.6199381373821484,0.40645071562461993,0.10503415193816532,0.09980850096178671,0.0,0.0,,-4.324625780150146e-15,5.484266174530097e-13,1.2237089244572467e-13,0.0,8.328908909918545e-14,1.6017132519074577e-15,0.0,1.9220559022889496e-15,-2.7229125282426824e-15,1.6017132519074577e-15,0.0,0.0,6.0865103572483304e-15,0.0,3.844111804577896e-15,0.0,6.0865103572483304e-15,-1.2333192039687486e-14,-1.2333192039687486e-14,-1.2333192039687486e-14,-1.2333192039687486e-14,-1.2333192039687486e-14,-1.2333192039687486e-14,-7.492216268213246,,-1.2333192039687486e-14,-1.2333192039687486e-14,-1.2333192039687486e-14,-1.2333192039687486e-14,-1.2333192039687486e-14,-1.2333192039687486e-14,-1.2333192039687486e-14,-1.2333192039687486e-14,-1.2333192039687486e-14,-9.818502234193057e-14,-9.818502234193057e-14,-3.203426503814918e-16,,-4.324625780150146e-15,0.0,,,,6.342696731688452,6.406853007629834e-16,3.203426503814917e-16,3.203426503814917e-16,0.0,0.06474192114387871,,,,3.523769154196405e-15,6.342696731688452,0.43153491268432265,-0.15347727794878302,,0.13018689718662782,-0.01852733350782521,-34.29225668338236,2.947152383509694e-14,0.0,1.9220559022889496e-15,6.342784477553398e-14,0.0,0.0,0.0,0.0,0.08386693136233053,6.406853007629834e-16,-4.324625780150146e-15,0.0,,,,,,,,6.4068530076298215e-15,,,,,-6.246681682439103e-15,0.0,-1.2333192039687486e-14,0.0,-1.2333192039687486e-14,-1.2333192039687486e-14,-1.2333192039687486e-14,,-1.2333192039687486e-14,5.76616770686684e-15,-0.4922449049875924,-1.2333192039687486e-14,0.0,,0.0,1.7079204328836755,0.7640191094880178,0.7640191094880178,0.4064507156246192,0.40645071562461993,0.0,0.0,9.092276811359834,-5.44582505648537e-15,-4.324625780150146e-15,0.0,-1.1211992763352217e-15,0.0,-4.4847971053408916e-15,-8.008566259537297e-16,9.61027951144475e-16,-0.15347727794878302,0.0,-4.6449684305316375e-15,-3.043255178624175e-15,0.0,-9.450108186254038e-15,-9.450108186254038e-15,0.1233387606513356,0.1233387606513353,0.13018689718662782,0.0,-0.01852733350782521,0.0,-34.29225668338236,-34.29225668338236,0.0,0.0,-4.324625780150146e-15,0.0,0.0,1.6017132519074577e-15,-4.6449684305316375e-15,-3.3635978290056677e-15,0.0,3.523769154196405e-15,3.7800432745015535e-14,5.427290314281217,-0.006733834344960658,0.0,-4.805139755722377e-16,-4.805139755722377e-16,0.0,-4.324625780150146e-15,-4.324625780150146e-15,-9.610279511444756e-16,1.3192578323254864,0.9839400110020229,0.0,-3.203426503814921e-15,0.0,6.406853007629834e-16,1.1820643799076561e-13,1.1820643799076561e-13,0.0,0.0,-3.203426503814921e-15,-0.23281343805759025,0.0,1.8772079312354196e-13,5.317687996331784e-13,5.317687996331784e-13,3.7768398479972937e-13,5.484266174530097e-13,3.78965355401255e-13,5.484266174530097e-13,5.484266174530097e-13,5.484266174530097e-13,5.484266174530097e-13,-9.610279511444756e-16,0.0,0.0,6.406853007629834e-16,6.406853007629834e-16,0.0,2.8830838534334232e-15,0.0,0.0,0.0,1.9220559022889496e-15,0.0,-1.7618845770982058e-15,-9.610279511444756e-16,0.0,-4.3846986432702414e-05,0.0,-8.80942288549105e-15,0.0,9.61027951144475e-16,-4.805139755722377e-16,-3.203426503814918e-16,0.0,-4.3846986432702414e-05,0.0,-1.922055902288952e-15,-1.922055902288952e-15,1.9220559022889496e-15,0.0,1.9220559022889496e-15,1.2813706015259665e-15,6.086510357248215e-14,-2.7229125282426824e-15,-2.7229125282426824e-15,-2.7229125282426824e-15,-2.7229125282426824e-15,6.406853007629834e-16,0.0,0.0,1.2333192039686905e-13,0.0,0.0,5.484266174530097e-13,0.0,0.0,0.0,0.0,0.0,6.502955802744137e-14,0.0,0.0,0.0,0.0,0.0,0.0,0.0
yrhE,,0.0,0.0036010744423536326,0.0036010744423536326,0.003484842195186918,0.007045824451516521,0.006749058316777457,0.006748824038311129,0.019351425279178085,0.0034848421951865984,0.009049496202825498,0.2861437519377782,0.5795933066335648,-29.969295448427577,-29.969295448427577,,-29.96930505220961,-27.4221956086562,-27.422195608656192,-0.22085468851057988,,,0.27765460115475593,0.26085759083916477,0.2776546011547623,0.26085759083916477,0.2608575908391653,-0.2601925614406791,0.3037163919090004,0.3037163919090007,0.3037163919090007,1.937432349505961e-12,6.406853007629834e-16,8.604403589244302e-13,,,,,,-1.7618845770982058e-15,0.0,-4.4847971053408916e-15,-0.49224490505834356,-29.08818361497183,6.000017841644093e-13,3.635889081829473e-13,0.027754702861460517,0.026338531565081764,-2.5627412030519365e-15,0.0,,0.0,1.937432349505961e-12,4.3214223536456766e-13,0.0,3.360394402501457e-13,1.2813706015259665e-15,0.0,0.0,0.0,-3.203426503814918e-16,0.0,0.0,4.8051397557223685e-15,-6.406853007629836e-16,1.02509648122077e-14,0.0,4.8051397557223685e-15,0.0,0.0,-9.770450836635532e-15,0.0,-9.770450836635532e-15,-9.770450836635532e-15,-6.477747867450745,,0.0,-9.770450836635532e-15,-9.770450836635532e-15,0.0,0.0,-9.770450836635532e-15,0.0,0.0,0.0,1.585696119388297e-13,1.585696119388297e-13,0.0,,-3.5237691541964136e-15,0.0,,,,-4.4521221550706685e-11,0.0,0.0,3.203426503814917e-16,0.0,-0.006557008999893397,,,,0.0,-4.4521221550706685e-11,0.10830254470033919,-0.06276140270461233,,0.024272972058513562,-0.0025495010174070684,-33.57766692893301,3.575023978257005e-13,0.0,0.0,2.2295848466550104e-13,0.0,0.0,0.0,0.0,0.016466731268534297,0.0,0.0,0.0,,,,,,,,0.0,,,,,0.0,0.0,0.0,0.0,-9.770450836635532e-15,-9.770450836635532e-15,-9.770450836635532e-15,,0.0,-4.4847971053408916e-15,-0.49224490505834356,0.0,3.203426503814917e-16,,-2.5627412030519365e-15,-0.0037962278156888226,7.797140110283402e-13,7.797140110283402e-13,3.632685655325659e-13,3.635889081829473e-13,0.0,-6.406853007629836e-16,-25.09667659467756,-4.6449684305316375e-15,0.0,2.655229407784628,-6.406853007629836e-16,0.0,-3.5237691541964136e-15,9.61027951144475e-16,0.0,-0.06276140270461233,0.0,0.0,0.0,0.0,0.0,0.0,0.024338328589513805,0.02433832858951349,0.024272972058513878,0.0,-0.0025495010174070684,0.0,-33.57766692893301,-33.57766692893301,0.0,0.0,0.0,0.0,0.0,1.1532335413733657e-14,0.0,-2.7229125282426824e-15,2.146295757555979e-14,1.1532335413733657e-14,-4.4687799728218796e-14,-4.6687859066630394e-11,-0.006733834345140729,0.0,9.61027951144475e-16,1.2813706015259665e-15,0.0,0.0,0.0,6.406853007629834e-16,1.537644721831152e-14,1.02509648122077e-14,0.0,0.0,-1.7618845770982058e-15,0.0,2.2327882731588247e-13,2.2327882731588247e-13,0.0,0.0,0.0,-0.28310923709132446,0.0,4.266964103080839e-13,1.9367916642051993e-12,1.9367916642051993e-12,1.337110222691727e-12,1.9390340627578667e-12,1.337110222691727e-12,1.9390340627578667e-12,1.9390340627578667e-12,1.937432349505961e-12,1.937432349505961e-12,6.406853007629834e-16,0.0,2.5627412030519317e-15,0.0,0.0,0.0,6.0865103572483304e-15,0.0,0.0,1.1532335413733657e-14,-6.406853007629836e-16,0.0,1.02509648122077e-14,0.0,0.0,-7.307757039663274e-05,1.2813706015259665e-15,-5.92633903205761e-15,-9.610279511444756e-16,-3.203426503814918e-16,-4.805139755722377e-16,-3.203426503814918e-16,0.0,-7.307757039663274e-05,0.0,0.0,0.0,0.0,1.9220559022889496e-15,-1.6017132519074597e-15,-4.805139755722377e-16,1.6209338109302572e-13,0.0,0.0,0.0,0.0,0.0,-1.6017132519074597e-15,0.0,3.4885314626540234e-13,0.0,0.0,1.937432349505961e-12,0.0,0.0,0.0,0.0,0.0,2.264822538196969e-13,0.0,0.0,0.0,0.0,0.0,0.0,0.0
yrhG,,1.6017132519074577e-15,-0.15867361286596476,-0.15867361286596476,0.015534235167129137,0.03182578614946148,0.03065145605588964,0.030650523939581037,0.08558037398179587,0.015534235167128822,-0.43273908226433627,,,-0.9163047482936978,-0.9163047482936981,-1.4729674794320085,-0.9163047482936978,-0.91682929297767,-0.9168292929776546,-0.560371382496959,-30.314362554224008,,-2.013580762620674,-1.451621762882351,-2.0135807626206663,-1.4516217628823505,-1.4516217628823505,-0.5051846030512425,-32.79609312022666,-32.79609312022666,-32.79609312022666,5.615606661186457e-13,9.61027951144475e-16,2.71330224873098e-13,,,,,,-1.7618845770982058e-15,0.0,1.4498609893664478,-0.4922449050043154,-28.847175515927653,2.8301705997390827,2.2341713234834453,0.7295072171167295,0.6997180962123619,0.0,0.0,,0.0,5.615606661186457e-13,1.255743189495393e-13,0.0,1.2237089244572467e-13,0.0,0.0,0.0,2.5627412030519317e-15,3.3315635639674756e-14,0.0,0.0,5.76616770686684e-15,-1.1211992763352217e-15,0.0,-9.610279511444756e-16,5.76616770686684e-15,-1.153233541373375e-14,0.0,-1.153233541373375e-14,0.0,-1.153233541373375e-14,-1.153233541373375e-14,-0.20081151118780885,,-1.153233541373375e-14,-1.153233541373375e-14,-1.153233541373375e-14,0.0,0.0,-1.153233541373375e-14,0.0,0.0,0.0,-4.693019828088931e-14,-4.693019828088931e-14,0.0,,0.0,-1.8579873722126642e-14,,,,,0.0,6.0865103572483304e-15,6.0865103572483304e-15,-8.008566259537297e-16,0.11305484652493487,,,,0.0,,-0.05708533371969512,0.14250644155273937,,0.15349173362904545,0.0640449429660725,-0.20178902579607846,-2.053396388945508e-13,0.0,1.9220559022889496e-15,6.086510357248215e-14,0.0,0.0,-4.164454454959399e-15,-4.164454454959399e-15,0.08359581279308279,0.0,-4.164454454959399e-15,0.0,,,,,,,,0.0,,,,,-5.766167706866863e-15,-30.40297432103039,-1.153233541373375e-14,0.0,-1.153233541373375e-14,-1.153233541373375e-14,-1.153233541373375e-14,,-1.153233541373375e-14,1.4498609893664478,-0.4922449050043154,-1.153233541373375e-14,-1.5333239238633625,,3.2034265038149143e-15,4.746094291843143,3.1617569330573945,3.1617569330573954,2.234171323483445,2.2341713234834453,0.0,-1.1211992763352217e-15,-24.855668502484466,-5.285653731294624e-15,-4.164454454959399e-15,0.37037046335655555,-1.1211992763352217e-15,-8.008566259537297e-16,-4.164454454959399e-15,0.0,-1.1211992763352217e-15,0.14250644155273937,3.203426503814917e-16,-4.6449684305316375e-15,-3.043255178624175e-15,0.0,8.969594210681742e-15,0.0,0.06968139157098702,0.06968139157098702,0.15349173362904545,-8.008566259537297e-16,0.0640449429660725,-1.1211992763352217e-15,-0.20178902579607846,-0.20178902579607846,0.0,0.0,-4.164454454959399e-15,0.0,0.0,3.523769154196405e-15,-4.6449684305316375e-15,-2.8830838534334283e-15,0.0,3.523769154196405e-15,-4.164454454959399e-15,8.905443600700266,-0.006733834345096637,0.0,0.0,0.0,-3.3635978290056677e-15,-4.164454454959399e-15,-4.164454454959399e-15,9.61027951144475e-16,8.969594210681742e-15,6.0865103572483304e-15,6.406853007629834e-16,-3.3635978290056677e-15,0.0,0.0,1.862805317845022,1.862805317845022,0.0,-3.3635978290056677e-15,-3.3635978290056677e-15,-0.2073454436196388,-3.3635978290056677e-15,-0.021317732616351892,6.945028660269069e-13,6.925808101246189e-13,3.87614606961553e-13,5.615606661186457e-13,3.87614606961553e-13,5.615606661186457e-13,5.615606661186457e-13,5.615606661186457e-13,5.615606661186457e-13,0.0,0.0,-2.8830838534334283e-15,0.0,0.0,0.0,0.08660466462402831,0.0,0.0,1.2173020714496637e-14,-0.06485283143545052,0.0,1.377473396640408e-14,9.61027951144475e-16,0.0,-2.92314723563777e-05,0.0,-0.3155003155674593,-2.082227227479698e-15,-0.03959383995365737,-3.203426503814918e-16,-6.406853007629836e-16,0.0,,0.0,1.9220559022889496e-15,0.0,1.9220559022889496e-15,0.0,5.2536194662563694e-14,3.2674950338911785e-14,4.0363173948067394e-14,2.5627412030519317e-15,2.5627412030519317e-15,2.5627412030519317e-15,2.5627412030519317e-15,0.0,1.9220559022889496e-15,0.0,-1.2717603220145784e-13,0.0,0.0,5.615606661186457e-13,0.0,0.0,0.0,0.0,0.0,6.02244182717192e-14,0.0,0.0,0.0,0.0,0.0,0.0,0.0
yutJ,,1.6017132519074577e-15,-9.814599727837727e-06,-9.81459972815807e-06,-8.168737584728063e-15,-5.766167706866863e-15,-5.766167706866863e-15,-5.92633903205761e-15,-1.6017132519074597e-15,-8.168737584728063e-15,-2.4613118604702065e-05,1.3646596906250905e-13,2.6876748367004657e-13,,,,-6.817528740100656e-05,,,2.6620474246699514e-13,,,0.22295404381308795,0.21128057049805063,0.2229540438130893,0.21128057049805118,0.21128057049805118,-0.23073809399405357,0.2406705510213484,0.2406705510213484,0.24067055102134896,1.0061962648479148e-12,0.0,3.6679233468676144e-13,,,,,,-2.082227227479698e-15,-4.805139755722384e-15,3.748009009462967e-13,-0.4922449049378772,-28.59719726348451,3.104120282196321e-13,1.8836147842430487e-13,0.02775470286100456,0.026338531564666246,0.0,0.0,1.4164611783628862,-4.805139755722384e-15,1.0061962648479148e-12,2.274432817708412e-13,0.0,1.9733107263498543e-13,2.242398552670425e-14,0.0,0.0,3.2034265038149143e-15,6.72719565801117e-14,2.242398552670425e-14,0.0,0.0,0.0,1.0891650112970678e-14,0.0,0.0,-1.4095076616785707e-14,-1.4095076616785707e-14,-1.4095076616785707e-14,-1.4095076616785707e-14,-1.4095076616785707e-14,-1.4095076616785707e-14,-6.447333442643642,,-1.4095076616785707e-14,-1.4095076616785707e-14,-1.4095076616785707e-14,-1.4095076616785707e-14,-1.4095076616785707e-14,0.0,-1.4095076616785707e-14,-1.4095076616785707e-14,-1.4095076616785707e-14,-1.4095076616785707e-14,-1.4095076616785707e-14,0.0,,0.0,-2.2103642876323103e-14,,,,-2.322340061091835e-11,0.0,-3.203426503814918e-16,0.0,0.0,-0.003315790952496824,,,,3.844111804577896e-15,-2.322340061091835e-11,0.11159234652392964,-0.05615541852310327,,0.023402778026003438,-0.0018116137180747484,-33.05591731910567,4.721850666622416e-13,6.406853007629834e-16,2.2423985526704407e-15,1.0218930547169226e-13,0.0,0.0,-4.805139755722384e-15,-4.805139755722384e-15,0.016724404486876503,0.0,-4.805139755722384e-15,0.0,,,,,,,,0.0,,,,,0.0,1.3454391316022592e-14,-1.4095076616785707e-14,0.0,-1.4095076616785707e-14,-1.4095076616785707e-14,-1.4095076616785707e-14,,-1.4095076616785707e-14,3.748009009462967e-13,-0.49224490493787565,-1.4095076616785707e-14,8.649251560300252e-15,,0.0,-0.0037962278116799304,4.0459276743176736e-13,4.0363173948062315e-13,1.8836147842430487e-13,1.8836147842430487e-13,0.0,-1.2813706015259676e-15,-24.605690258466304,-6.246681682439103e-15,-4.805139755722384e-15,1.2380964679935764,0.0,0.0,-4.805139755722384e-15,1.2813706015259665e-15,-1.2813706015259676e-15,-0.05615541852310327,0.0,-5.285653731294624e-15,0.0,-1.4415419267167136e-15,-1.0731478787780014e-14,0.0,0.023461946019056372,0.023461946019056372,0.023402778026003438,0.0,-0.0018116137180747484,-1.2813706015259676e-15,-33.05591731910567,-33.05591731910567,0.0,0.0,-4.805139755722384e-15,0.0,0.0,1.9220559022889496e-15,5.44582505648535e-15,3.523769154196405e-15,-1.2076917919382744e-13,4.164454454959387e-15,2.6908782632042797e-13,-2.435356948148289e-11,-0.006733834344553207,0.0,-2.7229125282426824e-15,-2.7229125282426824e-15,0.0,-4.805139755722384e-15,-4.805139755722384e-15,0.0,3.427666359081921e-14,2.402569877861168e-14,0.0,0.0,-2.082227227479698e-15,0.0,3.1361545472344634e-13,3.1361545472344634e-13,0.0,0.0,-3.6839404793871596e-15,-0.27992506554084384,3.844111804577896e-15,2.0982443599986186e-13,8.940763372144666e-13,8.963187357671356e-13,6.941825233765257e-13,1.0081183207502023e-12,6.941825233765257e-13,1.0061962648479148e-12,1.0081183207502023e-12,1.0061962648479148e-12,1.0061962648479148e-12,0.0,0.0,0.0,0.0,0.0,0.0,4.484797105340878e-15,0.0,0.0,0.0,0.0,0.0,0.0,1.5056104567930036e-14,0.0,-0.0001493282412554076,2.242398552670425e-14,-1.8579873722126642e-14,-1.2813706015259676e-15,6.406853007629834e-16,0.0,3.203426503814917e-16,-3.5237691541964136e-15,-0.0001493282412554076,0.0,0.0,2.2423985526704407e-15,2.2423985526704407e-15,0.0,1.0891650112970309e-13,6.695161392973022e-14,5.445825056485257e-14,3.2034265038149143e-15,3.2034265038149143e-15,3.2034265038149143e-15,3.2034265038149143e-15,0.0,2.2423985526704407e-15,0.0,2.8029981908377805e-13,0.0,0.0,1.0061962648479148e-12,0.0,0.0,0.0,0.0,0.0,1.0443170402436254e-13,0.0,0.0,0.0,0.0,0.0,0.0,0.0
yutK,,0.0,0.009540869220964636,0.009540869220964636,0.009236460163874973,0.018701818753153278,0.017957939270978388,0.01795735058655344,0.052022018011920794,0.009236460163874336,0.023667694242829985,1.0200896773181158,3.882617842049855,-31.15565879708659,-31.15565879708659,,-31.15565879708659,-29.29711387187694,-29.29711387187694,-0.5519845954413517,,,0.5103023272326341,0.47779130421156935,0.510302327232641,0.47779130421156957,0.47779130421156957,-0.3951774222600102,0.5612582727356827,0.5612582727356827,0.5612582727356827,9.80568852817413e-13,0.0,4.558475914927908e-13,,,,,,0.0,0.0,-1.013884488457457e-13,-0.4922449049875924,-28.780061320211377,3.0368483256162223e-13,1.835563386685831e-13,0.027754702861149734,0.026338531564796784,0.0,0.0,,0.0,9.786467969151253e-13,2.1655163165787217e-13,0.0,1.6337475169455154e-13,1.6017132519074577e-15,0.0,1.9220559022889496e-15,-2.7229125282426824e-15,-1.6657817819837668e-14,0.0,0.0,6.0865103572483304e-15,0.0,2.402569877861168e-14,0.0,6.0865103572483304e-15,-1.2333192039687486e-14,-1.2333192039687486e-14,-1.2333192039687486e-14,-1.2333192039687486e-14,-1.2333192039687486e-14,-1.2333192039687486e-14,-7.237328901198191,,-1.2333192039687486e-14,-1.2333192039687486e-14,-1.2333192039687486e-14,-1.2333192039687486e-14,-1.2333192039687486e-14,-1.2333192039687486e-14,-1.2333192039687486e-14,-1.2333192039687486e-14,-1.2333192039687486e-14,-1.963700446838678e-13,-1.963700446838678e-13,-3.203426503814918e-16,,-4.324625780150146e-15,0.0,,,,-2.2326441189836018e-11,6.406853007629834e-16,0.0,6.406853007629834e-16,0.0,-0.013997211408797979,,,,3.523769154196405e-15,-2.2326441189836018e-11,0.17354358855075516,-0.10809576963124075,,0.03886128622080009,-0.004800307145367406,-34.035811383033526,2.6652508511737654e-13,0.0,1.9220559022889496e-15,1.1244027028389923e-13,0.0,0.0,-4.324625780150146e-15,-4.324625780150146e-15,0.025334544183632342,6.406853007629834e-16,-4.324625780150146e-15,0.0,,,,,,,,6.4068530076298215e-15,,,,,-6.246681682439103e-15,0.0,-1.2333192039687486e-14,0.0,-1.2333192039687486e-14,-1.2333192039687486e-14,-1.2333192039687486e-14,,-1.2333192039687486e-14,-1.013884488457457e-13,-0.4922449049875924,-1.2333192039687486e-14,0.0,,0.0,-0.003796227813262578,3.949824879203253e-13,3.949824879203253e-13,1.8387668131896457e-13,1.8387668131896457e-13,0.0,0.0,-24.788554308888767,-5.44582505648537e-15,-4.324625780150146e-15,2.9253493259839134,0.0,0.0,-3.4116492265629275e-14,-8.008566259537297e-16,9.61027951144475e-16,-0.10809576963124075,0.0,-4.6449684305316375e-15,-3.043255178624175e-15,0.0,-9.450108186254038e-15,-9.450108186254038e-15,0.038958166831140145,0.03895816683113983,0.03886128622080009,0.0,-0.004800307145367406,0.0,-34.035811383033526,-34.035811383033526,0.0,0.0,-4.324625780150146e-15,0.0,0.0,1.2493363364878124e-14,-4.6449684305316375e-15,-3.3635978290056677e-15,0.0,1.2493363364878124e-14,-2.114261492517861e-14,-2.3458692287627365e-11,-0.0067338343444576215,0.0,-4.805139755722377e-16,-4.805139755722377e-16,0.0,-4.324625780150146e-15,-4.324625780150146e-15,-9.610279511444756e-16,7.36788095877429e-15,4.484797105340878e-15,0.0,-3.203426503814921e-15,0.0,6.406853007629834e-16,5.894304767019328e-14,5.894304767019328e-14,0.0,0.0,-3.203426503814921e-15,-0.4682913534294014,0.0,2.296856803235113e-13,1.014845516408209e-12,1.014845516408209e-12,6.743212790528826e-13,9.786467969151253e-13,6.75602649654408e-13,9.786467969151253e-13,9.80568852817413e-13,9.786467969151253e-13,9.786467969151253e-13,-9.610279511444756e-16,0.0,0.0,6.406853007629834e-16,6.406853007629834e-16,0.0,1.6017132519074577e-15,0.0,0.0,1.9540901673270865e-14,4.8051397557223685e-15,0.0,3.523769154196405e-15,-9.610279511444756e-16,0.0,-1.4615810213186794e-05,0.0,-1.0411136137398519e-14,-1.6017132519074597e-15,2.5627412030519317e-15,-4.805139755722377e-16,-3.203426503814918e-16,0.0,-1.4615810213186794e-05,0.0,0.0,0.0,1.9220559022889496e-15,0.0,-2.7709639257999302e-14,-1.6657817819837668e-14,8.777388620452607e-14,-2.7229125282426824e-15,-2.7229125282426824e-15,-2.7229125282426824e-15,-2.7229125282426824e-15,6.406853007629834e-16,0.0,0.0,3.7544158624705954e-13,0.0,0.0,9.786467969151253e-13,0.0,0.0,0.0,0.0,0.0,1.1340129823504364e-13,0.0,0.0,0.0,0.0,0.0,0.0,0.0
ywcA,,0.0,-0.49455556264183126,-0.49455556264183076,-0.006961166720158138,-0.014165448705429516,-0.013613945364608302,-0.01361350853755322,-0.04878417480716564,-0.006961166720158138,-1.822754311384966,-29.288989288172377,-27.16030850535588,0.9841314730681496,0.9841314730681492,,0.9841314730681192,1.1994095674587208,1.1994095674587208,0.32155867808061933,,,-3.228919175515305,-2.532072181741354,-3.2289191755154163,-2.532072181741353,-2.532072181741354,-34.8334628806115,-33.887284093456294,-33.887284093456294,-33.887284093456294,1.5165021069051849e-12,0.0,5.176737230163978e-13,,,,,,0.0,-5.285653731294624e-15,1.4498609890385987,0.0,0.0,3.9342668850363505,3.272200488316597,1.317883116075949,1.2726941031035994,0.0,0.0,,-5.285653731294624e-15,1.514259708352517e-12,3.411649226562484e-13,2.0822272274796813e-14,2.7293193812500517e-13,0.0,3.523769154196405e-15,0.0,-3.3635978290056677e-15,6.759229923049318e-14,0.0,2.0822272274796813e-14,7.36788095877429e-15,-1.1211992763352217e-15,1.02509648122077e-14,1.3454391316022592e-14,7.36788095877429e-15,-1.521627589312094e-14,-1.521627589312094e-14,-1.521627589312094e-14,-1.521627589312094e-14,-1.521627589312094e-14,-1.521627589312094e-14,-7.438205242885741,,0.0,-1.521627589312094e-14,-1.521627589312094e-14,0.0,-1.521627589312094e-14,-1.521627589312094e-14,-1.521627589312094e-14,-1.521627589312094e-14,-1.521627589312094e-14,-1.521627589312094e-14,-1.521627589312094e-14,3.203426503814917e-16,,-5.605996381676117e-15,0.0,,,,-24.680416240427633,4.8051397557223685e-15,0.0,6.406853007629834e-16,1.4095076616785568e-14,0.272527019662195,,,,0.0,-24.680416240427633,-0.17484596604475233,0.39938771095938935,,0.37533669897120076,0.14904750918544937,-33.933083667619755,4.59371360646986e-13,0.0,2.5627412030519317e-15,1.5888995458921115e-13,0.0,0.0,-5.285653731294624e-15,-5.285653731294624e-15,0.1953282954436736,4.8051397557223685e-15,-5.285653731294624e-15,0.0,,,,,,,,0.0,,,,,-7.688223609155822e-15,-30.031005543942307,-1.521627589312094e-14,0.0,-1.521627589312094e-14,-1.521627589312094e-14,-1.521627589312094e-14,,0.0,1.4498609890385987,0.0,-1.521627589312094e-14,-1.5333239234927585,,0.0,5.940263442872873,4.291546126788228,4.291546126788228,3.2722004883165963,3.272200488316597,0.0,0.0,-24.48369973907391,0.0,-5.285653731294624e-15,3.7683078034049338,0.0,0.0,5.125482406103859e-15,0.0,0.0,0.39938771095938935,0.0,0.0,0.0,0.0,0.0,0.0,0.16081080957400723,0.16081080957400723,0.37533669897120076,0.0,0.14904750918544937,0.0,-33.933083667619755,-33.933083667619755,0.0,0.0,-5.285653731294624e-15,0.0,0.0,6.727195658011312e-15,0.0,0.0,7.790615723358601,6.727195658011312e-15,-28.039000141895364,10.128841874828302,-0.006733834343468281,0.0,2.30155742704017,2.30155742704017,2.0822272274796813e-14,-5.285653731294624e-15,-5.285653731294624e-15,0.0,4.3246257801500745e-14,2.8510495883952485e-14,0.0,2.0822272274796813e-14,0.0,4.8051397557223685e-15,1.8628053138252358,1.8628053138252358,4.8051397557223685e-15,2.5307069380137627e-14,2.0822272274796813e-14,-1.3818481478423021,2.0822272274796813e-14,-0.02131773261520571,1.2813706015253982e-12,1.2813706015253982e-12,1.045278068194429e-12,1.5165021069051849e-12,1.045278068194429e-12,1.5165021069051849e-12,1.5165021069051849e-12,1.5165021069051849e-12,1.514259708352517e-12,0.0,0.0,0.0,7.047538308392801e-15,6.0865103572483304e-15,0.0,2.292654643704986,0.0,0.0,0.0,-0.06485283142693887,0.0,0.0,-1.2813706015259676e-15,2.0822272274796813e-14,-6.36373467518075e-06,0.0,-0.31550031546648033,1.9220559022889496e-15,-0.03959383995048169,0.0,4.484797105340878e-15,-3.6839404793871596e-15,-6.36373467518075e-06,-2.40256987786119e-15,0.0,-2.40256987786119e-15,2.5627412030519317e-15,0.0,1.0763513052817723e-13,6.791264188087466e-14,7.752292139231892e-14,-3.3635978290056677e-15,-3.3635978290056677e-15,-7.047538308392836e-15,-7.047538308392836e-15,-8.008566259537297e-16,0.0,1.4095076616785568e-14,3.5846342577684475e-13,0.0,0.0,1.5165021069051849e-12,0.0,1.4095076616785568e-14,2.0822272274796813e-14,2.0822272274796813e-14,2.0822272274796813e-14,1.6049166784111845e-13,1.4095076616785568e-14,0.0,2.0822272274796813e-14,0.0,0.0,0.0,0.0
ywrB,,0.0,0.00469304603300099,0.00469304603300099,0.004543564577814375,0.009187003875401889,0.008811748684832471,0.008811452050090979,0.02533791327480852,0.004543564577814375,0.011701706422060039,0.4001401560210585,0.8505525483281845,-30.1241535959652,-30.1241535959652,,-30.124154496322483,-27.891930715317187,-27.891930715317187,-0.29008681404229225,,,0.35116434351843506,0.3299345281594849,0.3511643435184416,0.3299345281594849,0.32993452815948515,-0.31188703481877733,0.3841105879800668,0.38411058798006703,0.38411058798006725,1.0628969139653982e-12,6.406853007629834e-16,5.038989890499986e-13,,,,,,0.0,0.0,-3.251477901372178e-14,-0.4922449049961496,-28.81400865206193,3.353987549493829e-13,2.0341758299223293e-13,0.027754702861189015,0.026338531564832957,0.0,6.0865103572483304e-15,,-4.324625780150146e-15,1.0628969139653982e-12,2.364128759815216e-13,0.0,1.931666181800266e-13,0.0,2.8830838534334232e-15,0.0,-5.605996381676117e-15,-5.44582505648537e-15,0.0,0.0,0.0,9.61027951144475e-16,2.6588439981663572e-14,0.0,0.0,-1.1852678064115245e-14,-1.1852678064115245e-14,0.0,-1.1852678064115245e-14,0.0,0.0,-6.812488546462887,,0.0,0.0,0.0,0.0,0.0,-1.1852678064115245e-14,0.0,0.0,0.0,-5.99040756213402e-14,-5.99040756213402e-14,0.0,,0.0,0.0,,,,-2.388618955456848e-11,0.0,0.0,3.203426503814917e-16,-1.1211992763352217e-15,-0.008300521656395166,,,,0.0,-2.388618955456848e-11,0.13267354266009906,-0.07819764347734622,,0.029835511288892714,-0.003184452880559674,-33.64161869397274,-1.233319203968796e-13,0.0,1.9220559022889496e-15,1.246132909983949e-13,0.0,0.0,-4.324625780150146e-15,-4.324625780150146e-15,0.020151278582247956,0.0,-4.324625780150146e-15,0.0,,,,,,,,0.0,,,,,0.0,0.0,-1.1852678064115245e-14,0.0,0.0,0.0,0.0,,0.0,-3.251477901372178e-14,-0.4922449049961484,-1.1852678064115245e-14,6.406853007629834e-16,,2.8830838534334232e-15,-0.0037962278134989714,4.3534566186838164e-13,4.359863471691444e-13,2.0277689769147002e-13,2.030972403418515e-13,-8.008566259537297e-16,-1.1211992763352217e-15,-24.822501639654373,-5.285653731294624e-15,-4.324625780150146e-15,2.911018595919176,0.0,-8.008566259537297e-16,-4.004283129768652e-15,-1.1211992763352217e-15,-1.1211992763352217e-15,-0.07819764347734622,0.0,0.0,0.0,0.0,0.0,0.0,0.029911899675453064,0.029911899675452748,0.029835511288892714,-8.008566259537297e-16,-0.003184452880559674,0.0,-33.64161869397274,-33.64161869397274,6.406853007629834e-16,6.406853007629834e-16,-4.324625780150146e-15,0.0,0.0,5.44582505648535e-15,0.0,0.0,-2.6107926006091817e-14,7.047538308392801e-15,2.498672672975614e-14,-2.5093080489901238e-11,-0.006733834344640105,0.0,-3.203426503814918e-16,0.0,-3.203426503814921e-15,0.0,0.0,6.406853007629834e-16,2.2744328177085736e-14,1.537644721831152e-14,0.0,0.0,0.0,6.406853007629834e-16,-3.844111804577953e-14,-3.844111804577953e-14,6.406853007629834e-16,0.0,-3.203426503814921e-15,-0.3503884829067639,0.0,1.803529121647686e-13,1.0811564450371296e-12,1.0811564450371296e-12,7.335846693734296e-13,1.0628969139653982e-12,7.335846693734296e-13,1.0628969139653982e-12,1.0628969139653982e-12,1.0628969139653982e-12,1.0628969139653982e-12,6.406853007629834e-16,0.0,0.0,0.0,0.0,0.0,-1.2813706015259676e-15,0.0,0.0,-3.3635978290056677e-15,-6.406853007629836e-16,0.0,-3.3635978290056677e-15,-2.082227227479698e-15,0.0,-4.3846986432702414e-05,1.6017132519074577e-15,1.2813706015259665e-15,-8.008566259537297e-16,-8.008566259537297e-16,-6.406853007629836e-16,-3.203426503814918e-16,2.8830838534334232e-15,-4.3846986432702414e-05,0.0,1.9220559022889496e-15,-1.922055902288952e-15,1.9220559022889496e-15,0.0,-8.80942288549105e-15,-5.44582505648537e-15,1.0218930547169226e-13,-2.8830838534334283e-15,-5.605996381676117e-15,-5.605996381676117e-15,-5.605996381676117e-15,0.0,0.0,-1.1211992763352217e-15,-1.2140986449459048e-13,0.0,0.0,1.0628969139653982e-12,0.0,0.0,0.0,0.0,0.0,1.2621500425030224e-13,-1.1211992763352217e-15,0.0,0.0,0.0,0.0,0.0,0.0
zwf,,1.6017132519074577e-15,-1.1372164088543004e-14,-1.1372164088543004e-14,-7.047538308392836e-15,-6.246681682439103e-15,-3.6839404793871596e-15,-3.844111804577906e-15,0.0,-7.047538308392836e-15,-2.5947754680901065e-14,1.1211992763351777e-13,2.1206683455253194e-13,,,,,,,2.1206683455253194e-13,,-0.08052092367078312,,-0.38176758814194783,1.206020222464906,-0.38176758814194744,-0.3817675881419472,-0.43016650469455026,,,-0.7729224095675106,7.966921714985501e-13,0.0,1.156436967877139e-13,,,,,,0.0,-5.285653731294624e-15,1.4498609890381324,-0.4922449049010268,-28.475206739419374,2.6876748367004657e-13,1.630544090441701e-13,0.027754702860852465,0.02633853156452753,0.0,0.0,,-5.285653731294624e-15,7.966921714985501e-13,1.774698283113355e-13,0.0,1.1692506738923977e-13,0.0,3.523769154196405e-15,0.0,-3.6839404793871596e-15,3.203426503814917e-16,0.0,0.0,7.36788095877429e-15,-1.1211992763352217e-15,0.0,0.0,7.36788095877429e-15,-1.521627589312094e-14,-1.521627589312094e-14,-1.521627589312094e-14,-1.521627589312094e-14,-1.521627589312094e-14,-1.521627589312094e-14,0.0,,-1.521627589312094e-14,-1.521627589312094e-14,-1.521627589312094e-14,-1.521627589312094e-14,-1.521627589312094e-14,-1.521627589312094e-14,-1.521627589312094e-14,-1.521627589312094e-14,-1.521627589312094e-14,-1.521627589312094e-14,-1.521627589312094e-14,0.0,0.2299807205830104,-5.605996381676117e-15,0.0,,,,-1.5184882313463386e-11,0.0,0.0,3.203426503814917e-16,0.0,-0.02129499201456197,,,0.2299807205830104,0.0,-1.5184882313463386e-11,-0.028040591400882893,-0.017894131494177352,,-0.002364532226546916,0.005863309687023488,,-6.7271956580113425e-15,0.0,2.5627412030519317e-15,8.841457150528902e-14,0.0,0.0,-5.285653731294624e-15,-5.285653731294624e-15,-0.0032568874896487486,0.0,-5.285653731294624e-15,0.0,,0.15782051745146217,,,,,,0.0,,,,,-7.688223609155822e-15,-30.031005543942307,-1.521627589312094e-14,0.0,-1.521627589312094e-14,-1.521627589312094e-14,-1.521627589312094e-14,,-1.521627589312094e-14,1.4498609890381324,-0.4922449049010268,-1.521627589312094e-14,-1.5333239234927585,,0.0,2.8638632944102523e-13,3.504548595173094e-13,3.504548595173094e-13,1.630544090441701e-13,1.6241372374340717e-13,0.0,0.0,-24.48369973907391,0.0,-5.285653731294624e-15,0.0,0.0,0.0,5.125482406103859e-15,0.0,0.0,-0.017894131494177352,0.0,0.0,0.0,0.0,0.0,0.0,-0.0023704131230213596,-0.002370413123021039,-0.002364532226546916,0.0,0.005863309687027955,0.0,,,0.0,0.0,-5.285653731294624e-15,0.0,0.0,0.0,0.0,0.0,-9.52859213560062e-13,0.0,-28.039000141895407,-1.738707786353581e-11,2.0565998154490306e-13,0.0,-1.6978160470219163e-14,-1.7618845770982157e-14,0.0,-5.285653731294624e-15,-5.285653731294624e-15,0.0,-0.1337626417854239,-0.1143689217433441,0.0,0.0,0.0,0.0,-1.0862819274440475e-12,-1.0862819274440475e-12,0.0,0.0,-4.324625780150146e-15,-0.03306566391614123,0.0,2.2103642876322762e-14,2.7613536462881945e-13,2.7613536462881945e-13,5.497079880545352e-13,7.966921714985501e-13,5.497079880545352e-13,7.966921714985501e-13,7.966921714985501e-13,7.966921714985501e-13,7.966921714985501e-13,0.0,0.0,0.0,0.0,0.0,0.0,-1.0282999077246252e-13,0.0,0.0,0.0,0.06485283142693872,0.0,0.0,-1.2813706015259676e-15,0.0,,0.0,-9.946639294345662e-14,0.0,0.0,0.0,-3.203426503814918e-16,-3.6839404793871596e-15,,-2.40256987786119e-15,0.0,-2.40256987786119e-15,2.5627412030519317e-15,0.0,6.406853007629834e-16,0.0,6.631092862896728e-14,-3.6839404793871596e-15,-3.6839404793871596e-15,-3.6839404793871596e-15,-3.6839404793871596e-15,0.0,0.0,0.0,-1.1964797991749213e-13,0.0,0.0,7.966921714985501e-13,0.0,0.0,0.0,0.0,0.0,9.001628475719637e-14,0.0,0.0,0.0,0.0,0.0,0.0,0.0
