,PGI,PFK,FBA,TPI,GAPD,PGK,PGM,ENO,GLCptspp,PYK,FBA_reverse,PGK_reverse,ENO_reverse,GAPD_reverse,TPI_reverse,PGI_reverse,PGM_reverse,G6PDH2r,PGL,GND,RPE,RPI,TKT1,TKT2,TALA,G6PDH2r_reverse,RPE_reverse,RPI_reverse,TKT1_reverse,TKT2_reverse,TALA_reverse,EDA,EDD,PDH,CS,ACONTa,ACONTb,ICDHyr,AKGDH,SUCOAS,SUCDi,FUM,MDH,ACONTa_reverse,ACONTb_reverse,ICDHyr_reverse,SUCOAS_reverse,FUM_reverse,MDH_reverse,FBP,PPCK,ME1,ME2,PPC,CHORS,DHQS,DHQTi,DHAD1,IPMD,IPPS,PSERT,PSP_L,SERAT,SERAT_reverse,DAPDC,DAPE,DHDPS,DHDPRy,ACCOAC,ACACT1r,ACACT2r,ACACT3r,ACACT4r,ACACT5r,ACACT6r,ACACT7r,ACACT8r,ACACT1r_reverse,ACACT2r_reverse,ACACT3r_reverse,ACACT4r_reverse,ACACT5r_reverse,ACACT6r_reverse,ACACT7r_reverse,ACACT8r_reverse,ECOAH1,ECOAH2,ECOAH3,ECOAH4,ECOAH5,ECOAH6,ECOAH7,ECOAH8,ECOAH1_reverse,ECOAH2_reverse,ECOAH3_reverse,ECOAH4_reverse,ECOAH5_reverse,ECOAH6_reverse,ECOAH7_reverse,ECOAH8_reverse,HACD1,HACD2,HACD3,HACD4,HACD5,HACD6,HACD7,HACD8,HACD1_reverse,HACD2_reverse,HACD3_reverse,HACD4_reverse,HACD5_reverse,HACD6_reverse,HACD7_reverse,HACD8_reverse,ACKr,ACKr_reverse,ALATA_L,ALATA_L_reverse,ANS,ASPTA,ASPTA_reverse,CYSTL,GHMT2r,GHMT2r_reverse,GLNS,GLUPRT,ICL,MALS,METS,MTHFC,MTHFC_reverse,MTHFD,MTHFD_reverse,MTHFR2,PPS,PRAIS,PTAr,PTAr_reverse,THRS
wildtype,0.9011592052150132,-0.1358046901324103,-0.13580469013241084,-0.3175676874859251,-0.13144005790816335,0.0,0.0,-0.005763712653848439,3.203426503814917e-16,15.672581293676908,0.0,-0.13144005790816352,0.0,0.0,0.0,0.0,-0.005789663660559591,-18.532101364143312,-18.532101364143312,-18.20087538106439,-17.235473588580643,0.0,-16.434951390730042,-16.00394219060195,-16.434951390730042,0.0,18.369994906764624,1.2179833742432404,17.269116743469347,17.464285943927973,17.269116743469347,-16.24679548400291,-16.24679548400291,-19.772991225231088,2.1002770500661914,2.095558955354307,2.095558955354307,2.275653955582998,3.6682016153124373,0.0,3.247246630698942,2.1154989843530774,1.3100884669594421,0.0,0.0,0.0,18.492734247974187,0.0,0.0,0.0,-14.4807137130674,0.0,-14.4394869426967,-0.0855250178512389,-1.0090793487017027e-14,-1.1372164088543004e-14,-1.1372164088543004e-14,3.203426503814917e-16,0.0,-3.203426503814918e-16,-1.248359415108828,-1.248359415108828,9.61027951144475e-16,0.0,-8.008566259537297e-16,0.0,6.406853007629834e-16,6.406853007629834e-16,3.247691639616905,-1.2813706015259676e-15,-1.2813706015259676e-15,-6.406853007629836e-16,-1.2312769302867228,-1.2312769302867228,-0.8752804506863757,-0.8752804506863748,3.5279336086470553e-12,0.0,0.0,0.0,0.0,0.0,0.0,0.0,0.0,-1.2813706015259676e-15,-1.2813706015259676e-15,-6.406853007629836e-16,-1.2312769302867228,-1.2312769302867228,-0.8752804506863757,-0.8752804506863757,0.0,0.0,0.0,0.0,0.0,0.0,0.0,0.0,5.011120079908973e-12,-1.2813706015259676e-15,-6.406853007629836e-16,-6.406853007629836e-16,-1.2312769302867228,-1.2312769302867228,-0.8752804506863757,-0.8752804506863757,0.0,0.0,0.0,0.0,0.0,0.0,0.0,0.0,0.0,0.0,-18.811419977728082,0.0,-0.7889922029558183,0.0,0.0,0.1569955359877674,1.6017132519074577e-15,-1.8157466290571735,0.0,-6.5670243328205966e-15,-1.3934905291594958e-14,-13.639969496019916,-13.644498785145327,-9.337988258620786e-14,-2.1250136621952582,0.0,-2.1250136621952582,0.0,-9.337988258620786e-14,0.0,-1.2813706015259728e-14,-18.811419977728082,0.0,0.6946051097148919
AlsR,-19.17226259193999,-18.948065402450858,-18.948065402450858,-0.5751926438016159,-0.2391151410631018,0.0,0.0,-0.25469037468078176,-0.8131568451699838,0.0,0.0,-0.23911514106310197,0.0,0.0,0.0,0.0,-0.25469037468078176,1.0675912818880515,1.0675912818880515,0.3883518220750116,0.6080525733598812,0.0,0.47555916571890644,0.8457985246455203,-15.300550530351618,0.0,0.0,0.23094354135478162,0.0,0.0,0.0,1.95930994444409,1.9593099444440896,0.0,-2.2825901549860004,-2.2825901549860004,-2.282590154986001,-2.2825901549860004,-17.775955033672634,0.0,-17.88717043768145,-2.3177119094522998,-1.4942929792933917,0.0,0.0,0.0,-17.581194594861067,0.0,0.0,0.0,-15.270502444528079,0.0,-16.03579713510097,-1.008970831312968,2.2423985526704407e-15,2.2423985526704407e-15,2.2423985526704407e-15,0.0,0.0,0.0,-0.046101092250391267,-0.046101092250391267,-1.1211992763352217e-15,0.0,0.0,0.0,6.406853007629834e-16,6.406853007629834e-16,-3.3635978290056677e-15,-6.406853007629836e-16,-1.4415419267167136e-15,-1.4415419267167136e-15,-1.4415419267167136e-15,0.0,0.0,0.0,0.0,0.0,0.0,0.0,0.0,0.0,0.0,0.0,0.0,-6.406853007629836e-16,-1.4415419267167136e-15,-1.4415419267167136e-15,0.0,0.0,0.0,0.0,0.0,0.0,0.0,0.0,0.0,0.0,0.0,0.0,0.0,-6.406853007629836e-16,-1.4415419267167136e-15,-1.4415419267167136e-15,-6.406853007629836e-16,0.0,0.0,0.0,0.0,0.0,0.0,0.0,0.0,0.0,0.0,0.0,0.0,0.0,-3.203426503814918e-16,0.0,-0.788990267127628,0.0,0.0,1.729850312060045e-14,1.6017132519074577e-15,-0.07038283648995636,0.0,3.555803419234515e-14,6.983469778316352e-14,0.0,0.0,-1.6017132519074597e-15,6.31075021251525e-14,0.0,6.374818742591545e-14,0.0,-1.6017132519074597e-15,0.0,7.015504043354499e-14,3.203426503814917e-16,0.0,0.0
AppY,-0.5730950553630092,-0.24613233212880645,-0.2461323321288074,0.006324892626080443,0.002944223476886401,0.0,0.0,0.0031743381708610333,0.21577746918990462,-0.49461957185294275,0.0,0.0029442234768860816,0.0,0.0,0.0,0.0,0.0031743381708607137,6.067157591719992,6.067157591719989,0.0,0.0,0.0,0.0,0.0,0.0,0.0,-15.381355933053339,1.8917480016295398,-13.406049289785651,-14.958037817649036,-13.406049289785651,-16.778720980721413,-16.778720980721413,-19.858392955813198,-0.6562688397857473,-0.6562688397857473,-0.6562688397857481,-0.6562688397857476,-0.8758983576809402,0.0,2.629009006088559,-0.6612292139621221,-0.6059891603215355,0.0,0.0,0.0,-1.049764863350934,0.0,0.0,0.0,-13.575683971995725,0.0,-13.456908364394927,-0.19418995637006725,1.2813706015259665e-15,1.2813706015259665e-15,1.2813706015259665e-15,4.484797105340878e-15,-4.805139755722377e-16,6.406853007629834e-16,-9.241885463506334e-14,-9.209851198468182e-14,1.377473396640408e-14,0.0,0.0,0.0,0.0,6.406853007629834e-16,6.727195658011312e-15,-2.2423985526704442e-15,-2.2423985526704442e-15,-1.4415419267167136e-15,-1.4415419267167136e-15,-8.008566259537297e-16,-8.008566259537297e-16,0.0,0.0,0.0,0.0,0.0,0.0,0.0,0.0,0.0,0.0,-2.2423985526704442e-15,-2.2423985526704442e-15,-1.4415419267167136e-15,-1.4415419267167136e-15,-8.008566259537297e-16,-8.008566259537297e-16,0.0,0.0,0.0,0.0,0.0,0.0,0.0,0.0,0.0,0.0,-2.2423985526704442e-15,-2.2423985526704442e-15,-1.4415419267167136e-15,-1.4415419267167136e-15,-8.008566259537297e-16,-8.008566259537297e-16,0.0,0.0,0.0,0.0,0.0,0.0,0.0,0.0,0.0,0.0,0.0,-6.406853007629836e-16,0.0,6.406853007629834e-16,0.0,0.0,-7.367880958774498e-14,1.9220559022889496e-15,-1.4527539194801382e-13,0.0,-1.21730207144972e-13,-2.4618332681819743e-13,0.0,7.633765358588929e-13,3.2034265038149143e-15,-2.2087625743805547e-13,0.0,-2.2071608611286472e-13,0.0,1.6017132519074577e-15,0.0,-2.4618332681819743e-13,-3.203426503814918e-16,0.0,-4.805139755722377e-16
ArcA,2.369972602019966,0.2616509566315588,0.2616509566315588,0.4371021047822982,0.19231931187172682,0.0,0.0,0.21356538376341222,3.203426503814917e-16,2.233769885039002,0.0,0.19231931187172682,0.0,0.0,0.0,0.0,0.21354197315058573,-1.443496075113063,-1.4434960751130634,-1.366036696681796,-1.6736524966443995,0.0,-1.5055043304930953,-1.8901213788334394,-17.529505764003098,0.0,0.0,-1.021933558339677,0.0,0.0,0.0,-15.016128503476232,-15.016128503476237,-19.326690105185666,0.9357051392921765,0.8564846264078785,0.8564846264078781,0.8564846264078784,1.2173226074850574,0.0,1.0760680508653793,0.8640988679009534,0.9456623024326241,0.0,0.0,0.0,1.5460077511810657,0.0,0.0,0.0,-13.295908896232286,0.0,-13.016259111854415,-0.15109652847252106,-8.008566259537297e-16,-1.4415419267167136e-15,-1.4415419267167136e-15,-1.1211992763352217e-15,3.203426503814917e-16,3.203426503814917e-16,-0.047623030471312625,-0.047623030471312625,-3.203426503814921e-15,0.0,0.0,0.0,0.0,6.406853007629834e-16,-3.203426503814921e-15,-2.2423985526704442e-15,-2.2423985526704442e-15,-1.4415419267167136e-15,-1.4415419267167136e-15,-1.4415419267167136e-15,-9.610279511444756e-16,0.0,0.0,0.0,0.0,0.0,0.0,0.0,0.0,0.0,0.0,-1.4415419267167136e-15,-1.4415419267167136e-15,-1.4415419267167136e-15,-1.4415419267167136e-15,-1.4415419267167136e-15,-9.610279511444756e-16,0.0,0.0,0.0,0.0,0.0,0.0,0.0,0.0,0.0,0.0,-1.4415419267167136e-15,-1.4415419267167136e-15,-1.4415419267167136e-15,-1.4415419267167136e-15,-1.4415419267167136e-15,-9.610279511444756e-16,0.0,0.0,0.0,0.0,0.0,0.0,0.0,0.0,0.0,0.0,0.0,-0.08213729566222137,0.0,0.0,4.484797105340878e-15,0.0,2.11426149251783e-14,-3.5237691541964136e-15,-0.07399345173642646,0.0,2.59477546809006e-14,5.349722261370814e-14,0.0,-5.265436896045722,-1.6017132519074597e-15,-0.17242439103132315,0.0,-0.17242439103132295,0.0,0.0,0.0,5.413790791447109e-14,-0.08213729566222137,0.0,0.0
ArcB,-0.682785466613016,-0.3908678923286778,-0.3908678923286784,-0.15932309287488527,-0.07686937839494014,0.0,0.0,-0.08308068835446722,3.203426503814917e-16,-0.3124734379258704,0.0,-0.07686937839494014,0.0,0.0,0.0,0.0,-0.08308068835446722,3.2496840240473177,3.2496840240473173,0.0,0.0,0.0,0.0,0.0,0.0,0.0,-15.407350538003032,1.7658667711205087,-13.432042124956759,-14.98403221677188,-13.432042124956759,-14.930176358641535,-14.930176358641535,-0.07558857361460584,-0.7368522511222353,-0.7368522511222353,-0.7368522511222353,-0.7368522511222353,0.0,-14.843192848142657,-1.0848331445250061,-0.7439651401902647,-0.6169314486786261,0.0,0.0,0.0,0.0,0.0,0.0,0.0,-15.958315582978589,0.0,-14.345236963142137,-0.5943256032181758,0.0,0.0,0.0,6.406853007629834e-16,3.203426503814917e-16,3.203426503814917e-16,-0.0010294751157969033,-0.0010294751157972238,1.2813706015259665e-15,0.0,0.0,0.0,0.0,6.406853007629834e-16,-6.406853007629849e-15,-2.8830838534334283e-15,-2.8830838534334283e-15,-1.4415419267167136e-15,-2.082227227479698e-15,-1.4415419267167136e-15,-9.610279511444756e-16,0.0,0.0,0.0,0.0,0.0,0.0,0.0,0.0,0.0,0.0,-2.8830838534334283e-15,-2.8830838534334283e-15,-2.082227227479698e-15,-1.4415419267167136e-15,-8.008566259537297e-16,-9.610279511444756e-16,0.0,0.0,0.0,0.0,0.0,0.0,0.0,0.0,0.0,0.0,-2.8830838534334283e-15,-2.8830838534334283e-15,-2.082227227479698e-15,-1.4415419267167136e-15,-8.008566259537297e-16,-9.610279511444756e-16,0.0,0.0,0.0,0.0,0.0,0.0,0.0,0.0,0.0,0.0,0.0,-3.203426503814918e-16,0.0,3.203426503814917e-16,4.484797105340878e-15,0.0,1.156436967877139e-13,-1.922055902288952e-15,-0.001585384144519998,0.0,-2.5169546796695412,3.549396566226492e-13,0.0,1.1253637307897417e-12,-6.7271956580113425e-15,-0.003574660197549442,0.0,-0.0035746601975497633,0.0,-3.5237691541964136e-15,0.0,3.549396566226492e-13,-3.203426503814918e-16,0.0,0.0
ArgR,-18.474610248089277,-1.579069566407937,-1.5790695664079357,-1.6199486189714485,-0.5570794352804829,0.0,0.0,-0.5961745289832268,-19.38995267347144,2.1549459163603544,0.0,-0.5570794352804831,0.0,0.0,0.0,0.0,-0.5961745289832268,-1.7506268042368307,-1.7506268042368314,1.0167624282325747,1.2377489729446502,0.0,1.1177656885665856,1.388798405651397,1.1177656885665859,0.0,0.0,0.7631386488987051,0.0,0.0,0.0,1.543977094601262,1.543977094601262,-18.983710547079248,-1.247620985083667,-1.247620985083667,-1.2476209850836673,-4.004283129768652e-15,0.0,0.0,0.0,0.0009257881002678655,-0.8679259048429936,0.0,0.0,0.0,0.0,0.0,0.0,0.0,-14.316114222322037,0.0,-14.81368452491284,-0.445211209775983,1.6017132519074577e-15,2.5627412030519317e-15,2.5627412030519317e-15,-5.44582505648537e-15,0.0,6.406853007629834e-16,-0.16622582792701093,-0.16622582792701093,-2.2904499502276845e-14,0.0,0.0,0.0,0.0,0.0,-0.6407004847846711,-2.7229125282426824e-15,-3.6839404793871596e-15,-1.7618845770982058e-15,-1.7618845770982058e-15,-1.7618845770982058e-15,-2.2423985526704442e-15,12.51960873523381,0.0,0.0,0.0,0.0,0.0,0.0,0.0,0.0,0.0,-3.6839404793871596e-15,-3.6839404793871596e-15,-2.7229125282426824e-15,-1.7618845770982058e-15,-1.7618845770982058e-15,0.0,12.519608735232607,0.0,0.0,0.0,0.0,0.0,0.0,0.0,0.0,-3.5034273959014387e-12,-3.6839404793871596e-15,-3.6839404793871596e-15,-1.7618845770982058e-15,-1.7618845770982058e-15,-1.7618845770982058e-15,-1.2813706015259676e-15,12.519608735232607,0.0,0.0,0.0,0.0,0.0,0.0,0.0,0.0,0.0,0.0,6.406853007629834e-16,0.0,-0.7889869004930937,0.0,0.0,-4.4687799728218796e-14,1.9220559022889496e-15,-0.25277231873409367,0.0,-2.537316597332321,-1.4543556327320458e-13,-16.05289306000386,-16.052893060003864,-2.226381420151385e-14,-0.5478862542670837,0.0,-0.5478862542670835,0.0,-2.226381420151385e-14,0.0,-1.4543556327320458e-13,6.406853007629834e-16,0.0,0.0
AscG,-2.436249119981287,-19.008187622770116,-19.008187622770116,-0.0823165142407791,-0.03587219378987819,0.0,0.0,-0.03895615598638048,-0.1838389393840292,0.4633358184799542,0.0,-0.03587219378987852,0.0,0.0,0.0,0.0,-0.03893253320353049,1.2127395024324013,1.212739502432401,2.1471653653084695,2.965921199424072,0.0,2.4824577932139977,3.8303220885379314,-14.917628791638558,0.0,0.0,1.467637521563176,0.0,0.0,0.0,-16.788325282176043,-16.788325281697432,1.2005662466803493,-1.8041955935291811,-1.8041955935291811,-1.8041955935291814,-1.8041955935291814,0.0,6.406853007629834e-16,-11.929299338777923,-1.8357836263652578,-1.837108146660837,0.0,0.0,0.0,0.0,0.0,0.0,0.0,-15.461306445446658,0.0,0.0,-0.3649691765248308,6.406853007629834e-16,0.0,0.0,0.0,0.0,0.0,7.592120814041155e-14,7.592120814041155e-14,-2.082227227479698e-15,0.0,0.0,0.0,0.0,0.0,3.523769154196405e-15,-1.4415419267167136e-15,-2.40256987786119e-15,-6.406853007629836e-16,-6.406853007629836e-16,0.0,9.61027951144475e-16,9.61027951144475e-16,0.0,0.0,0.0,0.0,0.0,0.0,0.0,0.0,0.0,-6.406853007629836e-16,-6.406853007629836e-16,-1.4415419267167136e-15,-6.406853007629836e-16,0.0,0.0,0.0,0.0,0.0,0.0,0.0,0.0,0.0,0.0,0.0,0.0,-1.4415419267167136e-15,-1.4415419267167136e-15,-6.406853007629836e-16,-6.406853007629836e-16,0.0,0.0,0.0,0.0,0.0,0.0,0.0,0.0,0.0,0.0,0.0,0.0,0.0,0.0,0.0,-0.7945858788240974,0.0,0.0,6.374818742591545e-14,0.0,1.1756575269000268e-13,0.0,9.674348041520726e-14,1.950886740823153e-13,0.0,0.0,1.9220559022889496e-15,1.7650880036019117e-13,0.0,1.7875119891286133e-13,0.0,1.9220559022889496e-15,0.0,1.950886740823153e-13,3.203426503814917e-16,0.0,6.406853007629834e-16
BasR,-0.631870326296992,-0.15918569067620536,-0.15918569067620394,-0.16139673563944346,-0.07290670525585348,0.0,0.0,-0.07116487160097673,-2.8830838534334283e-15,-0.020767463282402865,0.0,-0.07290670525585348,0.0,0.0,0.0,0.0,-0.07118862504597975,1.6395447927788105,1.63954479277881,0.0,0.0,0.0,0.0,0.0,0.0,0.0,-15.300437887705906,1.6147704050205736,-13.325136962159096,-14.877120437279373,-13.325136962159096,-0.3078299756399662,-0.30782997563996645,-0.02674333640980029,-0.0785221253483693,-0.07852212534836542,-0.07852212534836558,-0.07852212534836558,-0.1313051685255742,0.0,0.15186233879218466,-0.07984056885264834,0.570451806965075,0.0,0.0,0.0,-0.19549417842908132,0.0,0.0,0.0,-14.467317213064474,0.0,-15.647406209513468,-0.5661851453166644,9.61027951144475e-16,1.2813706015259665e-15,1.2813706015259665e-15,3.2034265038149143e-15,0.0,0.0,-0.0937240652463399,-0.09372406524634025,8.969594210681742e-15,0.0,-9.610279511444756e-16,-8.008566259537297e-16,-8.008566259537297e-16,-8.008566259537297e-16,-1.4002238464572725,-6.406853007629836e-16,-6.406853007629836e-16,-6.406853007629836e-16,-6.406853007629836e-16,0.0,0.0,0.886217692288123,-1.4328926751571244e-12,0.0,0.0,0.0,0.0,0.0,0.0,0.0,0.0,-6.406853007629836e-16,-6.406853007629836e-16,-6.406853007629836e-16,0.0,0.0,0.0,0.886217692288123,0.0,0.0,0.0,0.0,0.0,0.0,0.0,0.0,0.0,-6.406853007629836e-16,-6.406853007629836e-16,-6.406853007629836e-16,-6.406853007629836e-16,0.0,0.0,0.886217692288123,0.0,0.0,0.0,0.0,0.0,0.0,0.0,0.0,0.0,0.0,1.2813706015259665e-15,0.0,0.0,-4.805139755722384e-15,0.0,-0.00033159912915460966,1.6017132519074577e-15,-0.14437615102371457,0.0,-4.0523345273259276e-14,-8.296874644880875e-14,0.0,0.0,0.0,-0.17242413722523317,0.0,-0.17242413722523262,0.0,0.0,0.0,-8.344926042438102e-14,1.2813706015259665e-15,0.0,6.406853007629834e-16
BolA,-0.18992775006132176,-19.080532779371318,-19.080532779371318,-0.18716914412631633,-0.08506035696119844,0.0,0.0,0.23531168009915565,0.0,-2.217729252267114,0.0,-0.08506035696119844,0.0,0.0,0.0,0.0,0.2352872747747315,0.0,0.0,1.268126068755336,-1.2813706015259728e-14,0.0,-1.2813706015259728e-14,0.0,0.0,0.0,0.0,1.5158115990862688,0.0,0.0,0.0,-15.886952999556144,-15.886952999556144,-0.44596161883726265,2.315741972881522,2.3157419728815225,2.315741972881522,2.315741972881522,0.0,0.0,3.682897145081053,2.3510676150510035,1.8834315500690026,0.0,0.0,0.0,0.0,0.0,0.0,0.0,0.0,0.0,-15.886952999556144,-0.47118692606348167,2.2423985526704407e-15,2.2423985526704407e-15,2.2423985526704407e-15,-1.922055902288952e-15,0.0,0.0,-1.8364312300214967,-1.8364312300214969,-1.1051821438161509e-14,0.0,0.0,0.0,0.0,0.0,0.7925156775650068,-1.4415419267167136e-15,-1.4415419267167136e-15,-6.406853007629836e-16,-6.406853007629836e-16,0.0,9.61027951144475e-16,-12.961030716600494,0.0,0.0,0.0,0.0,0.0,0.0,0.0,0.0,0.0,-6.406853007629836e-16,-6.406853007629836e-16,-6.406853007629836e-16,-6.406853007629836e-16,0.0,9.61027951144475e-16,-12.961030716600494,0.0,0.0,0.0,0.0,0.0,0.0,0.0,0.0,0.0,-1.4415419267167136e-15,-1.4415419267167136e-15,-6.406853007629836e-16,-6.406853007629836e-16,0.0,9.61027951144475e-16,-12.961030716600494,0.0,0.0,0.0,0.0,0.0,0.0,0.0,0.0,0.0,0.0,6.406853007629834e-16,0.0,-0.7889899018781181,0.0,0.0,6.278715947477103e-14,0.0,-2.3311260496982626,0.0,9.546210981368138e-14,1.931666181800266e-13,0.0,0.0,1.60171325190745e-14,-3.1648778530211046,0.0,-3.1648778530211046,0.0,1.60171325190745e-14,0.0,1.931666181800266e-13,6.406853007629834e-16,0.0,0.0
ChpB,-0.3471547446253691,-0.489236174076585,-0.489236174076585,-0.1375546510145529,-0.05917321768687796,0.0,0.0,-0.06014423845178272,3.203426503814917e-16,-0.5575693722060151,0.0,-0.059173217686878624,0.0,0.0,0.0,0.0,-0.06016936702563363,0.2965884349929322,0.29658843499293197,0.22724876428766733,0.2832262654288759,0.0,0.2526351879668706,0.3222769093378802,-16.334184776579406,0.0,0.0,0.1653178052066506,0.0,0.0,0.0,0.6000192005320083,0.6000192005320085,-0.06245163446897367,-0.30580706764722143,-0.30580706764722143,-0.3058070676472216,6.0865103572483304e-15,0.0,0.0,-9.731405528408468,-0.31432959179030495,-0.3932288484625371,0.0,0.0,0.0,0.0,0.0,0.0,0.0,-14.34709628385418,0.0,-13.181602723640262,-0.1552190437554688,0.0,0.0,0.0,-9.610279511444756e-16,0.0,0.0,-0.04762298117271617,-0.047622981172716336,-7.047538308392836e-15,0.0,0.0,0.0,0.0,0.0,-3.844111804577906e-15,-1.6017132519074597e-15,-1.6017132519074597e-15,-1.6017132519074597e-15,0.0,-9.610279511444756e-16,0.0,0.0,0.0,0.0,0.0,0.0,0.0,0.0,0.0,0.0,0.0,-1.6017132519074597e-15,-1.6017132519074597e-15,-1.6017132519074597e-15,-9.610279511444756e-16,-9.610279511444756e-16,0.0,0.0,0.0,0.0,0.0,0.0,0.0,0.0,0.0,0.0,0.0,-1.6017132519074597e-15,-1.6017132519074597e-15,-1.6017132519074597e-15,-9.610279511444756e-16,-9.610279511444756e-16,0.0,0.0,0.0,0.0,0.0,0.0,0.0,0.0,0.0,0.0,0.0,0.0,0.0,0.0,1.4619295467825038,-4.965311080913131e-15,0.0,-2.2103642876323103e-14,0.0,-0.07399333271018761,0.0,-3.651906214349052e-14,-7.640172211598781e-14,-13.660472379220812,-13.66426891354858,-1.7618845770982058e-15,-0.17242406755295114,0.0,-0.17242406755295114,0.0,-1.7618845770982058e-15,0.0,-7.560086549003404e-14,3.203426503814917e-16,0.0,0.0
CpxR,-0.1286145423496996,-0.6238241883366573,-0.6238241883366573,-0.6342380410569062,-0.2496945410928485,0.0,0.0,-0.2666672894522511,0.0,-17.538809012147297,0.0,-0.2496945410928485,0.0,0.0,0.0,0.0,-0.26669359623974015,0.1672081598790507,0.1672081598790507,-17.913387114494746,-16.904473932774387,0.0,-16.128354905778007,-15.639381236426372,-16.128354905778007,0.0,0.0,-1.6181482067848898,0.0,0.0,0.0,2.2663113577789815,2.2663113577789815,-17.199280009194638,0.7021918571312795,0.702191857131279,0.7021918571312786,0.702191857131279,1.065930837187107,0.0,1.214984465085534,0.7094028853122509,-16.914733392780484,0.0,0.0,0.0,1.4421932864738523,0.0,0.0,0.0,-14.569966090277372,0.0,-13.390498599319997,-0.2858217084884124,-6.406853007629836e-16,0.0,0.0,8.328908909918762e-15,0.0,0.0,-0.04762301184742121,-0.04762301184742121,2.9151181184715457e-14,0.0,0.0,0.0,0.0,0.0,0.0,-1.4415419267167136e-15,-1.4415419267167136e-15,-1.4415419267167136e-15,-1.4415419267167136e-15,-8.008566259537297e-16,0.0,0.0,-1.4328926751571244e-12,0.0,0.0,0.0,0.0,0.0,0.0,0.0,0.0,-1.4415419267167136e-15,-1.4415419267167136e-15,-1.4415419267167136e-15,-8.008566259537297e-16,-8.008566259537297e-16,0.0,0.0,0.0,0.0,0.0,0.0,0.0,0.0,0.0,0.0,-1.7516336122870603e-12,-1.4415419267167136e-15,-1.4415419267167136e-15,-1.4415419267167136e-15,-1.4415419267167136e-15,-8.008566259537297e-16,0.0,0.0,0.0,0.0,0.0,0.0,0.0,0.0,0.0,0.0,0.0,0.0,-6.406853007629836e-16,0.0,6.406853007629834e-16,-4.4847971053408916e-15,0.0,-2.0662100949606367e-14,3.523769154196405e-15,-0.07399340677097482,0.0,-3.651906214349052e-14,-7.39991522381265e-14,0.0,-5.21435798075105,0.0,-0.17242426882834344,0.0,-0.17242426882834344,0.0,1.6017132519074577e-15,0.0,-7.39991522381265e-14,-6.406853007629836e-16,0.0,0.0
Cra,-0.7139994649627783,0.30535726801817115,0.305357268018174,-0.07545470817939379,-0.03531686458450284,0.0,0.0,-0.037788128439156354,-3.203426503814918e-16,0.0,0.0,-0.035316864584503165,0.0,0.0,0.0,0.0,-0.03778812843915652,1.917513699011468,1.9175136990114674,4.9880123798410585,0.0,0.0,0.0,0.0,0.0,0.0,-15.054328941968741,1.9152586851647606,-12.71360525748675,-14.737114559656657,-12.71360525748675,-16.416901563372587,-16.416901563372587,-1.090614650668099,-0.6320182116360411,-0.6320182116360411,-0.6320182116360413,-1.8407959145695676,4.8051397557223685e-15,0.0,-0.8927672509684793,-0.6361021745662284,0.24885179817644362,0.0,0.0,0.0,0.0,0.0,0.0,0.0,-14.6962622366546,0.0,-16.19451189020281,-3.147860903016821,0.0,6.406853007629834e-16,6.406853007629834e-16,-4.805139755722377e-16,0.0,0.0,3.2674950338911785e-14,3.2674950338911785e-14,-9.610279511444756e-16,0.0,0.0,0.0,6.406853007629834e-16,6.406853007629834e-16,7.047538308392801e-15,-2.2423985526704442e-15,-2.2423985526704442e-15,-2.2423985526704442e-15,-6.406853007629836e-16,-6.406853007629836e-16,9.61027951144475e-16,9.61027951144475e-16,0.0,0.0,0.0,0.0,0.0,0.0,0.0,0.0,0.0,-2.2423985526704442e-15,-2.2423985526704442e-15,-2.2423985526704442e-15,-6.406853007629836e-16,0.0,9.61027951144475e-16,9.61027951144475e-16,0.0,0.0,0.0,0.0,0.0,0.0,0.0,0.0,0.0,-2.2423985526704442e-15,-2.2423985526704442e-15,-2.2423985526704442e-15,-6.406853007629836e-16,-6.406853007629836e-16,9.61027951144475e-16,9.61027951144475e-16,0.0,0.0,0.0,0.0,0.0,0.0,0.0,0.0,0.0,0.0,3.203426503814917e-16,0.0,-0.7889902671276274,0.0,0.0,4.2285229850356295e-14,0.0,5.990407562133772e-14,0.0,6.983469778316352e-14,1.4127110881823096e-13,2.0677431824042967,2.0665017254661175,3.523769154196405e-15,7.143641103507089e-14,0.0,7.143641103507089e-14,0.0,1.9220559022889496e-15,0.0,1.4127110881823096e-13,6.406853007629834e-16,0.0,0.0
CreB,0.051325726498310784,-18.754402127494007,-18.754402127494007,0.11556435535389606,0.05229611117892514,0.0,0.0,-0.06790887439454368,-1.1211992763352217e-15,0.0,0.0,0.05229611117892452,0.0,0.0,0.0,0.0,-0.06790887439454368,-0.057909996480706244,-0.05790999648070608,0.20466799803684238,0.25554688222922506,0.0,0.22772061651050715,0.2911426053585072,-16.416970852499052,0.0,0.0,0.1485846733255166,0.0,0.0,0.0,-15.843082615901055,-15.843082615901055,0.01573086379355457,0.33526380910003045,0.3352638091000345,0.3352638091000337,4.164454454959387e-15,0.0,0.0,-0.23046995675937934,0.3445135303564777,0.0,0.0,0.0,0.0,0.0,0.0,-11.319703997271617,0.0,-14.442870950144489,0.0,-15.843082615901055,-0.7361562276279081,0.0,-8.008566259537297e-16,-8.008566259537297e-16,-0.5706199025996219,-0.9571359917673812,-0.9571359917673812,0.9858699720666171,0.9858699720666171,-2.40256987786119e-15,0.0,0.0,0.0,0.0,0.0,0.0,-6.7271956580113425e-15,-6.7271956580113425e-15,-6.7271956580113425e-15,-6.0865103572483564e-15,-5.44582505648537e-15,-6.88736698320209e-15,-5.92633903205761e-15,-1.0330025378691715e-10,0.0,0.0,0.0,0.0,0.0,0.0,0.0,0.0,-6.7271956580113425e-15,-6.7271956580113425e-15,-6.0865103572483564e-15,-5.44582505648537e-15,-5.44582505648537e-15,-5.92633903205761e-15,-5.92633903205761e-15,0.0,0.0,0.0,0.0,0.0,0.0,0.0,0.0,-1.0330025378691715e-10,-6.7271956580113425e-15,-6.7271956580113425e-15,-6.7271956580113425e-15,-5.44582505648537e-15,-5.44582505648537e-15,-6.88736698320209e-15,-5.92633903205761e-15,0.0,0.0,0.0,0.0,0.0,0.0,0.0,0.0,0.0,0.0,0.04353860486784389,0.0,-0.788990267127628,0.0,0.0,2.7869810583189514e-14,-1.7618845770982058e-15,1.3129475518240208,0.0,4.2285229850356295e-14,8.585183030223724e-14,0.0,0.0,0.0,2.2093690743307306,0.0,2.2093690743307306,0.0,0.0,0.0,8.585183030223724e-14,0.04353860486784389,0.0,0.0
Crl,0.2119465707229146,-0.007847535507318955,-0.007847535507319599,0.2470996036421962,0.109967574877258,0.0,0.0,0.11915728094593679,-4.805139755722377e-16,0.264815698038356,0.0,0.10996757487725771,0.0,0.0,0.0,0.0,0.1191572809459365,-0.2450509048690492,-0.2450509048690496,0.24942140428087917,0.3187974353751259,0.0,0.2804473928206227,0.36935704826169363,-16.01659363693629,0.0,0.0,0.17660177533326235,0.0,0.0,0.0,-16.49619020123248,-16.49619020123248,1.454587063677255,-0.152006684956327,-0.152006684956327,-0.15200668495632735,0.7714045082202218,0.0,0.0,-0.20327430041496966,-0.15370232224529567,-0.5677498114325967,0.0,0.0,0.0,0.0,0.0,0.0,0.0,-13.163733452536901,0.0,-14.174324534006956,0.49072626955497156,9.61027951144475e-16,1.6017132519074577e-15,9.61027951144475e-16,-2.7229125282426824e-15,0.0,6.406853007629834e-16,4.1644544549593324e-14,4.1644544549593324e-14,-9.930622161826278e-15,0.0,0.0,0.0,0.0,0.0,-2.7903052098131917,-1.7618845770982058e-15,-1.7618845770982058e-15,-1.7618845770982058e-15,-1.7618845770982058e-15,1.242197377522658,0.8862066525570543,0.8862066525570564,0.0,0.0,0.0,0.0,0.0,0.0,0.0,0.0,0.0,-1.7618845770982058e-15,-1.7618845770982058e-15,-1.7618845770982058e-15,-1.7618845770982058e-15,1.242197377522658,0.8862066525570543,0.8862066525570543,0.0,0.0,0.0,0.0,0.0,0.0,0.0,0.0,0.0,-1.7618845770982058e-15,-1.7618845770982058e-15,-1.7618845770982058e-15,-1.7618845770982058e-15,1.242197377522658,0.8862066525570543,0.8862066525570543,0.0,0.0,0.0,0.0,0.0,0.0,0.0,0.0,0.0,0.0,0.03953189079796306,0.0,0.0,-5.605996381676117e-15,0.0,3.395632094043773e-14,0.0,6.695161392973022e-14,0.0,5.5098935865615534e-14,1.1115889968237336e-13,-4.846805857732622,-4.828312684518952,1.9220559022889496e-15,1.0250964812207372e-13,0.0,1.0218930547169226e-13,0.0,1.9220559022889496e-15,0.0,1.1115889968237336e-13,0.03953189079796306,0.0,6.406853007629834e-16
Crp,-18.66369196756517,-0.08408196796805487,-0.08408196796805419,0.05533267679076709,0.02601642271272821,0.0,0.0,0.02470238149911228,-1.5918602614881152,2.055439074506819,0.0,0.02601642271272821,0.0,0.0,0.0,0.0,0.024702381499111966,0.6459098480489905,0.6459098480489898,1.6539646660387874,2.909892371363896,0.0,2.0901117909168585,0.0,0.0,0.0,0.0,0.9596715413565842,0.0,0.0,0.0,-15.777711841547319,-15.777711841547319,-0.6999181047155416,-4.805139755722377e-16,-8.008566259537297e-16,-6.406853007629836e-16,-1.0251360334330866,-0.997212409258265,0.0,0.0,5.5739621166378486e-14,0.9678511579608774,0.0,0.0,0.0,-1.269917568328209,0.0,0.0,0.0,-14.677550264534633,0.0,-15.292295286695095,-17.29697575477214,-2.40256987786119e-15,-2.40256987786119e-15,-2.40256987786119e-15,-2.082227227479698e-15,0.0,0.0,0.04610075629242834,0.046100756292428026,-1.0891650112970761e-14,0.0,0.0,0.0,0.0,0.0,-0.575002570258983,-1.2813706015259676e-15,-1.2813706015259676e-15,-1.2813706015259676e-15,0.0,0.35597993552943946,1.6017132519074577e-15,0.23707472696220291,0.0,0.0,0.0,0.0,0.0,0.0,0.0,0.0,0.0,-1.2813706015259676e-15,-1.2813706015259676e-15,-1.2813706015259676e-15,0.0,0.35597993552943946,1.6017132519074577e-15,0.23707472696220291,0.0,0.0,0.0,0.0,0.0,0.0,0.0,0.0,0.0,-1.2813706015259676e-15,-1.2813706015259676e-15,-1.2813706015259676e-15,0.0,0.35597993552943946,1.6017132519074577e-15,0.23707472696220291,0.0,0.0,0.0,0.0,0.0,0.0,0.0,0.0,0.0,0.0,-18.492629995044382,0.0,-0.7889769585723451,-8.008566259537315e-15,0.0,9.065697005795932e-14,-2.8830838534334283e-15,0.07038205334231318,0.0,2.1911437286092375e-13,4.423932001767723e-13,0.0,12.045467867698237,-2.0501929624415618e-14,4.001079703264277e-13,0.0,4.0074865562719057e-13,0.0,-2.322484215265834e-14,0.0,4.423932001767723e-13,-18.492629995044382,0.0,0.0
CsgD,0.08200811410229604,-0.16880997272314952,-0.1688099727231488,0.0879567719805078,0.04030077258144358,0.0,0.0,0.04371462464760596,2.5627412030519317e-15,0.16439091359792024,0.0,0.04030077258144327,0.0,0.0,0.0,0.0,0.04371462464760596,-0.10212578212307082,-0.10212578212307134,0.07631633918388314,0.09594523866939358,0.0,0.08517847547867084,0.10982771540322624,-16.46967000676778,0.0,0.0,0.054977307616625795,0.0,0.0,0.0,-15.292540096360083,-15.292540095482632,0.0,-0.08839409555549793,-0.08839409555549793,-0.0883940955554981,0.5450816683049343,0.0,-4.070237951394637,-0.16367863882923436,-0.09019807450378614,-0.2785230030677908,0.0,0.0,0.0,0.0,0.0,0.0,0.0,-14.48980283174335,0.0,-14.292576042797071,-0.0899475342248488,-1.6017132519074597e-15,-1.6017132519074597e-15,-1.6017132519074597e-15,0.0,-4.805139755722377e-16,6.406853007629834e-16,-0.0010294749215683497,-0.0010294749215686702,-1.1211992763352217e-15,0.0,0.0,0.0,0.0,0.0,-1.0090793487017027e-14,-8.008566259537297e-16,-8.008566259537297e-16,-8.008566259537297e-16,9.61027951144475e-16,9.61027951144475e-16,6.406853007629834e-16,-2.8830838534334283e-15,0.0,0.0,0.0,0.0,0.0,0.0,0.0,0.0,0.0,-8.008566259537297e-16,-8.008566259537297e-16,-8.008566259537297e-16,0.0,9.61027951144475e-16,0.0,-1.1211992763352217e-15,0.0,0.0,0.0,0.0,0.0,0.0,0.0,0.0,0.0,-8.008566259537297e-16,-8.008566259537297e-16,-8.008566259537297e-16,0.0,9.61027951144475e-16,0.0,-1.1211992763352217e-15,0.0,0.0,0.0,0.0,0.0,0.0,0.0,0.0,0.0,0.0,0.0,0.0,-4.004283129768652e-15,0.0,0.0,-7.720257874194158e-14,-1.6017132519074597e-15,-0.0015853836836954203,0.0,-1.2317174907168883e-13,-2.474646974197236e-13,-14.992710982939842,-9.754214780345606,6.727195658011312e-15,-0.0035746590257689607,0.0,-0.00357465902576864,0.0,3.2034265038149143e-15,0.0,-2.474646974197236e-13,0.0,0.0,-4.805139755722377e-16
CspA,-0.3800708339485327,-0.21736823374645137,-0.21736823374645192,0.030469765678664107,0.014148611370785769,0.0,0.0,0.00909314674749589,0.4069143047988879,-0.7519640995197284,0.0,0.014148611370785769,0.0,0.0,0.0,0.0,0.009093146747496209,0.0,0.0,1.6505718973951975,2.905613091908107,0.0,2.0863356908303787,0.0,-14.356370121642476,0.0,0.0,0.9572580209285172,0.0,0.0,0.0,-16.283176839851624,-16.283176839851624,-19.589767684213214,-0.5983570919417176,-0.5983570919417176,-0.5983570919417176,-0.5983570919417172,-0.9473701226812694,0.0,3.007099378515207,-0.605008374369544,-0.2811391158645421,0.0,0.0,0.0,-1.3395710652778776,0.0,0.0,0.0,-15.04794317831242,0.0,-15.283194930209671,-0.5676611053928193,-4.965311080913131e-15,-4.965311080913131e-15,-4.965311080913131e-15,2.1783300225941276e-14,-4.805139755722377e-16,6.406853007629834e-16,0.07648175784050446,0.07648175784050446,-1.6978160470219163e-14,0.0,0.0,0.0,0.0,0.0,-4.954236091486117,0.0,0.0,0.0,0.0,0.0,0.0,0.0,0.0,0.0,0.0,0.0,0.0,0.0,0.0,0.0,0.0,0.0,0.0,0.0,0.0,0.0,0.0,0.0,0.0,0.0,0.0,0.0,0.0,0.0,0.0,0.0,0.0,0.0,0.0,0.0,0.0,0.0,0.0,0.0,0.0,0.0,0.0,0.0,0.0,0.0,0.0,0.0,0.0,0.0,0.04534158443678437,0.0,-0.7889906190956428,0.0,0.0,-0.041717850232617905,1.9220559022889496e-15,0.12180783347079095,0.0,-1.2973877340451e-13,-2.615597740365117e-13,0.0,-1.4505115209346866e-11,-2.706895395723631e-14,0.14824998360255998,0.0,0.14824998360255998,0.0,-2.706895395723631e-14,0.0,-2.615597740365117e-13,0.045341584436784675,0.0,-0.21142002785230013
CysB,-19.04598595976602,-0.14373530020983,-0.14373530020982964,0.0988252579258317,0.045351603736381134,0.0,0.0,0.05247817289839645,-19.349490736857636,2.9087146638932437,0.0,0.045351603736381134,0.0,0.0,0.0,0.0,0.05247817289839645,1.118597142653157,1.118597142653157,0.0,0.0,0.0,0.0,0.0,0.0,0.0,-15.154590824496589,1.8682174073094437,-13.179301050423176,-14.73127467100655,-13.179301050423176,-16.95143389794231,-16.951433897064856,0.0,-0.8306198250987027,-0.8306198250987027,-0.8306198250987034,-1.4368783613719707,0.0,-14.59043617654297,-1.0844766889712443,-0.8390940304228962,-0.020387573083328663,0.0,0.0,0.0,0.0,0.0,0.0,0.0,-14.33889455185741,0.0,-15.536415371416782,-1.0549143805678556,-9.610279511444756e-16,0.0,0.0,-2.082227227479698e-15,0.0,0.0,-0.04762293418174729,-0.04762293418174729,-7.528052283965076e-15,0.0,-8.008566259537297e-16,0.0,0.0,0.0,0.0,0.0,0.0,0.0,0.0,0.0,0.0,0.0,0.0,0.0,0.0,0.0,0.0,0.0,0.0,0.0,0.0,-6.406853007629836e-16,0.0,0.0,0.0,0.0,0.0,0.0,0.0,0.0,0.0,0.0,0.0,0.0,0.0,0.0,0.0,0.0,0.0,0.0,0.0,0.0,0.0,0.0,0.0,0.0,0.0,0.0,0.0,0.0,0.0,0.0,0.0,0.0,-0.20020011040682262,0.0,-0.7889873839973072,0.0,0.0,-7.528052283965076e-15,1.9220559022889496e-15,-0.07399321925565189,0.0,-1.3614562641213466e-14,-2.658843998166406e-14,0.0,0.0,2.2103642876322762e-14,-0.1724237592171307,0.0,-0.17242375921713127,0.0,2.2103642876322762e-14,0.0,-2.5467240705328818e-14,-0.20020011040682245,0.0,-6.406853007629836e-16
CytR,0.30556377254352474,-18.827140014867084,-18.827140014867084,0.23769892783661545,0.10636155040968252,0.0,0.0,0.1163542641964308,9.61027951144475e-16,0.08778125585023017,0.0,0.10636155040968222,0.0,0.0,0.0,0.0,0.1163542641964308,-0.3455427709609724,-0.3455427709609724,0.03591645489363563,0.046473225476515174,0.0,0.04060764134585932,0.0543187701257655,-16.322180768856438,0.0,0.0,0.025098663683510856,0.0,0.0,0.0,-16.362386711736566,-16.362386711736566,-0.14905058232935292,-0.020556516965379648,-0.02055651696537949,-0.020556516965379815,0.846897943136466,1.7801378020984273,0.0,2.795747413710932,-0.020788523412812236,-0.5637841315459025,0.0,0.0,0.0,0.0,0.0,0.0,0.0,-14.281901018053302,0.0,0.0,0.5635851281781065,0.0,6.406853007629834e-16,6.406853007629834e-16,-1.4415419267167136e-15,-4.805139755722377e-16,6.406853007629834e-16,-0.0010294749215545651,-0.0010294749215544047,-9.450108186254038e-15,0.0,0.0,0.0,0.0,0.0,-2.706895395723631e-14,-1.4415419267167136e-15,-1.4415419267167136e-15,-6.406853007629836e-16,0.0,6.406853007629834e-16,0.0,9.61027951144475e-16,-4.298838196800833e-12,0.0,0.0,0.0,0.0,0.0,0.0,0.0,0.0,-1.4415419267167136e-15,-1.4415419267167136e-15,-6.406853007629836e-16,-6.406853007629836e-16,0.0,9.61027951144475e-16,1.9220559022889496e-15,0.0,0.0,0.0,0.0,0.0,0.0,0.0,0.0,-1.7516336122870603e-12,-1.4415419267167136e-15,-1.4415419267167136e-15,-6.406853007629836e-16,0.0,6.406853007629834e-16,0.0,0.0,0.0,0.0,0.0,0.0,0.0,0.0,0.0,0.0,0.0,0.0,9.61027951144475e-16,0.0,0.0,0.0,0.0,-6.070493224729396e-14,1.9220559022889496e-15,-0.001585383683672651,0.0,-1.0266981944727176e-13,-2.0774220877241237e-13,-16.14678714473262,-10.907395112954283,-5.125482406103878e-15,-0.0035746590257333148,0.0,-0.003574659025733796,0.0,-5.125482406103878e-15,0.0,-2.0646083817088623e-13,9.61027951144475e-16,0.0,-4.805139755722377e-16
DcuR,-0.003832345156175527,-19.021553576883186,-19.021553576883186,-0.41360419421132627,-0.16723299355037347,0.0,0.0,-0.187338120715154,-1.6017132519074597e-15,-16.92254190459736,0.0,-0.16723299355037347,0.0,0.0,0.0,0.0,-0.18736662663720124,0.0039805468478250556,0.0039805468478247355,0.2966201349837587,-2.5894963169917444,0.0,-1.8973331164986724,-5.030141744834124,-16.434955388010362,0.0,0.0,1.2607691998875714,0.0,0.0,0.0,-16.03959384146108,-16.03959384146108,-3.3441696306648026,0.8041830324799157,0.804183032479916,0.8041830324799154,0.8041830324799137,1.9594987819961442,-13.066996087833338,5.424652473354001,0.818186378274757,1.0014683665047284,0.0,0.0,0.0,0.0,0.0,0.0,0.0,-15.482533381831,0.0,-13.232367420721816,-0.40942127648553034,0.0,0.0,0.0,3.203426503814917e-16,0.0,0.0,0.047623039293171444,0.047623039293171444,0.0,0.0,-8.008566259537297e-16,0.0,6.406853007629834e-16,6.406853007629834e-16,0.0,-2.2423985526704442e-15,-1.4415419267167136e-15,-2.2423985526704442e-15,-1.4415419267167136e-15,-6.406853007629836e-16,-9.610279511444756e-16,0.0,0.0,0.0,0.0,0.0,0.0,0.0,0.0,0.0,0.0,-2.2423985526704442e-15,-2.2423985526704442e-15,-2.2423985526704442e-15,-1.4415419267167136e-15,-6.406853007629836e-16,-9.610279511444756e-16,0.0,0.0,0.0,0.0,0.0,0.0,0.0,0.0,0.0,0.0,-2.2423985526704442e-15,-2.2423985526704442e-15,-2.2423985526704442e-15,-1.4415419267167136e-15,-6.406853007629836e-16,-9.610279511444756e-16,0.0,0.0,0.0,0.0,0.0,0.0,0.0,0.0,0.0,0.0,0.0,6.406853007629834e-16,0.0,6.406853007629834e-16,0.0,0.0,-5.525910719080838e-14,1.6017132519074577e-15,0.0739934730358896,0.0,-2.3971133325254406,-1.717036606044898e-13,0.0,-5.2903138087309936,0.0,0.172424448917061,0.0,0.172424448917061,0.0,1.6017132519074577e-15,0.0,-1.7106297530372673e-13,6.406853007629834e-16,0.0,-4.805139755722377e-16
ElbB,0.27043804591548726,-0.04181897914525978,-0.04181897914525961,0.15422439941703392,0.07099719721224733,0.0,0.0,0.2151984429372361,3.203426503814917e-16,1.827284403468487,0.0,0.07099719721224702,0.0,0.0,0.0,0.0,0.21519844293723667,-0.3949534057925666,-0.39495340579256677,-0.16549792894214607,-0.2121352618318259,0.0,-0.18632712880265598,-0.2462585263597871,-16.463429733555355,0.0,0.0,-0.11680378322839606,0.0,0.0,0.0,-15.67300920241865,-15.67300920241865,-17.673045023806836,1.594223414015613,1.594223414015613,1.5942234140156124,1.5942234140156128,0.0,0.0,0.0,1.6238461106176225,0.16054096882712518,0.0,0.0,0.0,0.0,0.0,0.0,0.0,-15.759016122599718,0.0,-13.351191559131761,-0.4981370040421448,6.406853007629834e-16,6.406853007629834e-16,6.406853007629834e-16,3.523769154196405e-15,0.0,0.0,-1.1008662374553657,-1.1008662374553655,1.1532335413733657e-14,0.0,0.0,0.0,6.406853007629834e-16,6.406853007629834e-16,-1.552040975779755,-1.4415419267167136e-15,-1.4415419267167136e-15,-1.4415419267167136e-15,-1.4415419267167136e-15,-8.008566259537297e-16,0.0,1.123317359095152,0.0,0.0,0.0,0.0,0.0,0.0,0.0,0.0,0.0,-1.4415419267167136e-15,-1.4415419267167136e-15,-1.4415419267167136e-15,-8.008566259537297e-16,-8.008566259537297e-16,0.0,1.1233173590951513,0.0,0.0,0.0,0.0,0.0,0.0,0.0,0.0,0.0,-1.4415419267167136e-15,-1.4415419267167136e-15,-1.4415419267167136e-15,-1.4415419267167136e-15,-8.008566259537297e-16,0.0,1.1233173590951504,0.0,0.0,0.0,0.0,0.0,0.0,0.0,0.0,0.0,0.0,-4.805139755722377e-16,0.0,-0.7889902671276277,-4.4847971053408916e-15,0.0,4.8051397557223685e-15,-6.599058597858881e-14,-1.4660771255004554,0.0,2.2423985526704407e-15,1.9220559022889496e-15,0.0,7.771512698252897e-13,0.0,-1.5506713978857602,0.0,-1.55067139788576,0.0,0.0,0.0,2.8830838534334232e-15,-8.008566259537297e-16,0.0,0.0
EvgA,-1.4337039811657029,-0.8532059621089108,-0.8532059621089102,-0.2972524907460626,-0.19640777839151993,0.0,0.0,-0.20791825143394257,0.0,-0.5528073034206828,0.0,-0.19640777839151993,0.0,0.0,0.0,0.0,-0.20791825143394257,-18.006029551183264,-18.006029551183264,1.6298981478133956,2.0763490925791572,0.0,1.8265122062421053,2.424177572119345,-15.720012910870965,0.0,0.0,1.1766358102651615,0.0,0.0,0.0,-16.01866233005514,-16.01866233005514,-18.127190953093155,0.22166928444992787,0.2216692844499276,0.22166928444992703,0.2216692844499276,0.0,-14.918478479715288,0.3409301790669036,0.22367553180360103,0.9542463040382463,0.0,0.0,0.0,0.0,0.0,0.0,0.0,-15.44995657757965,0.0,-16.01866233005514,-0.7105546071853863,-1.922055902288952e-15,-1.2813706015259676e-15,-1.2813706015259676e-15,3.203426503814917e-16,0.0,0.0,-0.04610113366323621,-0.046101133663235545,-2.2423985526704442e-15,0.0,0.0,0.0,0.0,0.0,0.5376401075235382,-1.2813706015259676e-15,-1.2813706015259676e-15,-1.2813706015259676e-15,-6.406853007629836e-16,-6.406853007629836e-16,0.0,-13.115734911409112,0.0,0.0,0.0,0.0,0.0,0.0,0.0,0.0,0.0,-1.2813706015259676e-15,-1.2813706015259676e-15,-1.2813706015259676e-15,-6.406853007629836e-16,0.0,0.0,-13.115734911409112,0.0,0.0,0.0,0.0,0.0,0.0,0.0,0.0,0.0,-1.2813706015259676e-15,-1.2813706015259676e-15,-1.2813706015259676e-15,-6.406853007629836e-16,0.0,0.0,-13.115734911409112,0.0,0.0,0.0,0.0,0.0,0.0,0.0,0.0,0.0,0.0,0.0,0.0,-0.7889919076593634,0.0,0.0,-0.0003315993875727496,1.9220559022889496e-15,-0.07038293302726928,0.0,-7.111606838469292e-14,-1.4143128014343554e-13,0.0,0.0,1.6017132519074577e-15,-1.2685568955107633e-13,0.0,-1.2701586087626708e-13,0.0,1.6017132519074577e-15,0.0,-1.4014990954190947e-13,6.406853007629834e-16,0.0,0.0
FadR,-18.191832803430696,-0.1977045927790422,-0.19770459277904276,0.14446320717200467,0.06402864011119583,0.0,0.0,0.007398370176415439,0.0,0.09422665193064123,0.0,0.06402864011119552,0.0,0.0,0.0,0.0,0.0073983701764157575,-0.1913389922148638,-0.1913389922148638,-0.010527627820602186,-0.012545614101167413,0.0,-0.011465559566732331,-0.013850173916578182,-16.873643503094513,0.0,0.0,-0.008065849899475064,0.0,0.0,0.0,-15.67643220820573,-15.67643220820573,0.0,0.0035687993541030755,0.003568799354103715,0.0035687993541024363,-8.008566259537297e-16,0.0,0.0,0.29512935116271666,0.003614407069449019,0.07603580353392168,0.0,0.0,0.0,0.0,0.0,0.0,0.0,-15.096272601227325,0.0,-13.354614303176847,-1.1227369963850524,3.523769154196405e-15,4.8051397557223685e-15,4.164454454959387e-15,-4.164454454959399e-15,0.0,0.0,1.0853078206630997,1.0853078206631004,-1.2813706015259728e-14,0.0,0.0,0.0,0.0,0.0,-3.522237602742133,-1.4415419267167136e-15,-2.2423985526704442e-15,-6.406853007629836e-16,1.2422152057585565,1.2422152057585572,0.8862208270782803,13.874215240680089,0.0,0.0,0.0,0.0,0.0,0.0,0.0,0.0,0.0,-1.4415419267167136e-15,-6.406853007629836e-16,-1.4415419267167136e-15,1.2422152057585572,1.2422152057585572,0.8862208270782803,13.87421524068152,0.0,0.0,0.0,0.0,0.0,0.0,0.0,0.0,0.0,-1.4415419267167136e-15,-1.4415419267167136e-15,-6.406853007629836e-16,1.2422152057585565,1.2422152057585572,0.8862208270782803,13.87421524068152,0.0,0.0,0.0,0.0,0.0,0.0,0.0,0.0,0.0,0.0,0.0402796938652094,0.0,-0.7889902671276272,-4.4847971053408916e-15,0.0,-0.3789826178437081,1.6017132519074577e-15,2.5484920889429534,0.0,3.2674950338911785e-14,6.31075021251525e-14,0.006146861979898904,0.006144100321243903,-1.6017132519074597e-15,0.0,0.0,0.0,0.0,0.0,0.0,6.438887272667841e-14,0.0402796938652094,0.0,-1.387432477196103
FecI,-0.2037008329386104,-0.5676981357859799,-0.5676981357859792,-0.48688583469221025,-0.19158885283181956,0.0,0.0,-0.18209114018509054,3.203426503814917e-16,-6.918828715745607,0.0,-0.19158885283181956,0.0,0.0,0.0,0.0,-0.18211837199348754,0.21447062521138063,0.2144706252113798,-1.272389697284097,-2.267573768275616,0.0,-1.6235683367376859,-4.5748689156725995,-16.00883260095869,0.0,0.0,-0.7184342030700313,0.0,0.0,0.0,1.5875690128625535,1.5875690128625535,-19.683362387226218,0.5097275145917498,0.5097275145917498,0.5097275145917498,1.3832488114680104,2.5615938739876185,0.0,0.7389782844787571,0.5145107704813989,1.1859668327648882,0.0,0.0,0.0,0.0,0.0,0.0,0.0,-13.338503528452225,0.0,-16.907850104714882,-0.5191217362380834,2.2423985526704407e-15,2.2423985526704407e-15,2.2423985526704407e-15,9.61027951144475e-16,0.0,0.0,-0.2887897553004774,-0.2887897553004774,-1.2813706015259676e-15,0.0,0.0,0.0,0.0,0.0,0.0,-2.40256987786119e-15,-2.40256987786119e-15,-2.40256987786119e-15,-1.6017132519074597e-15,-6.406853007629836e-16,-1.1211992763352217e-15,-1.1211992763352217e-15,0.0,0.0,0.0,0.0,0.0,0.0,0.0,0.0,0.0,-2.40256987786119e-15,-2.40256987786119e-15,-2.40256987786119e-15,-1.6017132519074597e-15,-6.406853007629836e-16,-1.1211992763352217e-15,0.0,0.0,0.0,0.0,0.0,0.0,0.0,0.0,0.0,0.0,-2.40256987786119e-15,-2.40256987786119e-15,-2.40256987786119e-15,-1.6017132519074597e-15,-6.406853007629836e-16,-1.1211992763352217e-15,0.0,0.0,0.0,0.0,0.0,0.0,0.0,0.0,0.0,0.0,0.0,0.0,0.0,-0.7889891284097108,0.0,0.0,-4.5008142378600295e-14,1.9220559022889496e-15,-0.430300256651179,0.0,-7.159658236026518e-14,-1.457559059235861e-13,-16.05124690897516,-16.051971603472087,0.0,-0.878378705958714,0.0,-0.878378705958714,0.0,0.0,0.0,-1.457559059235861e-13,3.203426503814917e-16,0.0,0.0
FhlA,-0.3607707389460341,-0.17043925828905962,-0.17043925828905818,0.010866572490408585,0.005156111913777341,0.0,0.0,0.030520465231418298,0.22699882087064024,-1.150279138800659,0.0,0.005156111913777341,0.0,0.0,0.0,0.0,0.030520465231418298,0.0,0.0,2.998364514233512,0.0,0.0,0.0,0.0,0.0,0.0,-14.432987845537385,1.30905972980866,0.0,-14.432987845537385,0.0,-16.375973055582833,-16.375973055582833,0.0,0.8824960836597491,-0.03480522332016193,-0.034805223320162094,1.3178474600343466,-16.412347674950453,0.0,-0.04169470659388317,-0.034979112218752155,-0.6892585910024411,0.0,0.0,0.0,-15.793011060442943,0.0,0.0,0.0,-14.72501069298008,0.0,-13.791095369864207,0.0,6.406853007629834e-16,6.406853007629834e-16,1.6017132519074577e-15,1.2813706015259665e-15,0.0,0.0,-0.52139644914766,-0.52139644914766,9.61027951144475e-16,0.0,-8.008566259537297e-16,0.0,0.0,0.0,-3.554006211595893,0.0,0.0,0.0,0.0,0.0,0.0,0.0,0.0,0.0,0.0,0.0,0.0,0.0,0.0,0.0,0.0,0.0,0.0,0.0,0.0,0.0,0.0,0.0,0.0,0.0,0.0,0.0,0.0,0.0,0.0,0.0,0.0,0.0,0.0,0.0,0.0,0.0,0.0,0.0,0.0,0.0,0.0,0.0,0.0,0.0,0.0,0.0,0.0,0.0,-18.513494724255178,0.0,0.0,0.0,0.0,0.16774364511732567,0.0,-1.1703159694118193,0.0,-2.509161932058404,-5.605996381676117e-15,-17.826373659403703,-12.51184547311638,3.2034265038149143e-15,-1.9502866248686848,0.0,-1.9502866248686848,0.0,3.2034265038149143e-15,0.0,-4.6449684305316375e-15,-18.513494724255178,0.0,0.5429512687742434
Fis,1.6898848548707157,0.0,0.0,0.5277376837734682,0.23220359634491025,0.0,0.0,0.3559434237411635,0.610488222719611,0.0,0.0,0.23220359634490997,0.0,0.0,0.0,0.0,0.3559434237411635,0.0,0.0,-1.875310137614213,-2.3770239245791305,0.0,-2.095789228528799,-2.7726269598443287,-17.903959210057824,0.0,0.0,-1.3667970008207637,0.0,0.0,0.0,-15.276330243738423,-15.276330243578887,0.7612529890677954,2.3678679098757662,2.3678679098757662,2.3678679098757662,2.3678679098757667,0.0,-15.080224608654772,10.930271908340504,2.403504894460498,2.0404563252827796,0.0,0.0,0.0,0.0,0.0,0.0,0.0,-13.45324428370122,0.0,-14.891875708733966,-0.44306097308101766,-2.2423985526704442e-15,-1.6017132519074597e-15,-1.6017132519074597e-15,0.0,1.2813706015259665e-15,6.406853007629834e-16,-0.8130519212059979,-0.8130519212059979,-8.008566259537297e-16,0.0,0.0,0.0,6.406853007629834e-16,6.406853007629834e-16,-5.028636948964136,0.0,0.0,0.0,0.0,0.0,0.0,0.0,-13.040366443508221,0.0,0.0,0.0,0.0,0.0,0.0,0.0,0.0,0.0,0.0,0.0,0.0,0.0,0.0,0.0,0.0,0.0,0.0,0.0,0.0,0.0,0.0,0.0,-13.040366443508221,0.0,0.0,0.0,0.0,0.0,0.0,0.0,0.0,0.0,0.0,0.0,0.0,0.0,0.0,0.0,0.0,0.0,0.0,0.0,-0.7889937868224866,0.0,0.0,-4.132420189921303e-14,4.484797105340878e-15,-1.0886716721744092,0.0,-6.839315585645011e-14,-1.3646596906252195e-13,0.0,0.0,-5.766167706866863e-15,-1.238217504672528,0.0,-1.2382175046725277,0.0,-7.047538308392836e-15,0.0,-1.3614562641214044e-13,3.203426503814917e-16,0.0,0.0
FlgM,-19.551796945552894,-0.18708331086061425,-0.18708331086061425,0.006048273765951603,0.0028484238593710133,0.0,0.0,0.0030241281036792566,-19.74386305735715,2.0524014526803973,0.0,0.0028484238593703736,0.0,0.0,0.0,0.0,0.0030241281036795763,1.495331559470503,1.4953315594705026,0.0,0.0,0.0,0.0,0.0,0.0,0.0,-15.243855789364236,1.9051002911455752,-13.268559056788401,-14.820538826586775,-13.268559056788401,-4.350641854157928,-4.350641854157928,-19.496404974263413,-0.9832650260380886,-0.9832650260380883,-0.983265026038089,-0.9832650260380883,-14.679700005769249,0.0,-15.680622737222258,-1.0056750211135685,0.5254463144519959,0.0,0.0,0.0,0.0,0.0,0.0,0.0,-14.840415823097247,0.0,-16.061752962097188,-0.7315072499587283,6.406853007629834e-16,9.61027951144475e-16,9.61027951144475e-16,1.9220559022889496e-15,0.0,0.0,1.2140986449458028e-13,1.2140986449458028e-13,9.289936861063231e-15,0.0,0.0,0.0,-6.406853007629836e-16,-6.406853007629836e-16,0.0,-2.40256987786119e-15,-2.40256987786119e-15,-2.40256987786119e-15,-1.6017132519074597e-15,-6.406853007629836e-16,-1.1211992763352217e-15,0.0,-2.8657853503156714e-12,0.0,0.0,0.0,0.0,0.0,0.0,0.0,0.0,-2.40256987786119e-15,-2.40256987786119e-15,-2.40256987786119e-15,-6.406853007629836e-16,-6.406853007629836e-16,-1.1211992763352217e-15,1.2813706015259665e-15,0.0,0.0,0.0,0.0,0.0,0.0,0.0,0.0,-2.8657853503156714e-12,-2.40256987786119e-15,-2.40256987786119e-15,-2.40256987786119e-15,-6.406853007629836e-16,-6.406853007629836e-16,-1.1211992763352217e-15,1.2813706015259665e-15,0.0,0.0,0.0,0.0,0.0,0.0,0.0,0.0,0.0,0.0,-8.008566259537297e-16,0.0,-2.4185870103802828e-14,0.0,0.0,-0.00033159904194963194,1.9220559022889496e-15,1.8195462541667584e-13,0.0,1.1788609534038416e-13,2.354518480303772e-13,0.0,0.0,0.0,2.1398889045482064e-13,0.0,2.1398889045482064e-13,0.0,-1.7618845770982058e-15,0.0,2.3705356128228444e-13,-3.203426503814918e-16,0.0,6.406853007629834e-16
FlhD,0.2979294208379402,0.3066898015082972,0.3066898015082983,0.3110433861969924,0.2275635692614141,0.0,0.0,0.25175916968496115,0.13927315004187282,1.6423987805802696,0.0,0.22756356926141383,0.0,0.0,0.0,0.0,0.25175916968496115,-0.12555118166158483,-0.1255511816615852,0.2380725723047036,0.3269655980129405,0.0,0.2762500491357671,0.4006273393108506,0.2762500491357671,0.0,0.0,0.15713999069225768,0.0,0.0,0.0,-15.845576260178282,-15.845576260178282,0.24567593940426016,2.736729505482877,1.2990979380216223,1.2990979380216223,1.2990979380216223,2.4470584262334403,0.0,1.7423194674650646,1.316661583989334,2.086867068080771,0.0,0.0,0.0,0.0,0.0,0.0,0.0,-14.83705607972923,0.0,-15.038239713625693,-0.4947335080863562,-9.450108186254038e-15,-9.450108186254038e-15,-9.450108186254038e-15,-2.40256987786119e-15,0.0,0.0,-0.04713054774874449,-0.04713054774874466,-1.1211992763352255e-14,0.0,-9.610279511444756e-16,-8.008566259537297e-16,0.0,0.0,3.523769154196405e-15,-2.40256987786119e-15,-2.40256987786119e-15,-2.40256987786119e-15,-6.406853007629836e-16,-6.406853007629836e-16,0.0,0.0,0.0,0.0,0.0,0.0,0.0,0.0,0.0,0.0,0.0,-2.40256987786119e-15,-2.40256987786119e-15,-2.40256987786119e-15,-1.4415419267167136e-15,-6.406853007629836e-16,0.0,0.0,0.0,0.0,0.0,0.0,0.0,0.0,0.0,0.0,0.0,-2.40256987786119e-15,-2.40256987786119e-15,-2.40256987786119e-15,-6.406853007629836e-16,-6.406853007629836e-16,9.61027951144475e-16,0.0,0.0,0.0,0.0,0.0,0.0,0.0,0.0,0.0,0.0,0.0,-4.571946508625578,0.0,-0.7889895225809164,0.0,0.0,-7.335846693736348e-14,-1.922055902288952e-15,-0.07196817487079785,0.0,-1.182064379907753e-13,-2.39456131160185e-13,0.0,0.0,-6.631092862897032e-14,-0.0035746552382618386,0.0,-0.0035746552382615172,0.0,-6.631092862897032e-14,0.0,-2.384951032090403e-13,-4.571946508625578,0.0,6.406853007629834e-16
FliA,-0.7622967381120824,0.8617557498058711,0.8617557498058711,-0.04750781478907822,-0.022001798598700058,0.0,0.0,-0.023778378255194136,-1.6017132519074588e-16,0.0,0.0,-0.02200179859870022,0.0,0.0,0.0,0.0,-0.023778378255194136,1.8289567778151719,1.8289567778151714,0.0,0.0,0.0,0.0,0.0,0.0,0.0,-15.354884347629955,2.023458709336813,-13.379579539684226,-14.931566445675536,-13.379579539684226,-16.651082990289126,-16.651082990289126,0.0,-1.1303550642612952,-1.1303550642612952,-1.1303550642612952,0.24639092186451073,0.648679340092117,0.0,-1.5642534930637932,-1.143858493883947,-1.5105874543137063,0.0,0.0,0.0,0.0,0.0,0.0,0.0,-14.531368518714926,0.0,-16.165661770476387,0.4250811864794373,0.0,-6.406853007629836e-16,0.0,-3.6839404793871596e-15,0.0,0.0,1.6537069583043633e-05,1.6537069583043633e-05,-1.201284938930599e-14,0.0,0.0,0.0,6.406853007629834e-16,6.406853007629834e-16,0.0,-6.406853007629836e-16,-1.4415419267167136e-15,-1.4415419267167136e-15,-1.4415419267167136e-15,0.0,0.0,0.0,0.0,0.0,0.0,0.0,0.0,0.0,0.0,0.0,0.0,-6.406853007629836e-16,-1.4415419267167136e-15,-1.4415419267167136e-15,0.0,0.0,0.0,0.0,0.0,0.0,0.0,0.0,0.0,0.0,0.0,0.0,0.0,-6.406853007629836e-16,-1.4415419267167136e-15,-1.4415419267167136e-15,-6.406853007629836e-16,0.0,0.0,0.0,0.0,0.0,0.0,0.0,0.0,0.0,0.0,0.0,0.0,0.0,3.203426503814917e-16,0.0,-0.7889902671276277,0.0,0.0,1.2949499189744087e-05,-1.7618845770982058e-15,2.5461976758402075e-05,0.0,2.09385893450418e-05,4.228809801459275e-05,-17.074019378887396,-11.86003909692247,0.0,3.824721603475485e-05,0.0,3.8247216035075186e-05,0.0,-1.6017132519074597e-15,0.0,4.228809801459275e-05,3.203426503814917e-16,0.0,0.0
FliZ,-7.389777670659178,0.0,0.0,0.1790506521272674,0.08162512236337932,0.0,0.0,0.09220317460751304,0.0,0.9852462054100365,0.0,0.08162512236337932,0.0,0.0,0.0,0.0,0.09220317460751304,-0.3098948564401681,-0.30989485644016834,0.01981394814196342,0.02558083827327976,0.0,0.022379792819600283,0.02984995605704493,-16.234718325202955,0.0,0.0,0.013877678697149117,0.0,0.0,0.0,-16.035159247907703,-16.035159247349323,0.6338879151379095,0.8036508815124525,0.8036508815124528,0.8036508815124525,0.8886235758452515,1.8461849280104512,0.0,0.983143984377218,0.8155741977661378,0.971822320134281,0.0,0.0,0.0,0.0,0.0,0.0,0.0,-14.376801961991495,0.0,-14.22785803429092,-0.305087312246739,6.406853007629834e-16,0.0,0.0,-2.082227227479698e-15,0.0,0.0,-0.04610106350510427,-0.046101063505104435,-1.2653534690068979e-14,0.0,0.0,0.0,0.0,0.0,-1.4002195060797797,-1.6017132519074597e-15,-1.6017132519074597e-15,-1.6017132519074597e-15,-9.610279511444756e-16,0.0,0.0,0.8862160327025927,0.0,0.0,0.0,0.0,0.0,0.0,0.0,0.0,0.0,-1.6017132519074597e-15,-1.6017132519074597e-15,-1.6017132519074597e-15,-9.610279511444756e-16,0.0,0.0,0.8862160327025927,0.0,0.0,0.0,0.0,0.0,0.0,0.0,0.0,0.0,-1.6017132519074597e-15,-1.6017132519074597e-15,-1.6017132519074597e-15,-9.610279511444756e-16,0.0,0.0,0.8862160327025927,0.0,0.0,0.0,0.0,0.0,0.0,0.0,0.0,0.0,0.0,6.406853007629834e-16,0.0,-0.7889891284097108,0.0,0.0,6.727195658011312e-15,0.0,-0.07038276948194618,0.0,6.727195658011312e-15,1.2493363364878124e-14,-12.273709102160607,-7.1395292420008225,-1.7618845770982058e-15,1.1852678064115145e-14,0.0,1.2173020714496637e-14,0.0,-1.7618845770982058e-15,0.0,1.2493363364878124e-14,9.61027951144475e-16,0.0,-6.406853007629836e-16
Fnr,0.16212859887748166,0.6533989063106049,0.6533989063106069,0.28214649812316156,0.12303557735168784,0.0,0.0,0.13403261202722858,3.203426503814917e-16,0.0,0.0,0.12303557735168755,0.0,0.0,0.0,0.0,0.134032612027228,-0.1557513532352943,-0.1557513532352943,0.4157311787468182,0.5267464001433091,0.0,0.4655838056290448,0.6066728173455612,-16.237861744313847,0.0,0.0,0.29729480672762465,0.0,0.0,0.0,-16.971594906085386,-16.971594906085386,0.0,-0.2680359358097413,-0.26803593580974167,-0.26803593580974167,1.282358128022561,0.0,-14.817198532021784,-0.4292695861728474,-0.2710960971722614,-0.9107299198845051,0.0,0.0,0.0,0.0,0.0,0.0,0.0,-14.942962836023437,0.0,-14.164307336960489,0.7238817762308578,1.6017132519074577e-15,1.6017132519074577e-15,1.6017132519074577e-15,-7.207709633583583e-15,-4.805139755722377e-16,6.406853007629834e-16,-0.0010294749215508784,-0.0010294749215508784,-2.562741203051957e-14,0.0,0.0,0.0,0.0,0.0,-3.8409083780745977e-13,8.649251560300252e-15,8.649251560300252e-15,8.649251560300252e-15,9.610279511444721e-15,1.0571307462589189e-14,1.3134048665641102e-14,1.4095076616785568e-14,-4.298838196800833e-12,0.0,0.0,0.0,0.0,0.0,0.0,0.0,0.0,8.649251560300252e-15,8.649251560300252e-15,8.649251560300252e-15,9.610279511444721e-15,1.0571307462589189e-14,1.4095076616785568e-14,1.4095076616785568e-14,0.0,0.0,0.0,0.0,0.0,0.0,0.0,0.0,-7.007014963136576e-12,8.649251560300252e-15,8.649251560300252e-15,8.649251560300252e-15,9.610279511444721e-15,1.0571307462589189e-14,1.4095076616785568e-14,1.4095076616785568e-14,0.0,0.0,0.0,0.0,0.0,0.0,0.0,0.0,0.0,0.0,9.61027951144475e-16,0.0,-0.788990619095665,0.0,0.0,-4.452762840302804e-14,1.9220559022889496e-15,-0.001585383683661587,0.0,-8.360943174957177e-14,-1.680197201251022e-13,-16.799607039559554,-11.55994882834224,-6.88736698320209e-15,-0.0035746590256984716,0.0,-0.0035746590256984716,0.0,-3.3635978290056677e-15,0.0,-1.6737903482433915e-13,1.6017132519074577e-15,0.0,3.427666359081921e-14
FrvR,0.0714541110061542,0.468606933773805,0.46860693377380624,0.18959311478094173,0.08579306297801169,0.0,0.0,0.09328151809307243,-1.6017132519074588e-16,0.0,0.0,0.08579306297801169,0.0,0.0,0.0,0.0,0.09328151809307272,-0.09995774406158416,-0.09995774406158484,0.42344545789038485,0.5699568602456566,0.0,0.48702579158282544,0.6875590754604404,0.0,0.0,0.0,0.2850698315081999,0.0,0.0,0.0,-16.52998888699624,-16.52998888699624,-0.04669642843581804,-0.2209123108939677,-0.2209123108939675,-0.22091231089396807,-0.22091231089396807,-0.3502030421801689,0.0,-0.3500753291681645,-0.22339080267953165,0.037792854383129876,0.0,0.0,0.0,-0.491016356590173,0.0,0.0,0.0,-14.385066263222265,0.0,-14.79305886607532,-0.3849999634934038,6.406853007629834e-16,1.2813706015259665e-15,1.2813706015259665e-15,-4.4847971053408916e-15,-4.805139755722377e-16,6.406853007629834e-16,-4.9492939483941326e-14,-4.9492939483941326e-14,-1.585696119388393e-14,0.0,0.0,0.0,0.0,0.0,0.0,-2.2423985526704442e-15,-1.4415419267167136e-15,-1.4415419267167136e-15,-6.406853007629836e-16,0.0,0.0,0.0,0.0,0.0,0.0,0.0,0.0,0.0,0.0,0.0,0.0,-2.2423985526704442e-15,-2.2423985526704442e-15,-1.4415419267167136e-15,-6.406853007629836e-16,0.0,9.61027951144475e-16,0.0,0.0,0.0,0.0,0.0,0.0,0.0,0.0,0.0,0.0,-2.2423985526704442e-15,-1.4415419267167136e-15,-1.4415419267167136e-15,-6.406853007629836e-16,0.0,0.0,0.0,0.0,0.0,0.0,0.0,0.0,0.0,0.0,0.0,0.0,0.0,6.406853007629834e-16,0.0,0.0,0.0,0.0,-3.443683491601078e-14,0.0,-7.367880958774498e-14,0.0,-5.798201971905118e-14,-1.182064379907753e-13,0.0,3.8184843925468766e-13,0.0,-1.0843598715413903e-13,0.0,-1.0875632980452056e-13,0.0,0.0,0.0,-1.1756575269001227e-13,6.406853007629834e-16,0.0,-4.805139755722377e-16
Fur,-18.335607967264764,0.33700299857549354,0.33700299857549304,0.3420914886658047,0.14697724457432648,0.0,0.0,0.1953330985905945,0.0,0.26504282058657885,0.0,0.14697724457432562,0.0,0.0,0.0,0.0,0.19533309859059422,0.005014974819934195,0.005014974819933557,0.15276012024174435,1.3068248330892471,0.0,1.1240988493260589,1.5674851083720904,1.124098849326059,0.0,0.0,-0.6035530947646686,0.0,0.0,0.0,-14.927834615683132,-14.927834615683132,-18.503274004163593,-0.8710501624657946,-0.8710501624657946,-0.8710501624657949,-0.8710501624657949,-15.354463599146937,0.0,-15.809807941959068,-0.891191932889677,-0.2862347163691417,0.0,0.0,0.0,-14.072283379165661,0.0,0.0,0.0,-13.14422352223489,0.0,-14.927834615683132,-0.14955476762198133,6.406853007629834e-16,6.406853007629834e-16,6.406853007629834e-16,-4.164454454959399e-15,0.0,0.0,-0.5380283160447937,-0.538028316044793,-1.4895933242739444e-14,0.0,-8.008566259537297e-16,0.0,0.0,0.0,-4.954180589751835,0.0,0.0,0.0,0.0,0.0,0.0,13.673930899468573,-2.0346563438994796e-12,0.0,0.0,0.0,0.0,0.0,0.0,0.0,0.0,0.0,0.0,0.0,0.0,0.0,0.0,13.673930899468107,0.0,0.0,0.0,0.0,0.0,0.0,0.0,0.0,-2.0346563438994796e-12,0.0,0.0,0.0,0.0,0.0,0.0,13.673930899468107,0.0,0.0,0.0,0.0,0.0,0.0,0.0,0.0,0.0,0.0,0.0,0.0,-0.7913207179961936,0.0,0.0,0.2187785546994155,0.0,-0.9414456332263028,0.0,9.930622161825902e-14,1.992531285372741e-13,0.0,-5.019835326433712,-2.2423985526704442e-15,-1.3086198255432255,0.0,-1.3086198255432255,0.0,-2.2423985526704442e-15,0.0,1.9989381383803701e-13,3.203426503814917e-16,0.0,0.9114036037388352
GadE,0.33141601884562594,-19.4797098193679,-19.4797098193679,0.21316474695449866,0.10402957479674621,0.0,0.0,0.11072502672165203,-6.406853007629836e-16,0.7469424723741394,0.0,0.10402957479674621,0.0,0.0,0.0,0.0,0.11070769140846919,-17.48694929247488,-17.48694929247488,-16.649670279970742,-14.614547544515919,0.0,-14.503121663101293,-10.8653566292778,-14.503121663101293,0.0,0.0,-0.8728065784817045,0.0,0.0,0.0,-16.303531809470314,-16.303531809470314,0.0,0.32061363853549185,0.32061363853549185,0.32061363853549135,0.3206136385354916,-0.7800046898367065,0.0,0.2945152877037496,0.32188566144407954,0.5822237773716916,0.0,0.0,0.0,-0.8778532886593948,0.0,0.0,0.0,-14.846747744936518,0.0,-16.040500971037176,-0.663903277527669,6.406853007629834e-16,6.406853007629834e-16,6.406853007629834e-16,1.6017132519074577e-15,3.203426503814917e-16,3.203426503814917e-16,2.117464919021505e-13,2.117464919021505e-13,4.484797105340878e-15,0.0,0.0,0.0,0.0,0.0,-1.234642052639503,-6.406853007629836e-16,-6.406853007629836e-16,-6.406853007629836e-16,0.0,0.0,0.8862237379753333,13.040455491272185,3.3091395784404304e-13,0.0,0.0,0.0,0.0,0.0,0.0,0.0,0.0,-6.406853007629836e-16,-6.406853007629836e-16,-6.406853007629836e-16,0.0,0.0,0.8862237379753333,13.040455491271583,0.0,0.0,0.0,0.0,0.0,0.0,0.0,0.0,0.0,-6.406853007629836e-16,-6.406853007629836e-16,-6.406853007629836e-16,0.0,0.0,0.8862237379753333,13.040455491271583,0.0,0.0,0.0,0.0,0.0,0.0,0.0,0.0,0.0,0.0,0.0,0.0,-0.7889909584937207,4.484797105340878e-15,0.0,1.6241372374340717e-13,4.8051397557223685e-15,3.251477901371775e-13,0.0,2.6652508511737654e-13,5.384959952911871e-13,0.0,0.0,-3.203426503814921e-15,4.87561513880548e-13,0.0,4.869208285797853e-13,0.0,-3.203426503814921e-15,0.0,5.384959952911871e-13,0.0,0.0,-4.805139755722377e-16
GadW,-0.037052503743729995,0.07442570065179062,0.07442570065179062,0.0753556926290607,0.03506733237108142,0.0,0.0,0.04487031320984627,0.0,-1.8563986396938104,0.0,0.03506733237108111,0.0,0.0,0.0,0.0,0.04487031320984627,0.0657576620721242,0.0657576620721242,0.38441088403594,0.513895934867624,0.0,0.44083774337656945,0.6164098168296038,0.44083774337656945,0.0,0.0,0.26039869785538405,0.0,0.0,0.0,-15.72699852528714,-15.72699852528714,-0.5649597060055307,0.6434016910560059,0.6434016910560054,0.6434016910560052,0.6434016910560052,0.8923892246059062,0.0,-0.04710119348204636,0.6488141630411397,1.361689517485112,0.0,0.0,0.0,1.1044788130690815,0.0,0.0,0.0,-14.580887781738012,0.0,-15.990028497835867,-0.6421115164924398,2.2423985526704407e-15,2.2423985526704407e-15,2.2423985526704407e-15,-1.6017132519074597e-15,0.0,0.0,-0.09372410409770786,-0.09372410409770802,-5.44582505648537e-15,0.0,0.0,0.0,6.406853007629834e-16,6.406853007629834e-16,-1.5846595494696984,-1.4415419267167136e-15,-1.4415419267167136e-15,-1.4415419267167136e-15,0.3559943786802753,0.3559943786802768,0.0,9.61027951144475e-16,0.0,0.0,0.0,0.0,0.0,0.0,0.0,0.0,0.0,-1.4415419267167136e-15,-1.4415419267167136e-15,-1.4415419267167136e-15,0.3559943786802758,0.3559943786802768,9.61027951144475e-16,9.61027951144475e-16,0.0,0.0,0.0,0.0,0.0,0.0,0.0,0.0,0.0,-1.4415419267167136e-15,-1.4415419267167136e-15,-1.4415419267167136e-15,0.3559943786802768,0.3559943786802768,9.61027951144475e-16,0.0,0.0,0.0,0.0,0.0,0.0,0.0,0.0,0.0,0.0,0.0,-1.2813706015259676e-15,0.0,-0.7889902671276272,-4.4847971053408916e-15,0.0,7.079572573430795e-14,0.0,-0.14437624326076476,0.0,-2.3066468054219755,2.466638407937276e-13,0.0,-2.7201896157170017e-12,0.0,-0.17242426882809217,0.0,-0.1724242688280918,0.0,0.0,0.0,2.466638407937276e-13,-6.406853007629836e-16,0.0,0.0
GadX,0.18206179486036622,0.9769182662428019,0.9769182662428063,-0.18778270211482137,-0.08180208582413195,0.0,0.0,-0.09179324063737403,-3.203426503814918e-16,0.0,0.0,-0.08180208582413229,0.0,0.0,0.0,0.0,-0.09179324063737403,-0.2815879776018765,-0.28158797760187726,-0.05490013685206585,-2.9069120691015566,0.0,-2.087481788466668,-16.030385234393368,-16.41738097249312,0.0,0.0,0.9189349507973041,0.0,0.0,0.0,-15.61296147548482,-15.61296147548482,0.0,0.8176940997103405,-0.08566629002016887,-0.08566629002016905,1.642171715166879,2.9005013726694324,0.0,-0.2177499892579915,-0.08620839760923846,-0.5651448974289601,0.0,0.0,0.0,0.0,0.0,0.0,0.0,-15.211651241981379,0.0,-14.612990262754796,1.0601223402099609,6.406853007629834e-16,0.0,0.0,-1.6017132519074597e-15,0.0,0.0,0.044106228904702366,0.044106228904702366,-8.649251560300302e-15,0.0,0.0,0.0,0.0,0.0,0.31155077672714604,-1.4415419267167136e-15,-6.406853007629836e-16,-1.4415419267167136e-15,0.0,-0.35599437868027684,0.0,0.23709653201686975,-1.4328926751571244e-12,0.0,0.0,0.0,0.0,0.0,0.0,0.0,0.0,-6.406853007629836e-16,-1.4415419267167136e-15,-8.008566259537297e-16,0.0,-0.35599437868027684,0.0,0.23709653201686975,0.0,0.0,0.0,0.0,0.0,0.0,0.0,0.0,0.0,-6.406853007629836e-16,-6.406853007629836e-16,-6.406853007629836e-16,0.0,-0.35599437868027684,0.0,0.23709653201686975,0.0,0.0,0.0,0.0,0.0,0.0,0.0,0.0,0.0,0.0,-18.695547407882763,0.0,-0.7889902671276277,0.0,0.0,-2.0341758299224872e-14,1.6017132519074577e-15,0.06736154259945443,0.0,0.03936527701829362,-6.663127127935182e-14,-17.608149757944922,-17.15744830197825,-1.6017132519074597e-15,-0.0035746578098664545,0.0,-0.003574657809866133,0.0,-1.6017132519074597e-15,0.0,-6.663127127935182e-14,-18.695547407882763,0.0,6.406853007629834e-16
GcvA,0.8701163154068928,0.4188172557588217,0.4188172557588208,0.4247678271674091,0.19504253353171003,0.0,0.0,0.21176118071456557,0.0,0.924263179092975,0.0,0.19504253353171003,0.0,0.0,0.0,0.0,0.2117611807145653,-1.9922673784766105,-1.9922673784766107,-1.5458778519286929,-2.7711234834776484,0.0,-1.9683475650507296,-15.818082095279033,-1.9683475650507294,0.0,0.0,-0.8835420478735236,0.0,0.0,0.0,-16.544497769544638,-16.544497769692775,0.0,0.6248775355189595,0.624877535518959,0.6248775355189593,1.5555130737289589,0.0,-14.736281419811906,1.3096499617134396,0.6329875854368219,0.18112580795617444,0.0,0.0,0.0,0.0,0.0,0.0,0.0,-14.272958527755268,0.0,-13.544603418983362,0.18924555725486875,-1.4415419267167136e-15,-6.406853007629836e-16,-6.406853007629836e-16,-3.3635978290056677e-15,0.0,0.0,-5.702099176790666e-14,-5.718116309309741e-14,-1.3294219990831969e-14,0.0,-9.610279511444756e-16,-8.008566259537297e-16,0.0,0.0,3.844111804577896e-15,0.0,0.0,9.61027951144475e-16,9.61027951144475e-16,1.6017132519074577e-15,1.9220559022889496e-15,1.9220559022889496e-15,-2.703435695124815e-11,0.0,0.0,0.0,0.0,0.0,0.0,0.0,0.0,0.0,0.0,0.0,6.406853007629834e-16,6.406853007629834e-16,1.9220559022889496e-15,1.9220559022889496e-15,-2.703435695124815e-11,0.0,0.0,0.0,0.0,0.0,0.0,0.0,0.0,0.0,0.0,9.61027951144475e-16,9.61027951144475e-16,1.6017132519074577e-15,1.9220559022889496e-15,1.9220559022889496e-15,0.0,0.0,0.0,0.0,0.0,0.0,0.0,0.0,0.0,0.0,6.406853007629834e-16,0.0,3.203426503814917e-16,0.0,0.0,-4.164454454959453e-14,1.6017132519074577e-15,-8.473063102590707e-14,0.0,-6.615075730377957e-14,-1.324616859327529e-13,-15.628639449123863,-10.468225730228786,1.9220559022889496e-15,-1.1932763726711062e-13,0.0,-1.1996832256787366e-13,0.0,1.9220559022889496e-15,0.0,-1.324616859327529e-13,6.406853007629834e-16,0.0,6.406853007629834e-16
GlcC,0.3263489463088963,0.20828621630283978,0.2082862163028406,0.210504501705197,0.10284614294140919,0.0,0.0,0.11307599873194084,0.0,0.9381004115710062,0.0,0.10284614294140919,0.0,0.0,0.0,0.0,0.11307599873194144,-17.351413705359313,-17.351413705359313,-16.516498168528862,-14.329899184026456,0.0,-14.329899184026456,0.0,-14.329899184026456,0.0,0.0,-0.836730721921094,0.0,0.0,0.0,-16.164988042217438,-16.164988042217438,0.0,0.6792461187115801,0.6792461187115804,0.6792461187115801,0.5378038197747159,-2.944558707058029,0.0,0.8167785304156823,0.6826892585064465,1.177023418092327,0.0,0.0,0.0,-17.534551459359584,0.0,0.0,0.0,-13.70442534442923,0.0,-15.901957563354367,-0.9842795213028875,6.406853007629834e-16,1.2813706015259665e-15,1.2813706015259665e-15,2.754946793280803e-14,0.0,0.0,-0.04610109225032495,-0.04610109225032561,-1.8259531071745147e-14,0.0,0.0,0.0,0.0,0.0,-2.6348714273170435,-6.406853007629836e-16,-6.406853007629836e-16,-6.406853007629836e-16,-6.406853007629836e-16,0.0,0.8862208270782803,0.0,-1.4328926751571244e-12,0.0,0.0,0.0,0.0,0.0,0.0,0.0,0.0,-6.406853007629836e-16,-6.406853007629836e-16,-6.406853007629836e-16,0.0,0.0,0.8862208270782803,0.0,0.0,0.0,0.0,0.0,0.0,0.0,0.0,0.0,-4.987735066440689e-13,-6.406853007629836e-16,-6.406853007629836e-16,-6.406853007629836e-16,-6.406853007629836e-16,0.0,0.8862208270782803,0.0,0.0,0.0,0.0,0.0,0.0,0.0,0.0,0.0,0.0,0.0,3.203426503814917e-16,0.0,-0.788990267127628,0.0,0.0,7.175675368545236e-14,0.0,-0.07038283648985208,0.0,1.1244027028389923e-13,2.2456019791740824e-13,0.0,0.0,1.6017132519074577e-15,2.0405826829299584e-13,0.0,2.0373792564261436e-13,0.0,0.0,0.0,2.2520088321817115e-13,6.406853007629834e-16,0.0,-1.6017132519074597e-15
HdfR,0.7054245310925653,0.29952729179326437,0.2995272917932638,0.30258846809642986,0.14429310619436417,0.0,0.0,0.1533627555108791,-3.203426503814918e-16,0.9240761061019762,0.0,0.14429310619436417,0.0,0.0,0.0,0.0,0.15336275551088113,-3.5174559111276587,-3.517455911127672,-3.2177356807693727,-17.114535350282832,0.0,-16.293011333240116,-15.91084456882533,-16.293011333240116,0.0,0.0,-1.4621633474858304,0.0,0.0,0.0,-15.927413205152417,-15.927413205152417,0.0,1.837093571170942,1.6293262422156347,1.6293262422156343,1.2819988229557358,-16.635056545660003,0.0,1.849537085187456,1.639413957883016,1.9214204534709207,0.0,0.0,0.0,-16.214834715731232,0.0,0.0,0.0,-15.263213021953817,0.0,0.0,-2.108018129666683,9.61027951144475e-16,9.61027951144475e-16,9.61027951144475e-16,2.8830838534334232e-15,0.0,0.0,-1.305396300304638e-13,-1.305396300304638e-13,3.523769154196405e-15,0.0,0.0,0.0,9.61027951144475e-16,9.61027951144475e-16,-3.5222056320460013,0.0,0.0,0.0,1.242204745248189,1.242204745248189,0.8862125103382114,0.0,0.0,0.0,0.0,0.0,0.0,0.0,0.0,0.0,0.0,0.0,0.0,0.0,1.242204745248189,1.2422047452481872,0.8862125103382114,0.0,0.0,0.0,0.0,0.0,0.0,0.0,0.0,0.0,0.0,0.0,0.0,0.0,1.242204745248189,1.242204745248189,0.8862125103382114,0.0,0.0,0.0,0.0,0.0,0.0,0.0,0.0,0.0,0.0,0.0,-0.3234673264361291,0.0,-2.029678512489142,-5.285653731294624e-15,0.0,-1.1003770040604663e-13,0.0,-2.0277689769149855e-13,0.0,-1.6417560832052388e-13,-3.3299618507159913e-13,0.0,0.0,0.0,-2.993602067815351e-13,0.0,-2.9984072075710743e-13,0.0,1.9220559022889496e-15,0.0,-3.3235549977083597e-13,-0.32346732643612885,0.0,5.44582505648535e-15
IHFA,1.1163106689032483,0.15182720945177888,0.15182720945177947,0.1538517119912457,0.06834827224146754,0.0,0.0,0.07740901517158985,0.0,-2.095957125350588,0.0,0.06834827224146754,0.0,0.0,0.0,0.0,0.07738778173673172,-8.677944891802893,-8.677944891802893,-8.387777352036352,-17.24671169129885,0.0,-16.394537485971433,-16.082012158984103,-16.394537485971433,0.0,0.0,0.1466096509757431,0.0,0.0,0.0,-15.951760623329111,-15.951760623329111,0.0,2.1748580815617533,2.1748580815617533,2.1748580815617533,2.937726416989325,0.0,0.0,2.729570306681564,2.1949904434262817,1.8117980644085327,0.0,0.0,0.0,0.0,0.0,0.0,0.0,-14.239543633170051,0.0,-13.144542268596407,0.05188742318583785,1.6017132519074577e-15,1.6017132519074577e-15,1.6017132519074577e-15,3.2034265038149143e-15,0.0,0.0,-0.046100981189128684,-0.04610098118912852,1.1852678064115145e-14,0.0,0.0,0.0,0.0,0.0,-0.5848737570591847,0.0,-8.008566259537297e-16,0.0,0.3559896039546225,-1.2813706015259676e-15,-1.2813706015259676e-15,0.0,0.0,0.0,0.0,0.0,0.0,0.0,0.0,0.0,0.0,-8.008566259537297e-16,-8.008566259537297e-16,0.0,0.3559896039546237,-1.2813706015259676e-15,0.0,0.0,0.0,0.0,0.0,0.0,0.0,0.0,0.0,0.0,0.0,-8.008566259537297e-16,-8.008566259537297e-16,0.0,0.3559896039546237,-1.2813706015259676e-15,-1.2813706015259676e-15,0.0,0.0,0.0,0.0,0.0,0.0,0.0,0.0,0.0,0.0,0.0,-1.0238786888307005,0.0,-0.7909994135594661,-5.766167706866863e-15,0.0,1.1756575269000268e-13,0.0,-0.07038257759588722,0.0,1.9028353432659357e-13,3.8248912455545047e-13,-15.008827155636391,-15.010114670806695,-4.164454454959399e-15,3.46290405062351e-13,0.0,3.46290405062351e-13,0.0,-4.164454454959399e-15,0.0,3.8184843925468766e-13,-1.0238786888307005,0.0,-1.1211992763352217e-15
IHFB,-18.654449756392452,0.2085618852178215,0.20856188521782013,0.2565153662791969,0.12155981408362179,0.0,0.0,0.1272055268053942,-19.546986749999707,1.4942970583513009,0.0,0.12155981408362149,0.0,0.0,0.0,0.0,0.12720552680539451,-1.88790414912456,-1.88790414912456,-1.7290734169985051,-3.004714878824102,0.0,-2.1741167651214584,-16.169131799244994,-16.53048688676393,0.0,0.0,-1.0135568580322114,0.0,0.0,0.0,-15.169022178787689,-15.169022178787689,-19.967092905349215,-0.5928013268279779,-0.5928013268279784,-0.5928013268279788,0.5243413740733762,0.0,0.0,-0.6875186346461589,-0.5963586232624506,-1.188713365714875,0.0,0.0,0.0,0.0,0.0,0.0,0.0,-14.538195202253934,0.0,-13.584137996152625,0.0,1.6017132519074577e-15,2.2423985526704407e-15,2.2423985526704407e-15,6.406853007629834e-16,-4.805139755722377e-16,6.406853007629834e-16,0.0476230213286065,0.04762302132860681,1.2813706015259665e-15,0.0,0.0,0.0,0.0,0.0,-2.0341758299224872e-14,-1.4415419267167136e-15,-1.4415419267167136e-15,-1.4415419267167136e-15,-6.406853007629836e-16,-1.4415419267167136e-15,-1.1211992763352217e-15,0.0,0.0,0.0,0.0,0.0,0.0,0.0,0.0,0.0,0.0,-1.4415419267167136e-15,-2.2423985526704442e-15,-2.2423985526704442e-15,-1.4415419267167136e-15,-8.008566259537297e-16,0.0,0.0,0.0,0.0,0.0,0.0,0.0,0.0,0.0,0.0,0.0,-1.4415419267167136e-15,-2.2423985526704442e-15,-1.4415419267167136e-15,-6.406853007629836e-16,-8.008566259537297e-16,0.0,0.0,0.0,0.0,0.0,0.0,0.0,0.0,0.0,0.0,0.0,0.0,-17.971180454557828,0.0,-0.7889906190956659,0.0,0.0,-4.452762840302804e-14,1.9220559022889496e-15,0.07399342966236616,0.0,-2.4897509927049986,-1.3646596906252195e-13,-17.60122506737172,-17.6014920152419,-3.3635978290056677e-15,0.17242433104057053,0.0,0.1724243310405708,0.0,-1.6017132519074597e-15,0.0,-1.358252837617589e-13,-17.971180454557828,0.0,-4.805139755722377e-16
IclR,-0.34448292272903,-0.3631708964524481,-0.3631708964524479,-0.0434549493525785,-0.019513252807182448,0.0,0.0,-0.023776543343454356,3.203426503814917e-16,0.5756525002041493,0.0,-0.019513252807182614,0.0,0.0,0.0,0.0,-0.023776543343454193,0.4059430371357981,0.4059430371357979,0.5806505901973977,0.7115804547912632,0.0,0.6404858957462288,0.8008743375742164,-16.23629471400686,0.0,0.0,0.4311115847169389,0.0,0.0,0.0,-0.7628523924875164,-0.7628523924875164,0.0,2.1828726212384004,2.1828726212384004,2.1828726212384,-1.1211992763352217e-15,0.0,6.406853007629834e-16,3.397188463842119,2.2038199431770398,2.7527188268846885,0.0,0.0,0.0,0.0,0.0,0.0,0.0,-15.269015359203209,0.0,-15.149220089485777,-17.551268489958318,2.8830838534334232e-15,2.8830838534334232e-15,2.8830838534334232e-15,-3.3635978290056677e-15,0.0,0.0,0.04424131371893602,0.04424131371893602,-1.4095076616785707e-14,0.0,0.0,0.0,0.0,0.0,-1.5520228839575054,-9.610279511444756e-16,-9.610279511444756e-16,0.0,0.0,0.0,1.9220559022889496e-15,1.123308301235183,0.0,0.0,0.0,0.0,0.0,0.0,0.0,0.0,0.0,-9.610279511444756e-16,0.0,0.0,0.0,9.61027951144475e-16,1.9220559022889496e-15,1.123308301235184,0.0,0.0,0.0,0.0,0.0,0.0,0.0,0.0,0.0,-9.610279511444756e-16,0.0,0.0,0.0,9.61027951144475e-16,1.9220559022889496e-15,1.123308301235183,0.0,0.0,0.0,0.0,0.0,0.0,0.0,0.0,0.0,0.0,0.0,0.0,-0.7889887184720854,0.0,0.0,-0.0003315990420846874,1.9220559022889496e-15,0.06869406497867858,0.0,-1.105182143816189e-13,-2.2327882731591706e-13,3.397044213564217,2.220537937087696,3.844111804577896e-15,0.1660347298606054,0.0,0.1660347298606054,0.0,3.844111804577896e-15,0.0,-2.2327882731591706e-13,0.0,0.0,0.0
IdnR,0.035278948805778386,-0.21164510162807587,-0.21164510162807607,0.07497093310312483,0.03417481186706228,0.0,0.0,0.03299235227736045,0.0,0.33940821780722724,0.0,0.03417481186706228,0.0,0.0,0.0,0.0,0.03299235227736076,-0.0395763791242201,-0.039576379124220434,0.1256923986020718,0.15805161907685936,0.0,0.14029960197514432,0.18095092737753254,-16.441273553504494,0.0,0.0,0.09053357686538038,0.0,0.0,0.0,-15.1498479381265,-15.1498479381265,-0.0126319294814732,-0.21564230913368027,-0.21564230913368027,-0.21564230913368063,-0.21564230913368043,-0.8046491798460153,0.0,4.609654823361493,-0.22047346836206821,-0.05873937303315083,0.0,0.0,0.0,0.0,0.0,0.0,0.0,-14.981444727722437,0.0,-13.149966985334947,-0.3272026860720893,1.6017132519074577e-15,6.406853007629834e-16,6.406853007629834e-16,-2.7229125282426824e-15,-4.805139755722377e-16,6.406853007629834e-16,0.04762302132856156,0.04762302132856187,-1.1692506738924496e-14,0.0,0.0,0.0,0.0,6.406853007629834e-16,-3.203426503814921e-15,-2.2423985526704442e-15,-1.4415419267167136e-15,-1.4415419267167136e-15,-1.4415419267167136e-15,-8.008566259537297e-16,-8.008566259537297e-16,0.0,0.0,0.0,0.0,0.0,0.0,0.0,0.0,0.0,0.0,-2.2423985526704442e-15,-2.2423985526704442e-15,-1.4415419267167136e-15,-8.008566259537297e-16,-8.008566259537297e-16,-8.008566259537297e-16,-8.008566259537297e-16,0.0,0.0,0.0,0.0,0.0,0.0,0.0,0.0,0.0,-2.2423985526704442e-15,-2.2423985526704442e-15,-1.4415419267167136e-15,-8.008566259537297e-16,-8.008566259537297e-16,-8.008566259537297e-16,-8.008566259537297e-16,0.0,0.0,0.0,0.0,0.0,0.0,0.0,0.0,0.0,0.0,9.61027951144475e-16,0.0,6.406853007629834e-16,0.0,0.0,-1.0715461655261297e-13,1.9220559022889496e-15,0.07399342966229708,0.0,-2.0197558129645747,-3.3187498579526364e-13,0.0,2.290449950225848e-12,-1.6017132519074597e-15,0.17242433104050287,0.0,0.17242433104050287,0.0,-1.6017132519074597e-15,0.0,-3.3187498579526364e-13,9.61027951144475e-16,0.0,-4.805139755722377e-16
LldR,0.7243581705387698,0.39896398794743015,0.3989639879474294,0.44705026942417947,0.20462638991157514,0.0,0.0,0.22343162581804418,3.203426503814917e-16,-0.07187155681298299,0.0,0.20462638991157514,0.0,0.0,0.0,0.0,0.22343162581804418,-1.9723643412450813,-1.972364341245082,-1.2581220620240188,-2.3851750495946478,0.0,-1.6378589751500638,-15.486564191050096,-16.045756984017622,0.0,0.0,-0.6893358943809148,0.0,0.0,0.0,-17.210175158368045,-17.210175158368045,0.0,-0.023444569229378882,-0.023444569229378723,-0.023444569229378882,1.8291021132922813,0.0,-14.868727079149902,-0.12997226259577285,-0.023580960255360876,-0.7764374045529374,0.0,0.0,0.0,0.0,0.0,0.0,0.0,-15.607590828372306,0.0,-13.750838683699882,0.0,0.0,0.0,0.0,-1.0411136137398519e-14,0.0,0.0,-0.04762303929334079,-0.047623039293341114,-3.603854816791827e-14,0.0,-8.008566259537297e-16,0.0,6.406853007629834e-16,6.406853007629834e-16,2.478065637258632,-8.008566259537297e-16,6.406853007629834e-16,6.406853007629834e-16,6.406853007629834e-16,-0.3559954844245747,6.406853007629834e-16,-13.952212695987958,0.0,0.0,0.0,0.0,0.0,0.0,0.0,0.0,0.0,-8.008566259537297e-16,0.0,-8.008566259537297e-16,0.0,-0.3559954844245753,0.0,-13.952212695987958,0.0,0.0,0.0,0.0,0.0,0.0,0.0,0.0,0.0,-8.008566259537297e-16,6.406853007629834e-16,6.406853007629834e-16,6.406853007629834e-16,-0.3559954844245753,0.0,-13.952212695987958,0.0,0.0,0.0,0.0,0.0,0.0,0.0,0.0,0.0,0.0,6.406853007629834e-16,0.0,-4.805139755722377e-16,0.0,0.0,-1.5632721338617646e-13,0.0,-0.07399347303615135,0.0,-2.327289355021725e-13,-4.707435247356789e-13,-17.826229929730278,-17.8264666361113,1.6017132519074577e-15,-0.17242444891736108,0.0,-0.17242444891736108,0.0,1.6017132519074577e-15,0.0,-4.704231820852974e-13,9.61027951144475e-16,0.0,-6.406853007629849e-15
LrhA,0.032435397367619724,0.10685621313990798,0.10685621313990738,0.10815223611485317,0.05034582622670887,0.0,0.0,0.05758137064051234,0.0,0.9878629154886399,0.0,0.05034582622670856,0.0,0.0,0.0,0.0,0.05756105947467891,-0.06145254655280054,-0.06145254655280171,0.31664732334230283,0.4284228800969977,0.0,0.36504437575507487,0.5187078557263134,0.36504437575507487,0.0,0.0,0.21198939681193124,0.0,0.0,0.0,-15.845939354092382,-15.845939354092382,-0.7765231449647367,1.4206993902401124,0.16012577980638823,0.16012577980638823,0.16012577980638823,0.20238125742613586,0.0,0.08218901079837282,0.1611377239954515,1.2904664192413158,0.0,0.0,0.0,0.2323268263658201,0.0,0.0,0.0,-15.07844060879419,0.0,-15.260989100651166,-0.8436653930706792,0.0,6.406853007629834e-16,9.61027951144475e-16,-4.6449684305316375e-15,2.5627412030519317e-15,2.5627412030519317e-15,-0.04610104238633727,-0.04610104238633727,-2.130278625036936e-14,0.0,0.0,0.0,9.61027951144475e-16,9.61027951144475e-16,-3.1456990143746983,-1.6017132519074597e-15,-1.6017132519074597e-15,-1.6017132519074597e-15,-1.6017132519074597e-15,1.242204745248194,0.8862125103382171,13.734047386376844,0.0,0.0,0.0,0.0,0.0,0.0,0.0,0.0,0.0,-1.6017132519074597e-15,-1.6017132519074597e-15,-1.6017132519074597e-15,-6.406853007629836e-16,1.242204745248194,0.8862125103382194,0.0,0.0,0.0,0.0,0.0,0.0,0.0,0.0,0.0,0.0,-1.6017132519074597e-15,-1.6017132519074597e-15,-1.6017132519074597e-15,-1.6017132519074597e-15,1.242204745248194,0.8862125103382194,0.0,0.0,0.0,0.0,0.0,0.0,0.0,0.0,0.0,0.0,0.0,-18.548696913213817,0.0,-0.7889882918027755,0.0,0.0,-1.154835254625324e-13,1.9220559022889496e-15,-0.07038272025194686,0.0,-1.6417560832052388e-13,-3.3187498579526364e-13,0.0,0.0,-1.922055902288952e-15,-2.993602067815351e-13,0.0,-2.993602067815351e-13,0.0,0.0,0.0,-3.3187498579526364e-13,-18.548696913213817,0.0,1.6337475169455987e-14
MarA,-18.61482844409198,0.4386116188515859,0.4386116188515845,0.17377293857255766,0.0800741281396824,0.0,0.0,0.08654816871425916,-19.558243190704918,2.7432543704727474,0.0,0.08007412813968179,0.0,0.0,0.0,0.0,0.08654816871425945,-0.5293058044842794,-0.5293058044842794,-0.3188714463071091,-0.4130755126650418,0.0,-0.3606753986737092,-0.4834484605342587,0.0,0.0,0.0,-0.2227258761424459,0.0,0.0,0.0,-15.618117546408229,-15.61811754624869,0.0,0.01024701704640804,0.01024701704640804,0.01024701704640804,0.01024701704640804,0.013614616361689534,0.0,0.15256148427390745,0.010323844650445552,0.13609890893207008,0.0,0.0,0.0,0.016216150898179887,0.0,0.0,0.0,-15.125640100231804,0.0,-14.296232478164008,-0.4187823393174569,6.406853007629834e-16,0.0,0.0,3.844111804577896e-15,3.203426503814917e-16,3.203426503814917e-16,1.367863117128905e-13,1.367863117128905e-13,1.2493363364878124e-14,0.0,0.0,0.0,0.0,6.406853007629834e-16,2.1927583352567472,-1.4415419267167136e-15,-1.4415419267167136e-15,-1.4415419267167136e-15,-8.008566259537297e-16,0.0,0.0,-13.92667922924895,0.0,0.0,0.0,0.0,0.0,0.0,0.0,0.0,0.0,-1.4415419267167136e-15,-1.4415419267167136e-15,-1.4415419267167136e-15,0.0,0.0,0.0,-13.92667922924895,0.0,0.0,0.0,0.0,0.0,0.0,0.0,0.0,-3.3597537172049975e-12,-1.4415419267167136e-15,-1.4415419267167136e-15,-1.4415419267167136e-15,-8.008566259537297e-16,0.0,9.61027951144475e-16,-13.92667922924895,-3.5034273959014387e-12,0.0,0.0,0.0,0.0,0.0,0.0,0.0,0.0,0.0,-3.203426503814918e-16,0.0,0.788990958493721,0.0,0.0,1.1083855703199188e-13,1.6017132519074577e-15,2.0758203744719173e-13,0.0,1.701019473525621e-13,3.4244629325777407e-13,0.0,-5.265436896050974,0.0,3.104120282196321e-13,0.0,3.0977134291886925e-13,0.0,0.0,0.0,3.4244629325777407e-13,0.0,0.0,0.0
MarR,0.36070385193997095,0.12930784856278585,0.12930784856278643,0.17330650628659727,0.08341402279363816,0.0,0.0,0.08593376304779964,3.203426503814917e-16,1.2120117186841957,0.0,0.08341402279363816,0.0,0.0,0.0,0.0,0.08593376304779964,-1.408919951578736,-1.4089199515787363,-1.136384102895693,-2.213089780513057,0.0,-1.4948437069924276,-15.219026896215572,-15.851213828634899,0.0,0.0,-0.6110416330528625,0.0,0.0,0.0,-15.413551256763295,-15.413551256763295,0.0,-0.42979387089908677,-0.08677740377534246,-0.08677740377534228,-0.08677740377534228,-0.11819240135759894,0.0,-0.2659512244153402,-0.08747685218826175,0.3094861500245624,0.0,0.0,0.0,-0.14357125729025458,0.0,0.0,0.0,-15.27562078634957,0.0,-15.735472740694734,-0.9688548495032346,0.0,-8.008566259537297e-16,-8.008566259537297e-16,4.8051397557223685e-15,-4.805139755722377e-16,6.406853007629834e-16,0.04762302132860402,0.04762302132860402,1.377473396640408e-14,0.0,0.0,0.0,0.0,0.0,-2.1927536344150034,-7.36788095877433e-15,-8.168737584728063e-15,-8.008566259537297e-16,-8.008566259537297e-16,-8.008566259537297e-16,0.0,0.0,0.0,0.0,0.0,0.0,0.0,0.0,0.0,0.0,0.0,-8.168737584728063e-15,-7.36788095877433e-15,-8.008566259537297e-16,-8.008566259537297e-16,-8.008566259537297e-16,0.0,0.0,0.0,0.0,0.0,0.0,0.0,0.0,0.0,0.0,0.0,-7.36788095877433e-15,-8.168737584728063e-15,-8.008566259537297e-16,0.0,-8.008566259537297e-16,0.0,0.0,0.0,0.0,0.0,0.0,0.0,0.0,0.0,0.0,0.0,0.0,0.04487751465344883,0.0,0.0,0.0,0.0,-4.9492939483941326e-14,1.9220559022889496e-15,0.07399342966235885,0.0,-7.528052283965253e-14,-1.4976018905335516e-13,0.0,5.2401234835400325,0.0,0.17242433104055602,0.0,0.17242433104055632,0.0,0.0,0.0,-1.5040087435411822e-13,0.04487751465344883,0.0,-4.805139755722377e-16
Mlc,0.07958670974103436,0.5608779540628874,0.5608779540628863,0.10285464831677406,0.046681325956528394,0.0,0.0,0.050830739018357544,1.6017132519074577e-15,0.0,0.0,0.046681325956527464,0.0,0.0,0.0,0.0,0.050830739018357544,-0.08764898288386895,-0.08764898288386946,0.11628339209838462,0.14673415096866357,0.0,0.1300027956472799,0.16841144316192524,0.0,0.0,0.0,0.08343789915386522,0.0,0.0,0.0,-15.404538313975028,-15.404538313975028,-19.381945079103623,-0.1333734437749182,-0.1333734437749182,-0.13337344377491872,-0.027670068729763762,-0.08606405405046358,0.0,5.056661752576559,-0.1360515473690463,-0.09955001389825892,0.0,0.0,0.0,0.0,0.0,0.0,0.0,-14.89452808183884,0.0,-13.082743260364277,-0.2730818104152945,-1.4415419267167136e-15,-8.008566259537297e-16,-1.4415419267167136e-15,-1.922055902288952e-15,0.0,0.0,0.0010294745105430075,0.0010294745105430075,-1.1051821438161509e-14,0.0,0.0,0.0,0.0,0.0,0.0,-1.4415419267167136e-15,-1.4415419267167136e-15,-6.406853007629836e-16,-6.406853007629836e-16,0.0,9.61027951144475e-16,9.61027951144475e-16,-5.7314105293118446e-12,0.0,0.0,0.0,0.0,0.0,0.0,0.0,0.0,-6.406853007629836e-16,-6.406853007629836e-16,-6.406853007629836e-16,-6.406853007629836e-16,0.0,9.61027951144475e-16,9.61027951144475e-16,0.0,0.0,0.0,0.0,0.0,0.0,0.0,0.0,-7.007014963136576e-12,-1.4415419267167136e-15,-1.4415419267167136e-15,-6.406853007629836e-16,-6.406853007629836e-16,0.0,9.61027951144475e-16,9.61027951144475e-16,0.0,0.0,0.0,0.0,0.0,0.0,0.0,0.0,0.0,0.0,0.0,0.0,-0.7889899018781181,0.0,0.0,1.537644721831152e-14,-1.7618845770982058e-15,0.0015853827089893477,0.0,1.8579873722126402e-14,3.9081803346541465e-14,-12.654565656586762,-7.47435362184342,-1.922055902288952e-15,0.0035746565482235072,0.0,0.0035746565482238264,0.0,-1.922055902288952e-15,0.0,3.9081803346541465e-14,-3.203426503814918e-16,0.0,0.0
ModE,0.2805240166510169,1.3703968163865077,1.3703968163865072,0.1666596416955885,0.07707219129813249,0.0,0.0,0.03782848385410691,3.203426503814917e-16,0.0,0.0,0.07707219129813249,0.0,0.0,0.0,0.0,0.03782848385410816,-0.46298758910989757,-0.4629875891098978,-0.1930345906471992,-0.2510274389825282,0.0,-0.2187265433837725,-0.29455562001000163,0.0,0.0,0.0,-0.13424199213534724,0.0,0.0,0.0,-15.923524157411162,-15.923524157411162,0.0,1.2176227597704354,1.2176227597704359,1.217622759770435,2.519682071570661,0.0,-14.843192848142657,1.6890184834605588,1.2277445850246296,0.8735563957295431,0.0,0.0,0.0,0.0,0.0,0.0,0.0,-15.69056931543394,0.0,-14.601630880389784,0.09488856494989238,0.0,0.0,0.0,-1.922055902288952e-15,3.203426503814917e-16,3.203426503814917e-16,0.5266048434764014,0.5266048434764016,-7.528052283965076e-15,0.0,0.0,0.0,0.0,6.406853007629834e-16,3.5222487926850783,-1.4415419267167136e-15,-1.4415419267167136e-15,-1.4415419267167136e-15,-1.242218866981347,-1.242218866981347,-0.8862237379753343,-13.926679229247547,0.0,0.0,0.0,0.0,0.0,0.0,0.0,0.0,0.0,-1.4415419267167136e-15,-1.4415419267167136e-15,-1.4415419267167136e-15,-1.242218866981347,-1.242218866981347,-0.8862237379753343,-13.926679229247547,0.0,0.0,0.0,0.0,0.0,0.0,0.0,0.0,-3.4853280361510515e-13,-1.4415419267167136e-15,-2.2423985526704442e-15,-1.4415419267167136e-15,-1.242218866981347,-1.242218866981347,-0.8862237379753343,-13.926679229247547,0.0,0.0,0.0,0.0,0.0,0.0,0.0,0.0,0.0,0.0,6.406853007629834e-16,0.0,-0.7889909584937205,4.484797105340878e-15,0.0,4.1964887199974816e-14,-3.5237691541964136e-15,0.7577080564431159,0.0,7.079572573430795e-14,1.4287282207013825e-13,-16.429468019312427,-16.43008027642637,3.2034265038149143e-15,0.874373502001366,0.0,0.8743735020013663,0.0,3.2034265038149143e-15,0.0,1.4351350737090119e-13,6.406853007629834e-16,0.0,0.0
NagC,0.8461424101364288,0.2743971756540998,0.2743971756541004,0.27809787410626746,0.13119726582008717,0.0,0.0,0.1421792637529914,0.0,-1.7613890575867437,0.0,0.13119726582008717,0.0,0.0,0.0,0.0,0.1421792637529914,-1.9694479417299369,-1.9694479417299369,-1.8575445230521697,-3.1640172880987616,0.0,-2.3166122426888545,-16.349739515137042,-2.3166122426888545,0.0,0.0,-1.1075295945367565,0.0,0.0,0.0,-14.768439312150319,-14.768439312446468,-19.02824764734339,0.9627161060355623,0.9627161060355623,0.9627161060355618,0.9627161060355665,1.9608506763497717,0.0,5.1682266988946335,0.9771382220711105,0.9740856267766274,0.0,0.0,0.0,0.0,0.0,0.0,0.0,-15.452045891348384,0.0,0.0,-0.3509446357360314,0.0,-8.008566259537297e-16,-8.008566259537297e-16,-5.125482406103878e-15,-4.805139755722377e-16,6.406853007629834e-16,-7.960514861980289e-14,-7.960514861980289e-14,-2.0021415648843374e-14,0.0,0.0,0.0,0.0,6.406853007629834e-16,-3.9385356317490756,0.8624036772835681,0.8624036772835681,0.8624036772835689,0.8624036772835689,0.8624036772835696,0.506408916619682,2.616976569811113,0.0,0.0,0.0,0.0,0.0,0.0,0.0,0.0,0.0,0.8624036772835681,0.8624036772835681,0.8624036772835689,0.8624036772835689,0.8624036772835696,0.5064089166196807,2.616976569811113,0.0,0.0,0.0,0.0,0.0,0.0,0.0,0.0,0.0,0.8624036772835681,0.8624036772835681,0.8624036772835689,0.8624036772835689,0.8624036772835696,0.5064089166196807,2.616976569811113,0.0,0.0,0.0,0.0,0.0,0.0,0.0,0.0,0.0,0.0,1.2813706015259665e-15,0.0,6.406853007629834e-16,0.0,0.0,-5.702099176790666e-14,3.523769154196405e-15,-1.1788609534039378e-13,0.0,-9.081714138315578e-14,-1.8211479674188957e-13,0.0,-1.3741738673480298e-11,1.6017132519074577e-15,-1.6417560832052388e-13,0.0,-1.6449595097090538e-13,0.0,1.6017132519074577e-15,0.0,-1.814741114411265e-13,1.2813706015259665e-15,0.0,-4.805139755722377e-16
NarP,0.2704304861329181,0.2140475577793699,0.21404755777937018,0.21683574141483167,0.09840885700276768,0.0,0.0,0.10617699777941834,6.406853007629834e-16,1.3082869066978262,0.0,0.09840885700276739,0.0,0.0,0.0,0.0,0.10615606502993429,-0.3797147845999135,-0.3797147845999139,0.023564592166356774,0.03036983293374294,0.0,0.02659538082021268,0.035392325079511004,0.026595380820212993,0.0,0.0,0.016534514278868026,0.0,0.0,0.0,-16.45339974639601,-16.453399745518556,0.6636227380307631,1.8870350322243126,0.5728239923916012,0.5728239923916021,0.8638441521046271,0.0,-14.79072724612438,2.0448676477666066,1.577634260329761,1.245818094469171,0.0,0.0,0.0,0.0,0.0,0.0,0.0,-15.126532856651934,0.0,-13.283603356012437,-0.7122876780020524,-5.125482406103878e-15,-5.125482406103878e-15,-5.125482406103878e-15,5.125482406103859e-15,0.0,0.0,-0.0016369167818432763,-0.0016369167818429554,1.8259531071744916e-14,0.0,0.0,0.0,0.0,6.406853007629834e-16,-1.9188166653954137,-8.008566259537297e-16,0.0,0.0,0.0,0.0,0.0,0.0,0.0,0.0,0.0,0.0,0.0,0.0,0.0,0.0,0.0,0.0,0.0,-8.008566259537297e-16,0.0,0.0,0.0,0.0,0.0,0.0,0.0,0.0,0.0,0.0,0.0,0.0,0.0,0.0,-8.008566259537297e-16,0.0,0.0,0.0,0.0,0.0,0.0,0.0,0.0,0.0,0.0,0.0,0.0,0.0,0.0,0.0,-18.604600013695215,0.0,0.0,-4.4847971053408916e-15,0.0,3.2354607688530306e-14,5.5739621166378486e-14,-0.0025195827229787734,0.0,6.663127127934874e-14,1.3358288520907588e-13,-15.007098241618134,-15.008680107217806,-3.4597006241201525e-14,1.1980815124267293e-13,0.0,1.1948780859229148e-13,0.0,-3.4597006241201525e-14,0.0,1.3454391316022027e-13,-18.604600013695215,0.0,-2.9952037810669786e-14
NsrR,-0.2266389407104636,0.0,0.0,-0.02655850863161756,-0.013075322124231372,0.0,0.0,-0.010719306805487841,0.0,-0.27855125870919706,0.0,-0.013075322124231696,0.0,0.0,0.0,0.0,-0.010738919949396462,2.0266095374594553,2.026609537459455,0.0,0.0,0.0,0.0,0.0,0.0,0.0,-15.24385578936414,1.1598473872872384,-13.268559056788211,-14.820538826586711,-13.268559056788211,-15.029994681594445,-15.029994681594445,0.17956744811723294,0.45017134491805966,0.45017134491805944,0.45017134491805877,0.45017134491805944,0.537195420754998,0.0,0.6064569108901261,0.4523727625901569,0.5708064368514814,0.0,0.0,0.0,0.5933613455049963,0.0,0.0,0.0,-14.626595480782393,0.0,-14.445053741533945,-0.40228991913185674,1.7939188421363428e-14,1.890021637250789e-14,1.7939188421363428e-14,3.203426503814917e-16,0.0,0.0,-0.046101053156693356,-0.04610105315669402,1.2813706015259665e-15,0.0,0.0,0.0,0.0,0.0,-1.5520228839574608,-2.40256987786119e-15,-2.40256987786119e-15,-1.6017132519074597e-15,-1.6017132519074597e-15,-6.406853007629836e-16,-1.1211992763352217e-15,1.123308301235182,0.0,0.0,0.0,0.0,0.0,0.0,0.0,0.0,-5.7314105293118446e-12,-2.40256987786119e-15,-2.40256987786119e-15,-1.6017132519074597e-15,-6.406853007629836e-16,-6.406853007629836e-16,0.0,1.123308301235182,-3.5034273959014387e-12,0.0,0.0,0.0,0.0,0.0,0.0,0.0,0.0,-2.40256987786119e-15,-2.40256987786119e-15,-1.6017132519074597e-15,-1.6017132519074597e-15,-6.406853007629836e-16,-1.1211992763352217e-15,1.123308301235182,-3.5034273959014387e-12,0.0,0.0,0.0,0.0,0.0,0.0,0.0,0.0,0.0,0.0,0.0,-0.7889887184720851,0.0,0.0,8.969594210681491e-14,1.9220559022889496e-15,-0.07038274535891852,0.0,-0.1803170160616756,2.780574205311081e-13,0.0,-8.939978532930993e-11,1.383880249647978e-13,2.492265819967791e-13,0.0,2.495469246471605e-13,0.0,1.383880249647978e-13,0.0,2.780574205311081e-13,0.0,0.0,0.0
NtrC,0.40256104292973294,-18.448812883087296,-18.448812883087296,-0.01918529517234618,-0.00852217624967946,0.0,0.0,-0.005234378150266108,-3.203426503814918e-16,0.0,0.0,-0.008522176249679622,0.0,0.0,0.0,0.0,-0.005258239041686151,-0.653419318141081,-0.6534193181410816,-0.4172899057520186,-2.89372808533759,0.0,-2.0758551090997983,-16.093160151175752,-16.483753117967357,0.0,0.0,0.5159760577645625,0.0,0.0,0.0,-15.744316155869894,-15.744316155869894,0.0,1.331029086205593,1.331029086205593,1.331029086205593,2.3821698230479256,0.0,-14.868727079149902,1.6104214619728827,1.3437788841673037,0.9116766744526961,0.0,0.0,0.0,0.0,0.0,0.0,0.0,-15.127062072310979,0.0,-14.422427483870889,0.06980661534605816,0.0,-8.008566259537297e-16,-8.008566259537297e-16,-3.844111804577906e-15,0.0,0.0,-0.047623039293234005,-0.04762303929323434,-1.6177303844265424e-14,0.0,-8.008566259537297e-16,0.0,0.0,0.0,2.1927628711793594,-6.406853007629836e-16,-6.406853007629836e-16,-6.406853007629836e-16,0.0,0.0,6.406853007629834e-16,-13.952212695987958,0.0,0.0,0.0,0.0,0.0,0.0,0.0,0.0,0.0,-6.406853007629836e-16,-6.406853007629836e-16,-6.406853007629836e-16,0.0,0.0,6.406853007629834e-16,-13.952212695987958,0.0,0.0,0.0,0.0,0.0,0.0,0.0,0.0,0.0,-6.406853007629836e-16,-6.406853007629836e-16,-6.406853007629836e-16,0.0,0.0,6.406853007629834e-16,-13.952212695987958,0.0,0.0,0.0,0.0,0.0,0.0,0.0,0.0,0.0,0.0,3.203426503814917e-16,0.0,-0.7889912859833561,0.0,0.0,-1.1211992763352255e-14,-1.6017132519074597e-15,-0.07399347303598275,0.0,-1.2653534690068979e-14,-2.5947754680901065e-14,-16.00384462782238,-16.00384462782238,0.0,-0.1724244489171793,0.0,-0.1724244489171793,0.0,0.0,0.0,-2.5467240705328818e-14,3.203426503814917e-16,0.0,-4.805139755722377e-16
OgrK,-18.601715359918234,-2.329119902321336,-2.329119902321336,-1.0278497494776178,-0.35237748475468816,0.0,0.0,-0.3788713376882444,-19.50106160561452,1.8828634897410397,0.0,-0.35237748475468816,0.0,0.0,0.0,0.0,-0.37889960247227017,-2.6996390736949945,-2.6996390736949953,1.2076682293250893,1.4611929805602357,0.0,1.3237106721366134,1.6339297728709403,0.0,0.0,0.0,0.9143958273174946,0.0,0.0,0.0,1.2077638826082038,1.2077638826082033,-19.517395977607258,0.8736548843138786,0.8736548843138655,0.873654884313865,1.8179605329954076,0.0,-14.650554781994524,1.4503608137483028,0.8840260632217676,0.6653438019399298,0.0,0.0,0.0,0.0,0.0,0.0,0.0,-14.438428414684102,0.0,-14.983863911283958,-0.05760754744092147,0.0,0.0,0.0,1.9220559022889496e-15,0.0,0.0,-0.04762295863628643,-0.04762295863628726,8.328908909918762e-15,0.0,0.0,0.0,9.61027951144475e-16,9.61027951144475e-16,0.0,-9.610279511444756e-16,-9.610279511444756e-16,-9.610279511444756e-16,-9.610279511444756e-16,0.0,0.0,0.0,0.0,0.0,0.0,0.0,0.0,0.0,0.0,0.0,0.0,-9.610279511444756e-16,-9.610279511444756e-16,-9.610279511444756e-16,-9.610279511444756e-16,-9.610279511444756e-16,0.0,0.0,0.0,0.0,0.0,0.0,0.0,0.0,0.0,0.0,0.0,-9.610279511444756e-16,-9.610279511444756e-16,-9.610279511444756e-16,-9.610279511444756e-16,0.0,0.0,0.0,0.0,0.0,0.0,0.0,0.0,0.0,0.0,0.0,0.0,0.0,-4.324625780150146e-15,0.0,-6.406853007629836e-16,-5.285653731294624e-15,0.0,-5.477859321523613e-14,0.0,-0.07399327829838043,0.0,-6.214647417401075e-14,-1.7682914301059429e-13,-15.57152006459512,-15.57152006459512,-5.766167706866863e-15,-0.17242391967765175,0.0,-0.1724239196776521,0.0,-5.766167706866863e-15,0.0,-1.7682914301059429e-13,-4.324625780150146e-15,0.0,-6.406853007629836e-16
OmpR,-1.0380519310381293,-19.38915531885644,-19.38915531885644,-0.9549676574817977,-0.38253264596444,0.0,0.0,-0.40986778813655533,-0.04793665560477541,-17.994734192949476,0.0,-0.3825326459644402,0.0,0.0,0.0,0.0,-0.40986778813655556,2.511674524604902,2.511674524604901,0.0,0.0,0.0,0.0,0.0,0.0,0.0,-1.0249858114108936,0.3426007753473734,-13.406049289785669,-0.6016676960065821,5.043383631942558,2.3966424906399846,2.396642490639984,0.0,0.7566782849018421,-0.023717064562519725,-0.023717064562519725,0.0509683960436822,3.8295652644125435,0.0,-0.027229311851064277,-0.023806528600972446,1.0911928553113983,0.0,0.0,0.0,0.0,0.0,0.0,0.0,-14.713670492062946,0.0,-15.921966481069916,-0.48360541001509677,-8.008566259537297e-16,-8.008566259537297e-16,0.0,6.0865103572483304e-15,-4.805139755722377e-16,6.406853007629834e-16,-0.04762302132869326,-0.04762302132869326,1.986124432365235e-14,0.0,0.0,0.0,0.0,6.406853007629834e-16,-1.5520450876219443,-1.4415419267167136e-15,-6.406853007629836e-16,-6.406853007629836e-16,0.0,0.0,0.0,1.12331941772108,0.0,0.0,0.0,0.0,0.0,0.0,0.0,0.0,0.0,-6.406853007629836e-16,-1.4415419267167136e-15,-6.406853007629836e-16,0.0,0.0,0.0,1.1233194177210828,0.0,0.0,0.0,0.0,0.0,0.0,0.0,0.0,0.0,-1.4415419267167136e-15,-6.406853007629836e-16,-6.406853007629836e-16,0.0,0.0,0.0,1.12331941772108,0.0,0.0,0.0,0.0,0.0,0.0,0.0,0.0,0.0,0.0,-18.362214904488525,0.0,6.406853007629834e-16,0.0,0.0,-1.8099359746554398e-14,1.9220559022889496e-15,-0.07399342966250244,0.0,-2.9311352509906796e-14,-5.862270501981418e-14,-14.55575601150503,-14.557958494825925,-1.6017132519074597e-15,-0.17242433104079335,0.0,-0.1724243310407928,0.0,3.523769154196405e-15,0.0,-5.862270501981418e-14,-18.362214904488525,0.0,6.406853007629834e-16
OxyR,0.21505420520578006,0.5489712742436796,0.5489712742436794,-0.18588582951298738,-0.08015759047999298,0.0,0.0,-0.08279306833134456,-8.008566259537297e-16,0.0,0.0,-0.08015759047999298,0.0,0.0,0.0,0.0,-0.08279306833134456,-0.30643875955983274,-0.30643875955983313,-0.06176946650821008,-2.916027261402575,0.0,-2.095527603611706,-16.01393216381496,-2.095527603611706,0.0,0.0,0.9141567779155279,0.0,0.0,0.0,-15.712529683107991,-15.712529683028224,0.0,0.7267119578503382,0.7267119578503383,0.7267119578503378,1.6161462838097194,0.0,-14.763761158910432,1.277257051184631,0.7361063100268899,0.28785304874980827,0.0,0.0,0.0,0.0,0.0,0.0,0.0,-15.534105157554473,0.0,-13.390709055341118,-0.08578876833487509,-8.008566259537297e-16,-1.6017132519074597e-15,-8.008566259537297e-16,-4.6449684305316375e-15,0.0,0.0,-0.04762300200833245,-0.047623002008332777,-1.9861244323652628e-14,0.0,0.0,0.0,0.0,0.0,0.0,-2.40256987786119e-15,-2.40256987786119e-15,-1.4415419267167136e-15,-1.4415419267167136e-15,-8.008566259537297e-16,0.0,0.0,0.0,0.0,0.0,0.0,0.0,0.0,0.0,0.0,0.0,-1.4415419267167136e-15,-1.4415419267167136e-15,-1.4415419267167136e-15,-1.4415419267167136e-15,-8.008566259537297e-16,0.0,0.0,0.0,0.0,0.0,0.0,0.0,0.0,0.0,0.0,0.0,-2.40256987786119e-15,-2.40256987786119e-15,-1.4415419267167136e-15,-1.4415419267167136e-15,-8.008566259537297e-16,0.0,0.0,0.0,0.0,0.0,0.0,0.0,0.0,0.0,0.0,0.0,0.0,6.406853007629834e-16,0.0,-0.7889899018781181,0.0,0.0,3.523769154196405e-15,0.0,-0.07399338301556041,0.0,2.2423985526704407e-15,4.8051397557223685e-15,-15.568040582669035,-10.380969257298279,-1.922055902288952e-15,-0.17242420426817187,0.0,-0.17242420426817187,0.0,-1.922055902288952e-15,0.0,4.164454454959387e-15,6.406853007629834e-16,0.0,0.0
PdhR,0.12665611614192268,-0.28596804408069526,-0.28596804408069504,0.08106496233238351,0.037545775626208054,0.0,0.0,0.040225555371033964,3.203426503814917e-16,-17.833544812709697,0.0,0.03754577562620774,0.0,0.0,0.0,0.0,0.04022555537103334,-0.47203227269210907,-0.47203227269210907,-0.5766625048961398,-14.275454094461322,0.0,-0.9999272515566218,0.0,0.0,0.0,0.0,-0.2260122681636344,0.0,0.0,0.0,-0.38850501712036895,-0.38850501712036933,0.0,0.28987649881427097,0.28987649881427124,0.28987649881427074,0.28987649881427074,-17.713767532506548,0.0,-0.46120187555230885,-0.3556828843335914,-0.29240963613986093,0.0,0.0,0.0,-17.51788499840861,0.0,0.0,0.0,-13.607278186715268,0.0,-13.523340065826183,0.6157299686687108,9.61027951144475e-16,0.0,0.0,-6.406853007629849e-15,0.0,0.0,-1.0299016209765328e-13,-1.0315033342284403e-13,-2.5787583355710316e-14,0.0,-9.610279511444756e-16,-8.008566259537297e-16,0.0,0.0,-4.27847963051024,1.242211262928852,1.242211262928852,1.2422112629288549,1.2422112629288549,1.2422112629288549,0.886217692288123,0.0,-7.164463375799853e-12,0.0,0.0,0.0,0.0,0.0,0.0,0.0,0.0,1.242211262928852,1.242211262928852,1.2422112629288549,1.2422112629288549,1.2422112629288553,0.886217692288123,0.0,0.0,0.0,0.0,0.0,0.0,0.0,0.0,0.0,-7.007014963136576e-12,1.242211262928852,1.242211262928852,1.2422112629288549,1.2422112629288549,1.2422112629288549,0.886217692288123,0.0,0.0,0.0,0.0,0.0,0.0,0.0,0.0,0.0,0.0,0.0,3.203426503814917e-16,0.0,-0.7889895225809164,0.0,0.0,-7.992549127018441e-14,-3.6839404793871596e-15,-1.5168224495564434e-13,0.0,-0.1803170880739011,-2.5066812392353905e-13,0.0,0.0,-3.5237691541964136e-15,-2.2440002659225242e-13,0.0,-2.240796839418709e-13,0.0,-3.5237691541964136e-15,0.0,-2.5066812392353905e-13,6.406853007629834e-16,0.0,-2.5627412030519365e-15
PerR,-0.006435445317132656,-0.3584643586738397,-0.35846435867384097,-0.10901338742781944,-0.07705188043894354,0.0,0.0,-0.08319383952043391,-0.04798522438690044,-0.588989370824905,0.0,-0.07705188043894354,0.0,0.0,0.0,0.0,-0.08319383952043373,-0.08618553795275191,-0.08618553795275224,-0.2674093685047396,-0.34131912292226524,0.0,-0.3004862076663808,-0.3950685047680607,-16.435748242314244,0.0,0.0,-0.18962327135578846,0.0,0.0,0.0,0.4613623865131017,0.46136238651310224,-17.988888139365034,-0.8893213889222598,-0.8893213889222598,-0.8893213889222601,-0.5735156802821797,-14.679700005769249,0.0,-15.48373419048128,-1.4662120634565952,-1.331094992201623,0.0,0.0,0.0,0.0,0.0,0.0,0.0,-14.956768386768125,0.0,-14.790661609415594,-0.19506346920218637,9.61027951144475e-16,9.61027951144475e-16,1.6017132519074577e-15,-1.4415419267167136e-15,0.0,0.0,-0.0033816564107193654,-0.0033816564107193654,-5.766167706866863e-15,0.0,0.0,0.0,0.0,0.0,-0.15180789183952426,-2.40256987786119e-15,-1.6017132519074597e-15,-1.6017132519074597e-15,-1.6017132519074597e-15,-1.6017132519074597e-15,0.0,0.2370939944947413,0.0,0.0,0.0,0.0,0.0,0.0,0.0,0.0,0.0,-1.6017132519074597e-15,-1.6017132519074597e-15,-2.40256987786119e-15,-1.6017132519074597e-15,-9.610279511444756e-16,0.0,0.2370939944947413,0.0,0.0,0.0,0.0,0.0,0.0,0.0,0.0,0.0,-1.6017132519074597e-15,-1.6017132519074597e-15,-1.6017132519074597e-15,-1.6017132519074597e-15,-9.610279511444756e-16,0.0,0.2370939944947413,0.0,0.0,0.0,0.0,0.0,0.0,0.0,0.0,0.0,0.0,6.406853007629834e-16,0.0,6.406853007629834e-16,0.0,0.0,6.759229923049318e-14,1.9220559022889496e-15,-0.005299241069395329,0.0,1.0411136137398107e-13,2.1046512130062474e-13,-14.2569758857938,-14.259438648319296,0.0,-0.006389265232950285,0.0,-0.006389265232950606,0.0,0.0,0.0,2.1110580660138765e-13,6.406853007629834e-16,0.0,0.0
Pgi,0.0,4.094543656486148,4.094543656486148,0.3975687288456197,0.1775363173339905,0.0,0.0,-0.13543984079702556,-0.9342020543387325,1.6843608313630298,0.0,0.1775363173339905,0.0,0.0,0.0,0.0,-0.13543984079702612,-0.934202054338733,-0.9342020543387328,-0.42265747218420996,-0.585943726534256,0.0,-0.49231803917683375,-0.7244399603869929,-0.49231803917683353,0.0,0.0,-0.2769660383218837,0.0,0.0,0.0,-16.01623448651526,-16.01623448651526,-1.5710895049732185,-1.8487174192311262,-2.125398537721709,-2.12539853772171,-0.573510728824055,-14.035874737624757,0.0,-3.5611924338817404,-2.1594862177925402,-17.919890777200024,0.0,0.0,0.0,0.0,0.0,0.0,0.0,-16.19925021308784,0.0,0.0,0.8495337732072875,-1.1211992763352217e-15,-1.1211992763352217e-15,-1.1211992763352217e-15,3.2034265038149143e-15,0.0,0.0,1.741035758314961,1.741035758314961,1.0891650112970678e-14,0.0,0.0,1.2813706015259665e-15,0.0,0.0,-1.922055902288952e-15,-1.2813706015259676e-15,-1.2813706015259676e-15,-1.2813706015259676e-15,-1.2813706015259676e-15,-1.2813706015259676e-15,-1.6017132519074597e-15,0.0,0.0,0.0,0.0,0.0,0.0,0.0,0.0,0.0,0.0,-1.2813706015259676e-15,-2.40256987786119e-15,-2.40256987786119e-15,-1.2813706015259676e-15,-1.2813706015259676e-15,0.0,-3.6839404793871596e-15,0.0,0.0,0.0,0.0,0.0,0.0,0.0,0.0,0.0,-1.2813706015259676e-15,-1.2813706015259676e-15,-1.2813706015259676e-15,-1.2813706015259676e-15,-1.2813706015259676e-15,0.0,-3.6839404793871596e-15,0.0,0.0,0.0,0.0,0.0,0.0,0.0,0.0,0.0,0.0,-17.014092062628777,0.0,0.0,-8.008566259537315e-15,0.0,3.2354607688530306e-14,2.8830838534334232e-15,2.203861677295196,0.0,6.278715947477103e-14,1.2781671750220956e-13,-16.594045036794345,-12.108415228542276,0.0,3.190227262968085,0.0,3.1902272629680852,0.0,0.0,0.0,1.290980881037354e-13,-17.014092062628773,0.0,0.0
PhoB,0.07682754935927638,-0.15303566532953805,-0.15303566532953572,0.13442680694782413,0.06059360618058975,0.0,0.0,0.06598861709135508,6.406853007629834e-16,0.6410714279656246,0.0,0.06059360618058975,0.0,0.0,0.0,0.0,0.06598861709135508,-0.0836841145618934,-0.08368411456189358,0.20140987495538604,0.25518498586000815,0.0,0.22557951768161222,0.29376160019359876,-16.21554650981211,0.0,0.0,0.14391616276623745,0.0,0.0,0.0,-15.782055850008886,-15.782055850008886,-4.66817442720151,-0.2458399449083726,-0.2458399449083728,-0.24583994490837316,-0.245839944908373,-0.8593109672053603,0.0,-0.48246675260117194,-0.25120340391611523,-0.0999858954810305,0.0,0.0,0.0,-11.339550745310202,0.0,0.0,0.0,-14.807981593169329,0.0,-12.974854541833079,-0.31990403469179735,1.6017132519074577e-15,1.6017132519074577e-15,1.6017132519074577e-15,-9.610279511444756e-16,0.0,0.0,0.0010294738325367714,0.0010294738325367714,-6.88736698320209e-15,0.0,0.0,0.0,0.0,0.0,0.0,-2.40256987786119e-15,-2.40256987786119e-15,-2.40256987786119e-15,-1.6017132519074597e-15,-6.406853007629836e-16,-1.1211992763352217e-15,-1.1211992763352217e-15,-1.4328926751571244e-12,0.0,0.0,0.0,0.0,0.0,0.0,0.0,0.0,-2.40256987786119e-15,-2.40256987786119e-15,-2.40256987786119e-15,-1.6017132519074597e-15,-1.6017132519074597e-15,-1.1211992763352217e-15,0.0,0.0,0.0,0.0,0.0,0.0,0.0,0.0,0.0,-1.7516336122870603e-12,-2.40256987786119e-15,-2.40256987786119e-15,-2.40256987786119e-15,-1.6017132519074597e-15,-6.406853007629836e-16,-1.1211992763352217e-15,-2.082227227479698e-15,0.0,0.0,0.0,0.0,0.0,0.0,0.0,0.0,0.0,0.0,9.61027951144475e-16,0.0,0.7889887184720853,0.0,0.0,5.349722261370814e-14,0.0,0.001585381101006047,0.0,7.880429199384483e-14,1.5824926928844827e-13,0.0,8.373756880969764e-13,0.0,0.0035746524607025566,0.0,0.003574652460702237,0.0,0.0,0.0,1.5888995458921115e-13,9.61027951144475e-16,0.0,0.0
PrpR,0.04764047307565119,0.2701959665190468,0.2701959665190476,0.273733792488666,0.1226453722902287,0.0,0.0,0.12829541797364463,-1.6017132519074588e-16,-0.3575482579567149,0.0,0.1226453722902287,0.0,0.0,0.0,0.0,0.12829541797364405,-0.07753373985660605,-0.07753373985660283,0.26789418060685977,1.371747435867387,0.0,1.124425360864636,1.7764190379855183,1.124425360864636,0.0,0.0,-0.4058981841418458,0.0,0.0,0.0,-15.958249570482284,-15.958249570482284,0.01332555657655842,-1.4490863340430296,-1.4490863340430296,-1.4490863340430296,1.1315446240176932,0.0,-14.736281419811906,-2.0654147863793395,-1.461760253389975,-2.0785941019242618,0.0,0.0,0.0,0.0,0.0,0.0,0.0,-14.476658860372751,0.0,-16.636312978014438,0.0,1.2813706015259665e-15,1.2813706015259665e-15,1.9220559022889496e-15,0.0,0.0,0.0,0.04762299179076461,0.04762299179076461,-1.2813706015259676e-15,0.0,-9.610279511444756e-16,-8.008566259537297e-16,-8.008566259537297e-16,-8.008566259537297e-16,0.0,0.0,0.0,-8.008566259537297e-16,0.0,0.0,0.0,0.0,0.0,0.0,0.0,0.0,0.0,0.0,0.0,0.0,0.0,0.0,0.0,0.0,0.0,0.0,0.0,0.0,0.0,0.0,0.0,0.0,0.0,0.0,0.0,0.0,0.0,0.0,0.0,-8.008566259537297e-16,0.0,0.0,0.0,0.0,0.0,0.0,0.0,0.0,0.0,0.0,0.0,0.0,0.0,0.0,0.0,0.0,0.0,-4.805139755722384e-15,0.0,-1.1948780859230137e-13,0.0,0.07399335834641618,0.0,-1.9508867408234166e-13,-3.9690454382272293e-13,-18.0875779755261,-18.087758141744416,1.9220559022889496e-15,0.1724241372249469,0.0,0.17242413722494632,0.0,1.9220559022889496e-15,0.0,-3.9690454382272293e-13,0.0,0.0,0.0
PspC,0.3350011802324999,-0.08423502088325421,-0.08423502088325353,-0.05578755928298169,-0.023673603359278206,0.0,0.0,-0.025611136492826363,3.203426503814917e-16,-1.2351302881020798,0.0,-0.023673603359278206,0.0,0.0,0.0,0.0,-0.025634592540906085,-0.5049174440877956,-0.5049174440877958,0.013532830488886094,-16.874679040120096,0.0,-2.8435921169417284,-15.619981712661408,-16.091107436482215,0.0,0.0,1.030418812565641,0.0,0.0,0.0,-16.660868169037524,-16.660868169037524,0.0,0.3544703320592721,0.3181398088536879,0.3181398088536877,1.8959120103578921,3.216701221242575,0.0,0.2752391406127762,0.32008526964806067,-0.3773808476073381,0.0,0.0,0.0,0.0,0.0,0.0,0.0,-15.01166518551513,0.0,-13.491054552589787,2.1726585319423277,2.8830838534334232e-15,2.8830838534334232e-15,2.8830838534334232e-15,5.44582505648535e-15,0.0,0.0,-5.44582505648537e-15,-5.44582505648537e-15,1.1532335413733657e-14,0.0,0.0,0.0,0.0,0.0,7.047538308392801e-15,-1.6017132519074597e-15,-1.6017132519074597e-15,-1.6017132519074597e-15,6.406853007629834e-16,0.0,1.2813706015259665e-15,-4.004283129768652e-15,-5.7314105293118446e-12,0.0,0.0,0.0,0.0,0.0,0.0,0.0,0.0,-1.6017132519074597e-15,-1.6017132519074597e-15,-6.406853007629836e-16,0.0,0.0,1.2813706015259665e-15,-4.004283129768652e-15,0.0,0.0,0.0,0.0,0.0,0.0,0.0,0.0,-7.007014963136576e-12,-1.6017132519074597e-15,-1.6017132519074597e-15,-6.406853007629836e-16,0.0,0.0,1.2813706015259665e-15,-4.004283129768652e-15,0.0,0.0,0.0,0.0,0.0,0.0,0.0,0.0,0.0,0.0,-18.585232599183925,0.0,0.0,-4.965311080913131e-15,0.0,4.164454454959387e-15,0.0,-1.0731478787780014e-14,0.0,-1.2653534690068979e-14,-2.7709639257999302e-14,-17.305556071886063,-17.305859903969342,-2.082227227479698e-15,-1.7138331795409912e-14,0.0,-1.649764649464692e-14,0.0,0.0,0.0,-2.7229125282427054e-14,-18.585232599183925,0.0,0.0
PurR,0.02044968600342179,-0.2855714870584867,-0.28557148705848767,-0.28980933450673535,-0.12310009910842099,0.0,0.0,-0.2644268552941267,6.406853007629834e-16,-17.50690464915679,0.0,-0.12310009910842099,0.0,0.0,0.0,0.0,-0.26442685529412685,-0.02921806861572412,-0.02921806861572412,0.2833649818213277,-2.6656973123681347,0.0,-1.876829135813076,-15.748206925286858,-1.876829135813076,0.0,0.0,1.2135368021294517,0.0,0.0,0.0,-15.934529065824716,-15.934529065824716,2.43355749464781,0.24117568367277967,0.24117568367277992,0.2411756836727794,0.24117568367277967,0.30647906746585013,0.0,0.17792112241867225,0.24273076805027807,0.30420745641092867,0.0,0.0,0.0,0.3532329360160063,0.0,0.0,0.0,-15.915413757154544,0.0,-13.349681739512476,-0.5377681095713093,0.0,6.406853007629834e-16,0.0,4.164454454959387e-15,8.328908909918762e-15,8.328908909918762e-15,1.0013337814870198,1.0013337814870198,2.9907785044644046,0.0,0.0,0.0,0.0,0.0,-2.7614812934993487,0.0,14.230209619249978,14.23020961924998,14.23020961924998,14.230209619216096,13.874215240534376,-1.4714571251976283e-10,-9.908198176302942e-13,-2.3936707592321656e-10,0.0,0.0,0.0,0.0,0.0,0.0,0.0,14.230209619249978,14.23020961924998,14.23020961924998,0.0,14.230209619214651,13.874215240534376,-1.4714571251976283e-10,0.0,0.0,0.0,0.0,0.0,0.0,0.0,0.0,0.0,14.230209619249978,14.23020961924998,14.23020961924998,0.0,14.230209619214651,13.874215240534376,-1.4714571251976283e-10,0.0,0.0,0.0,0.0,0.0,0.0,0.0,0.0,0.0,0.0,-1.9953903562120467,0.0,0.0,-4.4847971053408916e-15,0.0,-1.521627589312094e-14,1.6017132519074577e-15,-3.299529298929403e-14,0.0,-2.517066442320893,-5.557944984118989e-14,0.0,-5.214357980749884,-3.5237691541964136e-15,-4.8852254183178323e-14,0.0,-4.8852254183178323e-14,0.0,-3.5237691541964136e-15,0.0,-5.493876454042688e-14,-1.9953903562120467,0.0,0.0
QseB,0.30370495525256747,-0.12956905768137938,-0.12956905768137866,-0.1314360475778233,-0.05638193480051757,0.0,0.0,-0.0754022200622323,-6.406853007629836e-16,-0.883480623000795,0.0,-0.05638193480051773,0.0,0.0,0.0,0.0,-0.07540222006223246,-0.4169665773348746,-0.4169665773348746,-0.3070103457709489,-2.9886960448051334,0.0,-2.1598814239869366,-16.150818812020066,-2.1598814239869366,0.0,0.0,0.6676250213297227,0.0,0.0,0.0,-1.0486686859805021,-1.0486686859805026,0.0,0.5224789122294068,0.5224789122294061,0.5224789122294061,1.7549034046483691,0.0,-14.817198532021784,0.8147292456973682,0.5281530305156326,-0.054548007404927844,0.0,0.0,0.0,0.0,0.0,0.0,0.0,-15.183984655622835,0.0,-13.511756620684217,0.17731210772757486,-1.2813706015259676e-15,-1.2813706015259676e-15,-1.2813706015259676e-15,0.0,-4.805139755722377e-16,6.406853007629834e-16,0.20495005873559327,0.20495005873559383,-1.1211992763352217e-15,0.0,0.0,0.0,0.0,0.0,-3.5237691541964136e-15,-1.4415419267167136e-15,-1.4415419267167136e-15,-6.406853007629836e-16,-6.406853007629836e-16,0.0,9.61027951144475e-16,9.61027951144475e-16,0.0,0.0,0.0,0.0,0.0,0.0,0.0,0.0,0.0,-1.4415419267167136e-15,-1.4415419267167136e-15,-6.406853007629836e-16,-6.406853007629836e-16,0.0,0.0,9.61027951144475e-16,0.0,0.0,0.0,0.0,0.0,0.0,0.0,0.0,0.0,-1.4415419267167136e-15,-1.4415419267167136e-15,-6.406853007629836e-16,-6.406853007629836e-16,0.0,0.0,0.0,0.0,0.0,0.0,0.0,0.0,0.0,0.0,0.0,0.0,0.0,-1.6017132519074588e-16,0.0,-0.7889906190956659,0.0,0.0,-0.10467288116168715,1.9220559022889496e-15,0.33581800713965265,0.0,-2.328891068273633e-13,-4.704231820852974e-13,-16.28432888669127,-16.28499384099716,0.0,0.41595260706926107,0.0,0.4159526070692613,0.0,0.0,0.0,-4.693019828089618e-13,-1.6017132519074588e-16,0.0,-0.490373906469641
RcsA,-18.887931343298412,-1.3507840340949362,-1.3507840340949362,-0.2756844300095386,-0.13482673353918753,0.0,0.0,-0.14923421762104547,-19.755319559795414,2.298019723092764,0.0,-0.1348267335391877,0.0,0.0,0.0,0.0,-0.14923421762104547,-18.60927643020956,-18.60927643020956,1.5184719334976857,1.7709208418731242,0.0,1.6361456511838406,1.9334820319377064,-16.444389282463483,0.0,0.0,1.2037256388484787,0.0,0.0,0.0,-16.57223412700752,-16.572234127007516,0.0,2.5279414199652184,0.3324404656826291,0.3324404656826288,0.3324404656826291,1.4242957577851862,-14.24600739719186,-0.004083727594760485,0.3401753521517041,0.9241673517351059,0.0,0.0,0.0,0.0,0.0,0.0,0.0,0.0,0.0,-14.572278544040103,-0.18842081477767184,-2.5627412030519365e-15,-3.203426503814921e-15,-3.203426503814921e-15,-4.6449684305316375e-15,0.0,0.0,0.04762305603983544,0.04762305603983544,-1.585696119388393e-14,0.0,0.0,0.0,0.0,0.0,-1.1929841495417173,-8.008566259537297e-16,-8.008566259537297e-16,-8.008566259537297e-16,-8.008566259537297e-16,-0.355996159119404,-8.008566259537297e-16,0.0,0.0,0.0,0.0,0.0,0.0,0.0,0.0,0.0,0.0,-8.008566259537297e-16,-8.008566259537297e-16,-1.2813706015259676e-15,-8.008566259537297e-16,-0.355996159119404,-8.008566259537297e-16,0.0,0.0,0.0,0.0,0.0,0.0,0.0,0.0,0.0,0.0,-8.008566259537297e-16,-8.008566259537297e-16,-1.2813706015259676e-15,-8.008566259537297e-16,-0.355996159119404,-8.008566259537297e-16,0.0,0.0,0.0,0.0,0.0,0.0,0.0,0.0,0.0,0.0,0.0,-1.8360985286681277,0.0,3.748009009463405e-14,-4.164454454959399e-15,0.0,-1.6337475169456173e-14,-1.7618845770982058e-15,0.07399351346892294,0.0,-2.130278625036936e-14,-3.876146069616102e-14,0.0,-1.0694639382990066e-12,0.0,0.17242455880209762,0.0,0.17242455880209706,0.0,0.0,0.0,-3.876146069616102e-14,-1.8360985286681282,0.0,0.0
RcsB,0.5368818656102222,0.26899842767509335,0.2689984276750944,0.2723509628631607,0.1318780796601086,0.0,0.0,0.21918176802896322,0.0,1.7681338615165032,0.0,0.13187807966010887,0.0,0.0,0.0,0.0,0.2191607037991545,-17.705842332488302,-17.705842332488302,-17.25549019822902,-15.982228862510489,0.0,-15.361243364517595,-14.4667850226023,-15.361243364517595,0.0,0.0,-1.2564125256707384,0.0,0.0,0.0,-15.806903299481668,-15.806903299481668,-19.55952499752731,0.6871590869856347,0.6871590869856347,0.6871590869856343,0.6871590869856347,3.0935356629100745,0.0,2.007794851865125,0.6923235004616011,0.5585691104112684,0.0,0.0,0.0,0.0,0.0,0.0,0.0,-14.92203859731755,0.0,-15.221953381946552,-0.544548191756179,6.406853007629834e-16,6.406853007629834e-16,6.406853007629834e-16,2.5627412030519317e-15,0.0,0.0,-0.7228842652955444,-0.7228842652955447,4.8051397557223685e-15,0.0,0.0,0.0,0.0,0.0,0.0,9.61027951144475e-16,9.61027951144475e-16,-1.6017132519074597e-15,-6.406853007629836e-16,-6.406853007629836e-16,0.0,0.0,0.0,0.0,0.0,0.0,0.0,0.0,0.0,0.0,0.0,9.61027951144475e-16,9.61027951144475e-16,-1.6017132519074597e-15,-6.406853007629836e-16,0.0,0.0,0.0,0.0,0.0,0.0,0.0,0.0,0.0,0.0,0.0,0.0,9.61027951144475e-16,9.61027951144475e-16,-1.6017132519074597e-15,-6.406853007629836e-16,0.0,0.0,0.0,0.0,0.0,0.0,0.0,0.0,0.0,0.0,0.0,0.0,0.0,-3.203426503814918e-16,0.0,-0.7889891284097108,-4.965311080913131e-15,0.0,-4.853191153279682e-14,0.0,-1.0143649194122544,0.0,-7.303812428698196e-14,-1.4895933242740135e-13,0.0,-5.1341798601589925,-1.7618845770982058e-15,-1.157231067320077,0.0,-1.1572310673200774,0.0,-1.7618845770982058e-15,0.0,-1.496000177281644e-13,0.0,0.0,0.0
RpoD,0.13393232594550936,0.012772603308892296,0.012772603308892613,0.26747443583464897,0.11865737989760157,0.0,0.0,0.12899609852265506,3.203426503814917e-16,1.3867006355078666,0.0,0.11865737989760157,0.0,0.0,0.0,0.0,0.12899609852265506,-0.16385348136223715,-0.16385348136223735,-0.01245597354576622,0.6515466510579366,0.0,0.5586102844025597,0.7824733609542794,-15.789679537261751,0.0,0.0,-0.5133466237735071,0.0,0.0,0.0,-14.934065183384371,-14.934065183384371,-1.3841719319668844,-0.573515852883591,-0.5735158528835912,-0.5735158528835914,-0.5735158528835912,-14.708268080075888,0.0,-1.3692522645718237,-0.84371854039356,-0.5882058318526683,0.0,0.0,0.0,0.0,0.0,0.0,0.0,-14.817546571603655,0.0,-13.934111269067024,-0.37264069963056895,9.61027951144475e-16,9.61027951144475e-16,9.61027951144475e-16,-5.92633903205761e-15,0.0,0.0,-3.5558034192346026e-14,-3.523769154196452e-14,-2.4986726729756574e-14,0.0,0.0,0.0,0.0,0.0,0.0,-1.6017132519074597e-15,-1.6017132519074597e-15,-1.6017132519074597e-15,-9.610279511444756e-16,-9.610279511444756e-16,0.0,0.0,-5.7314105293118446e-12,0.0,0.0,0.0,0.0,0.0,0.0,0.0,0.0,-1.6017132519074597e-15,-1.6017132519074597e-15,-1.6017132519074597e-15,-9.610279511444756e-16,-9.610279511444756e-16,0.0,0.0,0.0,0.0,0.0,0.0,0.0,0.0,0.0,0.0,-3.5034273959014387e-12,-1.6017132519074597e-15,-1.6017132519074597e-15,-1.6017132519074597e-15,-9.610279511444756e-16,-9.610279511444756e-16,0.0,0.0,0.0,0.0,0.0,0.0,0.0,0.0,0.0,0.0,0.0,0.0,9.61027951144475e-16,0.0,-0.004029319072433908,-4.965311080913131e-15,0.0,-0.14246863195520973,0.0,-4.853191153279682e-14,0.0,-5.686082044271591e-14,-1.154835254625324e-13,0.0,-5.134179860168441,-1.7618845770982058e-15,-5.205568068699335e-14,0.0,-5.205568068699335e-14,0.0,-1.7618845770982058e-15,0.0,-1.146826688365786e-13,9.61027951144475e-16,0.0,0.0
RpoS,0.2948750709999929,0.23072004463536638,0.23072004463536666,0.23355786059845446,0.1138780760511601,0.0,0.0,0.1262630906969417,9.61027951144475e-16,0.8482416866370999,0.0,0.1138780760511601,0.0,0.0,0.0,0.0,0.12624201164629337,-17.090611602672546,-17.090611602672546,-15.687863040709805,0.0,0.0,-12.676127261655441,0.0,-12.676127261655441,0.0,2.393921845870919,-0.5127391070080048,0.0,1.1295163899432568,0.0,-16.405132398127005,-16.405132398127005,-19.753908016083955,0.09964614665041927,0.09964614665041927,0.09964614665041927,0.09964614665041956,0.0,-14.843192848142657,1.0061518452047291,0.10025374544848142,0.2741607273019981,0.0,0.0,0.0,0.0,0.0,0.0,0.0,-14.549126550220842,0.0,-14.990122605381098,-0.4232473554107076,1.2813706015259665e-15,1.9220559022889496e-15,1.2813706015259665e-15,1.2813706015259665e-15,3.203426503814917e-16,3.203426503814917e-16,-0.04659355535533295,-0.04659355535533295,5.125482406103859e-15,0.0,0.0,0.0,0.0,6.406853007629834e-16,3.2034265038149143e-15,6.406853007629834e-16,6.406853007629834e-16,-1.4415419267167136e-15,-1.4415419267167136e-15,-1.4415419267167136e-15,0.0,0.0,0.0,0.0,0.0,0.0,0.0,0.0,0.0,0.0,0.0,6.406853007629834e-16,1.2813706015259665e-15,-1.4415419267167136e-15,-1.4415419267167136e-15,-8.008566259537297e-16,0.0,0.0,0.0,0.0,0.0,0.0,0.0,0.0,0.0,0.0,0.0,6.406853007629834e-16,6.406853007629834e-16,-1.4415419267167136e-15,-1.4415419267167136e-15,-8.008566259537297e-16,0.0,0.0,0.0,0.0,0.0,0.0,0.0,0.0,0.0,0.0,0.0,0.0,-3.203426503814918e-16,0.0,-0.7889909584937205,4.484797105340878e-15,0.0,4.484797105340815e-14,0.0,-0.0724080675916279,0.0,7.91246346442263e-14,1.579289266380668e-13,0.0,0.0,0.0,-0.168849730833343,0.0,-0.16884973083334373,0.0,0.0,0.0,1.585696119388297e-13,-3.203426503814918e-16,0.0,0.0
Rsd,-18.899032329056823,0.29162927059729843,0.29162927059729843,0.29513985470645765,0.13894189139235796,0.0,0.0,0.14920343855046106,-3.073590814879976,2.722830087786913,0.0,0.13894189139235796,0.0,0.0,0.0,0.0,0.14920343855046106,-1.586691306376282,-1.586691306376282,-0.9436393682009901,-1.926879794384045,0.0,-1.2637314143285294,-14.762127507783623,-1.263731414328529,0.0,0.0,-0.4919773322246547,0.0,0.0,0.0,-16.57339499993482,-16.57339499993482,0.0,0.5226183811757374,0.5226183811757372,0.522618381175737,0.522618381175737,-2.4111837016694406,0.0,0.6813289191657765,0.5263119920779475,0.8807342425981346,0.0,0.0,0.0,-16.847026276033773,0.0,0.0,0.0,-15.118331553336938,0.0,-15.403488490869716,-0.5970841668557763,0.0,9.61027951144475e-16,9.61027951144475e-16,2.2423985526704407e-15,0.0,0.0,-6.246681682439225e-14,-6.214647417401075e-14,5.44582505648535e-15,0.0,-9.610279511444756e-16,-8.008566259537297e-16,0.0,0.0,2.1927384472433804,-1.4415419267167136e-15,-2.40256987786119e-15,-1.4415419267167136e-15,-8.008566259537297e-16,-8.008566259537297e-16,0.0,-13.81977115192493,0.0,0.0,0.0,0.0,0.0,0.0,0.0,0.0,0.0,-1.4415419267167136e-15,-1.4415419267167136e-15,-8.008566259537297e-16,-8.008566259537297e-16,0.0,0.0,-13.81977115192493,0.0,0.0,0.0,0.0,0.0,0.0,0.0,0.0,0.0,-1.4415419267167136e-15,-1.4415419267167136e-15,-1.4415419267167136e-15,-8.008566259537297e-16,-8.008566259537297e-16,9.61027951144475e-16,-13.81977115192493,0.0,0.0,0.0,0.0,0.0,0.0,0.0,0.0,0.0,0.0,-0.040652736390374304,0.0,-0.7889895225809164,0.0,0.0,-5.0133624784704335e-14,-3.6839404793871596e-15,-9.706382306559528e-14,0.0,-8.024583392056593e-14,-1.6273406639380698e-13,0.0,0.0,-1.922055902288952e-15,-1.4671693387473067e-13,0.0,-1.4735761917549373e-13,0.0,-1.922055902288952e-15,0.0,-1.6273406639380698e-13,-0.040652736390374304,0.0,6.406853007629834e-16
RutR,-19.435045126189664,-0.07360313385501144,-0.07360313385501109,-0.0744139122690665,-0.0345472010293255,0.0,0.0,-0.03990443950031074,0.0,0.11018700781386764,0.0,-0.0345472010293255,0.0,0.0,0.0,0.0,-0.0399044395003109,1.9931381516763236,1.9931381516763227,0.0,0.0,0.0,0.0,0.0,0.0,0.0,-15.243855789364154,2.2165068064564117,-13.268559056788243,-14.820538826586722,-13.268559056788243,-16.62669582839414,-16.62669582839414,0.0,-0.7874229676372898,-0.7874229676372901,-0.7874229676372904,-0.7294137512751389,-0.8607053182405187,0.0,-0.9813346362574203,-0.833829573464421,-0.44547800716371927,0.0,0.0,0.0,-0.9442894084615354,0.0,0.0,0.0,-14.712285514283085,0.0,-17.041729763318322,-0.9747700194799915,6.406853007629834e-16,0.0,6.406853007629834e-16,-2.8830838534334283e-15,0.0,0.0,0.04762297012981783,0.04762297012981783,-1.0571307462589268e-14,0.0,0.0,0.0,0.0,0.0,-0.6080860618085955,-9.610279511444756e-16,-9.610279511444756e-16,-9.610279511444756e-16,-0.3559926979621659,-0.3559926979621659,0.0,0.0,0.0,0.0,0.0,0.0,0.0,0.0,0.0,0.0,0.0,-9.610279511444756e-16,-9.610279511444756e-16,-9.610279511444756e-16,-0.3559926979621649,-0.3559926979621657,0.0,0.0,0.0,0.0,0.0,0.0,0.0,0.0,0.0,0.0,0.0,-9.610279511444756e-16,-9.610279511444756e-16,-9.610279511444756e-16,-0.3559926979621659,-0.3559926979621659,0.0,0.0,0.0,0.0,0.0,0.0,0.0,0.0,0.0,0.0,0.0,0.0,-18.655335754969865,0.0,-0.7889887184720851,0.0,0.0,-0.13538494121831784,-1.1211992763352255e-14,0.07399330604832655,0.0,3.0752894436622884e-14,6.118544622286363e-14,-14.205359154314056,-14.205359154314056,0.0,0.17242399509390857,0.0,0.17242399509390827,0.0,0.0,0.0,6.246681682438954e-14,-18.655335754969865,0.0,6.406853007629834e-16
SdhC,-0.6600568854771398,-0.36235444264215455,-0.36235444264215494,-0.10238589543566408,-0.04845631406793097,0.0,0.0,-0.05747447924243205,0.0,-0.07213695695094047,0.0,-0.04845631406793097,0.0,0.0,0.0,0.0,-0.05745705985483699,2.0338790787610406,2.03387907876104,3.8764837598208164,0.0,0.0,0.0,0.0,0.0,0.0,-14.537763607120175,1.8028156521077383,-10.803671370615607,-14.42512123474928,-10.803671370615623,-16.03834716553361,-16.038347165565398,0.0,1.3134048665641102e-14,1.2813706015259613e-14,1.2493363364878124e-14,1.3134048665641102e-14,0.0,0.0,0.0,1.383880249647978e-13,2.9810935053994077,0.0,0.0,0.0,0.0,0.0,0.0,0.0,-15.47080066798573,0.0,-15.301395862232424,-0.6296623603534466,2.2423985526704407e-15,1.2813706015259665e-15,1.2813706015259665e-15,-3.844111804577906e-15,0.0,0.0,0.09372408503863501,0.09372408503863441,-1.649764649464692e-14,0.0,0.0,0.0,0.0,0.0,-7.047538308392836e-15,9.61027951144475e-16,0.0,9.61027951144475e-16,9.61027951144475e-16,9.61027951144475e-16,9.61027951144475e-16,1.9220559022889496e-15,0.0,0.0,0.0,0.0,0.0,0.0,0.0,0.0,0.0,9.61027951144475e-16,9.61027951144475e-16,0.0,9.61027951144475e-16,9.61027951144475e-16,9.61027951144475e-16,9.61027951144475e-16,0.0,0.0,0.0,0.0,0.0,0.0,0.0,0.0,0.0,9.61027951144475e-16,0.0,0.0,0.0,0.0,9.61027951144475e-16,1.9220559022889496e-15,0.0,0.0,0.0,0.0,0.0,0.0,0.0,0.0,0.0,0.0,1.4907696907889507,0.0,3.203426503814917e-16,0.0,0.0,5.029379610989333e-14,-3.3635978290056677e-15,0.14437619801253085,0.0,7.848394934346335e-14,1.5760858398768534e-13,0.0,0.0,-1.922055902288952e-15,0.17242420426834995,0.0,0.1724242042683491,0.0,-1.922055902288952e-15,0.0,1.592102972395926e-13,1.4907696907889512,0.0,6.406853007629834e-16
SdiA,0.061835075355060096,-0.1378513607825855,-0.13785136078258534,0.09824179926437052,0.0451863370170387,0.0,0.0,0.09408632334980985,0.0,-2.0494545006523968,0.0,0.0451863370170387,0.0,0.0,0.0,0.0,0.09408632334980985,-0.08646922625406066,-0.08646922625406099,0.15263565147914032,0.19649210009462886,0.0,0.17217669065668284,0.2288177636921904,-16.23247146146184,0.0,0.0,0.10724238186112062,0.0,0.0,0.0,-15.529368451515671,-15.529368451196598,0.7826115602532986,0.32124419499567025,0.32124419499568285,0.3212441949956823,0.491883209503829,1.1625486228648974,0.0,1.0557008396119854,0.3265019537389977,0.4582953134179497,0.0,0.0,0.0,0.0,0.0,0.0,0.0,-15.423955021937177,0.0,-14.207486113170058,-0.4146768278398339,1.2813706015259665e-15,1.2813706015259665e-15,1.2813706015259665e-15,-1.2813706015259676e-15,0.0,0.0,-0.45269746537202293,-0.45269746537202293,-5.44582505648537e-15,0.0,0.0,0.0,0.0,0.0,-1.400228023074305,-1.4415419267167136e-15,-2.40256987786119e-15,-1.4415419267167136e-15,-1.4415419267167136e-15,-8.008566259537297e-16,0.0,0.8862192892538362,0.0,0.0,0.0,0.0,0.0,0.0,0.0,0.0,0.0,-1.4415419267167136e-15,-1.4415419267167136e-15,-1.4415419267167136e-15,-1.4415419267167136e-15,-8.008566259537297e-16,0.0,0.8862192892538362,0.0,0.0,0.0,0.0,0.0,0.0,0.0,0.0,0.0,-8.008566259537297e-16,-1.4415419267167136e-15,-1.4415419267167136e-15,-1.4415419267167136e-15,-8.008566259537297e-16,0.0,0.8862192892538362,0.0,0.0,0.0,0.0,0.0,0.0,0.0,0.0,0.0,0.0,3.2034265038149143e-15,0.0,-0.7889899018781181,0.0,0.0,7.592120814041155e-14,-1.2333192039687486e-14,-0.6486914371161686,0.0,1.1980815124267293e-13,2.4025698778609883e-13,-13.37838946227023,-8.195061284494665,1.9220559022889496e-15,-1.1896745217092861,0.0,-1.1896745217092861,0.0,1.9220559022889496e-15,0.0,2.4025698778609883e-13,3.844111804577896e-15,0.0,6.406853007629834e-16
SoxR,0.04932837437666944,0.09773401665253291,0.0977340166525326,0.1325698946413389,0.060749598395191826,0.0,0.0,-0.0015135855312240565,0.0,0.611163451385731,0.0,0.060749598395191826,0.0,0.0,0.0,0.0,-0.0014900150919916894,-0.07265276063252898,-0.07265276063252915,0.29862914089565457,0.3980037680540994,0.0,0.3420314805176218,0.4760693722360736,0.0,0.0,0.0,0.20278209665501878,0.0,0.0,0.0,-15.97362063873771,-15.97362063873771,0.0,-0.6431058445284596,-0.64310584452846,-0.64310584452846,-0.6431058445284602,0.0,-14.736281419811906,2.0559293254594104,-0.6506844783951826,-0.494219137137267,0.0,0.0,0.0,0.0,0.0,0.0,0.0,-15.007049940480956,0.0,-14.166321765588638,-0.7056472553939352,0.0,0.0,0.0,-4.004283129768652e-15,0.0,0.0,1.1329301195259995,1.1329301195259995,-1.793918842136365e-14,0.0,-9.610279511444756e-16,-8.008566259537297e-16,0.0,0.0,-3.5237691541964136e-15,-2.40256987786119e-15,-2.40256987786119e-15,-2.40256987786119e-15,-1.4415419267167136e-15,-1.4415419267167136e-15,0.0,0.0,-2.8657853503156714e-12,0.0,0.0,0.0,0.0,0.0,0.0,0.0,0.0,-2.40256987786119e-15,-2.40256987786119e-15,-3.203426503814921e-15,-1.4415419267167136e-15,-1.4415419267167136e-15,-1.1211992763352217e-15,0.0,0.0,0.0,0.0,0.0,0.0,0.0,0.0,0.0,-3.5034273959014387e-12,-2.40256987786119e-15,-2.40256987786119e-15,-3.203426503814921e-15,-1.4415419267167136e-15,-1.4415419267167136e-15,0.0,0.0,0.0,0.0,0.0,0.0,0.0,0.0,0.0,0.0,-3.5034273959014387e-12,0.0,0.23567438553500158,0.0,3.203426503814917e-16,0.0,0.0,-0.3789825367604963,-1.7618845770982058e-15,2.622480749472416,0.0,-6.80728132060686e-14,-1.3550494111137738e-13,0.0,0.0,-1.922055902288952e-15,0.0,0.0,0.0,0.0,-1.922055902288952e-15,0.0,-1.3550494111137738e-13,0.23567438553500183,0.0,-1.3874313108227767
SoxS,-0.2614018561903797,-0.1135706200288061,-0.1135706200288061,-0.1150738834582761,-0.053371108191763085,0.0,0.0,-0.05380363696260729,0.1805206883567772,-0.720371601995411,0.0,-0.053371108191763085,0.0,0.0,0.0,0.0,-0.05382667958061863,0.0,0.0,0.0,0.0,0.0,0.0,0.0,0.0,0.0,-15.354884347629943,2.121772946413272,-13.3795795396842,-14.931566445675527,-13.3795795396842,-16.41322855712961,-16.41322855712961,-4.630743877238451,0.5026802538531118,0.5026802538531122,0.5026802538531122,0.5026802538531122,0.7284088824979575,0.0,0.8752161048552373,0.5073899204493174,0.6123267897350573,0.0,0.0,0.0,0.9362374285699022,0.0,0.0,0.0,-14.548232129713181,0.0,-13.413344269833233,-0.2843976141821326,0.0,0.0,0.0,9.61027951144475e-16,0.0,0.0,-0.04762301184741591,-0.04762301184741558,0.0,0.0,0.0,0.0,0.0,0.0,-2.19274875949323,-6.406853007629836e-16,-1.4415419267167136e-15,-6.406853007629836e-16,-6.406853007629836e-16,0.0,0.0,0.0,0.0,0.0,0.0,0.0,0.0,0.0,0.0,0.0,0.0,-6.406853007629836e-16,-6.406853007629836e-16,-6.406853007629836e-16,0.0,0.0,0.0,0.0,0.0,0.0,0.0,0.0,0.0,0.0,0.0,0.0,0.0,-6.406853007629836e-16,-1.4415419267167136e-15,-6.406853007629836e-16,-6.406853007629836e-16,0.0,0.0,0.0,0.0,0.0,0.0,0.0,0.0,0.0,0.0,0.0,0.0,0.0,-18.752190809895485,0.0,-0.788990267127628,-4.4847971053408916e-15,0.0,-1.2493363364878233e-14,1.6017132519074577e-15,-0.07399340677095897,0.0,-2.130278625036936e-14,-4.164454454959453e-14,0.0,-5.214357980749495,0.0,-0.17242426882831402,0.0,-0.17242426882831438,0.0,0.0,0.0,-4.116403057402228e-14,-18.752190809895485,0.0,0.0
SspA,-1.6988123741132837,0.7830899475626392,0.7830899475626383,-0.15971928909052924,-0.0695463388616654,0.0,0.0,-0.08172136317977084,-2.4126649795742012,0.0,0.0,-0.0695463388616654,0.0,0.0,0.0,0.0,-0.08172136317977084,-18.1953237018927,-18.1953237018927,1.4568035915484474,1.7419084137377605,0.0,1.587818515527051,1.9340522299137992,1.5878185155270512,0.0,0.0,1.1208801934167494,0.0,0.0,0.0,-16.148037594408056,-16.148037594408056,0.0,-1.3343271751691825,-1.3343271751691825,-1.334327175169183,-0.5735156802821781,-14.679700005769249,0.0,-17.04906687753702,-2.0726661935375406,-1.7276611174660008,0.0,0.0,0.0,0.0,0.0,0.0,0.0,-14.56303464146142,0.0,-15.885007161955617,0.3339538284796051,0.0,0.0,0.0,0.0,0.0,0.0,0.09372402328665824,0.09372402328665824,0.0,0.0,0.0,0.0,0.0,0.0,1.5520228839574595,-1.6017132519074597e-15,-1.6017132519074597e-15,-1.6017132519074597e-15,-6.406853007629836e-16,-6.406853007629836e-16,0.0,-1.123308301235181,0.0,0.0,0.0,0.0,0.0,0.0,0.0,0.0,0.0,-1.6017132519074597e-15,-1.6017132519074597e-15,-6.406853007629836e-16,-6.406853007629836e-16,0.0,1.2813706015259665e-15,-1.123308301235181,0.0,0.0,0.0,0.0,0.0,0.0,0.0,0.0,0.0,-1.6017132519074597e-15,-1.6017132519074597e-15,-6.406853007629836e-16,-6.406853007629836e-16,0.0,0.0,-1.123308301235181,0.0,0.0,0.0,0.0,0.0,0.0,0.0,0.0,0.0,0.0,6.406853007629834e-16,0.0,-0.788988718472076,0.0,0.0,1.3454391316022592e-14,1.9220559022889496e-15,0.1443760514074645,0.0,2.11426149251783e-14,4.2925915151119253e-14,-2.358047241131496,-2.3562274000738297,0.0,0.1724239950939313,0.0,0.17242399509393158,0.0,0.0,0.0,4.2285229850356295e-14,6.406853007629834e-16,0.0,0.0
TdcA,-2.6200656826003454,-0.07448336829982277,-0.07448336829982193,0.15273401232546846,0.06972411562863652,0.0,0.0,0.07548091890060482,-1.0380371003619635,2.136506616409387,0.0,0.06972411562863652,0.0,0.0,0.0,0.0,0.07548091890060574,-0.09466819886736252,-0.09466819886736269,0.3281801699520436,0.43441337418075376,0.0,0.3747505500077234,0.5169034102013574,-16.038502576019194,0.0,0.0,0.22436059504516484,0.0,0.0,0.0,-16.28518577374638,-16.28518577374638,-0.03536606409031372,-0.1919596874171955,-0.19195968741719585,-0.19195968741719605,-0.19195968741719605,-0.31732783025164335,0.0,-0.31719872633699275,-0.19426658375987615,0.00012779551511041273,0.0,0.0,0.0,-0.4666072499498171,0.0,0.0,0.0,-14.474088039552841,0.0,-14.285239968623218,-0.3362538341482862,1.2813706015259665e-15,1.2813706015259665e-15,1.2813706015259665e-15,8.649251560300252e-15,-4.805139755722377e-16,6.406853007629834e-16,-3.395632094043852e-14,-3.363597829005703e-14,0.0,0.0,0.0,0.0,0.0,6.406853007629834e-16,-3.203426503814921e-15,-1.4415419267167136e-15,-2.2423985526704442e-15,-1.4415419267167136e-15,-6.406853007629836e-16,0.0,0.0,9.61027951144475e-16,0.0,0.0,0.0,0.0,0.0,0.0,0.0,0.0,0.0,-2.2423985526704442e-15,-2.2423985526704442e-15,-1.4415419267167136e-15,0.0,0.0,9.61027951144475e-16,0.0,0.0,0.0,0.0,0.0,0.0,0.0,0.0,0.0,0.0,-2.2423985526704442e-15,-2.2423985526704442e-15,-1.4415419267167136e-15,0.0,0.0,0.0,0.0,0.0,0.0,0.0,0.0,0.0,0.0,0.0,0.0,0.0,0.0,3.203426503814917e-16,0.0,0.0,0.0,0.0,-2.434604142899358e-14,1.9220559022889496e-15,-5.1735338036611845e-14,0.0,-4.084368792364078e-14,-8.360943174957177e-14,0.0,-4.962427997068223e-12,3.2034265038149143e-15,-7.800343536789536e-14,0.0,-7.768309271751384e-14,0.0,3.2034265038149143e-15,0.0,-8.360943174957177e-14,3.203426503814917e-16,0.0,-4.805139755722377e-16
TdcR,-0.7063680491167115,-0.07156965300312697,-0.07156965300312647,-0.0724108455197337,-0.0339478436970349,0.0,0.0,-0.03305946190184729,0.0,-1.967990271737954,0.0,-0.0339478436970349,0.0,0.0,0.0,0.0,-0.03305946190184729,2.0284262181919095,2.028426218191909,0.0,0.0,0.0,0.0,0.0,0.0,0.0,-15.381355933053364,2.03481465141905,-13.40604928978569,-14.958037817649048,-13.40604928978569,-16.493131625168488,-16.493131625168488,-0.2749286066729656,-1.1126686875901433,-1.1126686875901437,-1.1126686875901437,-0.816726576640402,0.0,-14.817198532021784,-0.04734676602896496,-0.01945927456094483,-0.3795351103623692,0.0,0.0,0.0,0.0,0.0,0.0,0.0,-15.75777195396056,0.0,-13.493241103648495,-0.8912038597694016,0.0,0.0,0.0,-8.008566259537297e-16,-4.805139755722377e-16,6.406853007629834e-16,-0.04610110113548015,-0.04610110113548015,-5.285653731294624e-15,0.0,0.0,0.0,0.0,0.0,2.4780559364808834,-1.4415419267167136e-15,-1.4415419267167136e-15,-6.406853007629836e-16,-6.406853007629836e-16,-0.3559947606638913,0.0,-13.9006857051865,0.0,0.0,0.0,0.0,0.0,0.0,0.0,0.0,0.0,-1.4415419267167136e-15,-1.4415419267167136e-15,-6.406853007629836e-16,-6.406853007629836e-16,-0.3559947606638903,0.0,-13.9006857051865,0.0,0.0,0.0,0.0,0.0,0.0,0.0,0.0,0.0,-1.4415419267167136e-15,-1.4415419267167136e-15,-6.406853007629836e-16,-6.406853007629836e-16,-0.3559947606638903,0.0,-13.9006857051865,0.0,0.0,0.0,0.0,0.0,0.0,0.0,0.0,0.0,0.0,-0.03987775502523475,0.0,-8.008566259537297e-16,0.0,0.0,-1.1404198353581557e-13,-3.3635978290056677e-15,-0.07038285720181936,0.0,-1.9188524757852634e-13,-3.9097820479066366e-13,-15.241379928840395,-15.242749689303437,-4.965311080913131e-15,-3.5285742939525635e-13,0.0,-3.531777720456379e-13,0.0,-4.965311080913131e-15,0.0,-3.903375194899005e-13,-0.03987775502523442,0.0,5.76616770686684e-15
TorR,-0.18504106713643176,0.1031601025550389,0.10316010255503949,0.10458275955187982,0.048284768336388534,0.0,0.0,0.05233513514182354,2.2423985526704407e-15,0.7360481253128501,0.0,0.048284768336387916,0.0,0.0,0.0,0.0,0.05233513514182354,0.3583543684728996,0.3583543684728991,1.1446154584025126,1.7804599922743933,0.0,1.393347569817977,2.5461629279208084,1.3933475698179743,0.0,0.0,0.6957073472014115,0.0,0.0,0.0,-16.570123261468794,-16.57012326148862,-0.09243682304309371,-0.14947952134388684,-0.35004297388273337,-0.35004297388273337,-0.35004297388272987,-2.6357811626110976,0.0,-0.6261037911174314,-0.3530228203412371,-0.07798220693252636,0.0,0.0,0.0,-17.276525473314727,0.0,0.0,0.0,-15.139071547128573,0.0,-15.400216794407779,-0.5480968695039637,1.9220559022889496e-15,1.9220559022889496e-15,1.9220559022889496e-15,-5.44582505648537e-15,0.0,0.0,8.74535435541446e-14,8.809422885490755e-14,-1.8099359746554398e-14,0.0,-8.008566259537297e-16,0.0,0.0,0.0,2.192767250711944,-2.7229125282426824e-15,-2.082227227479698e-15,-1.2813706015259676e-15,-6.406853007629836e-16,0.0,0.0,-13.977302107628098,-2.8657853503156714e-12,0.0,0.0,0.0,0.0,0.0,0.0,0.0,0.0,-1.2813706015259676e-15,-1.2813706015259676e-15,-1.2813706015259676e-15,-8.008566259537297e-16,-1.2813706015259676e-15,0.0,-13.977302107628098,0.0,0.0,0.0,0.0,0.0,0.0,0.0,0.0,-1.7516336122870603e-12,-1.2813706015259676e-15,-1.2813706015259676e-15,-1.2813706015259676e-15,-6.406853007629836e-16,-1.2813706015259676e-15,0.0,-13.977302107628098,0.0,0.0,0.0,0.0,0.0,0.0,0.0,0.0,0.0,0.0,-0.15930717240539735,0.0,-0.7855142100546517,0.0,0.0,6.72719565801117e-14,0.0,1.3454391316022027e-13,0.0,1.137216408854251e-13,2.2904499502274844e-13,0.0,-3.117222296630935e-11,0.0,2.0533963889452163e-13,0.0,2.0469895359375872e-13,0.0,1.9220559022889496e-15,0.0,2.2904499502274844e-13,-0.159307172405397,0.0,0.0
UspA,0.42832576208762646,0.5983074177152579,0.5983074177152587,0.2352656571844046,0.10408115145906058,0.0,0.0,0.10929833511702,-1.2813706015259676e-15,0.0,0.0,0.10408115145906058,0.0,0.0,0.0,0.0,0.10929833511702,-0.3759815743663476,-0.37598157436634844,-0.10278995836592074,-0.1274555919848869,0.0,-0.11401024562866433,-0.1444973715546194,0.0,0.0,0.0,-0.07518700077487762,0.0,0.0,0.0,-16.151524972452695,-16.151524972452695,-3.66017556790149,0.07864614277277018,0.07864614277277018,0.07864614277277018,0.6105208252753027,0.0,-14.843192848142657,0.14719901266536858,0.08027178685280734,0.25122944676734305,0.0,0.0,0.0,0.0,0.0,0.0,0.0,-13.283285692248203,0.0,-15.153293530975743,-0.16100175169588996,1.2813706015259665e-15,1.6017132519074577e-15,6.406853007629834e-16,-4.965311080913131e-15,3.203426503814917e-16,3.203426503814917e-16,0.047623030471394184,0.047623030471394184,-1.7618845770982157e-14,0.0,0.0,0.0,0.0,0.0,-3.5222487926850983,-2.2423985526704442e-15,-1.4415419267167136e-15,-1.4415419267167136e-15,1.2422188669813863,1.2422188669813863,0.8862237379753746,0.0,0.0,0.0,0.0,0.0,0.0,0.0,0.0,0.0,0.0,-1.4415419267167136e-15,-2.2423985526704442e-15,-2.082227227479698e-15,1.2422188669813863,1.2422188669813863,0.8862237379753746,0.0,0.0,0.0,0.0,0.0,0.0,0.0,0.0,0.0,0.0,-1.4415419267167136e-15,-2.2423985526704442e-15,-1.4415419267167136e-15,1.2422188669813863,1.2422188669813863,0.8862237379753746,0.0,0.0,0.0,0.0,0.0,0.0,0.0,0.0,0.0,0.0,0.0,6.406853007629834e-16,0.0,-0.7889909584937205,0.0,0.0,4.709036960607852e-14,0.0,0.07399345173655765,0.0,8.232806114804104e-14,1.6561715024722174e-13,-14.71230142945489,-9.448876597297025,-3.203426503814921e-15,0.1724243910315138,0.0,0.1724243910315138,0.0,0.0,0.0,1.6625783554798465e-13,6.406853007629834e-16,0.0,0.0
UvrY,0.02218534720070169,-0.19054024617436482,-0.1905402461743659,0.05610694205268176,0.025923617107672367,0.0,0.0,0.13915511399543512,0.0,-1.8717267445092112,0.0,0.025923617107671423,0.0,0.0,0.0,0.0,0.13915511399543512,-0.030364412996046114,-0.03036441299604628,0.11419753216096767,0.14397877819382845,0.0,0.1276215613837852,0.16514801460127865,-16.23462006633641,0.0,0.0,0.08201664722953823,0.0,0.0,0.0,-14.740659479323925,-14.740659479323927,-18.77412886059004,1.7929647681623497,1.79296476816235,1.79296476816235,1.7929647681623209,0.0,-14.620808607229536,0.0,1.8276095909773906,1.081671104566883,0.0,0.0,0.0,0.0,0.0,0.0,0.0,-15.620689673376582,0.0,-15.477603994148433,-0.7457797803053043,0.0,0.0,0.0,-3.844111804577906e-15,0.0,0.0,-0.9480221015737419,-0.9480221015737419,-1.457559059235795e-14,0.0,0.0,0.0,0.0,0.0,0.0,-1.6017132519074597e-15,-1.6017132519074597e-15,-1.6017132519074597e-15,-1.6017132519074597e-15,-9.610279511444756e-16,0.0,1.2813706015259665e-15,0.0,0.0,0.0,0.0,0.0,0.0,0.0,0.0,0.0,-1.6017132519074597e-15,-1.6017132519074597e-15,-1.6017132519074597e-15,-1.6017132519074597e-15,-6.406853007629836e-16,0.0,0.0,0.0,0.0,0.0,0.0,0.0,0.0,0.0,0.0,0.0,-1.6017132519074597e-15,-1.6017132519074597e-15,-1.6017132519074597e-15,-1.6017132519074597e-15,-9.610279511444756e-16,0.0,0.0,0.0,0.0,0.0,0.0,0.0,0.0,0.0,0.0,0.0,0.0,6.406853007629834e-16,0.0,-0.788987847356081,-5.285653731294624e-15,0.0,-1.324616859327529e-13,1.9220559022889496e-15,-1.2813861805635463,0.0,-2.0517946756936006e-13,-4.1452338959370987e-13,0.0,5.049282246550535,1.9220559022889496e-15,-1.3536242151499667,0.0,-1.3536242151499671,0.0,1.9220559022889496e-15,0.0,-4.1452338959370987e-13,9.61027951144475e-16,0.0,6.406853007629834e-16
UxuR,0.9522092899572869,0.0,0.0,0.012879752692332592,0.006002411476216553,0.0,0.0,0.00277307730750189,1.0702646427483562,0.0,0.0,0.006002411476215915,0.0,0.0,0.0,0.0,0.002795648291229835,1.2540920303110379,1.2540920303110377,3.2701409509325936,0.0,0.0,0.0,0.0,0.0,0.0,-14.247441144767052,1.4997618801301342,0.0,-14.247441144767052,0.0,-16.488329609721248,-16.488329609481944,0.3379698693732267,-0.9719891143204326,-0.9719891143204159,-0.9719891143204161,-0.9719891143204159,0.5278366400420118,0.0,-1.3879627127879208,-0.9846455429585063,-0.9017189223391524,0.0,0.0,0.0,0.0,0.0,0.0,0.0,-15.041543406634128,0.0,-13.318530142993675,-0.36888285287566996,0.0,0.0,0.0,0.0,0.0,0.0,0.04659350710533327,0.04659350710533296,-5.766167706866863e-15,0.0,0.0,0.0,0.0,0.0,-2.634854490173442,0.0,-9.610279511444756e-16,9.61027951144475e-16,9.61027951144475e-16,9.61027951144475e-16,0.8862160327025947,0.0,0.0,0.0,0.0,0.0,0.0,0.0,0.0,0.0,0.0,-9.610279511444756e-16,-9.610279511444756e-16,9.61027951144475e-16,9.61027951144475e-16,1.9220559022889496e-15,0.8862160327025927,0.0,0.0,0.0,0.0,0.0,0.0,0.0,0.0,0.0,0.0,0.0,-9.610279511444756e-16,9.61027951144475e-16,9.61027951144475e-16,9.61027951144475e-16,0.8862160327025927,0.0,0.0,0.0,0.0,0.0,0.0,0.0,0.0,0.0,0.0,0.0,2.8830838534334232e-15,0.0,-0.7889891284097066,-4.965311080913131e-15,0.0,-2.7229125282426824e-15,7.36788095877429e-15,0.07240795105220238,0.0,9.930622161826211e-15,2.0822272274796813e-14,0.0,0.0,-3.844111804577906e-15,0.1688494136763616,0.0,0.16884941367636216,0.0,-7.36788095877433e-15,0.0,2.0822272274796813e-14,2.8830838534334232e-15,0.0,0.0
YbhD,-0.6753358748271725,-0.4163849084799988,-0.4163849084799986,-0.13429057792683868,-0.0617898501052191,0.0,0.0,-0.06304377404109003,0.0,-2.587243515709419,0.0,-0.0617898501052191,0.0,0.0,0.0,0.0,-0.06306831947563114,1.4050178106626805,1.40501781066268,2.2929158294097083,7.967875407179813,0.0,3.1392218763468285,0.0,-13.321364723082983,0.0,0.0,1.238843935662713,0.0,-13.228184657297035,0.0,-0.9538392699955249,-0.9538392699954921,-0.16132116173875063,-1.2502478131226942,-1.2502478131226946,-1.2502478131226948,-1.2502478131226942,-16.234299897448842,0.0,4.190593320195658,-1.275955666806772,-1.019948243833381,0.0,0.0,0.0,-15.603847111401945,0.0,0.0,0.0,-15.011618003341578,0.0,-14.402383936189775,-0.43835008848171925,0.0,0.0,0.0,9.61027951144475e-16,0.0,0.0,-0.046593517497715085,-0.04659351749771492,-2.2423985526704442e-15,0.0,-9.610279511444756e-16,-8.008566259537297e-16,0.0,0.0,3.523769154196405e-15,-1.4415419267167136e-15,-2.2423985526704442e-15,-1.4415419267167136e-15,-1.4415419267167136e-15,-6.406853007629836e-16,-8.008566259537297e-16,0.0,0.0,0.0,0.0,0.0,0.0,0.0,0.0,0.0,0.0,-1.4415419267167136e-15,-1.4415419267167136e-15,-1.4415419267167136e-15,-2.40256987786119e-15,-6.406853007629836e-16,-8.008566259537297e-16,0.0,0.0,0.0,0.0,0.0,0.0,0.0,0.0,0.0,0.0,-1.4415419267167136e-15,-1.4415419267167136e-15,-1.4415419267167136e-15,-1.4415419267167136e-15,-6.406853007629836e-16,-8.008566259537297e-16,0.0,0.0,0.0,0.0,0.0,0.0,0.0,0.0,0.0,0.0,0.0,2.8830838534334232e-15,0.0,-2.456208115995867,0.0,0.0,-3.5397862867155274e-14,0.0,-0.07240797615309427,0.0,-6.390835875110902e-14,-1.2861757412817468e-13,0.0,-5.161404016381118,-1.922055902288952e-15,-0.1688494819872077,0.0,-0.16884948198720787,0.0,-1.922055902288952e-15,0.0,-1.281370601526024e-13,2.8830838534334232e-15,0.0,6.406853007629834e-16
YdeO,-19.493122233452087,1.0149664221737915,1.0149664221737893,-0.14128711818538472,-0.0680823593902738,0.0,0.0,-0.07284488273289633,-1.3659436634929079,0.0,0.0,-0.0680823593902738,0.0,0.0,0.0,0.0,-0.07284488273289633,2.410883873454542,2.4108838734545417,3.298981458842682,0.0,0.0,0.0,0.0,0.0,0.0,-14.30293345823603,1.5206172257604167,0.0,-14.30293345823603,0.0,-14.704319720357168,-14.704319720038095,0.0,0.5768793489817912,-0.11130180476269895,-0.11130180476269964,0.5735161785469169,0.0,-14.763761158910432,0.030941151456176343,-0.11232313376658072,-0.0848931095885867,0.0,0.0,0.0,0.0,0.0,0.0,0.0,-15.33473122106327,0.0,-15.289264206890193,-0.720602237848033,0.0,6.406853007629834e-16,0.0,-6.406853007629836e-16,0.0,0.0,-4.020300262287778e-14,-3.988265997249628e-14,-4.324625780150146e-15,0.0,0.0,0.0,0.0,0.0,-3.3635978290056677e-15,-1.2492450535692876,-1.2492450535692883,-3.043255178624175e-15,-2.40256987786119e-15,-2.40256987786119e-15,-8.008566259537297e-16,0.0,0.0,0.0,0.0,0.0,0.0,0.0,0.0,0.0,0.0,-1.2492450535692876,-1.2492450535692883,-3.203426503814921e-15,-2.40256987786119e-15,-1.4415419267167136e-15,-8.008566259537297e-16,0.0,0.0,0.0,0.0,0.0,0.0,0.0,0.0,0.0,0.0,-1.2492450535692876,-1.2492450535692883,-3.043255178624175e-15,-2.40256987786119e-15,-2.40256987786119e-15,-8.008566259537297e-16,9.61027951144475e-16,0.0,0.0,0.0,0.0,0.0,0.0,0.0,0.0,0.0,0.0,-19.024112882040807,0.0,-0.7889899018781181,0.0,0.0,-3.3796149615247776e-14,0.0,-6.006424694653095e-14,0.0,-4.901242550836907e-14,-1.0026724956941041e-13,-0.5244248562623248,-0.5242636192368819,7.047538308392801e-15,-8.969594210682049e-14,0.0,-8.969594210682049e-14,0.0,7.047538308392801e-15,0.0,-9.962656426864738e-14,-19.024112882040807,0.0,3.523769154196405e-15
YdjF,0.39017847463228195,0.5513469655710841,0.5513469655710836,0.23314146845965866,0.10415736700747978,0.0,0.0,0.10586865798476233,0.0,-2.1076282714472923,0.0,0.10415736700747918,0.0,0.0,0.0,0.0,0.10586865798476262,-0.4084333722178293,-0.4084333722178297,-0.10045528828095558,-0.12501877811937226,0.0,-0.11160670883747943,-0.14209563024540306,0.0,0.0,0.0,-0.07317902844147219,0.0,0.0,0.0,-16.184437048229707,-16.184437048229707,0.0,0.03328879740699721,0.03328879740699752,0.03328879740699752,0.7491271391656711,0.0,0.0,2.171599001873404,0.033902698592696394,0.24564942775735424,0.0,0.0,0.0,0.0,0.0,0.0,0.0,-14.924835330931868,0.0,-13.18457264556497,-0.06769473041562461,0.0,0.0,0.0,3.203426503814917e-16,0.0,0.0,0.08320121565176339,0.08320121565176339,-3.5237691541964136e-15,0.0,0.0,0.0,0.0,0.0,-3.52221917247315,-1.6017132519074597e-15,-1.6017132519074597e-15,-1.6017132519074597e-15,1.2422091755591755,1.2422091755591755,0.8862160327025917,0.0,0.0,0.0,0.0,0.0,0.0,0.0,0.0,0.0,0.0,-1.6017132519074597e-15,-1.6017132519074597e-15,-1.6017132519074597e-15,1.2422091755591755,1.2422091755591755,0.8862160327025917,0.0,0.0,0.0,0.0,0.0,0.0,0.0,0.0,0.0,0.0,-1.6017132519074597e-15,-1.6017132519074597e-15,-1.6017132519074597e-15,1.2422091755591755,1.2422091755591755,0.8862160327025917,0.0,0.0,0.0,0.0,0.0,0.0,0.0,0.0,0.0,0.0,0.0,6.406853007629834e-16,0.0,0.0,-4.965311080913131e-15,0.0,-0.019832213334867003,0.0,0.13018126418820272,0.0,3.1073237087004364e-14,6.374818742591545e-14,-15.104498875471574,-9.97171555532917,0.0,0.24047229800760805,0.0,0.2404722980076078,0.0,1.9220559022889496e-15,0.0,6.438887272667841e-14,9.61027951144475e-16,0.0,-0.10361211878073256
YfhA,0.026552156073453077,-0.39703973177076657,-0.39703973177076674,-0.19169653543410742,-0.0806732238037379,0.0,0.0,-0.08851119129236698,3.203426503814917e-16,-2.08143332750659,0.0,-0.0806732238037379,0.0,0.0,0.0,0.0,-0.0885394072547841,-0.024834632896675986,-0.024834632896676312,-0.5664999312913421,-0.7650666686982436,0.0,-0.6523939979272863,-0.9263853523627552,-16.462513800339696,0.0,0.0,-0.38065911885560655,0.0,0.0,0.0,1.379307515912366,1.3793075159123662,-19.552338416729906,0.3119122377255391,0.31191223772553883,0.31191223772553855,1.5153840187996763,0.0,-14.817198532021784,0.206668099853748,0.3156203778246762,-0.27128898227208736,0.0,0.0,0.0,0.0,0.0,0.0,0.0,-14.916953270097373,0.0,-13.231219585674186,0.3666818244227777,0.0,0.0,0.0,-4.805139755722377e-16,-4.805139755722377e-16,6.406853007629834e-16,-1.0266981944727176e-13,-1.0266981944727176e-13,-3.203426503814921e-15,0.0,0.0,0.0,0.0,6.406853007629834e-16,0.0,-1.4415419267167136e-15,-1.4415419267167136e-15,-6.406853007629836e-16,-6.406853007629836e-16,0.0,9.61027951144475e-16,0.0,0.0,0.0,0.0,0.0,0.0,0.0,0.0,0.0,0.0,-1.4415419267167136e-15,-1.4415419267167136e-15,-6.406853007629836e-16,-6.406853007629836e-16,0.0,9.61027951144475e-16,0.0,0.0,0.0,0.0,0.0,0.0,0.0,0.0,0.0,0.0,-6.406853007629836e-16,-1.4415419267167136e-15,-6.406853007629836e-16,-6.406853007629836e-16,0.0,9.61027951144475e-16,0.0,0.0,0.0,0.0,0.0,0.0,0.0,0.0,0.0,0.0,0.0,3.203426503814917e-16,0.0,-0.788990619095665,0.0,0.0,-4.741071225646156e-14,3.523769154196405e-15,-1.1676489606405849e-13,0.0,-9.610279511445073e-14,-1.949285027571509e-13,-16.233543163177693,-16.23423193638228,0.0,-1.7506725843349586e-13,0.0,-1.753876010838774e-13,0.0,0.0,0.0,-1.949285027571509e-13,3.203426503814917e-16,0.0,-1.922055902288952e-15
Zwf,-2.0534696121590246,-19.08052876029394,-19.080528760182553,-2.479930028620436,-0.7395296594817169,0.0,0.0,-0.6299413247103136,-2.053469612159025,1.253804485376044,0.0,-0.7395296594817167,0.0,0.0,0.0,0.0,-0.6299413247103138,0.0,0.0,0.0,0.0,0.0,0.0,0.0,0.0,0.0,1.0763513052817723e-13,1.1308095558466216e-13,2.376942465830473e-13,6.342784477553398e-14,3.7038662107286306,3.540088422432378,3.540088422432378,0.7182000916062007,1.5031997489957725,1.503199748995773,1.503199748995773,3.2034265038149143e-15,0.0,0.0,2.981286830942862,1.5232392916358455,2.1036343462668436,0.0,0.0,0.0,0.0,0.0,0.0,0.0,-15.230627641306231,0.0,-13.047066997790756,-17.26176563231489,8.649251560300252e-15,8.008566259537271e-15,8.649251560300252e-15,-8.008566259537297e-16,0.0,0.0,-1.3966387546252268,-1.3966387546252268,-4.004283129768652e-15,0.0,0.0,0.0,0.0,0.0,1.5519895797646042,-9.610279511444756e-16,-1.7618845770982058e-15,-1.7618845770982058e-15,-1.7618845770982058e-15,-1.7618845770982058e-15,0.0,-1.1232916269394988,0.0,0.0,0.0,0.0,0.0,0.0,0.0,0.0,0.0,-9.610279511444756e-16,-1.7618845770982058e-15,-1.7618845770982058e-15,-8.008566259537297e-16,-8.008566259537297e-16,0.0,-1.1232916269394988,0.0,0.0,0.0,0.0,0.0,0.0,0.0,0.0,0.0,-9.610279511444756e-16,-1.7618845770982058e-15,-1.7618845770982058e-15,-1.7618845770982058e-15,-8.008566259537297e-16,0.0,-1.1232916269394988,0.0,0.0,0.0,0.0,0.0,0.0,0.0,0.0,0.0,0.0,3.7536507349053787,0.0,-0.7889858675543096,-5.766167706866863e-15,0.0,8.873491415567048e-14,0.0,-1.8135638949742336,0.0,1.4895933242738598e-13,2.956762663020866e-13,2.8439629821444434,2.8418385800212924,0.0,-2.7387343255029144,0.0,-2.738734325502914,0.0,-2.082227227479698e-15,0.0,2.956762663020866e-13,3.753650734905379,0.0,-6.406853007629836e-16
