,PGI,PFK,FBA,TPI,GAPD,PGK,PGM,ENO,GLCptspp,PYK,FBA_reverse,PGK_reverse,ENO_reverse,GAPD_reverse,TPI_reverse,PGI_reverse,PGM_reverse,G6PDH2r,PGL,GND,RPE,RPI,TKT1,TKT2,TALA,G6PDH2r_reverse,RPE_reverse,RPI_reverse,TKT1_reverse,TKT2_reverse,TALA_reverse,EDA,EDD,PDH,CS,ACONTa,ACONTb,ICDHyr,AKGDH,SUCOAS,SUCDi,FUM,MDH,ACONTa_reverse,ACONTb_reverse,ICDHyr_reverse,SUCOAS_reverse,FUM_reverse,MDH_reverse,FBP,PPCK,ME1,ME2,PPC,CHORS,DHQS,DHQTi,DHAD1,IPMD,IPPS,PSERT,PSP_L,SERAT,SERAT_reverse,DAPDC,DAPE,DHDPS,DHDPRy,ACCOAC,ACACT1r,ACACT2r,ACACT3r,ACACT4r,ACACT5r,ACACT6r,ACACT7r,ACACT8r,ACACT1r_reverse,ACACT2r_reverse,ACACT3r_reverse,ACACT4r_reverse,ACACT5r_reverse,ACACT6r_reverse,ACACT7r_reverse,ACACT8r_reverse,ECOAH1,ECOAH2,ECOAH3,ECOAH4,ECOAH5,ECOAH6,ECOAH7,ECOAH8,ECOAH1_reverse,ECOAH2_reverse,ECOAH3_reverse,ECOAH4_reverse,ECOAH5_reverse,ECOAH6_reverse,ECOAH7_reverse,ECOAH8_reverse,HACD1,HACD2,HACD3,HACD4,HACD5,HACD6,HACD7,HACD8,HACD1_reverse,HACD2_reverse,HACD3_reverse,HACD4_reverse,HACD5_reverse,HACD6_reverse,HACD7_reverse,HACD8_reverse,ACKr,ACKr_reverse,ALATA_L,ALATA_L_reverse,ANS,ASPTA,ASPTA_reverse,CYSTL,GHMT2r,GHMT2r_reverse,GLNS,GLUPRT,ICL,MALS,METS,MTHFC,MTHFC_reverse,MTHFD,MTHFD_reverse,MTHFR2,PPS,PRAIS,PTAr,PTAr_reverse,THRS
Eki2vivo_wildtype,0.3524810930704744,0.28572452645309243,0.2857245264530923,0.25291997121760795,0.20873670243055717,0.16982377423899597,0.16982377423899597,0.24049032799355077,0.16982377423899597,5.063606485038438,0.16982377423899597,0.20873670243055717,0.16982377423899597,0.16982377423899597,0.16982377423899597,0.16982377423899597,0.24049032799355077,-0.3136056461487162,-0.3136056461487162,-0.2276836435664523,-0.5444709228151253,0.16982377423899597,-0.33681067312242535,-3.9816946224915455,-4.093500988834374,0.16982377423899597,0.16982377423899597,-0.05693630559893092,0.16982377423899597,0.16982377423899597,0.16982377423899597,-4.044692220494453,-4.044692220494453,0.2500577346468365,0.5014246892775927,0.5014246892775925,0.5014246892775927,0.16982377423899706,0.16982377423899597,0.16982377423899597,0.7686008314411412,0.5053996425480041,0.48202794281883216,0.16982377423899597,0.16982377423899597,0.16982377423899597,0.16982377423899597,0.16982377423899597,0.16982377423899597,0.16982377423899597,-3.5865600380500924,0.16982377423899597,-3.5758655670507995,-0.9790826421895396,0.1698237742389968,0.1698237742389966,0.1698237742389966,0.16982377423899492,0.16982377423899597,0.16982377423899597,-0.06941129871645033,-0.06941129871645024,0.16982377423899248,0.16982377423899597,0.16982377423899597,0.16982377423899597,0.16982377423899614,0.16982377423899597,0.16982377423899597,0.16982377423899575,0.16982377423899597,0.16982377423899614,0.16982377423899614,0.16982377423899597,0.16982377423899597,0.16982377423899597,0.16982377423899597,0.16982377423899597,0.16982377423899597,0.16982377423899597,0.16982377423899597,0.16982377423899597,0.16982377423899597,0.16982377423899597,0.16982377423899597,0.16982377423899575,0.16982377423899597,0.16982377423899614,0.16982377423899597,0.16982377423899597,0.16982377423899597,0.16982377423899597,0.16982377423899597,0.16982377423899597,0.16982377423899597,0.16982377423899597,0.16982377423899597,0.16982377423899597,0.16982377423899597,0.16982377423899597,0.16982377423899597,0.16982377423899575,0.16982377423899614,0.16982377423899614,0.16982377423899597,0.16982377423899597,0.16982377423899597,0.16982377423899597,0.16982377423899597,0.16982377423899597,0.16982377423899597,0.16982377423899597,0.16982377423899597,0.16982377423899597,0.16982377423899597,0.16982377423899597,0.16982377423899597,0.16982377423899597,0.16982377423899606,0.16982377423899597,-3.9493363308149405,0.16982377423899706,0.16982377423899597,0.1698237742389951,0.16982377423899636,-0.1583664072997759,0.16982377423899597,0.1698237742389939,0.1698237742389918,1.1339286913883295,1.1328432693169073,0.16982377423899597,-0.2009063328075368,0.16982377423899597,-0.20090633280753675,0.16982377423899597,0.16982377423899597,0.16982377423899597,0.1698237742389918,0.16982377423899614,0.16982377423899597,0.16982377423899586
Eki2vivo_AlsR,0.10270583133410632,0.31630536130271397,0.31630536130271353,0.20005440784395873,0.195648846156475,0.19179380936514895,0.19179380936514895,0.1959367641893069,0.19179380936514895,0.19179380936514895,0.19179380936514895,0.195648846156475,0.19179380936514895,0.19179380936514895,0.19179380936514895,0.19179380936514895,0.1959367641893069,0.37124148136935614,0.3712414813693563,0.5444620978160193,0.6924813725688179,0.19179380936514895,0.6060668202983653,0.8314177994456045,0.6060668202983652,0.19179380936514895,0.19179380936514895,0.4205433989694139,0.19179380936514895,0.19179380936514895,0.19179380936514895,-5.098656982091931,-5.098656982091931,0.19179380936514895,0.04695055061804917,0.04695055061804902,0.04695055061804902,-0.37205536392752997,-0.7930777612999836,0.19179380936514895,0.01775967287353579,0.04597973667351704,0.547605550404155,0.19179380936514895,0.19179380936514895,0.19179380936514895,-5.608506860162996,0.19179380936514895,0.19179380936514895,0.19179380936514895,-4.846174747044389,0.19179380936514895,-5.098656982091931,-0.8265191540855243,0.19179380936514917,0.1917938093651494,0.1917938093651494,0.19179380936514895,0.19179380936514895,0.19179380936514895,0.19179380936514398,0.19179380936514398,0.1917938093651486,0.19179380936514895,0.19179380936514895,0.19179380936514895,0.19179380936514895,0.19179380936514895,0.323911343123759,0.19179380936514895,0.1917938093651487,0.1917938093651487,0.1917938093651487,0.30924171211522844,0.19179380936514895,-0.10058377788676874,0.19179380936514895,0.19179380936514895,0.19179380936514895,0.19179380936514895,0.19179380936514895,0.19179380936514895,0.19179380936514895,0.19179380936514895,0.19179380936514895,0.19179380936514895,0.1917938093651487,0.1917938093651487,0.19179380936514895,0.30924171211522844,0.19179380936514895,-0.10058377788676874,0.19179380936514895,0.19179380936514895,0.19179380936514895,0.19179380936514895,0.19179380936514895,0.19179380936514895,0.19179380936514895,0.19179380936514895,0.19179380936514895,0.19179380936514895,0.1917938093651487,0.1917938093651487,0.19179380936514895,0.30924171211522844,0.19179380936514895,-0.10058377788676874,0.19179380936514895,0.19179380936514895,0.19179380936514895,0.19179380936514895,0.19179380936514895,0.19179380936514895,0.19179380936514895,0.19179380936514895,0.19179380936514895,0.19179380936514895,0.19179380936514895,0.19179380936514895,-0.06850595297348268,0.19179380936515042,0.19179380936514895,0.19190320893456717,0.19179380936514895,0.1917938093651416,0.19179380936514895,0.19179380936514426,0.19179380936513932,0.19179380936514895,0.19179380936514895,0.19179380936514845,0.1917938093651402,0.19179380936514895,0.19179380936514034,0.19179380936514895,0.19179380936514845,0.19179380936514895,0.1917938093651393,0.19179380936514895,0.19179380936514895,0.19179380936514895
Eki2vivo_AppY,0.24687162409302238,0.28044024613878976,0.28044024613878943,0.28094937853462737,0.2587501466403885,0.2382155665217705,0.2382155665217705,0.26030604887923336,0.2893902347811163,0.3591971685774107,0.2382155665217705,0.2587501466403885,0.2382155665217705,0.2382155665217705,0.2382155665217705,0.2382155665217705,0.26030604887923336,1.2535207809594686,1.2535207809594682,0.2382155665217705,0.2382155665217705,0.2382155665217705,0.2382155665217705,0.2382155665217705,0.2382155665217705,0.2382155665217705,-3.4096897973147624,0.4366581200312624,-2.941217984390027,-3.309293939464928,-2.941217984390027,-3.741094614602166,-3.741094614602166,-4.471482232292789,0.1621669431153826,0.16216694311538254,0.16216694311538252,-0.18179778898658572,-0.48815365579515035,0.2382155665217705,0.11569473106592963,0.16165908661170514,0.3437202764508696,0.2382155665217705,0.2382155665217705,0.2382155665217705,-3.9586476960930264,0.2382155665217705,0.2382155665217705,0.2382155665217705,-2.9814492403222204,0.2382155665217705,-2.9532799308058335,-0.7528459513017982,0.23821556652177014,0.2382155665217703,0.2382155665217703,0.23821556652177237,0.2382155665217705,0.2382155665217705,0.2382155665217652,0.23821556652176532,0.23821556652177736,0.2382155665217705,0.2382155665217705,0.2382155665217705,0.23821556652177067,0.2382155665217705,0.2382155665217721,0.2382155665217705,0.2382155665217703,0.2382155665217705,0.2382155665217705,0.2382155665217703,0.2382155665217703,0.2382155665217705,0.2382155665217705,0.2382155665217705,0.2382155665217705,0.2382155665217705,0.2382155665217705,0.2382155665217705,0.2382155665217705,0.2382155665217705,0.2382155665217705,0.2382155665217705,0.2382155665217705,0.2382155665217705,0.2382155665217703,0.2382155665217703,0.2382155665217703,0.2382155665217705,0.2382155665217705,0.2382155665217705,0.2382155665217705,0.2382155665217705,0.2382155665217705,0.2382155665217705,0.2382155665217705,0.2382155665217705,0.2382155665217705,0.2382155665217705,0.2382155665217705,0.2382155665217705,0.2382155665217703,0.2382155665217703,0.2382155665217703,0.2382155665217705,0.2382155665217705,0.2382155665217705,0.2382155665217705,0.2382155665217705,0.2382155665217705,0.2382155665217705,0.2382155665217705,0.2382155665217705,0.2382155665217705,0.2382155665217705,0.23821556652177026,0.2382155665217705,0.23821556652177067,0.2382155665217705,0.2382155665217705,0.23821556652176598,0.2382155665217705,0.23821556652176076,0.2382155665217705,0.23821556652176187,0.23821556652175307,0.2382155665217705,3.0790927847607357,0.2382155665217709,0.23821556652175513,0.2382155665217705,0.23821556652175513,0.2382155665217705,0.2382155665217705,0.2382155665217705,0.23821556652175307,0.23821556652177026,0.2382155665217705,0.2382155665217705
Eki2vivo_ArcA,0.7575818833225659,0.26171640782287314,0.26171640782287314,0.2633308298831501,0.20510704513730932,0.16081871139262027,0.16081871139262027,0.20915802568275674,0.1608187113926205,1.0438839856666442,0.16081871139262027,0.20510704513730932,0.16081871139262027,0.16081871139262027,0.16081871139262027,0.16081871139262027,0.20915802568275674,-0.10112294415827987,-0.10112294415827987,-0.07804872435646155,-0.11880666428507462,0.16081871139262027,-0.0971254885279747,-0.14463173012946057,-0.09712548852797454,0.16081871139262027,0.16081871139262027,-0.026696883516156043,0.16081871139262027,0.16081871139262027,0.16081871139262027,-4.31230586915752,-4.312305869241407,-0.08014507477218927,0.34933216694571423,0.34933216694571434,0.34933216694571423,-0.24574205830608167,-4.764316873295116,0.16081871139262027,0.4020049345586674,0.35113214096283424,0.617346362579936,0.16081871139262027,0.16081871139262027,0.16081871139262027,-4.60494303506446,0.16081871139262027,0.16081871139262027,0.16081871139262027,0.31752012332198204,0.16081871139262027,-3.7165687635253586,-5.049199255868938,0.16081871139262027,0.16081871139262005,0.16081871139262005,0.16081871139262124,0.16081871139262027,0.16081871139262027,0.16081871139263126,0.16081871139263126,0.16081871139262402,0.16081871139262027,0.16081871139262027,0.16081871139262027,0.16081871139262027,0.16081871139262027,0.5779333113293093,0.16081871139262027,0.16081871139262027,0.16081871139262027,0.16081871139262027,0.16081871139262027,0.16081871139262027,-0.1031767109535006,0.16081871139262027,0.16081871139262027,0.16081871139262027,0.16081871139262027,0.16081871139262027,0.16081871139262027,0.16081871139262027,0.16081871139262027,0.16081871139262027,0.16081871139262027,0.16081871139262027,0.16081871139262027,0.16081871139262027,0.16081871139262027,0.16081871139262,-0.1031767109535006,0.16081871139262027,0.16081871139262027,0.16081871139262027,0.16081871139262027,0.16081871139262027,0.16081871139262027,0.16081871139262027,0.16081871139262027,0.16081871139262027,0.16081871139262027,0.16081871139262027,0.16081871139262027,0.16081871139262027,0.16081871139262027,0.16081871139262,-0.1031767109535006,0.16081871139262027,0.16081871139262027,0.16081871139262027,0.16081871139262027,0.16081871139262027,0.16081871139262027,0.16081871139262027,0.16081871139262027,0.16081871139262027,0.16081871139262027,0.16081871139262008,0.16081871139262027,0.16081871139262027,0.1608187113926216,0.16081871139262027,0.16081871139262774,0.16081871139262027,0.16081871139263632,0.16081871139262027,0.9105893225968289,0.16081871139264312,0.16081871139262027,3.7933094625736508,0.16081871139262074,0.1608187113926411,0.16081871139262027,0.1608187113926412,0.16081871139262027,0.16081871139262074,0.16081871139262027,0.16081871139264328,0.16081871139262008,0.16081871139262027,0.16081871139262027
Eki2vivo_ArcB,0.028680854197082682,0.1894111328649357,0.18941113286493547,0.18877924389208797,0.21432470094275355,0.2379385672321836,0.2379385672321836,0.21238154539231757,0.23793856723218368,0.22523487224228866,0.2379385672321836,0.21432470094275355,0.2379385672321836,0.2379385672321836,0.2379385672321836,0.2379385672321836,0.2123815453923175,1.1431804341697112,1.1431804341697112,0.2379385672321836,0.2379385672321836,0.2379385672321836,0.2379385672321836,0.2379385672321836,0.2379385672321836,0.2379385672321836,-3.881527462952971,0.7361078007647989,-3.3533889042428147,-3.768344768759998,-3.3533889042428147,-3.75394531847507,-3.75394531847507,-0.12185932856968693,0.014415540342098918,0.014415540342098979,0.014415540342098979,-0.1536827066195667,0.2379385672321836,-3.7306885219348374,-0.09799475062438152,0.012174487977212866,0.16437670149990938,0.2379385672321836,0.2379385672321836,0.2379385672321836,0.2379385672321836,0.2379385672321836,0.2379385672321836,0.2379385672321836,-4.028839084181939,0.2379385672321836,-3.5975499691557102,-0.05597125716447772,0.2379385672321818,0.2379385672321818,0.2379385672321818,0.2379385672321835,0.2379385672321836,0.2379385672321836,0.23793856723222404,0.23793856723222384,0.23793856723218304,0.2379385672321836,0.2379385672321836,0.2379385672321836,0.2379385672321836,0.2379385672321836,0.23793856723218273,0.23793856723218343,0.23793856723218343,0.2379385672321836,0.23793856723218343,0.2379385672321834,0.23793856723218332,0.2379385672321836,0.2379385672321836,0.2379385672321836,0.2379385672321836,0.2379385672321836,0.2379385672321836,0.2379385672321836,0.2379385672321836,0.2379385672321836,0.2379385672321836,0.23793856723218343,0.23793856723218343,0.23793856723218343,0.2379385672321834,0.2379385672321834,0.23793856723218332,0.2379385672321836,0.2379385672321836,0.2379385672321836,0.2379385672321836,0.2379385672321836,0.2379385672321836,0.2379385672321836,0.2379385672321836,0.2379385672321836,0.2379385672321836,0.23793856723218343,0.23793856723218343,0.23793856723218343,0.2379385672321836,0.2379385672321834,0.23793856723218332,0.2379385672321836,0.2379385672321836,0.2379385672321836,0.2379385672321836,0.2379385672321836,0.2379385672321836,0.2379385672321836,0.2379385672321836,0.2379385672321836,0.2379385672321836,0.2379385672321836,0.2379385672321838,0.2379385672321836,0.23793856723218348,0.2379385672321848,0.2379385672321836,0.2379385672322164,0.2379385672321836,0.23793856723224588,0.2379385672321836,-0.43502004929566696,0.23793856723228887,0.2379385672321836,2.9957077408151482,0.23793856723217066,0.23793856723227824,0.2379385672321836,0.23793856723227824,0.2379385672321836,0.2379385672321711,0.2379385672321836,0.23793856723228887,0.2379385672321838,0.2379385672321836,0.2379385672321838
Eki2vivo_ArgR,0.1299130562818078,0.14519314505353342,0.14519314505353373,0.1460622524119676,0.10836715679737725,0.07783674291143568,0.07783674291143568,0.11240330263878104,0.07783674291143586,0.46081070137770885,0.07783674291143568,0.10836715679737717,0.07783674291143568,0.07783674291143568,0.07783674291143568,0.07783674291143568,0.11240330263878104,0.009366482619633831,0.009366482619633831,0.1652589465330791,0.19011266051993705,0.07783674291143568,0.17634111789980336,0.20839943233525243,0.17634111789980353,0.07783674291143568,0.07783674291143568,0.1394437649516357,0.07783674291143568,0.07783674291143568,0.07783674291143568,-4.472941547711701,-4.472941547578527,-5.098940047132436,0.1269005146639079,0.1269005146639079,0.12690051466390798,0.23423181080357372,0.07783674291143568,0.07783674291143568,0.07783674291143568,0.47505917834130196,0.39647039278240126,0.07783674291143568,0.07783674291143568,0.07783674291143568,0.07783674291143568,0.07783674291143568,0.07783674291143568,0.07783674291143568,-3.8261064638678177,0.07783674291143568,-3.961791760347619,-0.26924416770844833,0.07783674291143611,0.07783674291143611,0.07783674291143611,0.07783674291143493,0.07783674291143568,0.07783674291143568,0.05806578455942096,0.05806578455942096,0.07783674291143257,0.07783674291143568,0.07783674291143568,0.07783674291143568,0.07783674291143568,0.07783674291143568,-0.5201037635893291,0.07783674291143541,0.07783674291143541,0.07783674291143568,0.07783674291143568,0.07783674291143547,0.07783674291143541,3.7981990526588345,0.07783674291143568,0.07783674291143568,0.07783674291143568,0.07783674291143568,0.07783674291143568,0.07783674291143568,0.07783674291143568,0.07783674291143568,0.07783674291143568,0.07783674291143541,0.07783674291143541,0.07783674291143541,0.07783674291143568,0.07783674291143547,0.07783674291143593,3.7981990526585063,0.07783674291143568,0.07783674291143568,0.07783674291143568,0.07783674291143568,0.07783674291143568,0.07783674291143568,0.07783674291143568,0.07783674291143568,0.0778367429104803,0.07783674291143541,0.07783674291143541,0.07783674291143568,0.07783674291143568,0.07783674291143547,0.07783674291143568,3.7981990526585063,0.07783674291143568,0.07783674291143568,0.07783674291143568,0.07783674291143568,0.07783674291143568,0.07783674291143568,0.07783674291143568,0.07783674291143568,0.07783674291143568,0.07783674291143568,0.07783674291143576,0.07783674291143568,-0.1373166152264292,0.07783674291143716,0.07783674291143568,0.07792716850030261,0.0778367429114362,0.048277482337085155,0.07783674291143568,-0.6140786567406584,0.0778367429115066,0.024994045953922246,0.024994045953923346,0.0778367429114362,-0.024550299258460685,0.07783674291143568,-0.024550299258460563,0.07783674291143568,0.0778367429114362,0.07783674291143568,0.07783674291150652,0.07783674291143576,0.07783674291143568,0.0778367429114355
Eki2vivo_AscG,0.06732501261276357,0.20365722703433273,0.2036572270343326,0.2043421489735494,0.17679718994660737,0.153854326864289,0.153854326864289,0.1800773029066527,0.153854326864289,0.44236407198421646,0.153854326864289,0.17679718994660726,0.153854326864289,0.153854326864289,0.153854326864289,0.153854326864289,0.1800861097956985,0.2978916461748902,0.29789164617489033,0.6462580917411147,0.8962403683425381,0.153854326864289,0.7455048755320652,1.1830150503858834,0.7455048755320671,0.153854326864289,0.153854326864289,0.4613352373731847,0.153854326864289,0.153854326864289,0.153854326864289,-6.105057629575147,-6.105057629575147,-0.12764888400105007,-0.03561081468312212,-0.03561081468312212,-0.03561081468312212,-0.3049594008607917,0.153854326864289,-5.350273076339292,-0.032720201571417994,-0.03758804393250805,0.14303454225469017,0.153854326864289,0.153854326864289,0.153854326864289,0.153854326864289,0.153854326864289,0.153854326864289,0.153854326864289,-5.610327278332551,0.153854326864289,0.153854326864289,-0.21510880467636942,0.15385432686428924,0.153854326864289,0.15385432686428924,0.1538543268642882,0.153854326864289,0.153854326864289,0.13609983547450372,0.13609983547450377,0.1538543268642866,0.153854326864289,0.153854326864289,0.153854326864289,0.153854326864289,0.153854326864289,0.153854326864289,0.15385432686428935,0.153854326864289,0.15385432686428935,0.15385432686428935,0.15385432686428935,0.1538543268642897,0.15385432686428935,0.153854326864289,0.153854326864289,0.153854326864289,0.153854326864289,0.153854326864289,0.153854326864289,0.153854326864289,0.153854326864289,0.153854326864289,0.15385432686428935,0.15385432686428935,0.153854326864289,0.15385432686428935,0.15385432686428935,0.15385432686428935,0.153854326864289,0.153854326864289,0.153854326864289,0.153854326864289,0.153854326864289,0.153854326864289,0.153854326864289,0.153854326864289,0.153854326864289,0.153854326864289,0.15385432686428935,0.15385432686428935,0.15385432686428935,0.15385432686428935,0.15385432686428935,0.15385432686428935,0.153854326864289,0.153854326864289,0.153854326864289,0.153854326864289,0.153854326864289,0.153854326864289,0.153854326864289,0.153854326864289,0.153854326864289,0.153854326864289,0.153854326864289,0.153854326864289,0.153854326864289,-0.14237790439168457,0.1538543268642908,0.153854326864289,0.15385432686429437,0.153854326864289,0.12626860512795118,0.153854326864289,0.15385432686429615,0.1538543268643032,0.153854326864289,0.153854326864289,0.153854326864289,0.08957227993380058,0.153854326864289,0.08957227993380146,0.153854326864289,0.153854326864289,0.153854326864289,0.1538543268643032,0.153854326864289,0.153854326864289,0.153854326864289
Eki2vivo_BasR,0.1416902926114328,0.08828430956015011,0.0882843095601503,0.28922848800335277,0.29019386252763746,0.29103276551077023,0.29103276551077023,0.2910337272487727,0.2910327655107698,-3.8404164446274116,0.29103276551077023,0.29019386252763746,0.29103276551077023,0.29103276551077023,0.29103276551077023,0.29103276551077023,0.2910337272487727,0.6822865933003387,0.6822865933003387,0.29103276551077023,0.29103276551077023,0.29103276551077023,0.29103276551077023,0.29103276551077023,0.29103276551077023,0.29103276551077023,-3.39254303476946,0.7507634559475918,-2.9169899335433924,-3.290629486433668,-2.9169899335433924,-3.7168218678610896,-3.7168218678610896,-0.11124360222428145,0.18675530947019547,0.18675530947019547,0.18675530947019536,-0.03504584117107872,-3.6595718395151176,0.29103276551077023,0.09851197366225468,0.18521820748103096,0.47811338502774864,0.29103276551077023,0.29103276551077023,0.29103276551077023,-3.5289138152704362,0.29103276551077023,0.29103276551077023,0.29103276551077023,-3.19196948397663,0.29103276551077023,-3.476075553449931,0.018262666486919262,0.29103276551077056,0.29103276551077056,0.29103276551077056,0.2910327655107703,0.29103276551077023,0.29103276551077023,0.2799339460002618,0.2799339460002618,0.2910327655107708,0.29103276551077023,0.29103276551077023,0.29103276551077023,0.29103276551077023,0.29103276551077023,-0.046070702614785276,0.29103276551077045,0.29103276551077045,0.29103276551077045,0.29103276551077045,0.29103276551077045,0.29103276551077023,0.5043894072651705,0.2910327655104253,0.29103276551077023,0.29103276551077023,0.29103276551077023,0.29103276551077023,0.29103276551077023,0.29103276551077023,0.29103276551077023,0.29103276551077023,0.29103276551077045,0.29103276551077045,0.29103276551077045,0.29103276551077045,0.29103276551077045,0.29103276551077023,0.5043894072651705,0.29103276551077023,0.29103276551077023,0.29103276551077023,0.29103276551077023,0.29103276551077023,0.29103276551077023,0.29103276551077023,0.29103276551077023,0.29103276551077023,0.29103276551077045,0.29103276551077045,0.29103276551077045,0.29103276551077045,0.29103276551077045,0.29103276551077023,0.5043894072651705,0.29103276551077023,0.29103276551077023,0.29103276551077023,0.29103276551077023,0.29103276551077023,0.29103276551077023,0.29103276551077023,0.29103276551077023,0.29103276551077023,0.29103276551077023,0.29103276551077023,0.29103276551077023,0.29103276551077023,0.29103276551077023,0.29103276551077023,0.2909529331205838,0.29103276551077023,0.2740881294314485,0.29103276551077023,0.29103276551076934,0.29103276551076784,0.29103276551077023,0.29103276551077023,0.2910327655107698,0.2910327655107685,0.29103276551077023,0.2910327655107686,0.29103276551077023,0.2910327655107698,0.29103276551077023,0.29103276551076784,0.29103276551077023,0.29103276551077023,0.29103276551077023
Eki2vivo_BolA,-0.0662665814563619,0.13687504224354385,0.13687504224354424,0.11549143242095353,0.1220518932706155,0.1278225436121011,0.1278225436121011,0.25444787526446916,0.1278225436121011,-0.2852357794458771,0.1278225436121011,0.1220518932706155,0.1278225436121011,0.1278225436121011,0.1278225436121011,0.1278225436121011,0.25444787526446916,0.1278225436121011,0.1278225436121011,0.8454413809100406,1.3713038067465189,0.1278225436121011,1.029094346902827,0.1278225436121011,0.1278225436121011,0.1278225436121011,0.1278225436121011,0.5494904070470961,0.1278225436121011,0.1278225436121011,0.1278225436121011,-6.398334722905189,-6.398334722905189,-1.0572300033930102,0.8964446406115953,0.8964446406115956,0.8964446406115956,0.3634156605674889,0.1278225436121011,0.1278225436121011,1.4018262954322056,0.9096539038438115,0.9954845983783396,0.1278225436121011,0.1278225436121011,0.1278225436121011,0.1278225436121011,0.1278225436121011,0.1278225436121011,0.1278225436121011,0.1278225436121011,0.1278225436121011,-6.398334722905189,-0.9862625652658269,0.1278225436121016,0.1278225436121016,0.1278225436121016,0.12782254361210332,0.1278225436121011,0.1278225436121011,-0.6069970165628376,-0.6069970165628376,0.1278225436121078,0.1278225436121011,0.1278225436121011,0.1278225436121011,0.1278225436121011,0.1278225436121011,-0.4473732341951869,0.12782254361210146,0.12782254361210146,0.12782254361210146,0.12782254361210146,0.12782254361210146,0.12782254361210188,0.49187010228828626,0.1278225436121011,0.1278225436121011,0.1278225436121011,0.1278225436121011,0.1278225436121011,0.1278225436121011,0.1278225436121011,0.1278225436121011,0.1278225436121011,0.12782254361210146,0.12782254361210146,0.12782254361210146,0.12782254361210146,0.12782254361210146,0.12782254361210188,0.49187010228828626,0.1278225436121011,0.1278225436121011,0.1278225436121011,0.1278225436121011,0.1278225436121011,0.1278225436121011,0.1278225436121011,0.1278225436121011,0.1278225436121011,0.12782254361210146,0.12782254361210146,0.12782254361210146,0.12782254361210146,0.12782254361210146,0.12782254361210188,0.49187010228828626,0.1278225436121011,0.1278225436121011,0.1278225436121011,0.1278225436121011,0.1278225436121011,0.1278225436121011,0.1278225436121011,0.1278225436121011,0.1278225436121011,0.1278225436121011,0.12782254361210096,0.1278225436121011,-0.19628442526320827,0.12782254361210307,0.1278225436121011,0.12782254361213832,0.12782254361210035,-0.7993787110637336,0.1278225436121011,0.12782254361215675,0.12782254361221307,0.1278225436121011,0.1278225436121011,0.12782254361210768,-1.1014391735384517,0.1278225436121011,-1.1014391735384517,0.1278225436121011,0.12782254361210768,0.1278225436121011,0.12782254361221332,0.12782254361210096,0.1278225436121011,0.12782254361210088
Eki2vivo_ChpB,0.13416138142300843,0.0031990296107981793,0.0031990296107980063,-8.002850437381943e-05,0.11413116361494272,0.1905434551610065,0.1905434551610065,0.10887603561294906,0.1905434551610066,-6.484551893869512,0.1905434551610065,0.11413116361494251,0.1905434551610065,0.1905434551610065,0.1905434551610065,0.1905434551610065,0.10887603561294922,0.2450691993545627,0.24506919935456284,-0.2926879034756069,-0.5519845118984815,0.1905434551610065,-0.3946126702481031,-0.8604222490133642,-0.39461267024810315,0.1905434551610065,0.1905434551610065,-0.10651120606835034,0.1905434551610065,0.1905434551610065,0.1905434551610065,1.0349891050280993,1.0349891050280993,0.040649581706489156,0.5306327129891858,0.5306327129891858,0.5306327129891857,0.6499274713403655,0.1905434551610065,0.1905434551610065,0.6640099103908331,0.5369643087645992,0.5072209008241265,0.1905434551610065,0.1905434551610065,0.1905434551610065,0.1905434551610065,0.1905434551610065,0.1905434551610065,0.1905434551610065,-5.406231653378615,0.1905434551610065,-4.951574821228594,0.1298655888358128,0.1905434551610065,0.1905434551610065,0.1905434551610065,0.1905434551610055,0.1905434551610065,0.1905434551610065,0.17196582033172786,0.17196582033172794,0.19054345516100293,0.1905434551610065,0.1905434551610065,0.1905434551610065,0.1905434551610065,0.1905434551610065,0.1905434551610065,0.1905434551610065,0.1905434551610065,0.1905434551610065,0.19054345516100685,0.1905434551610065,0.1905434551610065,0.1905434551610065,0.1905434551610065,0.1905434551610065,0.1905434551610065,0.1905434551610065,0.1905434551610065,0.1905434551610065,0.1905434551610065,0.1905434551610065,0.1905434551610065,0.1905434551610065,0.1905434551610065,0.1905434551610065,0.1905434551610065,0.1905434551610065,0.19054345516100699,0.1905434551610065,0.1905434551610065,0.1905434551610065,0.1905434551610065,0.1905434551610065,0.1905434551610065,0.1905434551610065,0.1905434551610065,0.1905434551610065,0.1905434551610065,0.1905434551610065,0.1905434551610065,0.1905434551610065,0.1905434551610065,0.1905434551610065,0.19054345516100699,0.1905434551610065,0.1905434551610065,0.1905434551610065,0.1905434551610065,0.1905434551610065,0.1905434551610065,0.1905434551610065,0.1905434551610065,0.1905434551610065,0.1905434551610065,0.1905434551610065,0.1905434551610065,0.1905434551610065,-0.11723971067452585,0.1905434551610065,0.1905434551610065,0.1905434551609944,0.1905434551610065,0.1616787961026879,0.1905434551610065,0.19054345516098747,0.19054345516096838,-5.138380967612674,-3.1370281414260757,0.1905434551610065,0.12328115272008862,0.1905434551610065,0.12328115272008862,0.1905434551610065,0.1905434551610065,0.1905434551610065,0.19054345516096838,0.1905434551610065,0.1905434551610065,0.1905434551610065
Eki2vivo_CpxR,0.1714725928898693,0.21325384902738082,0.21325384902738045,0.21370368870202033,0.19433142048894436,0.17804746235199545,0.17804746235199545,0.19557545417529518,0.17804746235199564,0.38003063006793947,0.17804746235199545,0.19433142048894436,0.17804746235199545,0.17804746235199545,0.17804746235199545,0.17804746235199545,0.19557545417529518,0.18735280016636152,0.18735280016636152,0.30571605718313166,0.3421047148856262,0.17804746235199545,0.32192877980384244,0.3689597417547002,0.32192877980384244,0.17804746235199545,0.17804746235199545,0.26800568309379597,0.17804746235199545,0.17804746235199545,0.17804746235199545,-4.821808705785929,-4.821808705032194,0.015584123713227423,0.07825228257027844,0.07825228257027844,0.07825228257027844,-0.2012740506127448,-4.838451731542538,0.17804746235199545,-0.013783666673717132,0.0767953852386511,0.2868932760478436,0.17804746235199545,0.17804746235199545,0.17804746235199545,-4.637443966195044,0.17804746235199545,0.17804746235199545,0.17804746235199545,-4.319354162664424,0.17804746235199545,-3.9552806310159534,-0.08024863597809205,0.17804746235199545,0.17804746235199564,0.17804746235199545,0.17804746235199534,0.17804746235199545,0.17804746235199545,0.1780474623520064,0.1780474623520064,0.1780474623519951,0.17804746235199545,0.17804746235199545,0.17804746235199545,0.17804746235199545,0.17804746235199545,0.17804746235199545,0.17804746235199576,0.17804746235199545,0.17804746235199545,0.17804746235199545,0.1780474623519952,0.17804746235199545,0.17804746235199545,0.17804746235155317,0.17804746235199545,0.17804746235199545,0.17804746235199545,0.17804746235199545,0.17804746235199545,0.17804746235199545,0.17804746235199545,0.17804746235199545,0.17804746235199545,0.17804746235199576,0.17804746235199545,0.1780474623519952,0.17804746235199545,0.17804746235199545,0.17804746235199545,0.17804746235199545,0.17804746235199545,0.17804746235199545,0.17804746235199545,0.17804746235199545,0.17804746235199545,0.17804746235199545,0.17804746235199545,0.17804746235145477,0.17804746235199545,0.17804746235199545,0.17804746235199545,0.17804746235199545,0.17804746235199545,0.17804746235199545,0.17804746235199545,0.17804746235199545,0.17804746235199545,0.17804746235199545,0.17804746235199545,0.17804746235199545,0.17804746235199545,0.17804746235199545,0.17804746235199545,0.17804746235199545,0.17804746235199545,0.17804746235199545,0.17804746235199545,0.17804746235199564,0.17804746235199545,0.17804746235199545,0.17804746235200236,0.17804746235199592,0.17804746235201244,0.17804746235199545,0.17804746235200938,0.17804746235202404,0.17804746235199545,3.3933735105226637,0.17804746235199495,0.17804746235202135,0.17804746235199545,0.17804746235202135,0.17804746235199545,0.17804746235199545,0.17804746235199545,0.17804746235202382,0.17804746235199545,0.17804746235199545,0.17804746235199545
Eki2vivo_Cra,0.29596846757099726,-4.0016631598574905,-4.00166315985749,0.3233825659191774,0.3087436360327866,0.29494274178612284,0.29494274178612284,0.30967589169254406,-4.217613229331557,0.29494274178612284,0.29494274178612284,0.30874363603278654,0.29494274178612284,0.29494274178612284,0.29494274178612284,0.29494274178612284,0.30967589169254395,0.2875511195314133,0.28755111953141327,0.9937437327002133,0.29494274178612284,0.29494274178612284,0.29494274178612284,0.29494274178612284,0.29494274178612284,0.29494274178612284,-3.1674446421938853,0.4612507893358938,-2.62909502954926,-3.094487615708802,-2.62909502954926,-3.4808265453189726,-3.480826545300252,-0.32114073237469026,0.2660916978800635,0.2660916978800635,0.2660916978800634,0.29494274178612284,0.294942741786124,0.29494274178612284,0.26219877467492175,0.2659366652860501,0.31470194256086764,0.29494274178612284,0.29494274178612284,0.29494274178612284,0.29494274178612284,0.29494274178612284,0.29494274178612284,0.29494274178612284,-3.085091875233498,0.29494274178612284,-3.4296785199450985,0.16762120305700526,0.294942741786123,0.294942741786123,0.294942741786123,0.29494274178612434,0.29494274178612284,0.29494274178612284,0.2949427417861221,0.29494274178612206,0.29494274178612806,0.29494274178612284,0.29494274178612284,0.29494274178612284,0.29494274178612284,0.29494274178612284,0.6519010037368609,0.29494274178612284,0.29494274178612284,0.29494274178612284,0.29494274178612306,0.29494274178612306,0.29494274178612284,0.036587828237372236,0.29494274178612284,0.29494274178612284,0.29494274178612284,0.29494274178612284,0.29494274178612284,0.29494274178612284,0.29494274178612284,0.29494274178612284,0.29494274178612284,0.29494274178612284,0.29494274178612284,0.29494274178612284,0.29494274178612284,0.29494274178612284,0.29494274178612284,0.036587828237372236,0.29494274178612284,0.29494274178612284,0.29494274178612284,0.29494274178612284,0.29494274178612284,0.29494274178612284,0.29494274178612284,0.29494274178612284,0.29494274178612284,0.29494274178612284,0.29494274178612284,0.29494274178612284,0.29494274178612306,0.29494274178612306,0.29494274178612284,0.036587828237372236,0.29494274178612284,0.29494274178612284,0.29494274178612284,0.29494274178612284,0.29494274178612284,0.29494274178612284,0.29494274178612284,0.29494274178612284,0.29494274178612284,0.29494274178612284,0.29494274178612273,0.29494274178612284,0.11348065486639439,0.2949427417861239,0.29494274178612284,0.294942741786122,0.29494274178612245,0.29494274178612045,0.29494274178612284,0.8720317470117661,0.29494274178611724,-0.43779071312904305,-0.4347685097795265,0.2949427417861237,0.2949427417861182,0.29494274178612284,0.29494274178611823,0.29494274178612284,0.2949427417861237,0.29494274178612284,0.29494274178611724,0.2949427417861228,0.29494274178612284,0.29494274178612284
Eki2vivo_CreB,0.45639344408347277,0.4060343839739926,0.40603438397399233,0.32748190837949387,0.27890051244517355,0.23594969022528087,0.23594969022528087,0.2835310451876407,0.23594969022528087,0.23594969022528087,0.23594969022528087,0.27890051244517355,0.23594969022528087,0.23594969022528087,0.23594969022528087,0.23594969022528087,0.2835310451876407,-0.33019580694814615,-0.33019580694814615,-0.2525195428199,-0.6238404278943526,0.23594969022528087,-0.3814513622609493,-4.506027184814959,-0.3814513622609493,0.23594969022528087,0.23594969022528087,-0.04736623762019491,0.23594969022528087,0.23594969022528087,0.23594969022528087,-4.450777665353318,-4.450777665353318,-0.06441615429974161,0.8626465787195288,0.8626465787195287,0.8626465787195288,0.4056082566027684,0.23594969022528087,-4.139468129267693,1.2539976944074143,0.8727163627643172,0.23594969022528087,0.23594969022528087,0.23594969022528087,0.23594969022528087,0.23594969022528087,0.23594969022528087,-3.112664191761221,0.23594969022528087,-4.0365646945192735,0.23594969022528087,-0.7438647840979523,-5.052760390914826,0.23594969022527865,0.23594969022527842,0.23594969022527842,0.06714795056464716,-0.047191889250091434,-0.047191889250091434,0.2223119875502734,0.2223119875502734,0.23594969022528087,0.23594969022528087,0.23594969022528087,0.23594969022528087,0.23594969022528087,0.23594969022528087,0.6501686896894492,0.23594969022527928,0.23594969022527928,0.23594969022527928,0.23594969022527928,0.2359496902252795,0.23594969022527884,-0.026213645916299717,0.23594969019472242,0.23594969022528087,0.23594969022528087,0.23594969022528087,0.23594969022528087,0.23594969022528087,0.23594969022528087,0.23594969022528087,0.23594969022528087,0.23594969022527928,0.23594969022527928,0.23594969022527928,0.23594969022527926,0.23594969022527926,0.23594969022527884,-0.026213645916299717,0.23594969022528087,0.23594969022528087,0.23594969022528087,0.23594969022528087,0.23594969022528087,0.23594969022528087,0.23594969022528087,0.23594969022528087,0.23594969019472242,0.23594969022527928,0.23594969022527928,0.23594969022527928,0.2359496902252795,0.2359496902252795,0.23594969022527884,-0.026213645916299717,0.23594969022528087,0.23594969022528087,0.23594969022528087,0.23594969022528087,0.23594969022528087,0.23594969022528087,0.23594969022528087,0.23594969022528087,0.23594969022528087,0.23594969022528087,0.24882935357141828,0.23594969022528087,0.0025492619196803463,0.2359496902252822,0.23594969022528087,0.23594969022531148,0.23594969022528034,0.21512892111507426,0.23594969022528087,0.23594969022533602,0.2359496902253921,0.23594969022528087,0.23594969022528087,0.23594969022526238,0.2359496902253816,0.23594969022528087,0.2359496902253815,0.23594969022528087,0.23594969022526238,0.23594969022528087,0.23594969022539194,0.24882935357141828,0.23594969022528087,0.23594969022528087
Eki2vivo_Crl,0.3035483807140733,0.28444262148759414,0.28444262148759397,0.28560771256736056,0.23938558792676148,0.2019037863448193,0.2019037863448193,0.2425004647618684,0.20190378634481929,0.30174056305206826,0.2019037863448193,0.2393855879267614,0.2019037863448193,0.2019037863448193,0.2019037863448193,0.2019037863448193,0.24250046476186832,0.07078687286653539,0.07078687286653551,0.21902641318272573,0.22420439473485537,0.2019037863448193,0.2213189783431158,0.2280969468463863,0.2213189783431158,0.2019037863448193,0.2019037863448193,0.21379004977454324,0.2019037863448193,0.2019037863448193,0.2019037863448193,-4.743545346293427,-4.743545346293427,-5.173170796330814,0.19254861063362677,0.19254861063362677,0.19254861063362688,0.47751273541240785,0.769740781973443,0.2019037863448193,0.18966659770229605,0.19244862389117037,0.05995780710928025,0.2019037863448193,0.2019037863448193,0.2019037863448193,0.2019037863448193,0.2019037863448193,0.2019037863448193,0.2019037863448193,-3.7444967698433502,0.2019037863448193,-4.047465317510473,0.3566630103333397,0.20190378634481979,0.20190378634481979,0.20190378634481979,0.2019037863448201,0.2019037863448193,0.2019037863448193,0.20190378634482228,0.20190378634482223,0.20190378634482278,0.2019037863448193,0.2019037863448193,0.2019037863448193,0.2019037863448193,0.2019037863448193,-0.6346113308630098,0.2019037863448193,0.2019037863448193,0.2019037863448193,0.2019037863448193,0.5743063755666601,0.46758270176488304,0.4675827017648837,0.2019037863448193,0.2019037863448193,0.2019037863448193,0.2019037863448193,0.2019037863448193,0.2019037863448193,0.2019037863448193,0.2019037863448193,0.2019037863448193,0.2019037863448193,0.2019037863448193,0.2019037863448193,0.2019037863448193,0.5743063755666601,0.46758270176488304,0.46758270176488326,0.2019037863448193,0.2019037863448193,0.2019037863448193,0.2019037863448193,0.2019037863448193,0.2019037863448193,0.2019037863448193,0.2019037863448193,0.2019037863448193,0.2019037863448193,0.2019037863448193,0.2019037863448193,0.2019037863448193,0.5743063755666601,0.46758270176488304,0.46758270176488304,0.2019037863448193,0.2019037863448193,0.2019037863448193,0.2019037863448193,0.2019037863448193,0.2019037863448193,0.2019037863448193,0.2019037863448193,0.2019037863448193,0.2019037863448193,0.21375518673930113,0.2019037863448193,-0.03462928796557444,0.2019037863448193,0.2019037863448193,0.20190378634482126,0.2019037863448199,0.20190378634482326,0.2019037863448193,0.20190378634482212,0.2019037863448247,-4.614822759025446,-3.1189211457116364,0.2019037863448199,0.20190378634482462,0.2019037863448193,0.20190378634482462,0.2019037863448193,0.2019037863448199,0.2019037863448193,0.2019037863448247,0.21375518673930113,0.2019037863448193,0.2019037863448193
Eki2vivo_Crp,0.285790157764944,0.2966110427870363,0.2966110427870364,0.28525198917143657,0.25873797904132484,0.23415926324828257,0.23415926324828257,0.26028392306362463,0.23415926324828265,0.2851891545158792,0.23415926324828257,0.258737979041325,0.23415926324828257,0.23415926324828257,0.23415926324828257,0.23415926324828257,0.26028392306362447,-0.050179361430089955,-0.05017936143009008,0.23415926324826386,0.2341592632482709,0.23415926324828257,0.2341592632482709,0.23415926324828257,0.23415926324828257,0.23415926324828257,0.23415926324828257,0.2341592632482758,0.23415926324828257,0.23415926324828257,0.23415926324828257,-4.2162067342508225,-4.2162067342508225,-5.018014522571345,0.35485766810661745,0.20992162636914752,0.20992162636914757,0.20992162636914752,-4.503953115159908,0.23415926324828257,0.20449260706591096,0.2097819763750511,0.30947561403182666,0.23415926324828257,0.23415926324828257,0.23415926324828257,-4.439054682206714,0.23415926324828257,0.23415926324828257,0.23415926324828257,-3.905887866517458,0.23415926324828257,-4.079286922808402,0.255672654534862,0.23415926324828187,0.23415926324828187,0.23415926324828187,0.23415926324828223,0.23415926324828257,0.23415926324828257,0.2341592632482932,0.2341592632482932,0.23415926324828049,0.23415926324828257,0.23415926324828257,0.23415926324828218,0.23415926324828257,0.23415926324828257,-0.32294717449182664,0.23415926324828257,0.23415926324828257,0.23415926324828257,0.23415926324828293,0.33456932376798176,0.234159263248283,0.5509876494504489,0.23415926324828257,0.23415926324828257,0.23415926324828257,0.23415926324828257,0.23415926324828257,0.23415926324828257,0.23415926324828257,0.23415926324828257,0.23415926324828257,0.23415926324828257,0.23415926324828293,0.23415926324828257,0.23415926324828257,0.33456932376798176,0.234159263248283,0.5509876494504489,0.23415926324828257,0.23415926324828257,0.23415926324828257,0.23415926324828257,0.23415926324828257,0.23415926324828257,0.23415926324828257,0.23415926324828257,0.23415926324828257,0.23415926324828257,0.23415926324828257,0.23415926324828257,0.23415926324828293,0.33456932376798176,0.234159263248283,0.5509876494504489,0.23415926324828257,0.23415926324828257,0.23415926324828257,0.23415926324828257,0.23415926324828257,0.23415926324828257,0.23415926324828257,0.23415926324828257,0.23415926324828257,0.23415926324828257,0.06327020166514614,0.23415926324828257,0.011615191934055953,0.23415926324828257,0.23415926324828257,0.23415926324827896,0.23415926324828257,0.23415926324829928,0.23415926324828257,0.23415926324829595,0.23415926324830977,0.23415926324828257,-1.0311752713298599,0.23415926324827677,0.23415926324830705,0.23415926324828257,0.23415926324830724,0.23415926324828257,0.23415926324827602,0.23415926324828257,0.23415926324830977,0.06327020166514614,0.23415926324828257,0.23415926324828237
Eki2vivo_CsgD,0.18396591970785822,0.2057905259599875,0.20579052595998773,0.20619113482268223,0.19016707100549665,0.17668793972399843,0.17668793972399843,0.19128382790284162,0.17668793972399977,0.28379544881335095,0.17668793972399843,0.1901670710054964,0.17668793972399843,0.17668793972399843,0.17668793972399843,0.17668793972399843,0.19128382790284162,0.1680681368187367,0.16806813681873664,0.24054009870660806,0.25640748319465734,0.17668793972399843,0.24773046235316956,0.2675026303648445,0.24773046235316964,0.17668793972399843,0.17668793972399843,0.22304240945272508,0.17668793972399843,0.17668793972399843,0.17668793972399843,-6.034179622905393,-6.034179622905393,0.17668793972399843,0.09675756035185892,0.09675756035185884,0.09675756035185884,0.1766879397239859,0.17668793972399843,0.17668793972399843,0.023443776652758895,0.09506141341787874,0.15778060604460165,0.17668793972399843,0.17668793972399843,0.17668793972399843,0.17668793972399843,0.17668793972399843,0.17668793972399843,0.17668793972399843,-5.708158255185808,0.17668793972399843,-5.628057143256106,0.05961787850954204,0.17668793972399843,0.17668793972399843,0.17668793972399843,0.17668793972399832,0.17668793972399843,0.17668793972399843,0.17668793972399285,0.17668793972399285,0.176687939723998,0.17668793972399843,0.17668793972399843,0.17668793972399843,0.1766879397239987,0.17668793972399843,0.7453756662508357,0.17668793972399813,0.17668793972399813,0.17668793972399813,0.17668793972399843,0.17668793972399843,0.176687939723998,-0.18323980004215437,0.17668793972399843,0.17668793972399843,0.17668793972399843,0.17668793972399843,0.17668793972399843,0.17668793972399843,0.17668793972399843,0.17668793972399843,0.17668793972399843,0.17668793972399813,0.17668793972399843,0.17668793972399813,0.17668793972399813,0.17668793972399843,0.176687939723998,-0.18323980004215437,0.17668793972399843,0.17668793972399843,0.17668793972399843,0.17668793972399843,0.17668793972399843,0.17668793972399843,0.17668793972399843,0.17668793972399843,0.17668793972399843,0.17668793972399813,0.17668793972399813,0.17668793972399813,0.17668793972399813,0.17668793972399843,0.17668793972399843,-0.18323980004215437,0.17668793972399843,0.17668793972399843,0.17668793972399843,0.17668793972399843,0.17668793972399843,0.17668793972399843,0.17668793972399843,0.17668793972399843,0.17668793972399843,0.17668793972399843,0.17668793972399843,0.17668793972399843,0.17668793972399843,0.17668793972399843,0.17668793972399843,0.17668793972399233,0.17668793972399843,0.17668793972398986,0.17668793972399843,0.17668793972399188,0.17668793972398464,-0.0837250842778879,-0.08335555660906474,0.17668793972399843,0.17668793972398583,0.17668793972399843,0.1766879397239859,0.17668793972399843,0.17668793972399843,0.17668793972399843,0.1766879397239844,0.17668793972399843,0.17668793972399843,0.17668793972399843
Eki2vivo_CspA,0.2629823298126545,0.26125533573188164,0.26125533573188137,0.26209438074866237,0.22879934987369024,0.1982230640308296,0.1982230640308296,0.22802130371717327,0.3303162070672033,0.09798380863152778,0.1982230640308296,0.22879934987369016,0.1982230640308296,0.1982230640308296,0.1982230640308296,0.1982230640308296,0.22802130371717338,0.1982230640308296,0.1982230640308296,0.19822306403080978,0.19822306403082798,0.1982230640308296,0.19822306403082798,0.1982230640308296,0.19822306403082823,0.1982230640308296,0.1982230640308296,0.1982230640308026,0.1982230640308296,0.1982230640308296,0.1982230640308296,-5.087646668310333,-5.087646668310333,-6.161037237813391,0.1909981878278213,0.1909981878278213,0.1909981878278213,0.1909981878278213,0.18794440763272782,0.1982230640308296,0.13092750408059112,0.19093302663446254,0.29615998626970635,0.1982230640308296,0.1982230640308296,0.1982230640308296,0.18527217619044004,0.1982230640308296,0.1982230640308296,0.1982230640308296,-4.686663230734491,0.1982230640308296,-4.763031013696262,0.013948049103795847,0.19822306403082798,0.19822306403082798,0.19822306403082798,0.1982230640308375,0.1982230640308296,0.1982230640308296,0.2385101469693154,0.2385101469693154,0.19822306403082823,0.1982230640308296,0.1982230640308296,0.1982230640308296,0.19822306403082982,0.1982230640308296,-1.4100286217684173,0.1982230640308296,0.1982230640308296,0.1982230640308296,0.1982230640308296,0.1982230640308296,0.1982230640308296,0.1982230640308296,0.1982230640308296,0.1982230640308296,0.1982230640308296,0.1982230640308296,0.1982230640308296,0.1982230640308296,0.1982230640308296,0.1982230640308296,0.1982230640308296,0.1982230640308296,0.1982230640308296,0.1982230640308296,0.1982230640308296,0.1982230640308296,0.1982230640308296,0.1982230640308296,0.1982230640308296,0.1982230640308296,0.1982230640308296,0.1982230640308296,0.1982230640308296,0.1982230640308296,0.1982230640308296,0.1982230640308296,0.1982230640308296,0.1982230640308296,0.1982230640308296,0.1982230640308296,0.1982230640308296,0.1982230640308296,0.1982230640308296,0.1982230640308296,0.1982230640308296,0.1982230640308296,0.1982230640308296,0.1982230640308296,0.1982230640308296,0.1982230640308296,0.1982230640308296,0.1982230640308296,0.1982230640308296,0.1982230640308296,0.21294191841336113,0.1982230640308296,-0.05790027563418233,0.1982230640308296,0.1982230640308296,0.18468055177957873,0.19822306403083023,0.26178436908384994,0.1982230640308296,0.1982230640307816,0.19822306403073292,0.1982230640308296,0.19822306402475787,0.19822306403082135,0.3023208497628777,0.1982230640308296,0.3023208497628778,0.1982230640308296,0.19822306403082135,0.1982230640308296,0.19822306403073292,0.21294191841336113,0.1982230640308296,0.12959157172276112
Eki2vivo_CysB,0.10601740194816434,0.27550407880744304,0.27550407880744304,0.2758318203665213,0.26203948983123493,0.2503828067200458,0.2503828067200458,0.26294690018553424,0.25038280672004604,0.5614649611392475,0.2503828067200458,0.26203948983123504,0.2503828067200458,0.2503828067200458,0.2503828067200458,0.2503828067200458,0.2629469001855342,0.5873298341850949,0.587329834185095,0.2503828067200458,0.2503828067200458,0.2503828067200458,0.2503828067200458,0.2503828067200458,0.2503828067200458,0.2503828067200458,-4.094454400743971,0.7978604273797515,-3.528136734677758,-3.973089212102188,-3.528136734677758,-4.609611209125849,-4.609611208923606,0.2503828067200458,-0.01116153379819957,-0.01116153379819957,-0.011161533798199666,-0.3259991288767498,0.2503828067200458,0.2503828067200458,-0.1933757345304149,-0.013915311060118323,0.2762737367600173,0.2503828067200458,0.2503828067200458,0.2503828067200458,0.2503828067200458,0.2503828067200458,0.2503828067200458,0.2503828067200458,-3.8605934172046714,0.2503828067200458,-4.203923901926433,-0.13619380751820825,0.25038280672004554,0.2503828067200458,0.2503828067200458,0.25038280672004604,0.2503828067200458,0.2503828067200458,0.25038280672002805,0.2503828067200281,0.2503828067200462,0.2503828067200458,0.2503828067200458,0.2503828067200458,0.2503828067200458,0.2503828067200458,0.2503828067200458,0.25038280672004604,0.25038280672004604,0.25038280672004604,0.25038280672004604,0.2503828067200458,0.2503828067200458,0.2503828067200458,0.2503828067200458,0.2503828067200458,0.2503828067200458,0.2503828067200458,0.2503828067200458,0.2503828067200458,0.2503828067200458,0.2503828067200458,0.2503828067200458,0.2503828067200458,0.25038280672004604,0.25038280672004604,0.25038280672004604,0.2503828067200458,0.2503828067200458,0.2503828067200458,0.2503828067200458,0.2503828067200458,0.2503828067200458,0.2503828067200458,0.2503828067200458,0.2503828067200458,0.2503828067200458,0.2503828067200458,0.2503828067200458,0.25038280672004604,0.25038280672004604,0.25038280672004604,0.25038280672004604,0.2503828067200458,0.2503828067200458,0.2503828067200458,0.2503828067200458,0.2503828067200458,0.2503828067200458,0.2503828067200458,0.2503828067200458,0.2503828067200458,0.2503828067200458,0.2503828067200458,0.2503828067200458,0.2503828067200458,0.2503828067200458,0.2503828067200458,0.024179289785099402,0.25038280672004737,0.2503828067200458,0.2503828067200322,0.2503828067200458,0.25038280672001845,0.2503828067200458,0.2503828067200227,0.25038280671999974,0.2503828067200458,0.2503828067200458,0.25038280672004704,0.2503828067200046,0.2503828067200458,0.2503828067200046,0.2503828067200458,0.25038280672004704,0.2503828067200458,0.2503828067199997,0.2503828067200458,0.2503828067200458,0.2503828067200458
Eki2vivo_CytR,0.5240519496016833,0.3906240965296878,0.39062409652968816,0.39209864612102147,0.3371494281638944,0.2888756429041318,0.2888756429041318,0.34229582185655116,0.28887564290413204,0.45921735333421004,0.2888756429041318,0.3371494281638944,0.2888756429041318,0.2888756429041318,0.2888756429041318,0.2888756429041318,0.34229582185655116,-3.749158667808574,-3.749158667808574,-3.6657527742018288,-3.4554073392897857,0.2888756429041318,-3.279962073859292,-3.186687757819308,-3.279962073859292,0.2888756429041318,0.2888756429041318,-0.08691991469747598,0.2888756429041318,0.2888756429041318,0.2888756429041318,-3.2887530857602516,-3.2887530857602516,0.18193224232580396,0.436549719702267,0.436549719702267,0.436549719702267,0.6262182596251353,0.2888756429041318,0.2888756429041318,0.4466664530488042,0.4378683290869546,0.3192695316852343,0.2888756429041318,0.2888756429041318,0.2888756429041318,0.2888756429041318,0.2888756429041318,0.2888756429041318,0.2888756429041318,-2.8338557948926817,0.2888756429041318,0.2888756429041318,0.41210328573766314,0.288875642904132,0.288875642904132,0.288875642904132,0.2888756429041313,0.2888756429041318,0.2888756429041318,0.2784628900305547,0.2784628900305547,0.28887564290412976,0.2888756429041318,0.2888756429041318,0.2888756429041318,0.288875642904132,0.2888756429041318,0.2888756429041267,0.28887564290413204,0.28887564290413204,0.28887564290413204,0.28887564290413215,0.28887564290413215,0.2888756429041318,0.28887564290413204,0.2888756429031919,0.2888756429041318,0.2888756429041318,0.2888756429041318,0.2888756429041318,0.2888756429041318,0.2888756429041318,0.2888756429041318,0.2888756429041318,0.28887564290413204,0.28887564290413204,0.28887564290413204,0.28887564290413204,0.28887564290413204,0.28887564290413204,0.28887564290413204,0.2888756429041318,0.2888756429041318,0.2888756429041318,0.2888756429041318,0.2888756429041318,0.2888756429041318,0.2888756429041318,0.2888756429041318,0.28887564290374884,0.28887564290413204,0.28887564290413204,0.28887564290413204,0.28887564290413215,0.28887564290413215,0.288875642904132,0.2888756429041318,0.2888756429041318,0.2888756429041318,0.2888756429041318,0.2888756429041318,0.2888756429041318,0.2888756429041318,0.2888756429041318,0.2888756429041318,0.2888756429041318,0.2888756429041318,0.288875642904132,0.2888756429041318,0.2888756429041318,0.2888756429041318,0.2888756429041318,0.2888756429041361,0.28887564290413226,0.2726970117327454,0.2888756429041318,0.28887564290413703,0.28887564290414247,-3.241612334328943,-2.0960215483443947,0.2888756429041307,0.251175138013271,0.2888756429041318,0.25117513801327096,0.2888756429041318,0.2888756429041307,0.2888756429041318,0.28887564290414264,0.288875642904132,0.2888756429041318,0.2888756429041318
Eki2vivo_DcuR,0.10889867547417217,0.00785773921082415,0.007857739210824829,0.005001825752938886,0.10230234134062054,0.1683468565352026,0.1683468565352026,0.09435125563254107,0.16834685653520196,-6.513756547999776,0.1683468565352026,0.10230234134062054,0.1683468565352026,0.1683468565352026,0.1683468565352026,0.1683468565352026,0.09435125563254107,0.2243002172351616,0.2243002172351614,-0.18765059840289836,-0.34926670884478467,0.1683468565352026,-0.2541710343593153,-0.5061405693145903,-0.2541710343593153,0.1683468565352026,0.1683468565352026,-0.05739936521498473,0.1683468565352026,0.1683468565352026,0.1683468565352026,0.9025517460446708,0.9025517460446708,0.08323866900631068,0.408007836636764,0.408007836636764,0.408007836636764,0.4080078366367634,-5.510237303023469,0.8797856497735789,0.583952679656235,0.41245583102590916,0.4853224117730835,0.1683468565352026,0.1683468565352026,0.1683468565352026,0.1683468565352026,0.1683468565352026,0.1683468565352026,0.1683468565352026,-5.945148953066158,0.1683468565352026,-5.0566393122413595,0.006552348456670083,0.1683468565352026,0.1683468565352026,0.1683468565352026,0.16834685653520043,0.1683468565352026,0.1683468565352026,0.18715148262443682,0.18715148262443695,0.16834685653519532,0.1683468565352026,0.1683468565352026,0.1683468565352026,0.16834685653520284,0.16834685653520284,0.16834685653520395,0.1683468565352023,0.16834685653520284,0.1683468565352023,0.16834685653520284,0.1683468565352026,0.1683468565352026,0.1683468565352022,0.1683468565352026,0.1683468565352026,0.1683468565352026,0.1683468565352026,0.1683468565352026,0.1683468565352026,0.1683468565352026,0.1683468565352026,0.1683468565352026,0.1683468565352023,0.1683468565352026,0.1683468565352026,0.1683468565352023,0.1683468565352026,0.1683468565352026,0.1683468565352026,0.1683468565352026,0.1683468565352026,0.1683468565352026,0.1683468565352026,0.1683468565352026,0.1683468565352026,0.1683468565352026,0.1683468565352026,0.1683468565352026,0.1683468565352023,0.1683468565352026,0.1683468565352026,0.1683468565352026,0.1683468565352026,0.1683468565352026,0.1683468565352026,0.1683468565352026,0.1683468565352026,0.1683468565352026,0.1683468565352026,0.1683468565352026,0.1683468565352026,0.1683468565352026,0.1683468565352026,0.1683468565352026,0.1683468565352026,0.16834685653520284,0.1683468565352026,0.16834685653520284,0.16834685653520423,0.1683468565352026,0.16834685653519038,0.1683468565352026,0.19756421884839143,0.1683468565352026,-0.7781870182589057,0.16834685653516174,0.1683468565352026,0.1683468565365128,0.1683468565352026,0.2364310724662122,0.1683468565352026,0.2364310724662122,0.1683468565352026,0.1683468565352026,0.1683468565352026,0.168346856535162,0.16834685653520284,0.1683468565352026,0.1683468565352024
Eki2vivo_ElbB,0.17505060975188552,0.16863364107192808,0.1686336410719282,0.16919856872148514,0.14544515917510395,0.12542480933190375,0.12542480933190375,0.19780388424165785,0.12542480933190386,0.9068929827851289,0.12542480933190375,0.14544515917510384,0.12542480933190375,0.12542480933190375,0.12542480933190375,0.12542480933190375,0.19780388424165785,0.061242458187805514,0.061242458187805576,0.1452837127586569,0.1503597480226151,0.12542480933190375,0.14757710180434214,0.15394170112126468,0.14757710180434228,0.12542480933190375,0.12542480933190375,0.13975049550573465,0.12542480933190375,0.12542480933190375,0.12542480933190375,-5.615032443429324,-5.615032443011958,-0.6771006980890394,0.6626688459601184,0.6626688459601182,0.6626688459601181,0.3354831297855831,0.12542480933190375,0.12542480933190375,0.12542480933190375,0.6730273454078123,0.3400736905190433,0.12542480933190375,0.12542480933190375,0.12542480933190375,0.12542480933190375,0.12542480933190375,0.12542480933190375,0.12542480933190375,-5.6465336722211035,0.12542480933190375,-4.764634491264631,-0.386148982787235,0.12542480933190323,0.12542480933190323,0.12542480933190323,0.12542480933190456,0.12542480933190375,0.12542480933190375,-0.277782736551834,-0.27778273655183394,0.12542480933190678,0.12542480933190375,0.12542480933190375,0.12542480933190375,0.12542480933190375,0.12542480933190375,-0.44303174938833295,0.12542480933190375,0.12542480933190375,0.12542480933190375,0.12542480933190375,0.12542480933190345,0.12542480933190375,0.5368553902681573,0.12542480933190375,0.12542480933190375,0.12542480933190375,0.12542480933190375,0.12542480933190375,0.12542480933190375,0.12542480933190375,0.12542480933190375,0.12542480933190375,0.12542480933190375,0.12542480933190375,0.12542480933190375,0.12542480933190345,0.12542480933190345,0.12542480933190375,0.5368553902681567,0.12542480933190375,0.12542480933190375,0.12542480933190375,0.12542480933190375,0.12542480933190375,0.12542480933190375,0.12542480933190375,0.12542480933190375,0.12542480933190375,0.12542480933190375,0.12542480933190375,0.12542480933190375,0.12542480933190345,0.12542480933190345,0.12542480933190375,0.5368553902681567,0.12542480933190375,0.12542480933190375,0.12542480933190375,0.12542480933190375,0.12542480933190375,0.12542480933190375,0.12542480933190375,0.12542480933190375,0.12542480933190375,0.12542480933190375,0.12542480933190361,0.12542480933190375,-0.16355383176988736,0.12542480933190375,0.12542480933190375,0.12542480933191302,0.12542480933190375,-0.4115462955461201,0.12542480933190375,0.12542480933191746,0.12542480933193095,0.12542480933190375,4.140870591665209,0.12542480933190314,-0.44253012246693957,0.12542480933190375,-0.44253012246693957,0.12542480933190375,0.12542480933190314,0.12542480933190375,0.1254248093319312,0.12542480933190361,0.12542480933190375,0.12542480933190356
Eki2vivo_EvgA,0.1301333553598729,0.20054366180951771,0.2005436618095179,0.2006548560431713,0.19541577418067907,0.19081537241291002,0.19081537241291002,0.19574684933290792,0.19081537241291002,-0.2418410189570743,0.19081537241291002,0.19541577418067907,0.19081537241291002,0.19081537241291002,0.19081537241291002,0.19081537241291002,0.19574684933290792,0.3122761548025401,0.3122761548025401,0.44001027171165125,0.5316680828418296,0.19081537241291002,0.479234763458559,0.6091653657268494,0.479234763458559,0.19081537241291002,0.19081537241291002,0.3568566318061637,0.19081537241291002,0.19081537241291002,0.19081537241291002,-4.68945316786917,-4.689453167736916,-5.331840509163561,0.2653544944156121,0.2653544944156121,0.265354494415612,-0.06427428384981311,0.19081537241291002,-4.354269584951264,0.3048546332235346,0.26612197530909715,0.6861763027718626,0.19081537241291002,0.19081537241291002,0.19081537241291002,0.19081537241291002,0.19081537241291002,0.19081537241291002,0.19081537241291002,-4.516190461202576,0.19081537241291002,-4.68945316786917,-0.43253845971598065,0.19081537241291002,0.19081537241291002,0.19081537241291002,0.19081537241290972,0.19081537241291002,0.19081537241291002,0.19081537241289734,0.19081537241289745,0.1908153724129091,0.19081537241291002,0.19081537241291002,0.19081537241291002,0.19081537241291002,0.19081537241291002,-0.4481375505239947,0.19081537241291044,0.19081537241291024,0.19081537241291044,0.19081537241291024,0.19081537241291002,0.46081477949391075,0.46081477949391075,0.19081537241291002,0.19081537241291002,0.19081537241291002,0.19081537241291002,0.19081537241291002,0.19081537241291002,0.19081537241291002,0.19081537241291002,0.19081537241291002,0.19081537241291024,0.19081537241291044,0.19081537241291024,0.19081537241291002,0.19081537241291024,0.46081477949391075,0.46081477949391075,0.19081537241291002,0.19081537241291002,0.19081537241291002,0.19081537241291002,0.19081537241291002,0.19081537241291002,0.19081537241291002,0.19081537241291002,0.19081537241291002,0.19081537241291044,0.19081537241291044,0.19081537241291024,0.19081537241291002,0.19081537241291024,0.46081477949391075,0.46081477949391075,0.19081537241291002,0.19081537241291002,0.19081537241291002,0.19081537241291002,0.19081537241291002,0.19081537241291002,0.19081537241291002,0.19081537241291002,0.19081537241291002,0.19081537241291002,0.19081537241291002,0.19081537241291002,-0.049560028862801954,0.19081537241291133,0.19081537241291002,0.19081537241290228,0.19081537241291002,0.1908153724128909,0.19081537241291002,0.1908153724128977,0.19081537241288538,0.19081537241291002,0.19081537241291002,0.19081537241291002,0.19081537241288757,0.19081537241291002,0.19081537241288757,0.19081537241291002,0.19081537241291002,0.19081537241291002,0.19081537241288538,0.19081537241291013,0.19081537241291002,0.19081537241291002
Eki2vivo_FadR,0.2879513260342035,0.16528153288769007,0.16528153288768993,0.16620523749869429,0.12906103174580882,0.0982609849187734,0.0982609849187734,0.11452149248044925,0.0982609849187734,-0.4254931275665643,0.0982609849187734,0.12906103174580877,0.0982609849187734,0.0982609849187734,0.0982609849187734,0.0982609849187734,0.1145214924804494,-0.12185301333225186,-0.1218530133322518,-0.0749664141975137,-0.11956985034466973,0.0982609849187734,-0.09504598059863227,-0.15148170176833048,-0.09504598059863216,0.0982609849187734,0.0982609849187734,-0.026827157185843695,0.0982609849187734,0.0982609849187734,0.0982609849187734,-3.9668296982438838,-3.9668296982438838,0.0982609849187734,0.20332956153838744,0.20332956153838744,0.20332956153838744,0.5279248021571183,0.0982609849187734,-3.737155564386871,0.31443267253363133,0.20449985277147045,0.04989508303738904,0.0982609849187734,0.0982609849187734,0.0982609849187734,0.0982609849187734,0.0982609849187734,0.0982609849187734,0.0982609849187734,-3.816387213515711,0.0982609849187734,-3.364753906483519,0.06944199997643041,0.09826098491877358,0.09826098491877398,0.09826098491877382,0.09826098491877279,0.0982609849187734,0.0982609849187734,0.3920438119510224,0.3920438119510226,0.09826098491877144,0.0982609849187734,0.0982609849187734,0.0982609849187734,0.0982609849187734,0.0982609849187734,-0.8150983223920716,0.0982609849187732,0.0982609849187732,0.09826098491877365,0.42038258710124293,0.42038258710124266,0.3280688888814417,3.6960147570787285,0.0982609849187734,0.0982609849187734,0.0982609849187734,0.0982609849187734,0.0982609849187734,0.0982609849187734,0.0982609849187734,0.0982609849187734,0.0982609849187734,0.0982609849187732,0.09826098491877365,0.0982609849187734,0.42038258710124266,0.42038258710124266,0.3280688888814417,3.6960147570790998,0.0982609849187734,0.0982609849187734,0.0982609849187734,0.0982609849187734,0.0982609849187734,0.0982609849187734,0.0982609849187734,0.0982609849187734,0.0982609849187734,0.0982609849187732,0.0982609849187734,0.09826098491877365,0.42038258710124266,0.42038258710124266,0.3280688888814417,3.6960147570790998,0.0982609849187734,0.0982609849187734,0.0982609849187734,0.0982609849187734,0.0982609849187734,0.0982609849187734,0.0982609849187734,0.0982609849187734,0.0982609849187734,0.0982609849187734,0.10870600238686783,0.0982609849187734,-0.10633384516811879,0.0982609849187734,0.0982609849187734,-1.384499250610612e-05,0.0982609849187734,0.7783035618117082,0.0982609849187734,0.09826098491877328,0.09826098491877283,-4.126283933442161,-2.774305583228252,0.0982609849187734,0.0982609849187734,0.0982609849187734,0.0982609849187734,0.0982609849187734,0.0982609849187734,0.0982609849187734,0.09826098491877294,0.10870600238686783,0.0982609849187734,-0.2615172325773557
Eki2vivo_FecI,0.20195461082783372,0.2415733236167624,0.24157332361676262,0.24254990574465615,0.20304706930050145,0.17066704244663247,0.17066704244663247,0.21409674079352425,0.1706670424466326,0.9248830277240971,0.17066704244663247,0.20304706930050145,0.17066704244663247,0.17066704244663247,0.17066704244663247,0.17066704244663247,0.21409674079352425,0.12998701772747923,0.12998701772747911,0.31496415305862413,0.3578535039804582,0.17066704244663247,0.33397548848808734,0.3900166996951919,0.33397548848808734,0.17066704244663247,0.17066704244663247,0.27134606251151794,0.17066704244663247,0.17066704244663247,0.17066704244663247,-6.055191300065968,-6.055191300065968,-0.8675928005001966,0.1441615092746418,0.1441615092746418,0.1441615092746418,0.1706670424466321,0.17066704244663247,0.17066704244663247,0.22412605835780747,0.14385837189718462,0.5934418742371586,0.17066704244663247,0.17066704244663247,0.17066704244663247,0.17066704244663247,0.17066704244663247,0.17066704244663247,0.17066704244663247,-4.864472552220201,0.17066704244663247,-6.211861952754705,-0.30621474843844,0.17066704244663247,0.17066704244663247,0.17066704244663247,0.17066704244663283,0.17066704244663247,0.17066704244663247,0.0796292156965254,0.0796292156965254,0.1706670424466333,0.17066704244663247,0.17066704244663247,0.17066704244663247,0.17066704244663247,0.17066704244663247,0.17066704244663117,0.17066704244663247,0.17066704244663247,0.17066704244663247,0.17066704244663247,0.17066704244663283,0.17066704244663297,0.17066704244663247,0.17066704244663247,0.17066704244663247,0.17066704244663247,0.17066704244663247,0.17066704244663247,0.17066704244663247,0.17066704244663247,0.17066704244663247,0.17066704244663247,0.17066704244663247,0.17066704244663247,0.17066704244663247,0.17066704244663247,0.17066704244663283,0.17066704244663297,0.17066704244663297,0.17066704244663247,0.17066704244663247,0.17066704244663247,0.17066704244663247,0.17066704244663247,0.17066704244663247,0.17066704244663247,0.17066704244663247,0.17066704244663247,0.17066704244663247,0.17066704244663247,0.17066704244663247,0.17066704244663247,0.17066704244663283,0.17066704244663297,0.17066704244663297,0.17066704244663247,0.17066704244663247,0.17066704244663247,0.17066704244663247,0.17066704244663247,0.17066704244663247,0.17066704244663247,0.17066704244663247,0.17066704244663247,0.17066704244663247,0.17066704244663236,0.17066704244663247,-0.1271677477712767,0.17066704244663441,0.17066704244663247,0.17066704244661743,0.17066704244663322,0.03616506501246303,0.17066704244663247,0.17066704244660852,0.17066704244658368,0.11050284724320916,0.11053479251769836,0.17066704244663247,-0.09582313347855483,0.17066704244663247,-0.09582313347855483,0.17066704244663247,0.17066704244663247,0.17066704244663247,0.17066704244658368,0.17066704244663222,0.17066704244663247,0.17066704244663247
Eki2vivo_FhlA,0.2552114157802478,0.25724155421175005,0.2572415542117504,0.2578750554126903,0.2296561687522083,0.20269733539047555,0.20269733539047555,0.22372359741804398,0.2748192185103141,-0.0490641253732348,0.20269733539047555,0.2296561687522083,0.20269733539047555,0.20269733539047555,0.20269733539047555,0.20269733539047555,0.2237235974180441,0.20269733539047555,0.20269733539047555,0.20269733539070742,0.20269733539047555,0.20269733539047555,0.20269733539047555,0.20269733539047555,0.20269733539047555,0.20269733539047555,0.20269733539048754,0.20269733539062088,0.20269733539047555,0.20269733539048013,0.20269733539047555,-5.00026367629435,-5.000263661620662,0.20269733539047555,0.23154113092629514,0.23154113092629525,0.23154113092629536,0.6613048554974632,0.83228263332989,0.20269733539047555,0.23719035344617717,0.23167908876445423,0.023656743127208286,0.20269733539047555,0.20269733539047555,0.20269733539047555,0.986644272184835,0.20269733539047555,0.20269733539047555,0.20269733539047555,-4.475721239931904,0.20269733539047555,-4.178998413270293,0.20269733539047555,0.20269733539047555,0.20269733539047577,0.20269733539047577,0.20269733539047616,0.20269733539047555,0.20269733539047555,0.3214418419617698,0.3214418419617699,0.20269733539047716,0.20269733539047555,0.20269733539047555,0.20269733539047555,0.20269733539047577,0.20269733539047555,-1.371363936803262,0.20269733539047555,0.20269733539047555,0.20269733539047555,0.20269733539047555,0.20269733539047555,0.20269733539047555,0.20269733539047555,0.20269733539047555,0.20269733539047555,0.20269733539047555,0.20269733539047555,0.20269733539047555,0.20269733539047555,0.20269733539047555,0.20269733539047555,0.20269733539047555,0.20269733539047555,0.20269733539047555,0.20269733539047555,0.20269733539047555,0.20269733539047555,0.20269733539047555,0.20269733539047555,0.20269733539047555,0.20269733539047555,0.20269733539047555,0.20269733539047555,0.20269733539047555,0.20269733539047555,0.20269733539047555,0.20269733539047555,0.20269733539047555,0.20269733539047555,0.20269733539047555,0.20269733539047555,0.20269733539047555,0.20269733539047555,0.20269733539047555,0.20269733539047555,0.20269733539047555,0.20269733539047555,0.20269733539047555,0.20269733539047555,0.20269733539047555,0.20269733539047555,0.20269733539047555,0.20269733539047555,0.20269733539047555,0.20269733539047555,0.20269733539047544,0.20269733539047555,0.20269733539047555,0.20269733539047555,0.20269733539047555,0.15281684901890386,0.20269733539047555,0.401138186705071,0.20269733539047555,-0.5945115791692984,0.2026973353907636,-5.461083791678664,-3.772556163127992,0.20269733539047657,0.4785689166456261,0.20269733539047555,0.478568916645626,0.20269733539047555,0.20269733539047657,0.20269733539047555,0.2026973353907636,0.2026973353904754,0.20269733539047555,-0.01799185743761586
Eki2vivo_Fis,0.6380252783987974,0.20307075041157305,0.20307075041157305,0.30522119982382034,0.24687300637480078,0.20307075041157305,0.20307075041157305,0.2930193673299916,0.3602025313074275,0.20307075041157305,0.20307075041157305,0.24687300637480072,0.20307075041157305,0.20307075041157305,0.20307075041157305,0.20307075041157305,0.29301936732999145,0.20307075041157305,0.20307075041157305,-0.5066909269216271,-0.8801613289652537,0.20307075041157305,-0.642334138392452,-4.364971047565672,-4.4051770274578805,0.20307075041157305,0.20307075041157305,-0.26592520694517285,0.20307075041157305,0.20307075041157305,0.20307075041157305,0.5334853438136657,0.5334853438136657,0.29459671615921845,0.894319548064028,0.8943195480640279,0.894319548064028,0.8441855161877858,0.20307075041157305,0.20307075041157333,3.1154041524656053,0.9039221704093852,0.8548194470156966,0.20307075041157305,0.20307075041157305,0.20307075041157305,0.20307075041157305,0.20307075041157305,0.20307075041157305,0.20307075041157305,-3.2596205095570006,0.20307075041157305,-3.629905650949417,0.08985709844862697,0.20307075041157321,0.20307075041157321,0.20307075041157321,0.20307075041157333,0.20307075041157333,0.20307075041157305,-0.2855433630666789,-0.2855433630666789,0.20307075041157463,0.20307075041157305,0.20307075041157305,0.20307075041157305,0.20307075041157305,0.20307075041157305,-1.0912354292382493,0.20307075041157305,0.20307075041157305,0.20307075041157305,0.20307075041157305,0.20307075041157305,0.20307075041157305,0.20307075041157305,-3.153351087957107,0.20307075041157305,0.20307075041157305,0.20307075041157305,0.20307075041157305,0.20307075041157305,0.20307075041157305,0.20307075041157305,0.20307075041157305,0.20307075041157305,0.20307075041157305,0.20307075041157305,0.20307075041157305,0.20307075041157305,0.20307075041157305,0.20307075041157305,0.20307075041157305,0.20307075041157305,0.20307075041157305,0.20307075041157305,0.20307075041157305,0.20307075041157305,0.20307075041157305,0.20307075041157305,-3.153351087957107,0.20307075041157305,0.20307075041157305,0.20307075041157305,0.20307075041157305,0.20307075041157305,0.20307075041157305,0.20307075041157305,0.20307075041157305,0.20307075041157305,0.20307075041157305,0.20307075041157305,0.20307075041157305,0.20307075041157305,0.20307075041157305,0.20307075041157305,0.20307075041157305,0.20307075041157305,0.18781881414574098,0.20307075041157305,-6.056356117628315e-06,0.20307075041157405,0.20307075041157305,0.3006160783692205,0.2030707504115738,-0.7330939248956688,0.20307075041157305,0.8488969661510554,0.20307075041149503,0.20307075041157305,0.20307075041157305,0.20307075041157158,-4.188792309128121,0.20307075041157305,-4.188792309128121,0.20307075041157305,0.20307075041157158,0.20307075041157305,0.2030707504114949,0.18781881414574098,0.20307075041157305,0.5601793633108989
Eki2vivo_FlgM,0.17990416003005955,0.2129104408730141,0.21291044087301392,0.21307511579457528,0.20403238973631546,0.1958354063737438,0.1958354063737438,0.2053431392834794,0.19583540637374372,0.03788408364155667,0.1958354063737438,0.20403238973631546,0.1958354063737438,0.1958354063737438,0.1958354063737438,0.1958354063737438,0.2053431392834794,0.2935336854423999,0.29353368544239977,0.1958354063737438,0.1958354063737438,0.1958354063737438,0.1958354063737438,0.1958354063737438,0.1958354063737438,0.1958354063737438,-4.304918241727719,0.44288006168252997,-3.7217112042125495,-4.179933763335239,-3.7217112042125495,-0.13063410928701166,-0.13063410928701152,-5.560484846537757,0.7110730240065689,0.711073024006569,0.7110730240065687,0.7110730240065689,0.195835406373744,0.1958354063737438,0.5643589961805606,0.3774469579879352,0.82932468342257,0.1958354063737438,0.1958354063737438,0.1958354063737438,0.1958354063737438,0.1958354063737438,0.1958354063737438,0.1958354063737438,-4.1858024533697,0.1958354063737438,-4.54640266238972,0.33699603055847843,0.19583540637374358,0.1958354063737434,0.1958354063737434,0.19583540637374458,0.1958354063737438,0.1958354063737438,0.18222405462365454,0.18222405462365454,0.19583540637374683,0.1958354063737438,0.1958354063737438,0.1958354063737438,0.1958354063737438,0.1958354063737438,0.1958354063737438,0.1958354063737438,0.1958354063737438,0.1958354063737438,0.19583540637374353,0.1958354063737438,0.1958354063737438,0.1958354063737438,0.19583540637289767,0.1958354063737438,0.1958354063737438,0.1958354063737438,0.1958354063737438,0.1958354063737438,0.1958354063737438,0.1958354063737438,0.1958354063737438,0.1958354063737438,0.1958354063737438,0.1958354063737438,0.1958354063737438,0.1958354063737438,0.1958354063737438,0.19583540637374422,0.1958354063737438,0.1958354063737438,0.1958354063737438,0.1958354063737438,0.1958354063737438,0.1958354063737438,0.1958354063737438,0.1958354063737438,0.19583540637289767,0.1958354063737438,0.1958354063737438,0.19583540637374353,0.1958354063737438,0.1958354063737438,0.1958354063737438,0.19583540637374422,0.1958354063737438,0.1958354063737438,0.1958354063737438,0.1958354063737438,0.1958354063737438,0.1958354063737438,0.1958354063737438,0.1958354063737438,0.1958354063737438,0.1958354063737438,0.1958354063737438,0.1958354063737438,0.1958354063737438,0.19583540637374522,0.1958354063737438,0.19573750164291442,0.1958354063737438,0.1750548766760594,0.1958354063737438,0.9389667224351989,0.19583540637378882,0.1958354063737438,0.1958354063737438,0.19583540637374328,0.1958354063737846,0.1958354063737438,0.1958354063737846,0.1958354063737438,0.19583540637374328,0.1958354063737438,0.1958354063737891,0.1958354063737438,0.1958354063737438,0.195835406373744
Eki2vivo_FlhD,0.40994209107472124,0.31785533023169604,0.3178553302316963,0.31979152153583634,0.2712213442171615,0.1758533913411911,0.1758533913411911,0.28077165974415647,0.22222160413956307,1.0396732887875164,0.1758533913411911,0.2712213442171615,0.1758533913411911,0.1758533913411911,0.1758533913411911,0.1758533913411911,0.28077165974415647,-0.3401029020057169,-0.3401029020057169,-0.21904163788278638,-0.5845990506685111,0.1758533913411911,-0.3413619747685106,-4.894030245327725,-0.3413619747685106,0.1758533913411911,0.1758533913411911,-0.038135261248728174,0.1758533913411911,0.1758533913411911,0.1758533913411911,-5.0996146491524526,-5.0996146491524526,-0.20057873276287666,0.7144413335569779,0.714441333556978,0.7144413335569779,0.17585339134119196,0.17585339134119207,0.1758533913411911,0.8963781183628103,0.7210766100291074,1.2053783568890897,0.1758533913411911,0.1758533913411911,0.1758533913411911,0.1758533913411911,0.1758533913411911,0.1758533913411911,0.1758533913411911,-4.763848004077975,0.1758533913411911,-0.11788397684523623,-5.725747769791869,0.17585339134118505,0.17585339134118505,0.17585339134118505,0.17585339134118977,0.1758533913411911,0.1758533913411911,0.16050495997754455,0.16050495997754455,0.17585339134118666,0.1758533913411911,0.1758533913411911,0.1758533913411911,0.1758533913411911,0.1758533913411911,0.17585339134118988,0.1758533913411911,0.1758533913411911,0.1758533913411911,0.17585339134119143,0.17585339134119143,0.1758533913411911,0.1758533913411911,0.1758533913411911,0.1758533913411911,0.1758533913411911,0.1758533913411911,0.1758533913411911,0.1758533913411911,0.1758533913411911,0.1758533913411911,0.1758533913411911,0.1758533913411911,0.1758533913411911,0.1758533913411911,0.1758533913411911,0.17585339134119143,0.17585339134119074,0.1758533913411911,0.1758533913411911,0.1758533913411911,0.1758533913411911,0.1758533913411911,0.1758533913411911,0.1758533913411911,0.1758533913411911,0.1758533913411911,0.1758533913411911,0.1758533913411911,0.1758533913411911,0.1758533913411911,0.17585339134119143,0.17585339134119143,0.1758533913411911,0.1758533913411911,0.1758533913411911,0.1758533913411911,0.1758533913411911,0.1758533913411911,0.1758533913411911,0.1758533913411911,0.1758533913411911,0.1758533913411911,0.1758533913411911,0.1758533913411911,0.1907380644659495,0.1758533913411911,-0.08682490715150953,0.1758533913411927,0.1758533913411911,0.17585339134118413,0.17585339134119163,0.1524208466818982,0.1758533913411911,0.17585339134118397,0.17585339134117645,0.1758533913411911,0.1758533913411911,0.17585339134114686,0.175853391341178,0.1758533913411911,0.175853391341178,0.1758533913411911,0.17585339134114686,0.1758533913411911,0.17585339134117667,0.1907380644659496,0.1758533913411911,0.1758533913411911
Eki2vivo_FliA,0.09651982814109757,0.507053911525277,0.507053911525277,0.2616312663467967,0.2640256863467708,0.26611323464179315,0.26611323464179315,0.2638581501980926,0.26611323464179315,0.26611323464179315,0.26611323464179315,0.2640256863467708,0.26611323464179315,0.26611323464179315,0.26611323464179315,0.26611323464179315,0.2638581501980926,0.7186650621575987,0.7186650621575987,0.26611323464179315,0.26611323464179315,0.26611323464179315,0.26611323464179315,0.26611323464179315,0.26611323464179315,0.26611323464179315,-3.8802333411761922,0.7817656181179939,-3.3468331447828694,-3.765922956707417,-3.3468331447828694,-4.230251529649187,-4.230251529649187,0.26611323464179315,0.004928133019148197,0.0049281330191482875,0.004928133019148197,0.11124411111696365,-3.7278915316846675,0.26611323464179315,-0.19291416679768078,0.001997730101059581,0.061657941261685834,0.26611323464179315,0.26611323464179315,0.26611323464179315,0.26611323464179315,0.26611323464179315,0.26611323464179315,0.26611323464179315,-3.6578557602026964,0.26611323464179315,-4.099171114646868,0.2101722791101854,0.26611323464179315,0.26611323464179315,0.26611323464179315,0.26611323464179243,0.26611323464179315,0.26611323464179315,0.26611323464178566,0.26611323464178566,0.2661132346417908,0.26611323464179315,0.26611323464179315,0.26611323464179315,0.26611323464179315,0.26611323464179315,0.2661132346417922,0.26611323464179315,0.266113234641793,0.26611323464179315,0.26611323464179315,0.26611323464179315,0.26611323464179315,0.26611323464179315,0.26611323464179315,0.26611323464179315,0.26611323464179315,0.26611323464179315,0.26611323464179315,0.26611323464179315,0.26611323464179315,0.26611323464179315,0.26611323464179315,0.26611323464179315,0.26611323464179315,0.26611323464179315,0.26611323464179315,0.26611323464179315,0.26611323464179315,0.26611323464179315,0.26611323464179315,0.26611323464179315,0.26611323464179315,0.26611323464179315,0.26611323464179315,0.26611323464179315,0.26611323464179315,0.26611323464179315,0.26611323464179315,0.26611323464179315,0.26611323464179315,0.26611323464179315,0.26611323464179315,0.26611323464179315,0.26611323464179315,0.26611323464179315,0.26611323464179315,0.26611323464179315,0.26611323464179315,0.26611323464179315,0.26611323464179315,0.26611323464179315,0.26611323464179315,0.26611323464179315,0.26611323464179315,0.26611323464179315,0.26611323464179315,0.26611323464179315,0.05305874211718454,0.26611323464179437,0.26611323464179315,0.26611323464178616,0.2661132346417927,0.26611323464178216,0.26611323464179315,0.266113234641784,0.2661132346417749,-0.08029724302649377,-0.0801511179586936,0.2661132346417922,0.26611323464177733,0.26611323464179315,0.26611323464177733,0.26611323464179315,0.2661132346417922,0.26611323464179315,0.2661132346417749,0.26611323464179315,0.26611323464179315,0.26611323464179315
Eki2vivo_FliZ,0.18021614603923367,0.13527532226127725,0.13527532226127725,0.19397976361575148,0.16189831585273548,0.13527532226127725,0.13527532226127725,0.16559990955526935,0.13527532226127725,0.006696442513897741,0.13527532226127725,0.16189831585273548,0.13527532226127725,0.13527532226127725,0.13527532226127725,0.13527532226127725,0.16559990955526935,0.07895237212203096,0.07895237212203104,0.20668438659069063,0.2260301120207443,0.13527532226127725,0.21536504263278605,0.23997986287160317,0.21536504263278614,0.13527532226127725,0.13527532226127725,0.18613048014508987,0.13527532226127725,0.13527532226127725,0.13527532226127725,-6.07688269292081,-6.07688269292081,-0.5473892027947891,0.40565857512202763,0.4056585751220275,0.4056585751220277,0.13527532226127897,0.13527532226127936,0.13527532226127725,0.5510060245125195,0.40980841110811744,0.6680925742083853,0.13527532226127725,0.13527532226127725,0.13527532226127725,0.13527532226127725,0.13527532226127725,0.13527532226127725,0.13527532226127725,-5.4344208784499495,0.13527532226127725,-5.3767187253267394,-0.25882529827772577,0.1352753222612775,0.13527532226127725,0.13527532226127725,0.13527532226127822,0.13527532226127725,0.13527532226127725,0.1174153754572708,0.1174153754572708,0.13527532226128122,0.13527532226127725,0.13527532226127725,0.13527532226127725,0.13527532226127725,0.13527532226127725,-0.40718170565023465,0.1352753222612769,0.13527532226127725,0.13527532226127725,0.13527532226127725,0.13527532226127761,0.13527532226127725,0.4786030027428182,0.13527532226127725,0.13527532226127725,0.13527532226127725,0.13527532226127725,0.13527532226127725,0.13527532226127725,0.13527532226127725,0.13527532226127725,0.13527532226127725,0.1352753222612769,0.13527532226127725,0.13527532226127725,0.13527532226127725,0.13527532226127761,0.13527532226127725,0.4786030027428182,0.13527532226127725,0.13527532226127725,0.13527532226127725,0.13527532226127725,0.13527532226127725,0.13527532226127725,0.13527532226127725,0.13527532226127725,0.13527532226127725,0.1352753222612769,0.13527532226127725,0.13527532226127725,0.13527532226127725,0.13527532226127761,0.13527532226127725,0.4786030027428182,0.13527532226127725,0.13527532226127725,0.13527532226127725,0.13527532226127725,0.13527532226127725,0.13527532226127725,0.13527532226127725,0.13527532226127725,0.13527532226127725,0.13527532226127725,0.13527532226127711,0.13527532226127725,-0.17038582286152207,0.13527532226127922,0.13527532226127725,0.13527532226129052,0.13527532226127725,0.1080084346171971,0.13527532226127725,0.13527532226129735,0.13527532226131758,1.5182872901523896,1.5186114885379298,0.13527532226127725,0.13527532226131347,0.13527532226127725,0.1352753222613136,0.13527532226127725,0.13527532226127725,0.13527532226127725,0.13527532226131783,0.13527532226127711,0.13527532226127725,0.13527532226127698
Eki2vivo_Fnr,0.510367390945844,0.5884739926448997,0.5884739926449003,0.37750377221106896,0.29353176837198297,0.2237697453439415,0.2237697453439415,0.29949732673723267,0.22376974534394162,0.2237697453439415,0.2237697453439415,0.29353176837198297,0.2237697453439415,0.2237697453439415,0.2237697453439415,0.2237697453439415,0.2994973267372326,-0.4185959196239632,-0.4185959196239632,-0.23872567397848404,-0.6169387032991513,0.2237697453439415,-0.36841696450356276,-4.743218130830811,-0.36841696450356276,0.2237697453439415,0.2237697453439415,-0.03769735345543803,0.2237697453439415,0.2237697453439415,0.2237697453439415,-5.117924486613246,-5.117924486613246,0.2237697453439415,0.3515829157290086,0.3515829157290086,0.3515829157290086,0.40428016247977977,0.2237697453439415,-4.439842859732167,0.4057982098548637,0.35273758284669465,0.3710785523453031,0.2237697453439415,0.2237697453439415,0.2237697453439415,0.2237697453439415,0.2237697453439415,0.2237697453439415,0.2237697453439415,-4.479426320272511,0.2237697453439415,-4.2343497902797465,-0.47283034778472705,0.22376974534393984,0.22376974534394,0.22376974534393984,0.22376974534394048,0.2237697453439415,0.2237697453439415,0.22376974534395142,0.2237697453439515,0.22376974534393784,0.2237697453439415,0.2237697453439415,0.2237697453439415,0.22376974534394173,0.2237697453439415,0.22376974534382163,0.22376974534394495,0.22376974534394473,0.22376974534394495,0.22376974534394473,0.22376974534394495,0.22376974534394595,0.22376974534394595,0.2237697453425885,0.2237697453439415,0.2237697453439415,0.2237697453439415,0.2237697453439415,0.2237697453439415,0.2237697453439415,0.2237697453439415,0.2237697453439415,0.22376974534394495,0.22376974534394495,0.22376974534394495,0.22376974534394473,0.22376974534394495,0.22376974534394595,0.22376974534394595,0.2237697453439415,0.2237697453439415,0.2237697453439415,0.2237697453439415,0.2237697453439415,0.2237697453439415,0.2237697453439415,0.2237697453439415,0.22376974534173608,0.22376974534394495,0.22376974534394495,0.22376974534394495,0.22376974534394473,0.22376974534394495,0.22376974534394595,0.22376974534394595,0.2237697453439415,0.2237697453439415,0.2237697453439415,0.2237697453439415,0.2237697453439415,0.2237697453439415,0.2237697453439415,0.2237697453439415,0.2237697453439415,0.2237697453439415,0.22376974534394212,0.2237697453439415,-0.02455969348684653,0.2237697453439415,0.2237697453439415,0.2237697453439529,0.2237697453439415,0.22376974534395783,0.2237697453439415,0.22376974534395885,0.2237697453439765,0.3216497129353469,0.32162132045713376,0.22376974534392544,0.22376974534397306,0.2237697453439415,0.22376974534397287,0.2237697453439415,0.22376974534392655,0.2237697453439415,0.22376974534397628,0.22376974534394212,0.2237697453439415,0.22376974534395253
Eki2vivo_FrvR,0.1495953963782443,0.3818425001933756,0.3818425001933761,0.21423884415722935,0.18478159922374218,0.16065214050266585,0.16065214050266585,0.18686849731974312,0.16065214050266585,0.16065214050266585,0.16065214050266585,0.18478159922374207,0.16065214050266585,0.16065214050266585,0.16065214050266585,0.16065214050266585,0.18686849731974306,0.17484405177265083,0.17484405177265072,0.34614611290830216,0.40657114531719246,0.16065214050266585,0.3725649202130595,0.4539914687408752,0.16065214050266585,0.16065214050266585,0.16065214050266585,0.2874938627298333,0.16065214050266585,0.16065214050266585,0.16065214050266585,-5.2493666678112225,-5.2493666678112225,-0.2620887917692765,0.05489722013619143,0.054897220136191506,0.05489722013619143,-0.15928395413025784,-0.4884925262149121,0.16065214050266585,-0.011036225269659111,0.053666017914837674,0.28781271713599427,0.16065214050266585,0.16065214050266585,0.16065214050266585,-5.200288108523237,0.16065214050266585,0.16065214050266585,0.16065214050266585,-4.547365485818666,0.16065214050266585,-4.680895379285464,-0.14079059804320196,0.16065214050266402,0.16065214050266402,0.16065214050266402,0.16065214050266474,0.16065214050266585,0.16065214050266585,0.16098907228926213,0.16098907228926213,0.1606521405026624,0.16065214050266585,0.16065214050266585,0.16065214050266585,0.16065214050266607,0.16065214050266585,0.16065214050266585,0.16065214050266585,0.16065214050266585,0.16065214050266585,0.16065214050266585,0.16065214050266585,0.16065214050266585,0.16065214050266585,0.16065214050266585,0.16065214050266585,0.16065214050266585,0.16065214050266585,0.16065214050266585,0.16065214050266585,0.16065214050266585,0.16065214050266585,0.16065214050266585,0.16065214050266585,0.16065214050266585,0.16065214050266585,0.16065214050266585,0.16065214050266585,0.16065214050266616,0.16065214050266585,0.16065214050266585,0.16065214050266585,0.16065214050266585,0.16065214050266585,0.16065214050266585,0.16065214050266585,0.16065214050266585,0.16065214050266585,0.16065214050266585,0.16065214050266585,0.16065214050266616,0.16065214050266585,0.16065214050266585,0.16065214050266585,0.16065214050266585,0.16065214050266585,0.16065214050266585,0.16065214050266585,0.16065214050266585,0.16065214050266585,0.16065214050266585,0.16065214050266585,0.16065214050266585,0.16065214050266585,0.16065214050266585,0.16065214050266585,0.16065214050266596,0.16065214050266585,0.16065214050266585,0.16065214050266585,0.16065214050266585,0.16065214050267937,0.1606521405026652,0.16117101293539612,0.16065214050266585,0.16065214050268806,0.16065214050271043,0.16065214050266585,3.559608764790074,0.16065214050265195,0.16182207308364788,0.16065214050266585,0.16182207308364788,0.16065214050266585,0.16065214050265195,0.16065214050266585,0.16065214050271043,0.16065214050266607,0.16065214050266585,0.16065214050266585
Eki2vivo_Fur,0.13179561342585078,0.19547395311496,0.19547395311495988,0.19697997961079575,0.13889936016178084,0.09465196279992696,0.09465196279992696,0.1436762783789605,0.09465196279992696,-0.4148818940339472,0.09465196279992696,0.13889936016178067,0.09465196279992696,0.09465196279992696,0.09465196279992696,0.09465196279992696,0.1436762783789605,0.0522075888786919,0.052207588878692,0.09258036158775355,0.3983132228152636,0.09465196279992696,0.35358999786510664,0.46307009439402136,0.3535899978651069,0.09465196279992696,0.09465196279992696,-0.10293268125802513,0.09465196279992696,0.09465196279992696,0.09465196279992696,-3.9845214831823093,-3.9845214831823093,0.03575229805576268,-0.1218435580574895,-0.1218435580574895,-0.1218435580574895,-0.1433708170824308,-4.101101929404805,0.09465196279992696,-0.3538030833217782,-0.12669818730522164,0.059358609411491785,0.09465196279992696,0.09465196279992696,0.09465196279992696,-3.7507339329094243,0.09465196279992696,0.09465196279992696,0.09465196279992696,-3.4971327092800566,0.09465196279992696,-3.9845214831823093,-0.013603028760408432,0.09465196279992714,0.09465196279992714,0.09465196279992714,0.09465196279992552,0.09465196279992696,0.09465196279992696,0.08163854099191956,0.08163854099191964,0.09465196279992119,0.09465196279992696,0.09465196279992696,0.09465196279992696,0.09465196279992696,0.09465196279992696,-1.2591252211383797,0.09465196279992696,0.09465196279992696,0.09465196279992696,0.09465196279992696,0.09465196279992696,0.09465196279992696,3.831184237126417,0.09465196279937098,0.09465196279992696,0.09465196279992696,0.09465196279992696,0.09465196279992696,0.09465196279992696,0.09465196279992696,0.09465196279992696,0.09465196279992696,0.09465196279992696,0.09465196279992696,0.09465196279992696,0.09465196279992696,0.09465196279992696,0.09465196279992696,3.83118423712629,0.09465196279992696,0.09465196279992696,0.09465196279992696,0.09465196279992696,0.09465196279992696,0.09465196279992696,0.09465196279992696,0.09465196279992696,0.09465196279937098,0.09465196279992696,0.09465196279992696,0.09465196279992696,0.09465196279992696,0.09465196279992696,0.09465196279992696,3.83118423712629,0.09465196279992696,0.09465196279992696,0.09465196279992696,0.09465196279992696,0.09465196279992696,0.09465196279992696,0.09465196279992696,0.09465196279992696,0.09465196279992696,0.09465196279992696,0.09465196279992706,0.09465196279992696,-0.12158398455672526,0.09465196279992845,0.09465196279992696,0.09465196279991457,0.09465196279992696,0.07443260862424035,0.09465196279992696,0.0946519627999075,0.09465196279988727,0.09465196279992696,1.861640291363695,0.09465196279992696,0.04753552306417541,0.09465196279992696,0.04753552306417531,0.09465196279992696,0.09465196279992696,0.09465196279992696,0.0946519627998871,0.09465196279992706,0.09465196279992696,0.09465196279992731
Eki2vivo_GadE,-0.18934741639674568,-0.27260801446883715,-0.2726080144688373,-0.2829838898818389,0.025373997179673667,0.1656204679931654,0.1656204679931654,0.013436823855559476,0.16562046799316554,-3.863627781829659,0.1656204679931654,0.02537399717967372,0.1656204679931654,0.1656204679931654,0.1656204679931654,0.1656204679931654,0.013436823855559402,0.5770853615616778,0.5770853615616778,-3.5534572396549033,-3.0988668801771606,0.1656204679931654,-3.0739774076136896,-2.2614009051690807,-3.0739774076136896,0.1656204679931654,0.1656204679931654,-0.029340479253044928,0.1656204679931654,0.1656204679931654,0.1656204679931654,0.8414282287701562,0.8414282287701562,0.1656204679931654,0.1926420113632047,0.1926420113632047,0.1926420113632047,-0.3252739075692424,-0.6334323436338705,0.1656204679931654,0.18036689663535452,0.19275672641387828,0.4408776297779044,0.1656204679931654,0.1656204679931654,0.1656204679931654,-3.920795967513252,0.1656204679931654,0.1656204679931654,0.1656204679931654,0.27272879141755074,0.1656204679931654,-3.417385596256438,-3.855678213801433,0.1656204679931654,0.1656204679931654,0.1656204679931654,0.16562046799316515,0.1656204679931654,0.1656204679931654,0.16562046799319416,0.16562046799319416,0.1656204679931652,0.1656204679931654,0.1656204679931654,0.1656204679931654,0.1656204679931654,0.1656204679931654,-0.42293952555853237,0.16562046799316568,0.16562046799316568,0.16562046799316568,0.16562046799316568,0.16562046799316563,0.3635784390802902,3.2764569825977565,0.16562046799284533,0.1656204679931654,0.1656204679931654,0.1656204679931654,0.1656204679931654,0.1656204679931654,0.1656204679931654,0.1656204679931654,0.1656204679931654,0.16562046799316568,0.16562046799316568,0.16562046799316568,0.16562046799316568,0.16562046799316563,0.3635784390802902,3.276456982597622,0.1656204679931654,0.1656204679931654,0.1656204679931654,0.1656204679931654,0.1656204679931654,0.1656204679931654,0.1656204679931654,0.1656204679931654,0.1656204679931654,0.16562046799316568,0.16562046799316568,0.16562046799316568,0.16562046799316568,0.16562046799316563,0.3635784390802902,3.276456982597622,0.1656204679931654,0.1656204679931654,0.1656204679931654,0.1656204679931654,0.1656204679931654,0.1656204679931654,0.1656204679931654,0.1656204679931654,0.1656204679931654,0.1656204679931654,0.1656204679931653,0.1656204679931654,-0.010618378538216825,0.16562046799316638,0.1656204679931654,0.16562046799318658,0.16562046799316646,0.16562046799320984,0.1656204679931654,0.16562046799320196,0.16562046799323946,0.1656204679931654,0.1656204679931654,0.16562046799316582,0.16562046799323246,0.1656204679931654,0.16562046799323224,0.1656204679931654,0.1656204679931654,0.1656204679931654,0.16562046799323932,0.1656204679931653,0.1656204679931654,0.1656204679931654
Eki2vivo_GadW,0.3581810897977482,0.29046098273358795,0.2904609827335879,0.2910668402419054,0.26438548321078276,0.24039228671718962,0.24039228671718962,0.26725157437651315,0.24039228671718962,-0.2539790888045891,0.24039228671718962,0.26438548321078265,0.24039228671718962,0.24039228671718962,0.24039228671718962,0.24039228671718962,0.26725157437651303,-0.13099247118728896,-0.13099247118728882,-0.1267438497929279,-0.46030304936915284,0.24039228671718962,-0.23880114584613926,-4.35419251293872,-0.23880114584613926,0.24039228671718962,0.24039228671718962,0.040191400547816336,0.24039228671718962,0.24039228671718962,0.24039228671718962,-0.14861016828207205,-0.14861016828207219,-5.454004846973153,0.46512416431065134,0.4651241643106514,0.46512416431065134,0.4651241643106513,-4.774416812649552,0.24039228671718962,0.29963349234239073,0.46695047529324196,0.6805343891339067,0.24039228671718962,0.24039228671718962,0.24039228671718962,-4.647003438927147,0.24039228671718962,0.24039228671718962,0.24039228671718962,-4.122694017092161,0.24039228671718962,-4.544355760230123,0.04834875680356737,0.24039228671719,0.24039228671719,0.24039228671719,0.24039228671718899,0.24039228671718962,0.24039228671718962,0.2267734004946425,0.22677340049464245,0.24039228671718735,0.24039228671718962,0.24039228671718962,0.24039228671718962,0.24039228671718962,0.24039228671718962,-0.2337905257416953,0.24039228671718962,0.24039228671718962,0.24039228671718962,0.3469176383352439,0.3469176383352443,0.24039228671718962,0.24039228671718962,0.24039228671718962,0.24039228671718962,0.24039228671718962,0.24039228671718962,0.24039228671718962,0.24039228671718962,0.24039228671718962,0.24039228671718962,0.24039228671718962,0.24039228671718962,0.24039228671718962,0.24039228671718962,0.3469176383352439,0.3469176383352443,0.24039228671718962,0.24039228671718962,0.24039228671718962,0.24039228671718962,0.24039228671718962,0.24039228671718962,0.24039228671718962,0.24039228671718962,0.24039228671718962,0.24039228671718962,0.24039228671718962,0.24039228671718962,0.24039228671718962,0.24039228671718962,0.3469176383352443,0.3469176383352443,0.24039228671718962,0.24039228671718962,0.24039228671718962,0.24039228671718962,0.24039228671718962,0.24039228671718962,0.24039228671718962,0.24039228671718962,0.24039228671718962,0.24039228671718962,0.24039228671718962,0.24039228671718962,0.24039228671718962,0.24039228671718962,0.004300172171534549,0.24039228671718962,0.24039228671718962,0.24039228671721768,0.24039228671718907,0.21960250228793676,0.24039228671718962,-0.438397875677114,0.24039228671728163,0.24039228671718962,-1.319916950245601,0.24039228671718962,0.240392286717273,0.24039228671718962,0.240392286717273,0.24039228671718962,0.24039228671718962,0.24039228671718962,0.24039228671728144,0.2403922867171897,0.24039228671718962,0.24039228671718887
Eki2vivo_GadX,0.47143755529740355,0.6272635610886763,0.6272635610886773,0.3648085123310603,0.32877529630846336,0.2956052278094425,0.2956052278094425,0.3318295803166369,0.2956052278094425,0.2956052278094425,0.2956052278094425,0.32877529630846325,0.2956052278094425,0.2956052278094425,0.2956052278094425,0.2956052278094425,0.3318295803166368,-3.675939179109729,-3.675939179109729,-3.6269959020509006,-3.425926663720883,0.2956052278094425,-3.2490067057608525,-3.1654519832501453,-3.2490067057608525,0.2956052278094425,0.2956052278094425,-0.09188488561341393,0.2956052278094425,0.2956052278094425,0.2956052278094425,-3.0753276668526612,-3.0753276668526612,0.2956052278094425,0.27475243047544895,0.27475243047544895,0.27475243047544895,0.3646892776990706,0.47115326241814676,0.2956052278094425,0.24553186532696192,0.2746199624732485,0.3107474912416777,0.2956052278094425,0.2956052278094425,0.2956052278094425,0.2956052278094425,0.2956052278094425,0.2956052278094425,0.2956052278094425,-2.9886823581323774,0.2956052278094425,-2.8594278287598294,-3.207722841931362,0.2956052278094425,0.29560522780944226,0.29560522780944226,0.29560522780944287,0.2956052278094425,0.2956052278094425,0.2853231312686039,0.2853231312686039,0.29560522780944365,0.2956052278094425,0.2956052278094425,0.2956052278094425,0.2956052278094425,0.2956052278094425,-0.03948981404628602,0.2956052278094425,0.29560522780944265,0.2956052278094425,0.29560522780944265,0.29560522780944265,0.2956052278094425,0.5381362455708387,0.2956052278091331,0.2956052278094425,0.2956052278094425,0.2956052278094425,0.2956052278094425,0.2956052278094425,0.2956052278094425,0.2956052278094425,0.2956052278094425,0.29560522780944265,0.2956052278094425,0.2956052278094425,0.2956052278094425,0.2956052278094425,0.2956052278094425,0.5381362455708387,0.2956052278094425,0.2956052278094425,0.2956052278094425,0.2956052278094425,0.2956052278094425,0.2956052278094425,0.2956052278094425,0.2956052278094425,0.2956052278094425,0.29560522780944265,0.29560522780944265,0.29560522780944265,0.29560522780944265,0.29560522780944265,0.2956052278094425,0.5381362455708387,0.2956052278094425,0.2956052278094425,0.2956052278094425,0.2956052278094425,0.2956052278094425,0.2956052278094425,0.2956052278094425,0.2956052278094425,0.2956052278094425,0.2956052278094425,0.2956052278094425,0.2956052278094425,0.12525745303238517,0.2956052278094434,0.2956052278094425,0.29560522780943965,0.2956052278094428,0.2796296033730421,0.2956052278094425,0.28646010512424425,0.2956052278094322,0.22604359853872763,0.32342317822882555,0.29560522780944215,0.25837778440967213,0.2956052278094425,0.25837778440967213,0.2956052278094425,0.29560522780944215,0.2956052278094425,0.29560522780943205,0.29560522780944243,0.2956052278094425,0.2956052278094426
Eki2vivo_GcvA,0.2930544353174224,0.327061012247871,0.32706101224787065,0.3281436412560091,0.287828629484188,0.25599402531687815,0.25599402531687815,0.291999505088019,0.25599402531687826,0.37729533184006603,0.25599402531687815,0.28782862948418814,0.25599402531687815,0.25599402531687815,0.25599402531687815,0.25599402531687815,0.291999505088019,0.21982988935340203,0.21982988935340209,0.36886611874981784,0.3979636683759237,0.25599402531687815,0.38199079214347054,0.41861599521972087,0.38199079214347065,0.25599402531687815,0.25599402531687815,0.3373173218232622,0.25599402531687815,0.25599402531687815,0.25599402531687815,-5.267723307060479,-5.267723307212731,0.25599402531687815,0.15421883246479476,0.15421883246479465,0.1542188324647947,0.46493044935626604,0.25599402531687815,0.25599402531687815,0.009085217903572503,0.1523980163460408,0.0014304211513025563,0.25599402531687815,0.25599402531687815,0.25599402531687815,0.25599402531687815,0.25599402531687815,0.25599402531687815,0.25599402531687815,-4.509323695639368,0.25599402531687815,-4.26614751739781,0.3191775065723686,0.25599402531687765,0.25599402531687765,0.25599402531687765,0.25599402531687887,0.25599402531687815,0.25599402531687815,0.24009412017354745,0.24009412017354737,0.2559940253168807,0.25599402531687815,0.25599402531687815,0.25599402531687815,0.25599402531687815,0.25599402531687815,1.6873669240487785,-0.23790258502874442,-0.23790258502874442,-0.23790258502874415,-0.23790258502874415,-0.23790258502874415,-0.11904688546078836,-0.11904688546078836,0.25599402530785215,0.25599402531687815,0.25599402531687815,0.25599402531687815,0.25599402531687815,0.25599402531687815,0.25599402531687815,0.25599402531687815,0.25599402531687815,-0.23790258502874442,-0.23790258502874442,-0.23790258502874442,-0.23790258502874442,-0.23790258502874442,-0.11904688546078918,-0.11904688546078836,0.25599402530785215,0.25599402531687815,0.25599402531687815,0.25599402531687815,0.25599402531687815,0.25599402531687815,0.25599402531687815,0.25599402531687815,0.25599402531687815,-0.23790258502874442,-0.23790258502874442,-0.23790258502874415,-0.23790258502874415,-0.23790258502874415,-0.11904688546078918,-0.11904688546078836,0.25599402531687815,0.25599402531687815,0.25599402531687815,0.25599402531687815,0.25599402531687815,0.25599402531687815,0.25599402531687815,0.25599402531687815,0.25599402531687815,0.25599402531687815,0.2424212818138616,0.25599402531687815,-0.007426186147504,0.25599402531687976,0.25599402531687815,0.25599402531688464,0.25599402531687815,0.23128983654785865,0.25599402531687815,1.0937283723729831,0.2559940253169034,-4.961945365211056,-3.2390362084058695,0.25599402531687815,0.19842671752698246,0.25599402531687815,0.19842671752698235,0.25599402531687815,0.25599402531687815,0.25599402531687815,0.2559940253169034,0.2424212818138616,0.25599402531687815,0.25599402531687815
Eki2vivo_GlcC,0.3063791017849424,0.2927600071467049,0.2927600071467052,0.2933348505605991,0.2656206158375559,0.23950730954605978,0.23950730954605978,0.2694049886446786,0.2395073095460599,0.576734027398319,0.23950730954605978,0.2656206158375559,0.23950730954605978,0.23950730954605978,0.23950730954605978,0.23950730954605978,0.2694049886446788,-0.20541833639665774,-0.20541833639665769,0.05774476688898105,-4.277237885249083,0.23950730954605978,-0.07566788600728622,0.23950730954605978,-0.07566788600728643,0.23950730954605978,0.23950730954605978,0.16826881639943067,0.23950730954605978,0.23950730954605978,0.23950730954605978,-4.855652895418559,-4.855652895418559,0.23950730954605978,0.06383584771019547,0.06383584771019554,0.06383584771019561,-0.28903356551005815,-0.6886095753041767,0.23950730954605978,0.0028679090259216768,0.06246932353070268,0.3751928022221963,0.23950730954605978,0.23950730954605978,0.23950730954605978,-5.2873355544451845,0.23950730954605978,0.23950730954605978,0.23950730954605978,-4.080090234509155,0.23950730954605978,-4.772746404854149,-0.391883386660381,0.23950730954605934,0.23950730954605978,0.23950730954605978,0.2395073095460599,0.23950730954605978,0.23950730954605978,0.2099657271954855,0.20996572719548529,0.2395073095460602,0.23950730954605978,0.23950730954605978,0.23950730954605978,0.23950730954605978,0.23950730954605978,-0.5909969881745649,0.2395073095460601,0.2395073095460601,0.2395073095460601,0.2395073095460601,0.2395073095460601,0.5188417005859605,0.23950730954605978,0.23950730954560814,0.23950730954605978,0.23950730954605978,0.23950730954605978,0.23950730954605978,0.23950730954605978,0.23950730954605978,0.23950730954605978,0.23950730954605978,0.2395073095460601,0.2395073095460601,0.2395073095460601,0.23950730954605978,0.23950730954605978,0.5188417005859605,0.23950730954605978,0.23950730954605978,0.23950730954605978,0.23950730954605978,0.23950730954605978,0.23950730954605978,0.23950730954605978,0.23950730954605978,0.23950730954605978,0.2395073095455077,0.2395073095460601,0.2395073095460601,0.2395073095460601,0.2395073095460601,0.2395073095460601,0.5188417005859605,0.23950730954605978,0.23950730954605978,0.23950730954605978,0.23950730954605978,0.23950730954605978,0.23950730954605978,0.23950730954605978,0.23950730954605978,0.23950730954605978,0.23950730954605978,0.23950730954605978,0.23950730954605978,0.23950730954605978,-0.009180273808418555,0.23950730954606117,0.23950730954605978,0.2395073095460525,0.23950730954605923,0.19400031088424197,0.23950730954605978,0.2395073095460492,0.239507309546038,0.23950730954605978,0.23950730954605978,0.2395073095460581,0.18515964961524342,0.23950730954605978,0.1851596496152433,0.23950730954605978,0.2395073095460581,0.23950730954605978,0.239507309546038,0.23950730954605978,0.23950730954605978,0.23950730954605978
Eki2vivo_HdfR,-0.05339052467465047,-0.18210692576601464,-0.182106925766015,-0.18843541064304917,0.04973675161924028,0.1812966737346747,0.1812966737346747,0.039525119610751246,0.1812966737346747,-0.3844521564426065,0.1812966737346747,0.04973675161924028,0.1812966737346747,0.1812966737346747,0.1812966737346747,0.1812966737346747,0.03952511961075201,0.3908521792133396,0.3908521792133396,-0.5795328168367321,-5.250079160045726,0.1812966737346747,-0.9099129272626589,-4.868082401854773,-0.9099129272626589,0.1812966737346747,0.1812966737346747,-0.21403191097055646,0.1812966737346747,0.1812966737346747,0.1812966737346747,1.1100458418844983,1.1100458418844978,0.1812966737346747,0.6912199373697281,0.6912199373697281,0.691219937369728,-0.12915813624117167,-0.44849401007078055,0.1812966737346747,0.777638285304019,0.6943973341244711,0.8183725271156784,0.1812966737346747,0.1812966737346747,0.1812966737346747,-4.96455506113645,0.1812966737346747,0.1812966737346747,0.1812966737346747,-4.662553577327636,0.1812966737346747,0.1812966737346747,-5.369941364925226,0.18129667373467503,0.18129667373467503,0.18129667373467503,0.1812966737346747,0.1812966737346747,0.1812966737346747,0.18129667373468875,0.18129667373468883,0.18129667373467542,0.1812966737346747,0.1812966737346747,0.1812966737346747,0.1812966737346747,0.1812966737346747,-0.9364913444590971,0.18129667373467503,0.1812966737346747,0.18129667373467503,0.575516013953973,0.575516013953973,0.46254025492049294,0.1812966737346747,0.1812966737346747,0.1812966737346747,0.1812966737346747,0.1812966737346747,0.1812966737346747,0.1812966737346747,0.1812966737346747,0.1812966737346747,0.1812966737346747,0.18129667373467503,0.18129667373467503,0.18129667373467503,0.575516013953973,0.5755160139539723,0.46254025492049294,0.1812966737346747,0.1812966737346747,0.1812966737346747,0.1812966737346747,0.1812966737346747,0.1812966737346747,0.1812966737346747,0.1812966737346747,0.1812966737346747,0.1812966737346747,0.18129667373467503,0.18129667373467503,0.18129667373467503,0.575516013953973,0.575516013953973,0.46254025492049294,0.1812966737346747,0.1812966737346747,0.1812966737346747,0.1812966737346747,0.1812966737346747,0.1812966737346747,0.1812966737346747,0.1812966737346747,0.1812966737346747,0.1812966737346747,0.1812966737346747,0.1812966737346747,0.1812966737346747,-0.46283105731089513,0.1812966737346747,0.1812966737346747,0.18129667373468508,0.1812966737346747,0.18129667373469596,0.1812966737346747,0.1812966737346931,0.1812966737347116,0.1812966737346747,0.1812966737346747,0.18129667373467412,0.18129667373470867,0.1812966737346747,0.18129667373470856,0.1812966737346747,0.18129667373467412,0.1812966737346747,0.1812966737347116,0.1812966737346748,0.1812966737346747,0.18129667373467642
Eki2vivo_IHFA,0.35505178144598737,0.16226703783561866,0.16226703783561883,0.16198226309416394,0.17353822697476237,0.1821225979100967,0.1821225979100967,0.10690680039204344,0.1821225979100967,-2.4004545339999375,0.1821225979100967,0.17353822697476248,0.1821225979100967,0.1821225979100967,0.1821225979100967,0.1821225979100967,0.10690680039204344,-0.034562323536349124,-0.03456232353634904,-0.48145742493814625,-0.9415477145338945,0.1821225979100967,-0.6434507047955581,-5.443487406709578,-0.6434507047955581,0.1821225979100967,0.1821225979100967,-0.21554733714013313,0.1821225979100967,0.1821225979100967,0.1821225979100967,0.617053262934289,0.617053262934289,0.1821225979100967,0.5512659536575064,0.5512659536575064,0.5512659536575064,0.8181230917794567,0.1821225979100967,0.1821225979100967,0.7056444384860524,0.5559697530575227,0.6953002201205558,0.1821225979100967,0.1821225979100967,0.1821225979100967,0.1821225979100967,0.1821225979100967,0.1821225979100967,0.1821225979100967,-4.79897792185472,0.1821225979100967,-4.415938127411062,0.20027321265298656,0.18212259791009702,0.18212259791009702,0.18212259791009702,0.18212259791009847,0.1821225979100967,0.1821225979100967,0.6361123919627394,0.6361123919627394,0.18212259791010363,0.1821225979100967,0.1821225979100967,0.1821225979100967,0.1821225979100967,0.1821225979100967,-0.3721851621000357,0.1821225979100967,0.1821225979100967,0.1821225979100967,0.30665046530316714,0.30665046530316736,0.1821225979100967,0.1821225979100967,0.1821225979100967,0.1821225979100967,0.1821225979100967,0.1821225979100967,0.1821225979100967,0.1821225979100967,0.1821225979100967,0.1821225979100967,0.1821225979100967,0.1821225979100967,0.1821225979100967,0.1821225979100967,0.30665046530316764,0.30665046530316736,0.1821225979100967,0.1821225979100967,0.1821225979100967,0.1821225979100967,0.1821225979100967,0.1821225979100967,0.1821225979100967,0.1821225979100967,0.1821225979100967,0.1821225979100967,0.1821225979100967,0.1821225979100967,0.1821225979100967,0.1821225979100967,0.30665046530316764,0.30665046530316736,0.1821225979100967,0.1821225979100967,0.1821225979100967,0.1821225979100967,0.1821225979100967,0.1821225979100967,0.1821225979100967,0.1821225979100967,0.1821225979100967,0.1821225979100967,0.1821225979100967,0.1821225979100967,0.18212259791009644,0.1821225979100967,-0.09457500501284012,0.1821225979100967,0.1821225979100967,0.18212259791012164,0.18212259791009747,0.7704305495191451,0.1821225979100967,0.18212259791013533,0.18212259791017466,-5.068079141129578,-5.068529523715511,0.18212259791009594,0.8302796784366228,0.1821225979100967,0.830279678436623,0.1821225979100967,0.18212259791009594,0.1821225979100967,0.18212259791017443,0.18212259791009658,0.1821225979100967,0.1821225979100967
Eki2vivo_IHFB,0.2144813616654693,0.22240475907903767,0.22240475907903715,0.22272907797818217,0.2093813914481501,0.19810252223011926,0.19810252223011926,0.17817314108893056,0.19810252223011937,0.07796995075766519,0.19810252223011926,0.2093813914481501,0.19810252223011926,0.19810252223011926,0.19810252223011926,0.19810252223011926,0.1781731410889306,0.1782597437170165,0.17825974371701658,0.23229299075219226,0.24059562087333264,0.19810252223011926,0.23606505926733368,0.24635447345985828,0.2360650592673338,0.19810252223011926,0.19810252223011926,0.22304698154487218,0.19810252223011926,0.19810252223011926,0.19810252223011926,-4.962306371547318,-4.9623063711412,-6.5945807896667406,-0.07829196735431927,-0.07829196735431927,-0.0782919673543194,-0.3203431832940746,0.19810252223011926,0.19810252223011926,-0.1827582162513059,-0.08009389359867485,0.07955264188020864,0.19810252223011926,0.19810252223011926,0.19810252223011926,0.19810252223011926,0.19810252223011926,0.19810252223011926,0.19810252223011926,-4.747702878865255,0.19810252223011926,-4.423138432092779,0.19810252223011926,0.19810252223011948,0.19810252223011948,0.19810252223011948,0.19810252223011904,0.19810252223011926,0.19810252223011926,0.4937412784739288,0.49374127847392896,0.1981025222301189,0.19810252223011926,0.19810252223011926,0.19810252223011926,0.19810252223011948,0.19810252223011926,0.19810252223011124,0.1981025222301196,0.1981025222301196,0.1981025222301196,0.1981025222301196,0.19810252223011898,0.19810252223011926,0.19810252223011926,0.19810252223011926,0.19810252223011926,0.19810252223011926,0.19810252223011926,0.19810252223011926,0.19810252223011926,0.19810252223011926,0.19810252223011926,0.19810252223011926,0.1981025222301196,0.19810252223011926,0.19810252223011926,0.19810252223011898,0.19810252223011898,0.19810252223011926,0.19810252223011926,0.19810252223011926,0.19810252223011926,0.19810252223011926,0.19810252223011926,0.19810252223011926,0.19810252223011926,0.19810252223011926,0.19810252223011926,0.19810252223011926,0.1981025222301196,0.19810252223011926,0.1981025222301196,0.19810252223011926,0.19810252223011898,0.19810252223011926,0.19810252223011926,0.19810252223011926,0.19810252223011926,0.19810252223011926,0.19810252223011926,0.19810252223011926,0.19810252223011926,0.19810252223011926,0.19810252223011926,0.19810252223011926,0.19810252223011926,0.19810252223011926,0.19810252223011926,-0.0703072776831427,0.19810252223011926,0.19810252223011926,0.19810252223013475,0.19810252223011926,0.6060219086449219,0.19810252223011926,-0.6488955910702942,0.19810252223017677,0.06277485193686803,0.06268403789841451,0.19810252223011754,0.660045975900221,0.19810252223011926,0.6600459759002211,0.19810252223011926,0.19810252223011812,0.19810252223011926,0.198102522230177,0.19810252223011926,0.19810252223011926,0.19810252223011926
Eki2vivo_IclR,0.0027701331465833767,-0.14593497909178443,-0.14593497909178438,-0.1517568155703766,0.0606032333422542,0.17655169675223714,0.17655169675223714,0.05058326587297214,0.1765516967522374,-0.3645084717485442,0.17655169675223714,0.060603233342254245,0.17655169675223714,0.17655169675223714,0.17655169675223714,0.17655169675223714,0.0505832658729722,0.34697446411581295,0.34697446411581295,-4.647278878658678,-4.392974704398945,0.17655169675223714,-4.175885790220833,-4.066178252292311,-4.175885790220833,0.17655169675223714,0.17655169675223714,-0.29274441439523,0.17655169675223714,0.17655169675223714,0.17655169675223714,0.992872476132521,0.992872476132521,0.17655169675223714,0.8196392490530807,0.7569760800560834,0.7569760800560834,0.17655169675223722,0.17655169675223714,0.1765516967522373,1.0818635335138307,0.7625714677288299,0.9572895831819712,0.17655169675223714,0.17655169675223714,0.17655169675223714,0.17655169675223714,0.17655169675223714,0.17655169675223714,0.17655169675223714,-3.916588764736897,0.17655169675223714,0.6198542545812823,-4.528388701608626,0.17655169675223692,0.17655169675223692,0.17655169675223692,0.17655169675223625,0.17655169675223714,0.17655169675223714,0.18841139477420107,0.188411394774201,0.1765516967522337,0.17655169675223714,0.17655169675223714,0.17655169675223714,0.17655169675223714,0.17655169675223714,-0.23949658887964273,0.17655169675223714,0.17655169675223714,0.17655169675223714,0.1765516967522374,0.17655169675223714,0.1765516967522374,0.4776751516933605,0.17655169675223714,0.17655169675223714,0.17655169675223714,0.17655169675223714,0.17655169675223714,0.17655169675223714,0.17655169675223714,0.17655169675223714,0.17655169675223714,0.17655169675223714,0.1765516967522374,0.17655169675223714,0.17655169675223714,0.17655169675223714,0.1765516967522374,0.4776751516933605,0.17655169675223714,0.17655169675223714,0.17655169675223714,0.17655169675223714,0.17655169675223714,0.17655169675223714,0.17655169675223714,0.17655169675223714,0.17655169675223714,0.17655169675223714,0.17655169675223714,0.17655169675223714,0.17655169675223714,0.17655169675223714,0.1765516967522374,0.4776751516933605,0.17655169675223714,0.17655169675223714,0.17655169675223714,0.17655169675223714,0.17655169675223714,0.17655169675223714,0.17655169675223714,0.17655169675223714,0.17655169675223714,0.17655169675223714,0.17655169675223714,0.17655169675223714,-0.03495124376252541,0.17655169675223842,0.17655169675223714,0.1764628055288134,0.17655169675223714,0.19496640459124892,0.17655169675223714,0.17655169675224633,0.17655169675225593,1.0816907833260514,1.0816907833260516,0.17655169675223667,0.2210603605277519,0.17655169675223714,0.22106036052775183,0.17655169675223714,0.17655169675223667,0.17655169675223714,0.17655169675225593,0.17655169675223722,0.17655169675223714,0.17655169675223714
Eki2vivo_IdnR,0.12209164343372853,0.002869931375443593,0.0028699313754435053,-0.0001729071924456359,0.10222118700375073,0.1740049016663347,0.1740049016663347,0.0954895865404354,0.17400490166633484,-6.518800117967859,0.1740049016663347,0.10222118700375087,0.1740049016663347,0.1740049016663347,0.1740049016663347,0.1740049016663347,0.09548958654043556,0.22581643210985003,0.22581643210985003,-0.2372360604887786,-0.4304204682519896,0.1740049016663347,-0.3159382273924964,-0.6264380504656859,-0.3159382273924962,0.1740049016663347,0.1740049016663347,-0.08544689571212542,0.1740049016663347,0.1740049016663347,0.1740049016663347,1.206098267508161,1.2060982675081606,0.16077021273277248,0.43688595862357865,0.43688595862357865,0.43688595862357876,0.43688595862357865,-5.672622231251467,0.1740049016663347,0.47968500086061194,0.441236460483746,0.5056121966236624,0.1740049016663347,0.1740049016663347,0.1740049016663347,0.1740049016663347,0.1740049016663347,0.1740049016663347,0.1740049016663347,-5.745998331281616,0.1740049016663347,-5.022279467509892,0.04470889620221214,0.17400490166633498,0.1740049016663347,0.1740049016663347,0.1740049016663337,0.1740049016663347,0.1740049016663347,0.1740049016663109,0.17400490166631105,0.17400490166633084,0.1740049016663347,0.1740049016663347,0.1740049016663347,0.17400490166633498,0.1740049016663347,0.1740049016663347,0.1740049016663347,0.1740049016663351,0.1740049016663347,0.1740049016663347,0.1740049016663347,0.1740049016663347,0.1740049016663347,0.1740049016663347,0.1740049016663347,0.1740049016663347,0.1740049016663347,0.1740049016663347,0.1740049016663347,0.1740049016663347,0.1740049016663347,0.1740049016663347,0.1740049016663347,0.1740049016663347,0.1740049016663347,0.1740049016663347,0.1740049016663347,0.1740049016663344,0.1740049016663347,0.1740049016663347,0.1740049016663347,0.1740049016663347,0.1740049016663347,0.1740049016663347,0.1740049016663347,0.1740049016663347,0.1740049016663347,0.1740049016663347,0.1740049016663347,0.1740049016663347,0.1740049016663347,0.1740049016663347,0.1740049016663347,0.1740049016663347,0.1740049016663347,0.1740049016663347,0.1740049016663347,0.1740049016663347,0.1740049016663347,0.1740049016663347,0.1740049016663347,0.1740049016663347,0.1740049016663347,0.1740049016663347,0.1740049016663347,0.17400490166633498,0.1740049016663347,-0.137769236322427,0.1740049016663347,0.1740049016663347,0.17400490166630453,0.1740049016663347,0.17400490166629812,0.1740049016663347,-0.6241131143077582,0.17400490166624843,0.1740049016663347,0.17400490166693813,0.17400490166633406,0.1740049016662916,0.1740049016663347,0.1740049016662916,0.1740049016663347,0.17400490166633406,0.1740049016663347,0.17400490166624843,0.17400490166633484,0.1740049016663347,0.1740049016663347
Eki2vivo_LldR,0.2884474844345786,0.20793854949268853,0.20793854949268822,0.2078836449735658,0.21006194619379165,0.21162931850157507,0.21162931850157507,0.15418320685808273,0.21162931850157526,-5.282641655302698,0.21162931850157507,0.21006194619379165,0.21162931850157507,0.21162931850157507,0.21162931850157507,0.21162931850157507,0.15418320685808273,0.10277725032114046,0.10277725032114046,-0.16215731108055326,-0.49700346814329205,0.21162931850157507,-0.2749767148330192,-4.38941123830095,-0.2749767148330192,0.21162931850157507,0.21162931850157507,0.006828410554644825,0.21162931850157507,0.21162931850157507,0.21162931850157507,0.3351469481261247,0.3351469481261247,0.21162931850157507,0.03364280937412444,0.03364280937412451,0.033642809374124574,0.5840323156907071,0.21162931850157507,0.21162931850157526,-0.0012654619032803523,0.0323678130036161,0.03814563557905209,0.21162931850157507,0.21162931850157507,0.21162931850157507,0.21162931850157507,0.21162931850157507,0.21162931850157507,0.21162931850157507,-4.425368114203399,0.21162931850157507,-3.8737291698786795,0.21162931850157507,0.21162931850157526,0.21162931850157526,0.21162931850157526,0.2116293185015738,0.21162931850157507,0.21162931850157507,0.601845635701569,0.601845635701569,0.21162931850157052,0.21162931850157507,0.21162931850157507,0.21162931850157507,0.21162931850157526,0.21162931850157526,0.21162931850157407,0.21162931850157507,0.21162931850157526,0.21162931850157526,0.21162931850157526,0.21162931850157507,0.21162931850157507,0.21162931850157507,0.21162931850157507,0.21162931850157507,0.21162931850157507,0.21162931850157507,0.21162931850157507,0.21162931850157507,0.21162931850157507,0.21162931850157507,0.21162931850157507,0.21162931850157507,0.21162931850157526,0.21162931850157507,0.21162931850157526,0.21162931850157507,0.21162931850157507,0.21162931850157507,0.21162931850157507,0.21162931850157507,0.21162931850157507,0.21162931850157507,0.21162931850157507,0.21162931850157507,0.21162931850157507,0.21162931850157507,0.21162931850157507,0.21162931850157507,0.21162931850157526,0.21162931850157526,0.21162931850157526,0.21162931850157507,0.21162931850157507,0.21162931850157507,0.21162931850157507,0.21162931850157507,0.21162931850157507,0.21162931850157507,0.21162931850157507,0.21162931850157507,0.21162931850157507,0.21162931850157507,0.21162931850157507,0.21162931850157507,0.21162931850157507,0.21162931850157507,0.21162931850157507,0.21162931850157632,0.21162931850157507,0.21162931850158068,0.21162931850157554,0.7216693753986863,0.21162931850157507,0.21162931850158537,0.21162931850159553,-5.084523260582175,-5.084593585777983,0.21162931850157507,0.7510497170132211,0.21162931850157507,0.7510497170132211,0.21162931850157507,0.21162931850157507,0.21162931850157507,0.2116293185015956,0.21162931850157507,0.21162931850157507,0.21162931850157507
Eki2vivo_LrhA,0.40944069367874775,0.3422142853139157,0.3422142853139156,0.3428752715425778,0.3124429462334695,0.28417148105019935,0.28417148105019935,0.31578927032100446,0.28417148105019935,0.6661948416346765,0.28417148105019935,0.31244294623346947,0.28417148105019935,0.28417148105019935,0.28417148105019935,0.28417148105019935,0.3157892703210044,-3.299899762845885,-3.299899762845885,-3.2244583239566142,-3.0090857244987914,0.28417148105019935,-2.8622539051443825,-2.7450117882034584,-2.8622539051443825,0.28417148105019935,0.28417148105019935,-0.013876290297375119,0.28417148105019935,0.28417148105019935,0.28417148105019935,-2.8775340909631,-2.8775340909631,-3.6307105071566155,0.2940685670810926,0.2940685670810924,0.2940685670810926,0.039875957211469165,-0.09686900487368662,0.28417148105019935,0.2727823267278571,0.2941335411187831,0.6530902138105404,0.28417148105019935,0.28417148105019935,0.28417148105019935,-0.2647257361605244,0.28417148105019935,0.28417148105019935,0.28417148105019935,-2.7243967473637247,0.28417148105019935,-2.760820248108587,-3.3052898803089263,0.28417148105019924,0.28417148105019935,0.28417148105019924,0.28417148105019846,0.28417148105019935,0.28417148105019935,0.26547093640955527,0.26547093640955527,0.2841714810501961,0.28417148105019935,0.28417148105019935,0.28417148105019935,0.28417148105019935,0.28417148105019935,-0.34348295327380135,0.28417148105019935,0.28417148105019935,0.2841714810501995,0.28417148105019935,0.5320258730726113,0.4609955221696425,3.0244958744152353,0.28417148105019935,0.28417148105019935,0.28417148105019935,0.28417148105019935,0.28417148105019935,0.28417148105019935,0.28417148105019935,0.28417148105019935,0.28417148105019935,0.28417148105019935,0.2841714810501995,0.2841714810501995,0.28417148105019935,0.5320258730726113,0.46099552216964296,0.28417148105019935,0.28417148105019935,0.28417148105019935,0.28417148105019935,0.28417148105019935,0.28417148105019935,0.28417148105019935,0.28417148105019935,0.28417148105019935,0.28417148105019935,0.28417148105019935,0.2841714810501995,0.2841714810501995,0.28417148105019935,0.5320258730726113,0.46099552216964296,0.28417148105019935,0.28417148105019935,0.28417148105019935,0.28417148105019935,0.28417148105019935,0.28417148105019935,0.28417148105019935,0.28417148105019935,0.28417148105019935,0.28417148105019935,0.28417148105019935,0.2841714810501994,0.28417148105019935,0.1267463753052473,0.28417148105020035,0.28417148105019935,0.2841714810501931,0.28417148105019935,0.25536445428577215,0.28417148105019935,0.2841714810501886,0.2841714810501776,0.28417148105019935,0.28417148105019935,0.28417148105019896,0.24976811401646615,0.28417148105019935,0.24976811401646615,0.28417148105019935,0.28417148105019896,0.28417148105019935,0.2841714810501776,0.28417148105019946,0.28417148105019935,0.28417148105019935
Eki2vivo_MarA,0.21342133213482936,0.2840880568513113,0.2840880568513109,0.21485037003876353,0.19952060983821207,0.18671572651202323,0.18671572651202323,0.2005678609919702,-4.910384359032194,0.952609961093083,0.18671572651202323,0.199520609838212,0.18671572651202323,0.18671572651202323,0.18671572651202323,0.18671572651202323,0.2005678609919702,0.15546927271495653,0.15546927271495659,0.21031085406803282,0.21611029382708147,0.18671572651202323,0.2129422843618842,0.22014895105864482,0.18671572651202323,0.18671572651202323,0.18671572651202323,0.20388457933160078,0.18671572651202323,0.18671572651202323,0.18671572651202323,-3.883542911015831,-3.8835429110158306,0.18671572651202323,0.1758424936713941,0.17584249367139404,0.17584249367139404,-0.33717080153243967,-4.367816898826064,0.18671572651202323,0.17218506343349613,0.1757594752694141,0.41937074606275443,0.18671572651202323,0.18671572651202323,0.18671572651202323,-4.301731569522239,0.18671572651202323,0.18671572651202323,0.18671572651202323,-0.30331724213473943,0.18671572651202323,-3.5390446639734083,-4.4411008289993354,0.1867157265120236,0.18671572651202342,0.18671572651202342,0.1867157265120239,0.18671572651202323,0.18671572651202323,0.18671572651203683,0.18671572651203683,0.18671572651202542,0.18671572651202323,0.18671572651202323,0.18671572651202323,0.18671572651202323,0.18671572651202323,0.18671572651201812,0.18671572651202323,0.18671572651202323,0.18671572651202323,0.18671572651202323,0.1867157265120235,0.1867157265120235,0.18671572651202323,0.18671572651202323,0.18671572651202323,0.18671572651202323,0.18671572651202323,0.18671572651202323,0.18671572651202323,0.18671572651202323,0.18671572651202323,0.18671572651202323,0.18671572651202323,0.18671572651202323,0.18671572651202342,0.1867157265120235,0.1867157265120235,0.1867157265120235,0.1867157265120235,0.18671572651202323,0.18671572651202323,0.18671572651202323,0.18671572651202323,0.18671572651202323,0.18671572651202323,0.18671572651202323,0.18671572651202323,0.18671572651206073,0.18671572651202323,0.18671572651202323,0.18671572651202323,0.18671572651202323,0.1867157265120235,0.1867157265120235,0.1867157265120235,0.1867157265111102,0.18671572651202323,0.18671572651202323,0.18671572651202323,0.18671572651202323,0.18671572651202323,0.18671572651202323,0.18671572651202323,0.18671572651202323,0.18671572651202323,0.18671572651202314,0.18671572651202323,0.18671572651202314,0.18671572651202323,0.18671572651202323,0.18671572651203452,0.18671572651202284,0.18671572651204352,0.18671572651202323,0.8426626736873579,0.18671572651205662,0.18671572651202323,3.354562330068217,0.1867157265120224,0.1867157265120534,0.18671572651202323,0.1867157265120534,0.18671572651202323,0.1867157265120224,0.18671572651202323,0.18671572651205645,0.18671572651202314,0.18671572651202323,0.18671572651202323
Eki2vivo_MarR,0.08093067053560325,0.14385338897781133,0.14385338897781144,0.143900441365199,0.14180023043434442,0.1399567738284241,0.1399567738284241,0.13983208035027292,0.1399567738284243,0.5559048118589366,0.1399567738284241,0.14180023043434453,0.1399567738284241,0.1399567738284241,0.1399567738284241,0.1399567738284241,0.13983208035027292,0.2470063311854767,0.2470063311854767,0.3299999616578486,0.3929704945279839,0.1399567738284241,0.35744913569295583,0.4429051580444624,0.35744913569295583,0.1399567738284241,0.1399567738284241,0.2694582007382406,0.1399567738284241,0.1399567738284241,0.1399567738284241,-4.553835193181773,-4.5538351931322,0.1399567738284241,-0.012265270048154918,0.09219138053917662,0.09219138053917662,-0.28084465908959877,-0.6395298227163899,0.1399567738284241,0.029304400681143476,0.09187643282559642,0.42120034013958796,0.1399567738284241,0.1399567738284241,0.1399567738284241,-5.070065662170549,0.1399567738284241,0.1399567738284241,0.1399567738284241,-4.51183209323102,0.1399567738284241,-4.651867921014197,-0.7189854417680218,0.13995677382842386,0.13995677382842361,0.13995677382842361,0.139956773828424,0.1399567738284241,0.1399567738284241,0.1684979922542379,0.168497992254238,0.13995677382842384,0.1399567738284241,0.1399567738284241,0.1399567738284241,0.1399567738284243,0.1399567738284241,-0.5277887199514997,0.13995677382842237,0.13995677382842187,0.1399567738284241,0.1399567738284241,0.1399567738284241,0.1399567738284241,0.1399567738284241,0.1399567738284241,0.1399567738284241,0.1399567738284241,0.1399567738284241,0.1399567738284241,0.1399567738284241,0.1399567738284241,0.1399567738284241,0.1399567738284241,0.13995677382842187,0.13995677382842212,0.1399567738284241,0.13995677382842386,0.1399567738284241,0.1399567738284241,0.1399567738284241,0.1399567738284241,0.1399567738284241,0.1399567738284241,0.1399567738284241,0.1399567738284241,0.1399567738284241,0.1399567738284241,0.1399567738284241,0.1399567738284241,0.13995677382842212,0.13995677382842187,0.1399567738284241,0.1399567738284241,0.1399567738284241,0.1399567738284241,0.1399567738284241,0.1399567738284241,0.1399567738284241,0.1399567738284241,0.1399567738284241,0.1399567738284241,0.1399567738284241,0.1399567738284241,0.1399567738284241,0.1399567738284241,0.1399567738284241,0.15362304153472647,0.1399567738284241,-0.10030958453805827,0.1399567738284241,0.1399567738284241,0.14005775366496084,0.1399567738284241,0.18392277778303753,0.1399567738284241,0.13995677382844487,0.13995677382846655,0.1399567738284241,5.269615427169852,0.13995677382842256,0.19246407253425452,0.1399567738284241,0.1924640725342544,0.1399567738284241,0.13995677382842256,0.1399567738284241,0.13995677382846655,0.15362304153472647,0.1399567738284241,0.1399567738284241
Eki2vivo_Mlc,0.47430385734858727,0.5635681071338601,0.5635681071338597,0.3209579432971518,0.26988250874686054,0.224538417326855,0.224538417326855,0.27511919790890504,0.22453841732685573,0.224538417326855,0.224538417326855,0.2698825087468603,0.224538417326855,0.224538417326855,0.224538417326855,0.224538417326855,0.27511919790890493,-0.37987100704867277,-0.37987100704867277,-0.312822213853545,-0.7240002147138478,0.224538417326855,-0.4554403982892615,-5.028747624931497,0.224538417326855,0.224538417326855,0.224538417326855,-0.08641318444650123,0.224538417326855,0.224538417326855,0.224538417326855,-4.840158660662898,-4.840158660662898,0.17641804868203217,0.487017680877366,0.487017680877366,0.48701768087736585,0.5217707882937157,0.8394628080906046,0.224538417326855,0.740599428696376,0.49086203905698766,0.5031966444552469,0.224538417326855,0.224538417326855,0.224538417326855,0.224538417326855,0.224538417326855,0.224538417326855,0.224538417326855,-4.672477729251817,0.224538417326855,-4.076799942339904,0.13475470430198525,0.224538417326855,0.22453841732685523,0.224538417326855,0.22453841732685373,0.224538417326855,0.224538417326855,0.20921941861610444,0.20921941861610455,0.22453841732685,0.224538417326855,0.224538417326855,0.224538417326855,0.224538417326855,0.224538417326855,0.684904747848437,0.22453841732685534,0.22453841732685534,0.22453841732685534,0.22453841732685534,0.224538417326855,0.22453841732685534,-0.06683235622434847,0.22453841732544172,0.224538417326855,0.224538417326855,0.224538417326855,0.224538417326855,0.224538417326855,0.224538417326855,0.224538417326855,0.224538417326855,0.22453841732685534,0.22453841732685534,0.22453841732685534,0.22453841732685534,0.224538417326855,0.22453841732685534,-0.06683235622434847,0.224538417326855,0.224538417326855,0.224538417326855,0.224538417326855,0.224538417326855,0.224538417326855,0.224538417326855,0.224538417326855,0.22453841732455124,0.22453841732685534,0.22453841732685534,0.22453841732685534,0.22453841732685534,0.224538417326855,0.22453841732685534,-0.06683235622434847,0.224538417326855,0.224538417326855,0.224538417326855,0.224538417326855,0.224538417326855,0.224538417326855,0.224538417326855,0.224538417326855,0.224538417326855,0.224538417326855,0.22453841732685512,0.224538417326855,-0.0348653226073924,0.2245384173268566,0.224538417326855,0.2245384173268449,0.224538417326855,0.20073214802481365,0.224538417326855,0.2245384173268372,0.22453841732681923,-3.936023905141484,-2.232876156018981,0.22453841732685617,0.1690241400711893,0.224538417326855,0.16902414007118938,0.224538417326855,0.22453841732685617,0.224538417326855,0.22453841732681923,0.22453841732685523,0.224538417326855,0.22453841732685487
Eki2vivo_ModE,0.3712687776448529,0.6919558443418966,0.6919558443418965,0.27810760074216617,0.23840066872800753,0.20325953024139917,0.20325953024139917,0.2398877814790385,0.2032595302414014,0.20325953024139917,0.20325953024139917,0.2384006687280076,0.20325953024139917,0.20325953024139917,0.20325953024139917,0.20325953024139917,0.2398877814790389,-0.1986007620023468,-0.1986007620023469,-0.11721753774420025,-0.272218197160063,0.20325953024139917,-0.17994302413760865,-0.4337569069021863,0.20325953024139917,0.20325953024139917,0.20325953024139917,0.0023724948223310767,0.20325953024139917,0.20325953024139917,0.20325953024139917,-4.597234425604132,-4.597234425604132,0.20325953024139917,0.6913292257125764,0.6913292257125765,0.6913292257125764,1.083863428233332,0.20325953024139917,-4.271544969602622,0.875032152978248,0.6949373509220315,0.5390154836560668,0.20325953024139917,0.20325953024139917,0.20325953024139917,0.20325953024139917,0.20325953024139917,0.20325953024139917,0.20325953024139917,-4.527005103260553,0.20325953024139917,-4.198720841306869,0.2317674493816818,0.20325953024139917,0.20325953024139917,0.20325953024139917,0.20325953024140073,0.20325953024139917,0.20325953024139917,0.21761653235200107,0.21761653235200115,0.20325953024140478,0.20325953024139917,0.20325953024139917,0.20325953024139917,0.20325953024139917,0.20325953024139917,0.20325953024122959,0.2584882222914211,0.25848822229142127,0.2032595302413427,0.2032595302413427,0.2032595302413427,0.20325953024137483,0.20325953024138715,0.20325953024139917,0.20325953024139917,0.20325953024139917,0.20325953024139917,0.20325953024139917,0.20325953024139917,0.20325953024139917,0.20325953024139917,0.20325953024139917,0.2584882222914211,0.25848822229142127,0.2032595302413427,0.2032595302413427,0.2032595302413427,0.20325953024137483,0.20325953024138715,0.20325953024139917,0.20325953024139917,0.20325953024139917,0.20325953024139917,0.20325953024139917,0.20325953024139917,0.20325953024139917,0.20325953024139917,0.20325953024087112,0.2584882222914211,0.2584882222914209,0.2032595302413427,0.2032595302413427,0.2032595302413427,0.20325953024137483,0.20325953024138715,0.20325953024139917,0.20325953024139917,0.20325953024139917,0.20325953024139917,0.20325953024139917,0.20325953024139917,0.20325953024139917,0.20325953024139917,0.20325953024139917,0.20325953024139917,0.20325953024139984,0.20325953024139917,-0.03459901727762289,0.2032595302414005,0.20325953024139917,0.20325953024136975,0.2032595302413987,0.22556647148887987,0.20325953024139917,0.2032595302413564,0.20325953024131985,-4.74976224714945,-3.1625659325678015,0.20325953024139964,0.2552406268129076,0.20325953024139917,0.2552406268129076,0.20325953024139917,0.20325953024139964,0.20325953024139917,0.20325953024131985,0.20325953024139995,0.20325953024139917,0.20325953024139937
Eki2vivo_NagC,0.21913371182032992,0.21615134238449696,0.2161513423844971,0.21652948076868433,0.20206445956275704,0.1900612430506373,0.1900612430506373,0.20471419964584958,0.1900612430506373,-0.7422841854866129,0.1900612430506373,0.20206445956275726,0.1900612430506373,0.1900612430506373,0.1900612430506373,0.1900612430506373,0.20471419964584958,0.16153140321126597,0.16153140321126613,0.20624776955423538,0.20986006669448473,0.1900612430506373,0.20790329455977086,0.21229871355391253,0.207903294559771,0.1900612430506373,0.1900612430506373,0.20208527573986743,0.1900612430506373,0.1900612430506373,0.1900612430506373,-5.71137546363952,-5.711375463848676,0.3165449055127381,0.18865982638513445,0.18865982638513445,0.18865982638513432,0.1886598263851344,-5.730859543521133,0.1900612430506373,-0.09641951092110461,0.18863087399062178,0.18727754459035773,0.1900612430506373,0.1900612430506373,0.1900612430506373,0.1900612430506373,0.1900612430506373,0.1900612430506373,0.1900612430506373,-5.984543188105745,0.1900612430506373,0.1900612430506373,0.04982451853252319,0.1900612430506373,0.19006124305063696,0.19006124305063696,0.19006124305063607,0.1900612430506373,0.1900612430506373,0.17103118576313808,0.17103118576313808,0.19006124305063307,0.1900612430506373,0.1900612430506373,0.1900612430506373,0.19006124305063754,0.1900612430506373,0.3293988340986416,-0.05645487141808658,-0.05645487141808658,-0.05645487141808658,-0.05645487141808658,-0.05645487141808658,-0.05645487141808547,0.7869234407669515,0.1900612430506373,0.1900612430506373,0.1900612430506373,0.1900612430506373,0.1900612430506373,0.1900612430506373,0.1900612430506373,0.1900612430506373,0.1900612430506373,-0.05645487141808658,-0.05645487141808658,-0.05645487141808658,-0.05645487141808658,-0.05645487141808658,-0.05645487141808609,0.7869234407669515,0.1900612430506373,0.1900612430506373,0.1900612430506373,0.1900612430506373,0.1900612430506373,0.1900612430506373,0.1900612430506373,0.1900612430506373,0.1900612430506373,-0.05645487141808658,-0.05645487141808658,-0.05645487141808658,-0.05645487141808658,-0.05645487141808658,-0.05645487141808609,0.7869234407669515,0.1900612430506373,0.1900612430506373,0.1900612430506373,0.1900612430506373,0.1900612430506373,0.1900612430506373,0.1900612430506373,0.1900612430506373,0.1900612430506373,0.1900612430506373,0.17386846198055775,0.1900612430506373,-0.1252177178756038,0.1900612430506373,0.1900612430506373,0.19006124305062122,0.1900612430506373,0.1604936270932799,0.1900612430506373,1.1927167282220779,0.19006124305058536,0.1900612430506373,0.19006124304987468,0.19006124305063593,0.1211608497972006,0.1900612430506373,0.1211608497972006,0.1900612430506373,0.19006124305063593,0.1900612430506373,0.1900612430505856,0.17386846198055775,0.1900612430506373,0.1900612430506373
Eki2vivo_NarP,0.31870236483442116,0.20114131298205687,0.20114131298205698,0.20104215659158434,0.20507188289542402,0.20815341983230995,0.20815341983230995,0.15754667401054992,0.20815341983231042,-0.14027391278085835,0.20815341983230995,0.20507188289542397,0.20815341983230995,0.20815341983230995,0.20815341983230995,0.20815341983230995,0.15754667401054984,0.03974495978922399,0.03974495978922399,-0.28334342638752213,-0.6692228432606825,0.20815341983230995,-0.41661305808557225,-4.773702010849542,-0.41661305808557225,0.20815341983230995,0.20815341983230995,-0.07369608005563826,0.20815341983230995,0.20815341983230995,0.20815341983230995,0.4686558294830563,0.4686558294830568,-5.599316977125968,0.2918738538406666,0.2918738538406666,0.29187385384066683,0.3830102225445622,0.20815341983230995,0.20815341983230973,0.7705559353494091,0.6058426924046534,0.6985688190339051,0.20815341983230995,0.20815341983230995,0.20815341983230995,0.20815341983230995,0.20815341983230995,0.20815341983230995,0.20815341983230995,-4.528897363848217,0.20815341983230995,-3.9517624236736597,-0.014907802145057419,0.20815341983230792,0.2081534198323082,0.2081534198323082,0.20815341983231153,0.20815341983230995,0.20815341983230995,0.5699123412505746,0.5699123412505746,0.20815341983231525,0.20815341983230995,0.20815341983230995,0.20815341983230995,0.20815341983230995,0.20815341983230995,-1.0794314089381232,0.20815341983230995,0.20815341983231025,0.20815341983231025,0.20815341983230995,0.20815341983230995,0.20815341983230995,0.20815341983230995,0.20815341983230995,0.20815341983230995,0.20815341983230995,0.20815341983230995,0.20815341983230995,0.20815341983230995,0.20815341983230995,0.20815341983230995,0.20815341983230995,0.20815341983231025,0.20815341983231025,0.20815341983230995,0.20815341983230995,0.20815341983230995,0.20815341983230995,0.20815341983230995,0.20815341983230995,0.20815341983230995,0.20815341983230995,0.20815341983230995,0.20815341983230995,0.20815341983230995,0.20815341983230995,0.20815341983230995,0.20815341983230995,0.20815341983231025,0.20815341983230995,0.20815341983231025,0.20815341983230995,0.20815341983230995,0.20815341983230995,0.20815341983230995,0.20815341983230995,0.20815341983230995,0.20815341983230995,0.20815341983230995,0.20815341983230995,0.20815341983230995,0.20815341983230995,0.20815341983230995,0.20815341983230995,0.20815341983230995,0.22148468782843161,0.20815341983230995,0.20815341983230995,0.20815341983230995,0.20815341983230995,0.20815341983230032,0.20815341983231042,0.6873510634381874,0.20815341983230995,0.2081534198322937,0.20815341983227742,-4.49149501645599,-4.491990396180452,0.20815341983229804,0.7159033813900018,0.20815341983230995,0.7159033813900016,0.20815341983230995,0.20815341983229804,0.20815341983230995,0.20815341983227764,0.22148468782843161,0.20815341983230995,0.2081534198322992
Eki2vivo_NsrR,-0.05314536203291188,0.19202769184241866,0.19202769184241866,0.04266868167108274,0.1261830703434864,0.19202769184241866,0.19202769184241866,0.12189749111223186,0.19202769184241866,0.031990221804964344,0.19202769184241866,0.1261830703434864,0.19202769184241866,0.19202769184241866,0.19202769184241866,0.19202769184241866,0.12189749111223191,1.0403078226937976,1.0403078226937974,0.19202769184241866,0.19202769184241866,0.19202769184241866,0.19202769184241866,0.19202769184241866,0.19202769184241866,0.19202769184241866,-3.4419881296708645,0.5406478118003899,-2.9710928602881146,-3.3410726814073453,-2.9710928602881146,0.8074259507559063,0.8074259507559063,-4.477927809635087,0.2819795635089821,0.2819795635089821,0.28197956350898207,-0.24552646719092103,-0.5571326216663619,0.19202769184241866,0.2999027185697528,0.2824301959197004,0.4267026418954261,0.19202769184241866,0.19202769184241866,0.19202769184241866,-4.015326611606269,0.19202769184241866,0.19202769184241866,0.19202769184241866,-3.294838106843746,0.19202769184241866,-3.25155997814653,-3.998322664336264,0.19202769184241866,0.19202769184241866,0.19202769184241866,0.19202769184241866,0.19202769184241866,0.19202769184241866,0.1810375618598902,0.18103756185989012,0.19202769184241922,0.19202769184241866,0.19202769184241866,0.19202769184241866,0.19202769184241866,0.19202769184241866,-0.17796240735461322,0.19202769184241866,0.19202769184241866,0.19202769184241866,0.19202769184241866,0.19202769184241866,0.19202769184241866,0.4598155924583518,0.19202769184241866,0.19202769184241866,0.19202769184241866,0.19202769184241866,0.19202769184241866,0.19202769184241866,0.19202769184241866,0.19202769184241866,0.19202769184105234,0.19202769184241866,0.19202769184241866,0.19202769184241866,0.1920276918424189,0.19202769184241866,0.19202769184241866,0.4598155924583518,0.1920276918415835,0.19202769184241866,0.19202769184241866,0.19202769184241866,0.19202769184241866,0.19202769184241866,0.19202769184241866,0.19202769184241866,0.19202769184241866,0.19202769184241866,0.19202769184241866,0.19202769184241866,0.19202769184241866,0.19202769184241866,0.19202769184241866,0.4598155924583518,0.19202769184241866,0.19202769184241866,0.19202769184241866,0.19202769184241866,0.19202769184241866,0.19202769184241866,0.19202769184241866,0.19202769184241866,0.19202769184241866,0.19202769184241866,0.19202769184241866,0.19202769184241866,0.003938961173401622,0.1920276918424198,0.19202769184241866,0.1920276918424361,0.19202769184241866,0.1752489966270922,0.19202769184241866,0.14904152756017788,0.19202769184245808,0.19202769184241866,4.286475282245441,0.19202769184241866,0.1920276918424542,0.19202769184241866,0.1920276918424542,0.19202769184241866,0.19202769184241866,0.19202769184241866,0.192027691842458,0.19202769184241866,0.19202769184241866,0.19202769184241866
Eki2vivo_NtrC,0.20732340115683978,0.44535724758018025,0.4453572475801806,0.21098873732372544,0.1886147854928406,0.16987160821247485,0.16987160821247485,0.190154284469107,0.16987160821247485,0.16987160821247485,0.16987160821247485,0.1886147854928406,0.16987160821247485,0.16987160821247485,0.16987160821247485,0.16987160821247485,0.190154284469107,0.12387445583033717,0.12387445583033717,0.20720597850172967,0.21696828576814725,0.16987160821247485,0.21160514709501047,0.22391386102340535,0.21160514709501058,0.16987160821247485,0.16987160821247485,0.19666890351408972,0.16987160821247485,0.16987160821247485,0.16987160821247485,-5.386394446973848,-5.386394446973848,0.16987160821247485,0.49078576302812355,0.4907857630281235,0.4907857630281235,0.37226920245668055,0.16987160821247485,-5.077393673799116,0.5467233320143956,0.4942809756960995,0.5883564844855537,0.16987160821247485,0.16987160821247485,0.16987160821247485,0.16987160821247485,0.16987160821247485,0.16987160821247485,0.16987160821247485,-5.168561682568588,0.16987160821247485,-4.919891800288551,-0.8576580803839325,0.16987160821247485,0.16987160821247457,0.16987160821247457,0.16987160821247435,0.16987160821247485,0.16987160821247485,0.17007928682138218,0.17007928682138204,0.16987160821247305,0.16987160821247485,0.16987160821247485,0.16987160821247485,0.16987160821247485,0.16987160821247485,0.16987160821247485,0.16987160821247485,0.16987160821247485,0.16987160821247485,0.16987160821247485,0.16987160821247485,0.16987160821247485,0.16987160821247518,0.16987160821247485,0.16987160821247485,0.16987160821247485,0.16987160821247485,0.16987160821247485,0.16987160821247485,0.16987160821247485,0.16987160821247485,0.16987160821247485,0.16987160821247485,0.16987160821247485,0.16987160821247485,0.16987160821247485,0.16987160821247485,0.16987160821247485,0.16987160821247485,0.16987160821247485,0.16987160821247485,0.16987160821247485,0.16987160821247485,0.16987160821247485,0.16987160821247485,0.16987160821247485,0.16987160821247485,0.16987160821247485,0.16987160821247485,0.16987160821247485,0.16987160821247485,0.16987160821247485,0.16987160821247485,0.16987160821247485,0.16987160821247485,0.16987160821247485,0.16987160821247485,0.16987160821247485,0.16987160821247485,0.16987160821247485,0.16987160821247485,0.16987160821247485,0.16987160821247485,0.16987160821247485,0.16987160821247485,0.16987160821247496,0.16987160821247485,-0.10856827172557591,0.16987160821247632,0.16987160821247485,0.169871608212467,0.16987160821247485,0.17019133499184405,0.16987160821247485,0.16987160821246367,0.1698716082124523,0.580925177480288,0.5810569459038744,0.1698716082124743,0.16987160821245342,0.16987160821247485,0.16987160821245342,0.16987160821247485,0.1698716082124743,0.16987160821247485,0.16987160821245242,0.16987160821247496,0.16987160821247485,0.16987160821247468
Eki2vivo_OgrK,0.06888336377632455,0.10937193785102056,0.1093719378510204,0.042104237546999775,0.11011154631458518,0.15480001225676723,0.15480001225676723,0.10646763502732313,0.15480001225676734,0.21256297511345792,0.15480001225676723,0.11011154631458524,0.15480001225676723,0.15480001225676723,0.15480001225676723,0.15480001225676723,0.10646763502732332,0.23784724009882968,0.2378472400988296,0.010093317531171417,-0.05106608574364835,0.15480001225676723,-0.015603204837495194,-0.10563468487977097,0.15480001225676723,0.15480001225676723,0.15480001225676723,0.06205583269224242,0.15480001225676723,0.15480001225676723,0.15480001225676723,0.49559735196918075,0.4955973519691806,-6.236353356380311,0.6692501793387049,0.6692501793387049,0.6692501793387048,0.3426030126191271,0.15480001225676723,-4.642660809605672,0.9547499374880413,0.67420221187214,0.7895880493929831,0.15480001225676723,0.15480001225676723,0.15480001225676723,0.15480001225676723,0.15480001225676723,0.15480001225676723,0.15480001225676723,-4.573198051942292,0.15480001225676723,-4.751805993056359,-5.478719217163093,0.15480001225676754,0.15480001225676754,0.15480001225676754,0.15480001225676818,0.15480001225676723,0.15480001225676723,0.15480001225678075,0.15480001225678067,0.15480001225677112,0.15480001225676723,0.15480001225676723,0.15480001225676723,0.15480001225676723,0.15480001225676723,0.15480001225676593,0.15480001225676723,0.15480001225676693,0.15480001225676723,0.15480001225676693,0.15480001225676723,0.15480001225676723,0.15480001225676723,0.15480001225676723,0.15480001225676723,0.15480001225676723,0.15480001225676723,0.15480001225676723,0.15480001225676723,0.15480001225676723,0.15480001225676723,0.15480001225676723,0.15480001225676723,0.15480001225676723,0.15480001225676723,0.15480001225676693,0.15480001225676693,0.15480001225676723,0.15480001225676723,0.15480001225676723,0.15480001225676723,0.15480001225676723,0.15480001225676723,0.15480001225676723,0.15480001225676723,0.15480001225676723,0.15480001225676723,0.15480001225676723,0.15480001225676723,0.15480001225676723,0.15480001225676723,0.15480001225676693,0.15480001225676723,0.15480001225676723,0.15480001225676723,0.15480001225676723,0.15480001225676723,0.15480001225676723,0.15480001225676723,0.15480001225676723,0.15480001225676723,0.15480001225676723,0.15480001225676723,0.15480001225676723,0.15480001225676723,0.154800012256767,0.15480001225676723,0.15480001225676723,0.15480001225676723,0.15480001225676723,0.15480001225677584,0.15480001225676723,0.15480001225678724,0.15480001225676723,0.15480001225679177,0.15480001225679985,0.8732395381784757,0.6704156186150858,0.15480001225676723,0.1548000122567966,0.15480001225676723,0.1548000122567966,0.15480001225676723,0.15480001225676723,0.15480001225676723,0.15480001225679973,0.154800012256767,0.15480001225676723,0.154800012256767
Eki2vivo_OmpR,0.3380998886838724,0.3403326383642488,0.34033263836424926,0.34072330847741605,0.3223470780169698,0.30440072543527946,0.30440072543527946,0.3236012985090266,0.30440072543527946,0.42930766767399886,0.30440072543527946,0.3223470780169698,0.30440072543527946,0.30440072543527946,0.30440072543527946,0.30440072543527946,0.3236012985090265,-3.608804997963918,-3.608804997963918,0.30440072543527946,0.30440072543527946,0.30440072543527946,0.30440072543527946,0.30440072543527946,0.30440072543527946,0.30440072543527946,0.3044007254352821,0.30440072543527885,0.30440072543528424,0.30440072543528107,0.30440072543528457,-3.608804997963918,-3.608804997963918,0.30440072543527946,0.1997119437386481,0.19971194373864806,0.19971194373864806,0.21776938123126638,-3.2780989222335117,0.30440072543527946,0.18197479518780355,0.19925487167701406,0.4688967709236641,0.30440072543527946,0.30440072543527946,0.30440072543527946,0.30440072543527946,0.30440072543527946,0.30440072543527946,0.30440072543527946,-3.2530679309921617,0.30440072543527946,-3.5452095220994275,0.18747469469838782,0.30440072543527924,0.30440072543527924,0.30440072543527924,0.30440072543528,0.30440072543527946,0.30440072543527946,0.30440072543528507,0.3044007254352851,0.3044007254352815,0.30440072543527946,0.30440072543527946,0.30440072543527946,0.30440072543527963,0.30440072543527946,0.45931112487306935,0.30440072543527946,0.3044007254352797,0.3044007254352797,0.30440072543527946,0.30440072543527946,0.30440072543527946,-2.7849086419228457,0.30440072543527946,0.30440072543527946,0.30440072543527946,0.30440072543527946,0.30440072543527946,0.30440072543527946,0.30440072543527946,0.30440072543527946,0.30440072543527946,0.3044007254352797,0.30440072543527946,0.3044007254352797,0.30440072543527946,0.30440072543527946,0.30440072543527946,-2.784908641922845,0.30440072543527946,0.30440072543527946,0.30440072543527946,0.30440072543527946,0.30440072543527946,0.30440072543527946,0.30440072543527946,0.30440072543527946,0.30440072543527946,0.30440072543527946,0.3044007254352797,0.3044007254352797,0.30440072543527946,0.30440072543527946,0.30440072543527946,-2.7849086419228457,0.30440072543527946,0.30440072543527946,0.30440072543527946,0.30440072543527946,0.30440072543527946,0.30440072543527946,0.30440072543527946,0.30440072543527946,0.30440072543527946,0.30440072543527946,0.3044007254352794,0.30440072543527946,0.11363871270961737,0.30440072543527946,0.30440072543527946,0.30440072543528296,0.3044007254352791,0.30440072543528784,0.30440072543527946,0.30440072543528596,0.3044007254352929,-3.214887395735249,-3.2154199117641094,0.30440072543527946,0.3044007254352918,0.30440072543527946,0.30440072543529173,0.30440072543527946,0.3044007254352807,0.30440072543527946,0.3044007254352929,0.3044007254352793,0.30440072543527946,0.3044007254352797
Eki2vivo_OxyR,0.19800463439191615,0.5034884770247756,0.5034884770247755,0.21189923947976452,0.18835951864962489,0.16859729878869845,0.16859729878869845,0.1899120305808535,0.16859729878869859,0.16859729878869845,0.16859729878869845,0.18835951864962489,0.16859729878869845,0.16859729878869845,0.16859729878869845,0.16859729878869845,0.1899120305808535,0.13150970653287827,0.13150970653287822,0.22913435513865685,0.24442166854238015,0.16859729878869845,0.2360497007381458,0.25516958639358606,0.2360497007381458,0.16859729878869845,0.16859729878869845,0.2123895148519909,0.16859729878869845,0.16859729878869845,0.16859729878869845,-6.100804839458518,-6.100804839458518,0.16859729878869845,0.10683953623619108,0.10683953623619123,0.10683953623619091,0.16859729878869759,0.16859729878869845,0.16859729878869845,0.24430915825991614,0.10576227452676633,0.12353921640883199,0.16859729878869845,0.16859729878869845,0.16859729878869845,0.16859729878869845,0.16859729878869845,0.16859729878869845,0.16859729878869845,-6.029612286471741,0.16859729878869845,-5.174383219138701,-0.024556224469412715,0.16859729878869872,0.16859729878869845,0.16859729878869872,0.1685972987886968,0.16859729878869845,0.16859729878869845,0.16859729878868662,0.16859729878868662,0.1685972987886924,0.16859729878869845,0.16859729878869845,0.16859729878869845,0.16859729878869845,0.16859729878869845,0.16859729878869845,0.16859729878869845,0.16859729878869845,0.16859729878869845,0.16859729878869845,0.16859729878869845,0.16859729878869845,0.16859729878869845,0.16859729878869845,0.16859729878869845,0.16859729878869845,0.16859729878869845,0.16859729878869845,0.16859729878869845,0.16859729878869845,0.16859729878869845,0.16859729878869845,0.16859729878869845,0.16859729878869845,0.16859729878869845,0.16859729878869845,0.16859729878869814,0.16859729878869845,0.16859729878869845,0.16859729878869845,0.16859729878869845,0.16859729878869845,0.16859729878869845,0.16859729878869845,0.16859729878869845,0.16859729878869845,0.16859729878869845,0.16859729878869845,0.16859729878869845,0.16859729878869845,0.16859729878869845,0.16859729878869845,0.16859729878869814,0.16859729878869845,0.16859729878869845,0.16859729878869845,0.16859729878869845,0.16859729878869845,0.16859729878869845,0.16859729878869845,0.16859729878869845,0.16859729878869845,0.16859729878869845,0.16859729878869845,0.16859729878869845,0.16859729878869872,0.16859729878869845,-0.14621483379921615,0.1685972987887004,0.16859729878869845,0.16859729878869067,0.16859729878869845,0.1685972987886817,0.16859729878869845,0.1685972987886854,0.16859729878867175,0.024786256603329657,0.024905398103781357,0.16859729878869845,0.1685972987886741,0.16859729878869845,0.16859729878867422,0.16859729878869845,0.16859729878869845,0.16859729878869845,0.16859729878867175,0.16859729878869872,0.16859729878869845,0.16859729878869825
Eki2vivo_PdhR,0.03746146673842569,0.1793718473325457,0.1793718473325458,0.16383305506316143,0.15010989158236174,0.13828832891989493,0.13828832891989493,0.14985300591394962,0.13828832891989504,0.3820587306601661,0.13828832891989493,0.15010989158236174,0.13828832891989493,0.13828832891989493,0.13828832891989493,0.13828832891989493,0.1498530059139494,0.3567603295722025,0.3567603295722026,0.7299023038565025,1.1587186893546269,0.13828832891989493,0.8799118574604327,0.13828832891989493,0.13828832891989493,0.13828832891989493,0.13828832891989493,0.4872685181665232,0.13828832891989493,0.13828832891989493,0.13828832891989493,-5.422411396544663,-5.422411396472361,0.13828832891989493,-0.01802124529917578,-0.018021245299175707,-0.01802124529917578,-0.42897820468181697,-0.8535496472730747,0.13828832891989493,-0.012856894453496541,-0.019090211268206963,0.23081011117416564,0.13828832891989493,0.13828832891989493,0.13828832891989493,-5.697138922923238,0.13828832891989493,0.13828832891989493,0.13828832891989493,-4.394466736054117,0.13828832891989493,-4.366505894996583,-0.5624342681669169,0.13828832891989493,0.13828832891989468,0.13828832891989468,0.1382883289198943,0.13828832891989493,0.13828832891989493,0.15364517481796905,0.15364517481796905,0.13828832891989237,0.13828832891989493,0.13828832891989493,0.13828832891989493,0.13828832891989493,0.13828832891989493,-0.8204947799750225,0.5520844839294767,0.5520844839294764,0.5520844839294771,0.5520844839294771,0.5520844839294771,0.43349855967055045,0.13828832891989493,0.13828832891750836,0.13828832891989493,0.13828832891989493,0.13828832891989493,0.13828832891989493,0.13828832891989493,0.13828832891989493,0.13828832891989493,0.13828832891989493,0.5520844839294767,0.5520844839294764,0.5520844839294771,0.5520844839294771,0.5520844839294771,0.43349855967055045,0.13828832891989493,0.13828832891989493,0.13828832891989493,0.13828832891989493,0.13828832891989493,0.13828832891989493,0.13828832891989493,0.13828832891989493,0.13828832891989493,0.1382883289175608,0.5520844839294767,0.5520844839294764,0.5520844839294771,0.5520844839294771,0.5520844839294771,0.43349855967055045,0.13828832891989493,0.13828832891989493,0.13828832891989493,0.13828832891989493,0.13828832891989493,0.13828832891989493,0.13828832891989493,0.13828832891989493,0.13828832891989493,0.13828832891989493,0.13828832891989493,0.13828832891989457,0.13828832891989493,-0.12453397879051847,0.13828832891989654,0.13828832891989493,0.13839878874965042,0.13828832891989493,0.16173372010070658,0.13828832891989493,0.0782224448354482,0.13828832891985368,0.13828832891989493,0.13828832891989493,0.13828832891989434,0.13828832891985737,0.13828832891989493,0.13828832891985757,0.13828832891989493,0.13828832891989434,0.13828832891989493,0.13828832891985368,0.13828832891989462,0.13828832891989493,0.1382883289198939
Eki2vivo_PerR,0.3125011215526128,0.13922377937903788,0.13922377937903754,0.13712485156024973,0.21139250784337868,0.25890126018200826,0.25890126018200826,0.2073337355616257,0.2589012601820083,-4.020239208307234,0.25890126018200826,0.21139250784337868,0.25890126018200826,0.25890126018200826,0.25890126018200826,0.25890126018200826,0.2073337355616258,0.20320772445550633,0.20320772445550633,-0.8891168001284134,-4.100244380760962,0.25890126018200826,-3.889288745419122,-3.8011014955135125,-3.889288745419122,0.25890126018200826,0.25890126018200826,-0.17570317338683963,0.25890126018200826,0.25890126018200826,0.25890126018200826,0.7679151309214024,0.7679151309214025,0.442899286057715,0.5018741313741812,0.5018741313741814,0.5018741313741814,0.5815797866920133,-3.4460827753108974,0.25890126018200826,0.6667924262873751,0.5047895335593083,0.5388402881623907,0.25890126018200826,0.25890126018200826,0.25890126018200826,0.25890126018200826,0.25890126018200826,0.25890126018200826,0.25890126018200826,-3.516011583661018,0.25890126018200826,-3.4740881820903837,0.17068711269819012,0.25890126018200793,0.25890126018200793,0.25890126018200804,0.2589012601820076,0.25890126018200826,0.25890126018200826,0.2580477697829956,0.2580477697829956,0.2589012601820056,0.25890126018200826,0.25890126018200826,0.25890126018200826,0.25890126018200826,0.25890126018200826,-0.13281110488826964,0.25890126018200826,0.25890126018200826,0.25890126018200826,0.25890126018200826,0.25890126018200826,0.2589012601820085,0.5424110949454821,0.25890126018200826,0.25890126018200826,0.25890126018200826,0.25890126018200826,0.25890126018200826,0.25890126018200826,0.25890126018200826,0.25890126018200826,0.25890126018200826,0.25890126018200826,0.25890126018200826,0.25890126018200804,0.25890126018200826,0.25890126018200826,0.2589012601820085,0.5424110949454821,0.25890126018200826,0.25890126018200826,0.25890126018200826,0.25890126018200826,0.25890126018200826,0.25890126018200826,0.25890126018200826,0.25890126018200826,0.25890126018200826,0.25890126018200826,0.25890126018200826,0.25890126018200826,0.25890126018200826,0.25890126018200826,0.2589012601820085,0.5424110949454821,0.25890126018200826,0.25890126018200826,0.25890126018200826,0.25890126018200826,0.25890126018200826,0.25890126018200826,0.25890126018200826,0.25890126018200826,0.25890126018200826,0.25890126018200826,0.2589012601820083,0.25890126018200826,0.25890126018200826,0.2589012601820095,0.25890126018200826,0.2589012601820196,0.25890126018200876,0.2575637939153451,0.25890126018200826,0.25890126018202547,0.2589012601820435,-3.339392167511603,-2.0512102003484136,0.2589012601820078,0.25728868460638776,0.25890126018200826,0.25728868460638776,0.25890126018200826,0.2589012601820078,0.25890126018200826,0.2589012601820435,0.2589012601820083,0.25890126018200826,0.25890126018200826
Eki2vivo_Pgi,0.14723523365590446,1.6441998882333804,1.6441998882333804,0.2519063912368223,0.19290411792291567,0.14723523365590446,0.14723523365590446,0.19725439780304793,0.07640321962712748,0.9924295425806947,0.14723523365590446,0.1929041179229156,0.14723523365590446,0.14723523365590446,0.14723523365590446,0.14723523365590446,0.19725439780304782,0.07640321962712736,0.07640321962712748,0.2689649719118333,0.3022094352286095,0.14723523365590446,0.2838603047203428,0.3262989069311083,0.28386030472034307,0.14723523365590446,0.14723523365590446,0.23380860043130539,0.14723523365590446,0.14723523365590446,0.14723523365590446,-5.8817880134214935,-5.8817880134214935,0.014126899599261738,-0.1475331244820619,-0.1475331244820619,-0.1475331244820619,-0.06865255941054382,-5.136317224161404,0.14723523365590446,-0.22697259469698558,-0.15025767494838616,-0.16717617323019707,0.14723523365590446,0.14723523365590446,0.14723523365590446,0.14723523365590446,0.14723523365590446,0.14723523365590446,0.14723523365590446,-5.950680990170545,0.14723523365590446,0.14723523365590446,-0.13950292149664645,0.1472352336559053,0.14723523365590493,0.14723523365590493,0.14723523365590616,0.14723523365590446,0.14723523365590446,0.1472352336558969,0.1472352336558969,0.14723523365591001,0.14723523365590446,0.14723523365590446,0.14723523365590446,0.14723523365590446,0.14723523365590446,-0.43694414071983184,0.14723523365590446,0.14723523365590446,0.14723523365590446,0.14723523365590446,0.14723523365590446,0.14723523365590446,0.5700585385095535,0.14723523365590446,0.14723523365590446,0.14723523365590446,0.14723523365590446,0.14723523365590446,0.14723523365590446,0.14723523365590446,0.14723523365590446,0.14723523365590446,0.14723523365590446,0.147235233655904,0.147235233655904,0.14723523365590446,0.14723523365590446,0.14723523365590446,0.5700585385095535,0.14723523365590446,0.14723523365590446,0.14723523365590446,0.14723523365590446,0.14723523365590446,0.14723523365590446,0.14723523365590446,0.14723523365590446,0.14723523365590446,0.14723523365590446,0.14723523365590446,0.14723523365590446,0.14723523365590446,0.14723523365590446,0.14723523365590446,0.5700585385095535,0.14723523365590446,0.14723523365590446,0.14723523365590446,0.14723523365590446,0.14723523365590446,0.14723523365590446,0.14723523365590446,0.14723523365590446,0.14723523365590446,0.14723523365590446,0.147235233655904,0.14723523365590446,0.4442314114182871,0.14723523365590446,0.14723523365590446,0.14723523365589355,0.14723523365590446,0.1472352336558916,0.14723523365590446,0.1472352336558937,0.1472352336558821,-0.19335059656634207,-0.1934681092871214,0.14723523365590332,0.14723523365588423,0.14723523365590446,0.1472352336558844,0.14723523365590446,0.14723523365590332,0.14723523365590446,0.14723523365588254,0.1472352336559041,0.14723523365590446,0.1472352336559042
Eki2vivo_PhoB,0.23032750132826632,0.25129834342816154,0.2512983434281623,0.25205543023747656,0.22420363831213702,0.20134616370977818,0.20134616370977818,0.22623877588927374,0.20134616370977856,0.4431748781016964,0.20134616370977818,0.22420363831213702,0.20134616370977818,0.20134616370977818,0.20134616370977818,0.20134616370977818,0.22623877588927374,0.16977835245393666,0.16977835245393666,0.277323175009209,0.2976085369346579,0.20134616370977818,0.28644058903332853,0.3121606330707901,0.28644058903332853,0.20134616370977818,0.20134616370977818,0.2556350605530061,0.20134616370977818,0.20134616370977818,0.20134616370977818,-5.752053270702823,-5.752053270702823,-1.559609903029299,0.10860898150219231,0.10860898150219225,0.10860898150219225,0.1086089815021898,-0.12280814639792377,0.20134616370977818,0.018786825862986262,0.10658574611847968,0.16362889928855295,0.20134616370977818,0.20134616370977818,0.20134616370977818,-4.0762255059903225,0.20134616370977818,0.20134616370977818,0.20134616370977818,-5.38460728110184,0.20134616370977818,-4.693104370812398,0.08067009227137863,0.20134616370977926,0.20134616370977926,0.20134616370977926,0.20134616370977818,0.20134616370977818,0.20134616370977818,0.20173450785140404,0.2017345078514039,0.20134616370977734,0.20134616370977818,0.20134616370977818,0.20134616370977818,0.20134616370977818,0.20134616370977818,0.20134616370977818,0.20134616370977818,0.20134616370977818,0.20134616370977818,0.20134616370977818,0.20134616370977856,0.20134616370977818,0.20134616370977818,0.20134616370923766,0.20134616370977818,0.20134616370977818,0.20134616370977818,0.20134616370977818,0.20134616370977818,0.20134616370977818,0.20134616370977818,0.20134616370977818,0.20134616370977818,0.20134616370977818,0.20134616370977818,0.20134616370977818,0.20134616370977818,0.20134616370977818,0.20134616370977856,0.20134616370977818,0.20134616370977818,0.20134616370977818,0.20134616370977818,0.20134616370977818,0.20134616370977818,0.20134616370977818,0.20134616370977818,0.20134616370911743,0.20134616370977818,0.20134616370977818,0.20134616370977818,0.20134616370977818,0.20134616370977856,0.20134616370977818,0.20134616370977818,0.20134616370977818,0.20134616370977818,0.20134616370977818,0.20134616370977818,0.20134616370977818,0.20134616370977818,0.20134616370977818,0.20134616370977818,0.20134616370977818,0.20134616370977818,0.20134616370977843,0.20134616370977818,0.201346163709778,0.20134616370977998,0.20134616370977818,0.20134616370978772,0.20134616370977818,0.20194421044332403,0.20134616370977818,0.20134616370979172,0.20134616370980465,0.20134616370977818,0.2013461637104101,0.20134616370977818,0.20269461502306352,0.20134616370977818,0.20269461502306363,0.20134616370977818,0.20134616370977818,0.20134616370977818,0.20134616370980465,0.20134616370977831,0.20134616370977818,0.20134616370977818
Eki2vivo_PrpR,0.28227779228027877,0.2485693579070372,0.24856935790703735,0.24906025458474754,0.22865761465367268,0.21293744073993312,0.21293744073993312,0.22985086128893997,0.2129374407399332,0.001149097292092995,0.21293744073993312,0.2286576146536728,0.21293744073993312,0.21293744073993312,0.21293744073993312,0.21293744073993312,0.22985086128893975,0.0752594286904046,0.07525942869040467,-0.1910806824480469,-0.23524036185730404,0.21293744073993312,-0.06808820254384158,-3.936622288084815,-0.06808820254384142,0.21293744073993312,0.21293744073993312,-0.18540455411126003,0.21293744073993312,0.21293744073993312,0.21293744073993312,0.4988860253256138,0.49888602532561366,-5.462538454225651,0.23598107474813093,0.23598107474813093,0.23598107474813093,0.990232034710889,0.21293744073993312,0.21293744073993312,0.24027579184485753,0.23609441277982668,0.05639107946274104,0.21293744073993312,0.21293744073993312,0.21293744073993312,0.21293744073993312,0.21293744073993312,0.21293744073993312,0.21293744073993312,-4.0182114604167385,0.21293744073993312,-4.649421896116873,0.21293744073993312,0.2129374407399335,0.2129374407399335,0.2129374407399335,0.212937440739933,0.21293744073993312,0.21293744073993312,0.21293744073991056,0.2129374407399105,0.21293744073993273,0.21293744073993312,0.21293744073993312,0.21293744073993312,0.21293744073993312,0.21293744073993312,0.21293744073993204,0.2129374407399334,0.2129374407399334,0.21293744073993312,0.2129374407399334,0.2129374407399334,0.21293744073993312,0.21293744073993312,0.21293744073993312,0.21293744073993312,0.21293744073993312,0.21293744073993312,0.21293744073993312,0.21293744073993312,0.21293744073993312,0.21293744073993312,0.21293744073993312,0.2129374407399334,0.2129374407399334,0.2129374407399334,0.2129374407399334,0.2129374407399334,0.21293744073993312,0.21293744073993312,0.21293744073993312,0.21293744073993312,0.21293744073993312,0.21293744073993312,0.21293744073993312,0.21293744073993312,0.21293744073993312,0.21293744073993312,0.21293744073993312,0.2129374407399334,0.2129374407399334,0.21293744073993312,0.2129374407399334,0.2129374407399334,0.21293744073993312,0.21293744073993312,0.21293744073993312,0.21293744073993312,0.21293744073993312,0.21293744073993312,0.21293744073993312,0.21293744073993312,0.21293744073993312,0.21293744073993312,0.21293744073993312,0.21293744073993312,0.21293744073993312,0.21293744073993312,0.21293744073993312,0.21293744073993312,0.21293744073993312,0.21293744073990686,0.21293744073993312,0.21293744073989782,0.21293744073993312,0.2129374407398921,0.2129374407398495,-5.073588712419851,-5.0736413702951255,0.21293744073993426,0.2129374407398904,0.21293744073993312,0.2129374407398904,0.21293744073993312,0.21293744073993426,0.21293744073993312,0.2129374407398495,0.21293744073993312,0.21293744073993312,0.21293744073993312
Eki2vivo_PspC,0.370964488178362,0.2646496968577581,0.2646496968577583,0.26534869549929,0.2366197165335226,0.21376523730473118,0.21376523730473118,0.21327749748639957,0.2137652373047313,-0.11512561295257173,0.21376523730473118,0.2366197165335226,0.21376523730473118,0.21376523730473118,0.21376523730473118,0.21376523730473118,0.21327749748639943,-0.07221443882981844,-0.07221443882981855,-0.2384327776735014,-0.6133669275958575,0.21376523730473118,-0.36667542013169113,-4.703866817467788,-0.36667542013169113,0.21376523730473118,0.21376523730473118,-0.04065673599296697,0.21376523730473118,0.21376523730473118,0.21376523730473118,0.1711258848316957,0.1711258848316957,0.21376523730473118,0.19388744131971267,0.19388744131971267,0.19388744131971267,0.690616777882046,-4.4168324107154815,0.21376523730473118,0.14907542671920132,0.19374886949757875,0.08446513854733803,0.21376523730473118,0.21376523730473118,0.21376523730473118,0.21376523730473118,0.21376523730473118,0.21376523730473118,0.21376523730473118,-4.512350789576566,0.21376523730473118,-4.033617604809765,0.897782378764888,0.21376523730473168,0.21376523730473168,0.21376523730473168,0.2137652373047328,0.21376523730473118,0.21376523730473118,0.45296539239419853,0.45296539239419853,0.21376523730473623,0.21376523730473118,0.21376523730473118,0.21376523730473118,0.21376523730473118,0.21376523730473118,0.21376523730473462,0.21376523730473151,0.21376523730473151,0.21376523730473151,0.21376523730473168,0.21376523730473151,0.2137652373047316,0.21376523730472993,0.21376523730292676,0.21376523730473118,0.21376523730473118,0.21376523730473118,0.21376523730473118,0.21376523730473118,0.21376523730473118,0.21376523730473118,0.21376523730473118,0.21376523730473151,0.21376523730473151,0.21376523730473151,0.21376523730473151,0.21376523730473151,0.2137652373047316,0.21376523730472993,0.21376523730473118,0.21376523730473118,0.21376523730473118,0.21376523730473118,0.21376523730473118,0.21376523730473118,0.21376523730473118,0.21376523730473118,0.21376523730252517,0.21376523730473151,0.21376523730473151,0.21376523730473151,0.21376523730473151,0.21376523730473151,0.2137652373047316,0.21376523730472993,0.21376523730473118,0.21376523730473118,0.21376523730473118,0.21376523730473118,0.21376523730473118,0.21376523730473118,0.21376523730473118,0.21376523730473118,0.21376523730473118,0.21376523730473118,0.21376523730473104,0.21376523730473118,0.21376523730473118,0.21376523730473118,0.21376523730473118,0.21376523730475558,0.21376523730473118,0.5436405169356263,0.21376523730473118,0.21376523730476638,0.21376523730480168,-5.234535460498709,-5.234631115821454,0.21376523730473052,0.5606325309220443,0.21376523730473118,0.5606325309220446,0.21376523730473118,0.21376523730473118,0.21376523730473118,0.213765237304802,0.21376523730473104,0.21376523730473118,0.21376523730473118
Eki2vivo_PurR,0.06721967593783927,0.005429894515223233,0.005429894515223017,0.005980330275806798,-0.018323345420452594,-0.04060611404613564,-0.04060611404613564,-0.01666272190094991,-0.04060611404613555,0.1595829251560363,-0.04060611404613564,-0.018323345420452556,-0.04060611404613564,-0.04060611404613564,-0.04060611404613564,-0.04060611404613564,-0.01666272190094991,-2.5835545029815656,-2.5835545029815656,-2.5401050764219844,-2.4030148267830715,-0.04060611404613564,-2.2933611848005784,-2.229626149805054,-2.2933611848005784,-0.04060611404613564,-0.04060611404613564,-0.27199632374832117,-0.04060611404613564,-0.04060611404613564,-0.04060611404613564,-2.25552515536663,-2.25552515536663,-2.3240558862392517,-0.023886982749113644,-0.023886982749113602,-0.023886982749113644,-0.20051717252772028,-0.2921888054101344,-0.04060611404613564,-0.03701915556932809,-0.023774635275323034,0.07760425749415978,-0.04060611404613564,-0.04060611404613564,-0.04060611404613564,-0.40538329560545977,-0.04060611404613564,-0.04060611404613564,-0.04060611404613564,-2.2528681040675687,-0.04060611404613564,-1.8962282135929052,-2.518172164498588,-0.040606114046135844,-0.040606114046135844,-0.040606114046135844,-0.04060611404613571,-0.04060611404613564,-0.04060611404613564,-0.04060611404613571,-0.04060611404613571,-0.04060611404613564,-0.04060611404613564,-0.04060611404613564,-0.04060611404613564,-0.04060611404613564,-0.04060611404613564,-0.729250154552491,-0.04060611404613564,1.9374104384014745,1.9374104384014748,1.9374104384014748,1.9374104383967647,1.8879267840830443,1.887926784083044,-0.040606114046273366,-0.04060611407940796,-0.04060611404613564,-0.04060611404613564,-0.04060611404613564,-0.04060611404613564,-0.04060611404613564,-0.04060611404613564,-0.04060611404613564,1.9374104384014745,1.9374104384014748,1.9374104384014748,-0.04060611404613564,1.937410438396564,1.8879267840830443,1.8879267840830443,-0.04060611404613564,-0.04060611404613564,-0.04060611404613564,-0.04060611404613564,-0.04060611404613564,-0.04060611404613564,-0.04060611404613564,-0.04060611404613564,-0.04060611404613564,1.9374104384014745,1.9374104384014748,1.9374104384014748,-0.04060611404613564,1.937410438396564,1.8879267840830443,1.8879267840830443,-0.04060611404613564,-0.04060611404613564,-0.04060611404613564,-0.04060611404613564,-0.04060611404613564,-0.04060611404613564,-0.04060611404613564,-0.04060611404613564,-0.04060611404613564,-0.04060611404613564,-0.04060611404613564,-0.04060611404613564,-0.04060611404613564,-0.04060611404613564,-0.04060611404613564,-0.04060611404613524,-0.04060611404613542,-0.04060611404613571,-0.04060611404613564,-0.39048142999271107,-0.040606114046134484,-0.04060611404613564,1.6374073702213678,-0.0406061140461366,-0.040606114046135934,-0.04060611404613564,-0.040606114046135976,-0.04060611404613564,-0.0406061140461366,-0.04060611404613564,-0.040606114046134484,-0.04060611404613564,-0.04060611404613564,-0.04060611404613564
Eki2vivo_QseB,0.2367137564404253,0.23217475832013545,0.23217475832013568,0.23295304592916646,0.19994330629500737,0.17258039322673926,0.17258039322673926,0.194818825190423,0.172580393226739,0.2731512292700511,0.17258039322673926,0.19994330629500737,0.17258039322673926,0.17258039322673926,0.17258039322673926,0.17258039322673926,0.19481882519042287,0.09480073862851907,0.09480073862851891,0.2098319620258809,0.21900265919520182,0.17258039322673926,0.21399232358701842,0.22539253677536306,0.2139923235870187,0.17258039322673926,0.17258039322673926,0.19967690322005158,0.17258039322673926,0.17258039322673926,0.17258039322673926,-6.1941594821467065,-6.19415948193208,0.17258039322673926,0.07303330238688359,0.07303330238688344,0.07303330238688344,0.17258039322673768,0.17258039322673926,0.17258039322673926,-0.013736395183147712,0.0716209210776887,0.07324455562908765,0.17258039322673926,0.17258039322673926,0.17258039322673926,0.17258039322673926,0.17258039322673926,0.17258039322673926,0.17258039322673926,-5.83318376595415,0.17258039322673926,-5.171762707780676,-0.006483526299395591,0.17258039322673843,0.17258039322673843,0.17258039322673843,0.1725803932267375,0.17258039322673926,0.17258039322673926,0.2724813340026476,0.2724813340026476,0.17258039322673413,0.17258039322673926,0.17258039322673926,0.17258039322673926,0.17258039322673951,0.17258039322673926,0.1725803932267366,0.17258039322673963,0.17258039322673963,0.1725803932267399,0.17258039322673963,0.17258039322673963,0.17258039322674001,0.17258039322673963,0.17258039322673926,0.17258039322673926,0.17258039322673926,0.17258039322673926,0.17258039322673926,0.17258039322673926,0.17258039322673926,0.17258039322673926,0.17258039322673926,0.17258039322673963,0.1725803932267399,0.1725803932267399,0.17258039322673963,0.17258039322673963,0.17258039322673951,0.17258039322673963,0.17258039322673926,0.17258039322673926,0.17258039322673926,0.17258039322673926,0.17258039322673926,0.17258039322673926,0.17258039322673926,0.17258039322673926,0.17258039322673926,0.17258039322673963,0.17258039322673963,0.1725803932267399,0.17258039322673963,0.17258039322673963,0.17258039322673951,0.17258039322673951,0.17258039322673926,0.17258039322673926,0.17258039322673926,0.17258039322673926,0.17258039322673926,0.17258039322673926,0.17258039322673926,0.17258039322673926,0.17258039322673926,0.17258039322673926,0.17258039322673926,0.17258039322673926,-0.13949128555620513,0.17258039322673926,0.17258039322673926,0.1311788341250315,0.17258039322673926,0.3346742635111018,0.17258039322673926,0.17258039322663643,0.17258039322653215,-0.013837981664262944,-0.013736395183147097,0.17258039322673793,0.4053027784986784,0.17258039322673926,0.4053027784986786,0.17258039322673926,0.17258039322673793,0.17258039322673926,0.17258039322653235,0.17258039322673926,0.17258039322673926,-0.021378577285147395
Eki2vivo_RcsA,-0.06528125913939865,-0.11100417955216203,-0.11100417955216203,-0.11363615532137124,-0.010733911672207878,0.05834653746192329,0.05834653746192329,-0.017772475650321605,0.05834653746192329,0.14017420183766063,0.05834653746192329,-0.010733911672207944,0.05834653746192329,0.05834653746192329,0.05834653746192329,0.05834653746192329,-0.01777247565032167,0.17913448035202087,0.17913448035202095,-0.17923857113159442,-0.27346065908213346,0.05834653746192329,-0.2191847653485109,-0.35530434442651865,-0.2191847653485108,0.05834653746192329,0.05834653746192329,-0.09663913764649414,0.05834653746192329,0.05834653746192329,0.05834653746192329,0.6870248186624388,0.6870248186624394,0.05834653746192329,0.9346336427878391,0.9346336427878389,0.9346336427878389,0.18843050424741198,0.6156735213114747,-5.516116695456596,1.3574952614083753,0.9461386185848384,1.4031129492727816,0.05834653746192329,0.05834653746192329,0.05834653746192329,0.05834653746192329,0.05834653746192329,0.05834653746192329,0.05834653746192329,0.05834653746192329,0.05834653746192329,-5.643786607549032,-6.829371762003113,0.0583465374619231,0.05834653746192279,0.05834653746192279,0.058346537461921096,0.05834653746192329,0.05834653746192329,0.07698144109008315,0.07698144109008315,0.05834653746191632,0.05834653746192329,0.05834653746192329,0.05834653746192329,0.05834653746192329,0.05834653746192329,-0.7996850262396661,0.05834653746192354,0.05834653746192329,0.05834653746192354,0.05834653746192329,0.05834653746192297,0.05834653746192297,0.05834653746192329,0.05834653746192329,0.05834653746192329,0.05834653746192329,0.05834653746192329,0.05834653746192329,0.05834653746192329,0.05834653746192329,0.05834653746192329,0.05834653746192329,0.05834653746192329,0.05834653746192354,0.05834653746192304,0.05834653746192329,0.05834653746192329,0.05834653746192297,0.05834653746192329,0.05834653746192329,0.05834653746192329,0.05834653746192329,0.05834653746192329,0.05834653746192329,0.05834653746192329,0.05834653746192329,0.05834653746192329,0.05834653746192329,0.05834653746192329,0.05834653746192354,0.05834653746192329,0.05834653746192329,0.05834653746192329,0.05834653746192297,0.05834653746192329,0.05834653746192329,0.05834653746192329,0.05834653746192329,0.05834653746192329,0.05834653746192329,0.05834653746192329,0.05834653746192329,0.05834653746192329,0.05834653746192329,0.05834653746192329,0.05834653746192354,0.05834653746192329,0.05834653746193795,0.05834653746192329,0.05834653746192329,0.058346537461886123,0.0583465374619226,0.08730020207867874,0.05834653746192329,0.058346537461865945,0.05834653746180846,0.05834653746192329,4.783384233951851,0.05834653746192329,0.12581627383751076,0.05834653746192329,0.12581627383751076,0.05834653746192329,0.05834653746192329,0.05834653746192329,0.058346537461808214,0.05834653746192329,0.05834653746192329,0.05834653746192354
Eki2vivo_RcsB,0.08589959528803541,0.09368553230461076,0.09368553230461091,0.09254095030626704,0.13596113409281574,0.16971038133002342,0.16971038133002342,0.1549682723672766,-5.313883590368406,1.147243457448798,0.16971038133002342,0.13596113409281585,0.16971038133002342,0.16971038133002342,0.16971038133002342,0.16971038133002342,0.1549682723672766,0.3104374523988991,0.3104374523988992,0.4377859330319039,0.15202583478374856,0.16971038133002342,0.15618025065205887,0.1441897054098723,0.156180250652059,0.16971038133002342,0.16971038133002342,0.5675076545385971,0.16971038133002342,0.16971038133002342,0.16971038133002342,-4.300092169983896,-4.300092169983896,-0.15484099680973498,0.28341399187548655,0.28341399187548666,0.28341399187548644,-0.14377949695752723,0.16971038133002342,0.16971038133002342,0.3255233680653327,0.2843520489204695,0.4519712186025871,0.16971038133002342,0.16971038133002342,0.16971038133002342,0.16971038133002342,0.16971038133002342,0.16971038133002342,0.16971038133002342,-4.0498742475758736,0.16971038133002342,-4.134682754600487,-4.8490932685325925,0.1697103813300236,0.1697103813300236,0.1697103813300236,0.16971038133002414,0.16971038133002342,0.16971038133002342,-0.034703466980701786,-0.034703466980701723,0.16971038133002606,0.16971038133002342,0.16971038133002342,0.16971038133002342,0.16971038133002342,0.16971038133002342,0.5656579367806942,0.16971038133002342,0.16971038133002342,0.16971038133002342,0.16971038133002372,0.16971038133002372,0.1697103813300238,-0.08088966403871382,0.16971038133002342,0.16971038133002342,0.16971038133002342,0.16971038133002342,0.16971038133002342,0.16971038133002342,0.16971038133002342,0.16971038133002342,0.16971038133002342,0.16971038133002342,0.16971038133002342,0.16971038133002342,0.16971038133002372,0.16971038133002372,0.1697103813300238,-0.08088966403871382,0.16971038133002342,0.16971038133002342,0.16971038133002342,0.16971038133002342,0.16971038133002342,0.16971038133002342,0.16971038133002342,0.16971038133002342,0.16971038133002342,0.16971038133002342,0.16971038133002342,0.16971038133002342,0.16971038133002372,0.16971038133002372,0.1697103813300238,-0.08088966403871382,0.16971038133002342,0.16971038133002342,0.16971038133002342,0.16971038133002342,0.16971038133002342,0.16971038133002342,0.16971038133002342,0.16971038133002342,0.16971038133002342,0.16971038133002342,0.1563646119260585,0.16971038133002342,-0.053396292526854884,0.16971038133002342,0.16971038133002342,0.1697103813300225,0.16971038133002397,-0.11712700983062573,0.16971038133002342,0.8792390755596164,0.16971038133001912,0.16971038133002342,3.5827097408924224,0.16971038133002242,-0.15752603425153588,0.16971038133002342,-0.15752603425153597,0.16971038133002342,0.16971038133002242,0.16971038133002342,0.16971038133001912,0.15636461192605852,0.16971038133002342,0.16971038133002342
Eki2vivo_RpoD,0.22160865304681393,0.2792249134006595,0.27922491340065975,0.28018802209167554,0.2453116336812171,0.2183679984668044,0.2183679984668044,0.24769910038515613,0.21836799846680452,0.5980560438456552,0.2183679984668044,0.24531163368121722,0.2183679984668044,0.2183679984668044,0.2183679984668044,0.2183679984668044,0.24769039138996457,0.2147671881166978,0.2147671881166978,0.2677729896162282,0.4464810827027,0.2183679984668044,0.4139431190725978,0.49231985043302645,0.4139431190725979,0.2183679984668044,0.2183679984668044,0.14745809414062158,0.2183679984668044,0.2183679984668044,0.2183679984668044,-5.010199539455363,-5.010199539455363,0.22173196588851132,0.01757428730721979,0.01757428730721971,0.01757428730721979,0.017574287307219865,-4.931145685731119,0.2183679984668044,-3.3808662072224815,-0.07702641137891009,0.013219330740357728,0.2183679984668044,0.2183679984668044,0.2183679984668044,0.2183679984668044,0.2183679984668044,0.2183679984668044,0.2183679984668044,-4.969405192863236,0.2183679984668044,-4.660105542166874,0.08790271379905366,0.21836799846680413,0.21836799846680413,0.21836799846680413,0.21836799846680519,0.2183679984668044,0.2183679984668044,0.21836799846682706,0.21836799846682706,0.21836799846680766,0.2183679984668044,0.2183679984668044,0.2183679984668044,0.2183679984668044,0.2183679984668044,0.2183679984668044,0.2183679984668044,0.2183679984668044,0.2183679984668044,0.2183679984668044,0.2183679984668044,0.2183679984668044,0.2183679984668044,0.21836799846580113,0.2183679984668044,0.2183679984668044,0.2183679984668044,0.2183679984668044,0.2183679984668044,0.2183679984668044,0.2183679984668044,0.2183679984668044,0.2183679984668044,0.2183679984668044,0.2183679984668044,0.2183679984668044,0.2183679984668044,0.2183679984668044,0.2183679984668044,0.2183679984668044,0.2183679984668044,0.2183679984668044,0.2183679984668044,0.2183679984668044,0.2183679984668044,0.2183679984668044,0.2183679984668044,0.2183679984655778,0.2183679984668044,0.2183679984668044,0.2183679984668044,0.2183679984668044,0.2183679984668044,0.2183679984668044,0.2183679984668044,0.2183679984668044,0.2183679984668044,0.2183679984668044,0.2183679984668044,0.2183679984668044,0.2183679984668044,0.2183679984668044,0.2183679984668044,0.2183679984668044,0.2183679984668044,0.21836799846680427,0.2183679984668044,0.21695729303306235,0.2183679984668044,0.2183679984668044,0.16848828687686163,0.21836799846680366,0.21836799846683927,0.2183679984668044,0.21836799846684532,0.21836799846688706,0.2183679984668044,-1.5791603919005786,0.21836799846680377,0.218367998466846,0.2183679984668044,0.218367998466846,0.2183679984668044,0.21836799846680377,0.2183679984668044,0.21836799846688706,0.21836799846680427,0.2183679984668044,0.2183679984668044
Eki2vivo_RpoS,0.09877285267988357,0.1553026818641289,0.15530268186412893,0.15409495169466225,0.20010108108153138,0.23621699373863392,0.23621699373863392,0.19803733204382618,-4.742291394081203,0.8820806804216593,0.23621699373863392,0.20010108108153138,0.23621699373863392,0.23621699373863392,0.23621699373863392,0.23621699373863392,0.19803733204382606,0.5543703849363538,0.5543703849363538,0.9120244313498534,0.23621699373863392,0.23621699373863392,0.9292276301283161,0.23621699373863392,0.9292276301283162,0.23621699373863392,-3.081772812604321,0.7891173737202336,0.23621699373863392,-3.2962219485846314,0.23621699373863392,-3.9465440107921035,-3.9465440107921035,-0.08437569986899159,0.19089511908923784,0.19089511908923792,0.19089511908923792,-0.1942875048628061,0.23621699373863392,-3.5483015777194677,0.14905904419529264,0.19059055615257642,0.42017044319845787,0.23621699373863392,0.23621699373863392,0.23621699373863392,0.23621699373863392,0.23621699373863392,0.23621699373863392,0.23621699373863392,-3.473324490437044,0.23621699373863392,-3.585763759923635,-4.292501372400859,0.23621699373863425,0.23621699373863425,0.23621699373863425,0.23621699373863383,0.23621699373863392,0.23621699373863392,0.22433719285235446,0.22433719285235446,0.23621699373863364,0.23621699373863392,0.23621699373863392,0.23621699373863392,0.23621699373863392,0.23621699373863392,0.5932313534321302,0.23621699373863392,0.23621699373863392,0.23621699373863392,0.23621699373863408,0.23621699373863392,0.23621699373863417,0.010259531004842889,0.23621699373863392,0.23621699373863392,0.23621699373863392,0.23621699373863392,0.23621699373863392,0.23621699373863392,0.23621699373863392,0.23621699373863392,0.23621699373863392,0.23621699373863392,0.23621699373863408,0.23621699373863408,0.23621699373863392,0.23621699373863392,0.23621699373863417,0.010259531004842889,0.23621699373863392,0.23621699373863392,0.23621699373863392,0.23621699373863392,0.23621699373863392,0.23621699373863392,0.23621699373863392,0.23621699373863392,0.23621699373863392,0.23621699373863392,0.23621699373863408,0.23621699373863392,0.23621699373863392,0.23621699373863392,0.23621699373863417,0.010259531004842889,0.23621699373863392,0.23621699373863392,0.23621699373863392,0.23621699373863392,0.23621699373863392,0.23621699373863392,0.23621699373863392,0.23621699373863392,0.23621699373863392,0.23621699373863392,0.22420732239967692,0.23621699373863392,0.03505064323166403,0.23621699373863506,0.23621699373863392,0.23621699373864047,0.23621699373863392,0.21775535416232836,0.23621699373863392,0.8759694039626397,0.23621699373865884,0.23621699373863392,0.23621699373863392,0.23621699373863483,0.19316595016180862,0.23621699373863392,0.19316595016180857,0.23621699373863392,0.23621699373863483,0.23621699373863392,0.236216993738659,0.2242073223996769,0.23621699373863392,0.23621699373863408
Eki2vivo_Rsd,0.44072881024466376,0.379131373139552,0.3791313731395519,0.3800391213251079,0.3392285680290118,0.30212817283856086,0.30212817283856086,0.34263514285913194,0.30212817283856086,0.6842641921311025,0.30212817283856086,0.33922856802901186,0.30212817283856086,0.30212817283856086,0.30212817283856086,0.30212817283856086,0.3426351428591319,-3.627388011314952,-3.627388011314952,-3.4873847380274157,-3.225393703190015,0.30212817283856086,-3.081015094913757,-2.91183643730199,-3.0810150949137567,0.30212817283856086,0.30212817283856086,0.012846110555628695,0.30212817283856086,0.30212817283856086,0.30212817283856086,-3.3061799772966523,-3.3061799772966523,0.30212817283856086,0.38187534786958205,0.38187534786958205,0.38187534786958205,0.09899521495862096,-0.0363945153245035,0.30212817283856086,0.4076344128966272,0.3824688895887285,0.6068825046391367,0.30212817283856086,0.30212817283856086,0.30212817283856086,-0.2234348402808985,0.30212817283856086,0.30212817283856086,0.30212817283856086,-2.989388077185443,0.30212817283856086,-3.051471561092703,-3.5795307009698,0.3021281728385611,0.3021281728385611,0.3021281728385611,0.3021281728385601,0.30212817283856086,0.30212817283856086,0.2917598427882984,0.2917598427882985,0.3021281728385585,0.30212817283856086,0.30212817283856086,0.30212817283856086,0.30212817283856086,0.30212817283856086,0.3021281728385601,0.30212817283856086,0.30212817283856086,0.30212817283856086,0.30212817283856086,0.30212817283856086,0.30212817283856086,0.30212817283856086,0.30212817283856086,0.30212817283856086,0.30212817283856086,0.30212817283856086,0.30212817283856086,0.30212817283856086,0.30212817283856086,0.30212817283856086,0.30212817283856086,0.30212817283856086,0.30212817283856086,0.30212817283856086,0.30212817283856086,0.30212817283856086,0.30212817283856064,0.30212817283856086,0.30212817283856086,0.30212817283856086,0.30212817283856086,0.30212817283856086,0.30212817283856086,0.30212817283856086,0.30212817283856086,0.30212817283856086,0.30212817283856086,0.30212817283856086,0.30212817283856086,0.30212817283856086,0.30212817283856086,0.30212817283856086,0.30212817283856086,0.30212817283856086,0.30212817283856086,0.30212817283856086,0.30212817283856086,0.30212817283856086,0.30212817283856086,0.30212817283856086,0.30212817283856086,0.30212817283856086,0.30212817283856086,0.30212817283856086,0.3021281728385609,0.30212817283856086,0.13035182136010956,0.30212817283856197,0.30212817283856086,0.3021281728385735,0.30212817283856086,0.2860185683804107,0.30212817283856086,0.30212817283858123,0.302128172838602,0.30212817283856086,0.30212817283856086,0.30212817283856047,0.2645885245268075,0.30212817283856086,0.2645885245268075,0.30212817283856086,0.30212817283856047,0.30212817283856086,0.3021281728386018,0.3021281728385609,0.30212817283856086,0.30212817283856086
Eki2vivo_RutR,-0.3637296969765116,-0.43425943005341905,-0.434259430053419,-0.44779322635090124,-0.02988789058361154,0.16496642416139304,0.16496642416139304,-0.047069511261396066,0.16496642416139304,-6.130784965703858,0.16496642416139304,-0.02988789058361154,0.16496642416139304,0.16496642416139304,0.16496642416139304,0.16496642416139304,-0.047069511261396066,0.9663307898482393,0.9663307898482391,0.16496642416139304,0.16496642416139304,0.16496642416139304,0.16496642416139304,0.16496642416139304,0.16496642416139304,0.16496642416139304,0.16496642416139626,0.1649664241613993,0.16496642416139942,0.16496642416139518,0.16496642416139942,0.9663307898482393,0.9663307898482391,0.16496642416139304,0.08217789340895895,0.08217789340895901,0.08217789340895895,-0.6319573389538417,-1.0829962820293308,0.16496642416139304,0.053161473401128055,0.06834313679877078,0.4594769841103283,0.16496642416139304,0.16496642416139304,0.16496642416139304,-5.686195629197809,0.16496642416139304,0.16496642416139304,0.16496642416139304,0.14670753753705942,0.16496642416139304,-5.21417647962541,-5.564006487570815,0.1649664241613928,0.1649664241613928,0.1649664241613928,0.16496642416139212,0.16496642416139304,0.16496642416139304,0.17999839364974463,0.17999839364974468,0.164966424161389,0.16496642416139304,0.16496642416139304,0.16496642416139304,0.16496642416139304,0.16496642416139304,-0.5271577741510258,0.16496642416139304,0.16496642416139304,0.16496642416139304,0.16496642416139365,0.16496642416139334,0.16496642416139334,0.16496642416139304,0.16496642416139304,0.16496642416139304,0.16496642416139304,0.16496642416139304,0.16496642416139304,0.16496642416139304,0.16496642416139304,0.16496642416139304,0.16496642416139304,0.16496642416139304,0.16496642416139334,0.16496642416139304,0.16496642416139334,0.16496642416139304,0.16496642416139334,0.16496642416139304,0.16496642416139304,0.16496642416139304,0.16496642416139304,0.16496642416139304,0.16496642416139304,0.16496642416139304,0.16496642416139304,0.16496642416139304,0.16496642416139304,0.16496642416139304,0.16496642416139304,0.16496642416139304,0.16496642416139365,0.16496642416139334,0.16496642416139334,0.16496642416139304,0.16496642416139304,0.16496642416139304,0.16496642416139304,0.16496642416139304,0.16496642416139304,0.16496642416139304,0.16496642416139304,0.16496642416139304,0.16496642416139304,0.16496642416139304,0.16496642416139326,0.16496642416139304,0.16496642416139304,0.16496642416139454,0.16496642416139304,0.12223279582973474,0.16496642416139304,0.18832206778943103,0.16496642416139304,0.16496642416139345,0.16496642416139384,1.4529887983310419,1.4529887983310414,0.16496642416139304,0.21939125793901082,0.16496642416139304,0.21939125793901074,0.16496642416139304,0.16496642416139304,0.16496642416139304,0.16496642416139426,0.16496642416139326,0.16496642416139304,0.16496642416139304
Eki2vivo_SdhC,-0.14224968510594374,-0.04397871646705831,-0.04397871646705845,-0.04669665102905436,0.07721884798255464,0.16799906006991586,0.16799906006991586,0.02706149060746594,0.16245445726451918,-5.511919257095006,0.16799906006991586,0.07721884798255464,0.16799906006991586,0.16799906006991586,0.16799906006991586,0.16799906006991586,0.027066866349232725,0.8945820883250164,0.8945820883250166,1.0068688361277314,0.16799906006991586,0.16799906006991586,0.16799906006991586,0.16799906006991586,0.16799906006991586,0.16799906006991586,-4.318453898828632,0.4799002580766053,-3.1660875778450546,-4.2836916947869295,-3.16608757784506,0.8422416136046064,0.8422416136046064,0.16799906006991586,0.16799906006991716,0.16799906006991716,0.16799906006991716,0.16799906006991716,0.16799906006991586,0.16799906006991586,0.16799906006991586,0.1679990600699068,1.5350083591116677,0.16799906006991586,0.16799906006991586,0.16799906006991586,0.16799906006991586,0.16799906006991586,0.16799906006991586,0.16799906006991586,-4.606395496698065,0.16799906006991586,-4.554116018742369,-0.02631903699497183,0.16799906006991586,0.1679990600699156,0.1679990600699156,0.16799906006991794,0.16799906006991586,0.16799906006991586,0.5314873082015578,0.5314873082015578,0.167999060069923,0.16799906006991586,0.16799906006991586,0.16799906006991586,0.16799906006991586,0.16799906006991586,0.16799906006991472,0.16799906006991616,0.16799906006991616,0.16799906006991616,0.16799906006991616,0.16799906006991616,0.16799906006991616,0.16799906006991616,0.16799906006991586,0.16799906006991586,0.16799906006991586,0.16799906006991586,0.16799906006991586,0.16799906006991586,0.16799906006991586,0.16799906006991586,0.16799906006991586,0.16799906006991616,0.16799906006991616,0.16799906006991586,0.16799906006991616,0.16799906006991616,0.16799906006991616,0.16799906006991616,0.16799906006991586,0.16799906006991586,0.16799906006991586,0.16799906006991586,0.16799906006991586,0.16799906006991586,0.16799906006991586,0.16799906006991586,0.16799906006991586,0.16799906006991616,0.16799906006991616,0.16799906006991616,0.16799906006991616,0.16799906006991616,0.16799906006991616,0.16799906006991616,0.16799906006991586,0.16799906006991586,0.16799906006991586,0.16799906006991586,0.16799906006991586,0.16799906006991586,0.16799906006991586,0.16799906006991586,0.16799906006991586,0.16799906006991586,0.6280607498198195,0.16799906006991586,0.16799906006991586,0.16799906006991733,0.16799906006991586,0.16799906006991294,0.16799906006991586,0.6540798412844981,0.16799906006991586,0.16799906006991058,0.167999060069905,0.16799906006991586,0.16799906006991586,0.16799906006991633,0.7112286677278655,0.16799906006991586,0.7112286677278651,0.16799906006991586,0.16799906006991633,0.16799906006991586,0.16799906006990517,0.6280607498198195,0.16799906006991586,0.16799906006991586
Eki2vivo_SdiA,0.2969332215837293,0.2723303383013521,0.2723303383013522,0.27292229018577735,0.24891924106207228,0.22819912167387102,0.22819912167387102,0.2653279997968171,0.22819912167387102,-0.4061350325907805,0.22819912167387102,0.24891924106207228,0.22819912167387102,0.22819912167387102,0.22819912167387102,0.22819912167387102,0.2653279997968171,0.11792410744524688,0.11792410744524694,0.19594180071687084,0.1855632022063656,0.22819912167387102,0.1913845656818503,0.17755385041204902,0.1913845656818503,0.22819912167387102,0.22819912167387102,0.2061318589466547,0.22819912167387102,0.22819912167387102,0.22819912167387102,-4.838889078443322,-4.838889078443322,-0.0016542045004457658,0.3904916636041044,0.39049166360410414,0.39049166360410414,0.44616958377151866,-4.589078553926786,0.22819912167387102,0.6554076183603345,0.39299569511903215,0.43681123593816173,0.22819912167387102,0.22819912167387102,0.22819912167387102,0.22819912167387102,0.22819912167387102,0.22819912167387102,0.22819912167387102,-4.804493658770029,0.22819912167387102,-4.407571190694922,0.09289393732142581,0.22819912167387102,0.22819912167387124,0.22819912167387124,0.2281991216738701,0.22819912167387102,0.22819912167387102,0.0808240655657711,0.0808240655657711,0.22819912167386827,0.22819912167387102,0.22819912167387102,0.22819912167387102,0.22819912167387102,0.22819912167387102,-0.22868223286059194,0.22819912167387102,0.22819912167387077,0.22819912167387102,0.22819912167387102,0.22819912167387102,0.22819912167387135,0.5173642166559586,0.22819912167387102,0.22819912167387102,0.22819912167387102,0.22819912167387102,0.22819912167387102,0.22819912167387102,0.22819912167387102,0.22819912167387102,0.22819912167387102,0.22819912167387102,0.22819912167387102,0.22819912167387102,0.22819912167387102,0.22819912167387102,0.22819912167387135,0.5173642166559582,0.22819912167387102,0.22819912167387102,0.22819912167387102,0.22819912167387102,0.22819912167387102,0.22819912167387102,0.22819912167387102,0.22819912167387102,0.22819912167387102,0.22819912167387102,0.22819912167387102,0.22819912167387102,0.22819912167387102,0.22819912167387102,0.22819912167387135,0.5173642166559582,0.22819912167387102,0.22819912167387102,0.22819912167387102,0.22819912167387102,0.22819912167387102,0.22819912167387102,0.22819912167387102,0.22819912167387102,0.22819912167387102,0.22819912167387102,0.22819912167387102,0.22819912167387102,-0.02924093033468578,0.22819912167387257,0.22819912167387102,0.2281991216738671,0.22819912167387102,0.017054446811580196,0.22819912167387102,0.22819912167386452,0.2281991216738577,-4.137044680254559,-2.4457730017610206,0.22819912167387163,-0.1588142104963177,0.22819912167387102,-0.1588142104963177,0.22819912167387102,0.22819912167387163,0.22819912167387102,0.2281991216738577,0.22819912167387113,0.22819912167387102,0.22819912167387102
Eki2vivo_SoxR,0.12160928016659915,0.08698569247542932,0.08698569247542909,-0.0038751727719009955,0.08741812553702084,0.15292600650331525,0.15292600650331525,0.05048698404670622,0.1529260065033154,-0.7483987620093753,0.15292600650331525,0.08741812553702084,0.15292600650331525,0.15292600650331525,0.15292600650331525,0.15292600650331525,0.05049775570610956,0.19475463198978785,0.1947546319897877,-0.4320810502165572,-0.9510133411869993,0.15292600650331525,-0.6072745238062164,-6.881057293908959,0.15292600650331525,0.15292600650331525,0.15292600650331525,-0.16867527346571673,0.15292600650331525,0.15292600650331525,0.15292600650331525,0.9386552040092174,0.9386552040092174,0.15292600650331525,0.13206474448791386,0.13206474448791386,0.13206474448791386,0.1320647444879137,0.15292600650331525,0.15292600650331525,0.21078848999434086,0.13186701293680114,0.2034464868444764,0.15292600650331525,0.15292600650331525,0.15292600650331525,0.15292600650331525,0.15292600650331525,0.15292600650331525,0.15292600650331525,-6.705275871550587,0.15292600650331525,-6.321064212973635,-0.16955385138880835,0.15292600650331525,0.15292600650331567,0.15292600650331567,0.1529260065033145,0.15292600650331525,0.15292600650331525,0.6706735654342041,0.670673565434204,0.1529260065033127,0.15292600650331525,0.15292600650331525,0.15292600650331525,0.15292600650331525,0.15292600650331525,0.15292600650331195,0.1529260065033149,0.1529260065033149,0.15292600650331525,0.1529260065033149,0.1529260065033149,0.15292600650331525,0.15292600650331525,0.1529260065020056,0.15292600650331525,0.15292600650331525,0.15292600650331525,0.15292600650331525,0.15292600650331525,0.15292600650331525,0.15292600650331525,0.15292600650331525,0.1529260065033149,0.15292600650331525,0.15292600650331445,0.1529260065033149,0.1529260065033149,0.15292600650331475,0.15292600650331525,0.15292600650331525,0.15292600650331525,0.15292600650331525,0.15292600650331525,0.15292600650331525,0.15292600650331525,0.15292600650331525,0.15292600650331525,0.1529260065017142,0.1529260065033149,0.15292600650331525,0.1529260065033149,0.1529260065033149,0.1529260065033149,0.15292600650331525,0.15292600650331525,0.15292600650331525,0.15292600650331525,0.15292600650331525,0.15292600650331525,0.15292600650331525,0.15292600650331525,0.15292600650331525,0.15292600650331525,0.1529260065017142,0.15292600650331525,0.26062888747563945,0.15292600650331525,0.15292600650331525,0.15292600650331745,0.15292600650331525,-0.020268509118884694,0.15292600650331445,1.3513962236695884,0.15292600650331525,0.15292600650336005,0.1529260065034063,0.15292600650331525,0.15292600650331525,0.15292600650331437,0.15292600650331525,0.15292600650331525,0.15292600650331525,0.15292600650331525,0.15292600650331437,0.15292600650331525,0.1529260065034066,0.2606288874756396,0.15292600650331525,-0.4811282586116715
Eki2vivo_SoxS,0.13075034553977602,0.21931475071533488,0.21931475071533482,0.28771243939412033,0.2971937516146499,0.30550174809922886,0.30550174809922886,0.2735942987460055,-4.120134938441645,0.6499832268238344,0.30550174809922886,0.2971937516146499,0.30550174809922886,0.30550174809922886,0.30550174809922886,0.30550174809922886,0.2735942987460055,0.30550174809922886,0.30550174809922886,0.30550174809922886,0.30550174809922886,0.30550174809922886,0.30550174809922886,0.30550174809922886,0.30550174809922886,0.30550174809922886,-3.2117465410396915,0.762482218316603,-2.7592756986039793,-3.1147797301733586,-2.7592756986039793,-3.454174896467674,-3.454174896442814,0.0081755101308597,-0.02723958372771741,-0.027239583727717304,-0.027239583727717204,-0.027239583727717204,-3.5019814181485907,0.30550174809922886,-3.501981418148591,0.1304372525944816,0.3596658950911399,0.30550174809922886,0.30550174809922886,0.30550174809922886,-3.392952517028906,0.30550174809922886,0.30550174809922886,0.30550174809922886,-3.0269717117954866,0.30550174809922886,-2.7670099762879565,0.24028184963788263,0.30550174809922825,0.3055017480992284,0.3055017480992284,0.3055017480992296,0.30550174809922886,0.30550174809922886,0.504293157149563,0.5042931571495631,0.3055017480992311,0.30550174809922886,0.30550174809922886,0.30550174809922886,0.30550174809922886,0.30550174809922886,0.23010379045460252,0.3055017480992291,0.30550174809922886,0.3055017480992291,0.3055017480992291,0.22395631988181974,0.30550174809922886,0.30550174809922886,0.30550174809922886,0.30550174809922886,0.30550174809922886,0.30550174809922886,0.30550174809922886,0.30550174809922886,0.30550174809922886,0.30550174809922886,0.30550174809922886,0.3055017480992291,0.3055017480992291,0.3055017480992291,0.30550174809922886,0.22395631988181974,0.30550174809922886,0.30550174809922886,0.30550174809922886,0.30550174809922886,0.30550174809922886,0.30550174809922886,0.30550174809922886,0.30550174809922886,0.30550174809922886,0.30550174809922886,0.30550174809922886,0.3055017480992291,0.30550174809922886,0.3055017480992291,0.3055017480992291,0.22395631988181974,0.30550174809922886,0.30550174809922886,0.30550174809922886,0.30550174809922886,0.30550174809922886,0.30550174809922886,0.30550174809922886,0.30550174809922886,0.30550174809922886,0.30550174809922886,0.30550174809922886,0.30550174809922886,0.30550174809922875,0.30550174809922886,0.12477263256992516,0.30550174809922886,0.30550174809922886,0.3736714445483315,0.30550174809922886,0.5764348200782526,0.30550174809922886,0.3055017480992145,0.30550174809920017,0.30550174809922886,0.3055017480994069,0.30550174809922886,0.591304458397473,0.30550174809922886,0.591304458397473,0.30550174809922886,0.30550174809922886,0.30550174809922886,0.30550174809920017,0.30550174809922875,0.30550174809922886,0.30550174809922886
Eki2vivo_SspA,-0.08713161035207338,0.2886395047782988,0.2886395047782982,-0.12340338031758012,0.03082513348514346,0.1333692376372057,0.1333692376372057,0.02120163111591939,0.1333692376372057,0.1333692376372057,0.1333692376372057,0.03082513348514346,0.1333692376372057,0.1333692376372057,0.1333692376372057,0.1333692376372057,0.02120163111591939,0.3718732164227897,0.37187321642278975,-0.13302616760721714,-0.259031460749092,0.1333692376372057,-0.18476303961148582,-0.38108690030564074,-0.18476303961148546,0.1333692376372057,0.1333692376372057,-0.03296373261690621,0.1333692376372057,0.1333692376372057,0.1333692376372057,1.0015922469698997,1.0015922469698997,0.1333692376372057,0.35770626912561904,0.35770626912561904,0.3577062691256192,0.13336923763720587,0.13336923763720515,0.1333692376372057,0.428272101220027,0.35932865389055135,0.4892060675152623,0.1333692376372057,0.1333692376372057,0.1333692376372057,0.1333692376372057,0.1333692376372057,0.1333692376372057,0.1333692376372057,-6.185217415554704,0.1333692376372057,-6.758792781508985,-7.2045972773665214,0.13336923763720543,0.13336923763720543,0.13336923763720543,0.13336923763720537,0.1333692376372057,0.1333692376372057,0.15403181730247706,0.15403181730247692,0.13336923763720523,0.1333692376372057,0.1333692376372057,0.1333692376372057,0.1333692376372057,0.1333692376372057,0.1333692376372057,0.1333692376372057,0.1333692376372057,0.13336923763720612,0.13336923763720657,0.13336923763720612,0.13336923763720612,0.13336923763720626,0.1333692376372057,0.1333692376372057,0.1333692376372057,0.1333692376372057,0.1333692376372057,0.1333692376372057,0.1333692376372057,0.1333692376372057,0.1333692376372057,0.1333692376372057,0.13336923763720612,0.13336923763720657,0.13336923763720612,0.13336923763720612,0.13336923763720657,0.13336923763720657,0.1333692376372057,0.1333692376372057,0.1333692376372057,0.1333692376372057,0.1333692376372057,0.1333692376372057,0.1333692376372057,0.1333692376372057,0.1333692376372057,0.1333692376372057,0.1333692376372057,0.13336923763720657,0.13336923763720612,0.13336923763720612,0.13336923763720612,0.13336923763720657,0.1333692376372057,0.1333692376372057,0.1333692376372057,0.1333692376372057,0.1333692376372057,0.1333692376372057,0.1333692376372057,0.1333692376372057,0.1333692376372057,0.1333692376372057,0.133369237637206,0.1333692376372057,-0.20895595136312944,0.13336923763720782,0.1333692376372057,0.1333692376371909,0.13336923763720723,0.16547333733431854,0.1333692376372057,0.13336923763718242,0.13336923763715994,0.48238542085833824,0.3227522604828385,0.13336923763720412,0.20818029047834352,0.1333692376372057,0.20818029047834363,0.1333692376372057,0.13336923763720412,0.1333692376372057,0.13336923763715958,0.133369237637206,0.1333692376372057,0.13336923763720543
Eki2vivo_TdcA,0.006768003813091317,-0.0685589739726795,-0.06855897397267921,-0.07246229827182717,0.06450299790897729,0.1560248132287715,0.1560248132287715,0.058144740769481486,0.15602481322877162,-7.485771809483001,0.1560248132287715,0.06450299790897714,0.1560248132287715,0.1560248132287715,0.1560248132287715,0.1560248132287715,0.058144740769481736,0.3184841675035309,0.318484167503531,-0.22685901462131175,-0.4607378355757948,0.1560248132287715,-0.31712747691088516,-0.7506351039164614,-0.317127476910885,0.1560248132287715,0.1560248132287715,-0.0693974435858226,0.1560248132287715,0.1560248132287715,0.1560248132287715,0.9539566172074614,0.9539566172074614,-0.4160704604815082,0.2933558988944298,0.2933558988944298,0.2933558988944298,0.2933558988944298,0.3619388483878452,0.1560248132287715,0.44181912519494576,0.29474338163911407,0.3821217786418886,0.1560248132287715,0.1560248132287715,0.1560248132287715,0.42880995917412246,0.1560248132287715,0.1560248132287715,0.1560248132287715,-6.3269006668814525,0.1560248132287715,-6.242315857976481,0.005417151922047907,0.1560248132287715,0.1560248132287715,0.1560248132287715,0.1560248132287748,0.1560248132287715,0.1560248132287715,0.1351556235163437,0.135155623516344,0.1560248132287715,0.1560248132287715,0.1560248132287715,0.1560248132287715,0.1560248132287718,0.1560248132287715,0.15602481322877004,0.1560248132287719,0.1560248132287715,0.1560248132287715,0.1560248132287719,0.1560248132287719,0.1560248132287718,0.1560248132287719,0.1560248132287715,0.1560248132287715,0.1560248132287715,0.1560248132287715,0.1560248132287715,0.1560248132287715,0.1560248132287715,0.1560248132287715,0.1560248132287715,0.1560248132287715,0.1560248132287715,0.1560248132287715,0.1560248132287719,0.1560248132287719,0.1560248132287719,0.1560248132287715,0.1560248132287715,0.1560248132287715,0.1560248132287715,0.1560248132287715,0.1560248132287715,0.1560248132287715,0.1560248132287715,0.1560248132287715,0.1560248132287715,0.1560248132287715,0.1560248132287715,0.1560248132287715,0.1560248132287719,0.1560248132287719,0.1560248132287718,0.1560248132287715,0.1560248132287715,0.1560248132287715,0.1560248132287715,0.1560248132287715,0.1560248132287715,0.1560248132287715,0.1560248132287715,0.1560248132287715,0.1560248132287715,0.1560248132287715,0.1560248132287715,0.1560248132287715,0.1560248132287715,0.1560248132287715,0.1560248132287715,0.15602481322878453,0.15602481322877235,0.1235933422470577,0.1560248132287715,0.15602481322879028,0.15602481322880893,0.1560248132287715,0.1560248132315071,0.15602481322877293,0.08039726156375447,0.1560248132287715,0.08039726156375447,0.1560248132287715,0.15602481322877293,0.1560248132287715,0.15602481322880893,0.1560248132287715,0.1560248132287715,0.1560248132287715
Eki2vivo_TdcR,0.28195561490426263,0.2847109174095952,0.2847109174095953,0.28519267418754357,0.26215830166795356,0.2399384609851005,0.2399384609851005,0.26526547454543065,0.2399384609851005,0.018895546609974324,0.2399384609851005,0.2621583016679537,0.2399384609851005,0.2399384609851005,0.2399384609851005,0.2399384609851005,0.26526547454543065,-3.8165820501282193,-3.8165820501282193,0.2399384609851005,0.2399384609851005,0.2399384609851005,0.2399384609851005,0.2399384609851005,0.2399384609851005,0.2399384609851005,0.23993846098507027,0.23993846098506685,0.23993846098503938,0.23993846098508098,0.23993846098503938,-3.8165820501282193,-3.8165820501282193,-4.627218788299212,0.3211670812413313,0.3211670812413313,0.32116708124133136,0.05075884516556392,0.2399384609851005,-3.4043827709307646,0.8284853577556133,0.5942291169600881,0.6776032404419476,0.2399384609851005,0.2399384609851005,0.2399384609851005,0.2399384609851005,0.2399384609851005,0.2399384609851005,0.2399384609851005,-3.6357187879477095,0.2399384609851005,-3.078752648883993,-4.2373656326809925,0.2399384609851005,0.2399384609851005,0.2399384609851005,0.23993846098509974,0.2399384609851005,0.2399384609851005,0.21688681537878612,0.21688681537878612,0.23993846098509816,0.2399384609851005,0.2399384609851005,0.2399384609851005,0.23993846098510066,0.2399384609851005,0.2399384609851005,0.2399384609851005,0.2399384609851005,0.2399384609851005,0.2399384609851005,0.2399384609851005,0.2399384609851005,0.23993846098510022,0.2399384609851005,0.2399384609851005,0.2399384609851005,0.2399384609851005,0.2399384609851005,0.2399384609851005,0.2399384609851005,0.2399384609851005,0.2399384609851005,0.2399384609851005,0.23993846098510074,0.2399384609851005,0.2399384609851005,0.2399384609851005,0.23993846098510022,0.2399384609851005,0.2399384609851005,0.2399384609851005,0.2399384609851005,0.2399384609851005,0.2399384609851005,0.2399384609851005,0.2399384609851005,0.2399384609851005,0.2399384609851005,0.2399384609851005,0.2399384609851005,0.2399384609851005,0.2399384609851005,0.2399384609851005,0.2399384609851005,0.2399384609851005,0.2399384609851005,0.2399384609851005,0.2399384609851005,0.2399384609851005,0.2399384609851005,0.2399384609851005,0.2399384609851005,0.2399384609851005,0.2399384609851005,0.2399384609851005,0.23993846098510066,0.2399384609851005,0.2399384609851005,0.2399384609851005,0.2399384609851005,0.23993846098507904,0.23993846098510097,0.2044288087072248,0.2399384609851005,0.23993846098506624,0.23993846098503036,0.7493193393262714,0.749062648944843,0.23993846098509927,0.19753033308202125,0.2399384609851005,0.19753033308202125,0.2399384609851005,0.23993846098509927,0.2399384609851005,0.23993846098503052,0.23993846098510066,0.2399384609851005,0.239938460985102
Eki2vivo_TorR,0.3240140596709551,0.3073924386095679,0.30739243860956794,0.3082206146232411,0.27461334133550136,0.24429765629696798,0.24429765629696798,0.27707031266310017,0.24429765629696856,0.7040766805559178,0.24429765629696798,0.2746133413355013,0.24429765629696798,0.24429765629696798,0.24429765629696798,0.24429765629696798,0.27707031266310017,-0.06285136372698244,-0.06285136372698233,0.1381428319209639,-0.013588920195193978,0.24429765629696798,0.093258014956174,-3.1941424880719897,0.09325801495617332,0.24429765629696798,0.24429765629696798,0.1937844154041258,0.24429765629696798,0.24429765629696798,0.24429765629696798,-3.991570860391792,-3.991570860391792,-0.011826782344072051,0.26025510062822255,0.26025510062822255,0.26025510062822255,-0.12347739135712443,-0.4294947028422254,0.24429765629696798,0.22967755664554065,0.260372429554406,0.5156340887855013,0.24429765629696798,0.24429765629696798,0.24429765629696798,-4.172150500143047,0.24429765629696798,0.24429765629696798,0.24429765629696798,-3.6257469732092753,0.24429765629696798,-3.692504287791467,-1.5856355417163612,0.24429765629696754,0.24429765629696765,0.24429765629696765,0.24429765629696798,0.24429765629696798,0.24429765629696798,0.24456082409155033,0.2445608240915505,0.24429765629696823,0.24429765629696798,0.24429765629696798,0.24429765629696798,0.24429765629696815,0.24429765629696798,0.8048410883005302,0.24429765629696765,0.24429765629696779,0.24429765629696779,0.24429765629696798,0.24429765629696798,0.24429765629696798,-3.328760492495003,0.2442976562962354,0.24429765629696798,0.24429765629696798,0.24429765629696798,0.24429765629696798,0.24429765629696798,0.24429765629696798,0.24429765629696798,0.24429765629696798,0.24429765629696779,0.24429765629696798,0.24429765629696779,0.24429765629696779,0.24429765629696765,0.24429765629696798,-3.328760492495003,0.24429765629696798,0.24429765629696798,0.24429765629696798,0.24429765629696798,0.24429765629696798,0.24429765629696798,0.24429765629696798,0.24429765629696798,0.24429765629652023,0.24429765629696779,0.24429765629696779,0.24429765629696779,0.24429765629696798,0.24429765629696765,0.24429765629696798,-3.328760492495003,0.24429765629696798,0.24429765629696798,0.24429765629696798,0.24429765629696798,0.24429765629696798,0.24429765629696798,0.24429765629696798,0.24429765629696798,0.24429765629696798,0.24429765629696798,0.24429765629696798,0.24429765629696798,0.04260545190789802,0.24429765629696798,0.24429765629696798,0.24429765629697486,0.24429765629696798,0.24470293285313707,0.24429765629696798,0.2442976562969789,0.24429765629699066,0.24429765629696798,3.327175309402429,0.24429765629696754,0.24521145758675314,0.24429765629696798,0.24521145758675297,0.24429765629696798,0.24429765629696798,0.24429765629696798,0.24429765629699066,0.24429765629696798,0.24429765629696798,0.24429765629696798
Eki2vivo_UspA,0.5405074888878063,0.5146679777209021,0.5146679777209024,0.32989874187969126,0.26013717996771624,0.20047822710942764,0.20047822710942764,0.2642263405208398,0.20047822710942725,0.20047822710942764,0.20047822710942764,0.26013717996771624,0.20047822710942764,0.20047822710942764,0.20047822710942764,0.20047822710942764,0.2642263405208397,-0.5725410107204624,-0.5725410107204626,-0.4941634925011577,-4.828932730524175,0.20047822710942764,-0.7469139487381833,-4.4925011042265925,0.20047822710942764,0.20047822710942764,0.20047822710942764,-0.1793576454359401,0.20047822710942764,0.20047822710942764,0.20047822710942764,-4.433325918607789,-4.433325918607789,0.24707099147082726,0.49788260159458886,0.497882601594589,0.497882601594589,0.36501771869340144,0.20047822710942764,-4.057970970270534,0.5972200550055923,0.5023663776670377,0.7204114312072267,0.20047822710942764,0.20047822710942764,0.20047822710942764,0.20047822710942764,0.20047822710942764,0.20047822710942764,0.20047822710942764,-3.61044021028063,0.20047822710942764,-4.14693754352925,-0.16436432670491796,0.200478227109428,0.2004782271094278,0.2004782271094278,0.20047822710942642,0.20047822710942764,0.20047822710942764,0.21414107296490445,0.21414107296490445,0.2004782271094237,0.20047822710942764,0.20047822710942764,0.20047822710942764,0.20047822710942764,0.20047822710942764,-0.40831721121387576,0.20047822710942764,0.20047822710942764,0.20047822710942764,0.5568655617743592,0.5568655617743589,0.4547320661783271,0.20047822710942764,0.20047822710942764,0.20047822710942764,0.20047822710942764,0.20047822710942764,0.20047822710942764,0.20047822710942764,0.20047822710942764,0.20047822710942764,0.20047822710942764,0.20047822710942764,0.20047822710942764,0.20047822710942745,0.5568655617743589,0.5568655617743589,0.4547320661783271,0.20047822710942764,0.20047822710942764,0.20047822710942764,0.20047822710942764,0.20047822710942764,0.20047822710942764,0.20047822710942764,0.20047822710942764,0.20047822710942764,0.20047822710942764,0.20047822710942764,0.2004782271094274,0.20047822710942764,0.5568655617743592,0.5568655617743589,0.4547320661783271,0.20047822710942764,0.20047822710942764,0.20047822710942764,0.20047822710942764,0.20047822710942764,0.20047822710942764,0.20047822710942764,0.20047822710942764,0.20047822710942764,0.20047822710942764,0.20047822710942764,0.20047822710942773,0.20047822710942764,-0.025879939109375926,0.20047822710942764,0.20047822710942764,0.200478227109419,0.20047822710942717,0.22170663520072936,0.20047822710942764,0.20047822710941515,0.20047822710940227,0.696505182980484,0.6961021564302255,0.20047822710942717,0.24994605502946815,0.20047822710942764,0.24994605502946815,0.20047822710942764,0.20047822710942764,0.20047822710942764,0.20047822710940208,0.20047822710942773,0.20047822710942764,0.20047822710942764
Eki2vivo_UvrY,0.3580439068368762,0.26144975323465397,0.26144975323465375,0.26212815202085754,0.2329121174623941,0.20630501861031053,0.20630501861031053,0.2625308790836541,0.20630501861031053,-0.002281776866141928,0.20630501861031053,0.23291211746239396,0.20630501861031053,0.20630501861031053,0.20630501861031053,0.20630501861031053,0.2625308790836541,-0.23637955199540758,-0.23637955199540758,-0.20052211025864533,-0.511118457042528,0.20630501861031053,-0.3082922346142789,-3.723586971935234,-0.3082922346142788,0.20630501861031053,0.20630501861031053,-0.029298128937807925,0.20630501861031053,0.20630501861031053,0.20630501861031053,-3.4499984287956793,-3.4499984287956798,-4.450468456911829,0.7291181720420307,0.7291181720420309,0.7291181720420307,0.3649464019549771,0.20630501861031053,-3.420270372365912,0.20630501861031053,0.7383253984775254,0.7311641573270697,0.20630501861031053,0.20630501861031053,0.20630501861031053,0.20630501861031053,0.20630501861031053,0.20630501861031053,0.20630501861031053,-3.6682829252830556,0.20630501861031053,-3.6327916595788223,-4.224177730576447,0.20630501861031078,0.20630501861031078,0.20630501861031078,0.20630501861031053,0.20630501861031053,0.20630501861031053,-0.028844330240942993,-0.028844330240942993,0.2063050186103099,0.20630501861031053,0.20630501861031053,0.20630501861031053,0.20630501861031053,0.20630501861031053,0.20630501861031242,0.20630501861031036,0.20630501861031036,0.20630501861031036,0.20630501861031036,0.20630501861031053,0.20630501861031053,0.20630501861031053,0.20630501861031053,0.20630501861031053,0.20630501861031053,0.20630501861031053,0.20630501861031053,0.20630501861031053,0.20630501861031053,0.20630501861031053,0.20630501861031053,0.20630501861031036,0.20630501861031053,0.20630501861031053,0.20630501861031036,0.20630501861031036,0.20630501861031025,0.20630501861031053,0.20630501861031053,0.20630501861031053,0.20630501861031053,0.20630501861031053,0.20630501861031053,0.20630501861031053,0.20630501861031053,0.20630501861031053,0.20630501861031053,0.20630501861031036,0.20630501861031036,0.20630501861031053,0.20630501861031036,0.20630501861031053,0.20630501861031053,0.20630501861031053,0.20630501861031053,0.20630501861031053,0.20630501861031053,0.20630501861031053,0.20630501861031053,0.20630501861031053,0.20630501861031053,0.20630501861031053,0.20630501861031053,0.20630501861031053,0.20630501861031053,0.20630501861031053,0.010602852754310636,0.20630501861031053,0.20630501861031053,0.20630501861028072,0.20630501861031053,-0.11153264096146323,0.20630501861031053,0.2063050186102646,0.20630501861021755,0.20630501861031053,4.451883905673276,0.20630501861031098,-0.1294507114021107,0.20630501861031053,-0.12945071140211076,0.20630501861031053,0.20630501861031098,0.20630501861031053,0.20630501861021755,0.20630501861031053,0.20630501861031053,0.20630501861031053
Eki2vivo_UxuR,0.4879190355898032,0.22275081968435342,0.22275081968435342,0.22064902264567435,0.22177489389017585,0.22275081968435342,0.22275081968435342,0.2205400691251956,0.5487923990860452,0.22275081968435342,0.22275081968435342,0.22177489389017568,0.22275081968435342,0.22275081968435342,0.22275081968435342,0.22275081968435342,0.22054694506866715,0.6375207026097145,0.6375207026097145,1.251682609839119,0.22275081968435342,0.22275081968435342,0.22275081968435342,0.22275081968435342,0.22275081968435342,0.22275081968435342,-4.117538514123629,0.7034764733035536,0.22275081968435342,-4.117538514123629,0.22275081968435342,-4.800194733150463,-4.800194733150463,-0.09001381895636403,-0.11048377829988898,-0.11048377829988903,-0.11048377829988917,-0.3075434816804243,-4.257923177708428,0.22275081968435342,-0.26478560686484504,-0.11503638582801512,0.04838483770320668,0.22275081968435342,0.22275081968435342,0.22275081968435342,0.22275081968435342,0.22275081968435342,0.22275081968435342,0.22275081968435342,-4.359450977008262,0.22275081968435342,-3.8345584005658546,0.009241651659387569,0.22275081968435317,0.22275081968435342,0.22275081968435342,0.22275081968435487,0.22275081968435342,0.22275081968435342,0.2372585137416721,0.2372585137416721,0.2227508196843586,0.22275081968435342,0.22275081968435342,0.22275081968435342,0.22275081968435342,0.22275081968435342,-0.15336395055113505,0.22275081968435373,0.22275081968435342,0.22275081968435373,0.22275081968435373,0.22275081968435373,0.4927244911040422,0.22275081968435342,0.22275081968435342,0.22275081968435342,0.22275081968435342,0.22275081968435342,0.22275081968435342,0.22275081968435342,0.22275081968435342,0.22275081968435342,0.22275081968435342,0.22275081968435342,0.22275081968435342,0.22275081968435373,0.22275081968435373,0.22275081968435373,0.4927244911040422,0.22275081968435342,0.22275081968435342,0.22275081968435342,0.22275081968435342,0.22275081968435342,0.22275081968435342,0.22275081968435342,0.22275081968435342,0.22275081968435342,0.22275081968435342,0.22275081968435373,0.22275081968435342,0.22275081968435373,0.22275081968435373,0.22275081968435373,0.4927244911040422,0.22275081968435342,0.22275081968435342,0.22275081968435342,0.22275081968435342,0.22275081968435342,0.22275081968435342,0.22275081968435342,0.22275081968435342,0.22275081968435342,0.22275081968435342,0.22275081968435342,0.22275081968435329,0.22275081968435342,-0.01760399657575011,0.22275081968435342,0.22275081968435342,0.22275081968435317,0.22275081968435342,0.24529188298628243,0.22275081968435342,0.22275081968435154,0.22275081968434995,0.22275081968435342,0.22275081968435342,0.22275081968435279,0.27527746876381776,0.22275081968435342,0.27527746876381776,0.22275081968435342,0.22275081968435279,0.22275081968435342,0.22275081968434995,0.22275081968435317,0.22275081968435342,0.22275081968435342
Eki2vivo_YbhD,-0.010203012897004876,0.17544628760825,0.17544628760824993,0.17512214487564162,0.18782449068302143,0.19884514470466913,0.19884514470466913,0.19491846872532254,0.19884514470466913,-0.4877264284889289,0.19884514470466913,0.18782449068302143,0.19884514470466913,0.19884514470466913,0.19884514470466913,0.19884514470466913,0.19491846872532254,0.6171349484840435,0.6171349484840435,0.9153071990190742,2.5557596130324596,0.19884514470466913,1.1641399616504926,0.19884514470466913,1.164139961650493,0.19884514470466913,0.19884514470466913,0.5976410086641484,0.19884514470466913,-3.5932392427248865,0.19884514470466913,-4.3841872184554225,-4.384187218455423,0.010705148073620713,-0.14475177621478752,-0.14475177621478758,-0.14475177621478766,-0.15955968070311638,-4.45499336578254,0.19884514470466913,-0.4578922240747995,-0.15167042357758428,-0.06276223330111193,0.19884514470466913,0.19884514470466913,0.19884514470466913,-4.274263339031583,0.19884514470466913,0.19884514470466913,0.19884514470466913,-4.104490780465263,0.19884514470466913,-3.9298434608073722,0.11269216365172607,0.19884514470466913,0.19884514470466913,0.19884514470466913,0.19884514470466957,0.19884514470466913,0.19884514470466913,0.09200134657870936,0.0920013465787094,0.19884514470467016,0.19884514470466913,0.19884514470466913,0.19884514470466913,0.19884514470466913,0.19884514470466913,0.6002431539264536,0.1988451447046694,0.1988451447046694,0.1988451447046694,0.1988451447046694,0.1988451447046694,0.19884514470466913,-0.055204247698984237,0.19884514470466913,0.19884514470466913,0.19884514470466913,0.19884514470466913,0.19884514470466913,0.19884514470466913,0.19884514470466913,0.19884514470466913,0.19884514470466913,0.1988451447046694,0.1988451447046694,0.1988451447046694,0.19884514470466913,0.1988451447046694,0.19884514470466913,-0.055204247698984237,0.19884514470466913,0.19884514470466913,0.19884514470466913,0.19884514470466913,0.19884514470466913,0.19884514470466913,0.19884514470466913,0.19884514470466913,0.19884514470466913,0.1988451447046694,0.1988451447046694,0.1988451447046694,0.1988451447046694,0.1988451447046694,0.19884514470466913,-0.055204247698984237,0.19884514470466913,0.19884514470466913,0.19884514470466913,0.19884514470466913,0.19884514470466913,0.19884514470466913,0.19884514470466913,0.19884514470466913,0.19884514470466913,0.19884514470466913,0.19884514470466913,0.19884514470466913,-0.5052687371504458,0.1988451447046705,0.19884514470466913,0.24385055113821255,0.19884514470466913,0.020253712846666938,0.19884514470466913,0.19884514470469392,0.19884514470471934,0.19884514470466913,1.8777835321145302,0.19884514470466913,-0.04903880819110156,0.19884514470466913,-0.04903880819110156,0.19884514470466913,0.19884514470466913,0.19884514470466913,0.19884514470471953,0.19884514470466913,0.19884514470466913,0.39796478288374726
Eki2vivo_YdeO,0.07810694528135485,0.5367125131102319,0.5367125131102312,0.1045764773442042,0.14916981460917156,0.1888473788326034,0.1888473788326034,0.1463323996727675,0.1888473788326036,0.1888473788326034,0.1888473788326034,0.14916981460917156,0.1888473788326034,0.1888473788326034,0.1888473788326034,0.1888473788326034,0.14633239967276757,0.7873853972211787,0.7873853972211787,0.6747280576834839,0.1888473788326034,0.1888473788326034,0.1888473788326034,0.1888473788326034,0.1888473788326034,0.1888473788326034,-4.288803310763059,0.3435388080981288,0.1888473788326034,-4.288803310763059,0.1888473788326034,0.8915715859389923,0.891571585938992,0.1888473788326034,0.3054174030339515,0.30541740303395143,0.3054174030339513,0.863374636674077,0.1888473788326034,0.1888473788326034,0.34576110605783594,0.3063230522429067,0.12062291236220173,0.1888473788326034,0.1888473788326034,0.1888473788326034,0.1888473788326034,0.1888473788326034,0.1888473788326034,0.1888473788326034,-4.611816067393505,0.1888473788326034,-4.597582245502325,0.39593496142488294,0.1888473788326032,0.1888473788326032,0.18884737883260316,0.1888473788326034,0.1888473788326034,0.1888473788326034,0.18884737883258845,0.18884737883258867,0.1888473788326034,0.1888473788326034,0.1888473788326034,0.1888473788326034,0.1888473788326034,0.1888473788326034,0.18884737883260236,-0.2022390365465776,-0.20223903654657727,0.18884737883260372,0.1888473788326034,0.1888473788326034,0.1888473788326034,0.1888473788326034,0.1888473788326034,0.1888473788326034,0.1888473788326034,0.1888473788326034,0.1888473788326034,0.1888473788326034,0.1888473788326034,0.1888473788326034,0.1888473788326034,-0.2022390365465776,-0.20223903654657727,0.1888473788326034,0.1888473788326034,0.1888473788326034,0.1888473788326034,0.1888473788326034,0.1888473788326034,0.1888473788326034,0.1888473788326034,0.1888473788326034,0.1888473788326034,0.1888473788326034,0.1888473788326034,0.1888473788326034,0.1888473788326034,-0.2022390365465776,-0.20223903654657727,0.18884737883260372,0.1888473788326034,0.1888473788326034,0.1888473788326034,0.1888473788326034,0.1888473788326034,0.1888473788326034,0.1888473788326034,0.1888473788326034,0.1888473788326034,0.1888473788326034,0.1888473788326034,0.1888473788326034,0.1888473788326034,0.1888473788326034,0.1888473788326034,0.1888473788326034,-0.05815238443583813,0.18884737883260488,0.1888473788326034,0.18884737883259048,0.1888473788326034,0.18884737883258043,0.1888473788326034,0.1888473788325844,0.1888473788325652,-5.159762707278577,-5.1598778770481175,0.1888473788326028,0.18884737883256897,0.1888473788326034,0.18884737883256886,0.1888473788326034,0.1888473788326028,0.1888473788326034,0.1888473788325652,0.1888473788326034,0.1888473788326034,0.1888473788326034
Eki2vivo_YdjF,0.26491229571801067,0.35383215132057766,0.3538321513205773,0.22889475962403738,0.18263157669160307,0.1455402791821043,0.1455402791821043,0.18299640053294688,0.1455402791821043,-0.6210221664995567,0.1455402791821043,0.18263157669160307,0.1455402791821043,0.1455402791821043,0.1455402791821043,0.1455402791821043,0.18299640053294697,0.02877343463787608,0.028773434637875992,0.14959231260490868,0.15053675276638454,0.1455402791821043,0.15002326190508602,0.15118301934905104,0.1455402791821043,0.1455402791821043,0.1455402791821043,0.14852265242840532,0.1455402791821043,0.1455402791821043,0.1455402791821043,-6.20356579908025,-6.20356579908025,0.1455402791821043,0.10878172039454836,0.1087817203945485,0.1087817203945484,0.14554027918210374,0.1455402791821043,0.1455402791821043,0.2998659469043512,0.10807262637731796,0.3644370378844526,0.1455402791821043,0.1455402791821043,0.1455402791821043,0.1455402791821043,0.1455402791821043,0.1455402791821043,0.1455402791821043,-5.709427825936466,0.1455402791821043,-5.026727997668746,-0.004405495965028413,0.145540279182104,0.1455402791821043,0.1455402791821043,0.14554027918210366,0.1455402791821043,0.1455402791821043,0.17817986636324423,0.17817986636324412,0.1455402791821024,0.1455402791821043,0.1455402791821043,0.1455402791821043,0.1455402791821043,0.1455402791821043,-0.6869138210019073,0.1455402791821047,0.1455402791821047,0.1455402791821047,0.6328552104035602,0.6328552104035602,0.4932001689340955,0.1455402791821043,0.1455402791821043,0.1455402791821043,0.1455402791821043,0.1455402791821043,0.1455402791821043,0.1455402791821043,0.1455402791821043,0.1455402791821043,0.1455402791821043,0.1455402791821047,0.1455402791821047,0.1455402791821047,0.6328552104035602,0.6328552104035602,0.4932001689340955,0.1455402791821043,0.1455402791821043,0.1455402791821043,0.1455402791821043,0.1455402791821043,0.1455402791821043,0.1455402791821043,0.1455402791821043,0.1455402791821043,0.1455402791821043,0.1455402791821047,0.1455402791821047,0.1455402791821047,0.6328552104035602,0.6328552104035602,0.4932001689340955,0.1455402791821043,0.1455402791821043,0.1455402791821043,0.1455402791821043,0.1455402791821043,0.1455402791821043,0.1455402791821043,0.1455402791821043,0.1455402791821043,0.1455402791821043,0.1455402791821043,0.1455402791821043,0.1455402791821043,0.1455402791821043,0.1455402791821043,0.1455402791821043,0.13776016141498118,0.1455402791821043,0.1966099983987826,0.1455402791821043,0.14554027918211185,0.14554027918211937,0.046347683069818124,0.046452569960164315,0.1455402791821043,0.23987683994006265,0.1455402791821043,0.23987683994006265,0.1455402791821043,0.14554027918210508,0.1455402791821043,0.14554027918211937,0.1455402791821043,0.1455402791821043,0.10489355596448416
Eki2vivo_YfhA,0.5205416727235184,0.3628017908778678,0.3628017908778677,0.3642138091679569,0.3109491788959468,0.2636175704269147,0.2636175704269147,0.3151287128500128,0.26361757042691475,0.577340549350044,0.2636175704269147,0.3109491788959468,0.2636175704269147,0.2636175704269147,0.2636175704269147,0.2636175704269147,0.3151287128500128,-0.6345974064949786,-0.6345974064949786,-0.5696302897627723,-4.208714924979106,0.2636175704269147,-3.996048667576735,-3.8973868094384145,-3.996048667576735,0.2636175704269147,0.2636175704269147,-0.11518765553891636,0.2636175704269147,0.2636175704269147,0.2636175704269147,-3.828778346367167,-3.828778346367167,0.2296158593643848,0.4535036822586379,0.4535036822586379,0.4535036822586379,0.41201463898303764,0.2636175704269147,-3.5703242621593128,0.5124845738856891,0.4554686195868262,0.48304787237718727,0.2636175704269147,0.2636175704269147,0.2636175704269147,0.2636175704269147,0.2636175704269147,0.2636175704269147,0.2636175704269147,-3.5961357448414235,0.2636175704269147,-3.159953096863642,-0.3518692887623496,0.26361757042691414,0.2636175704269143,0.2636175704269143,0.2636175704269147,0.2636175704269147,0.2636175704269147,0.26361757042688805,0.26361757042688794,0.263617570426915,0.2636175704269147,0.2636175704269147,0.2636175704269147,0.26361757042691486,0.2636175704269147,0.26361757042691386,0.2636175704269149,0.2636175704269149,0.2636175704269149,0.2636175704269147,0.2636175704269147,0.2636175704269149,0.2636175704269147,0.2636175704269147,0.2636175704269147,0.2636175704269147,0.2636175704269147,0.2636175704269147,0.2636175704269147,0.2636175704269147,0.2636175704269147,0.2636175704269147,0.2636175704269149,0.2636175704269149,0.2636175704269149,0.2636175704269147,0.2636175704269147,0.2636175704269149,0.2636175704269147,0.2636175704269147,0.2636175704269147,0.2636175704269147,0.2636175704269147,0.2636175704269147,0.2636175704269147,0.2636175704269147,0.2636175704269147,0.2636175704269147,0.2636175704269149,0.2636175704269149,0.2636175704269149,0.2636175704269147,0.2636175704269147,0.2636175704269149,0.2636175704269147,0.2636175704269147,0.2636175704269147,0.2636175704269147,0.2636175704269147,0.2636175704269147,0.2636175704269147,0.2636175704269147,0.2636175704269147,0.2636175704269147,0.2636175704269147,0.2636175704269147,0.2636175704269147,0.059466689035152225,0.2636175704269147,0.2636175704269147,0.2636175704268948,0.2636175704269147,0.26361757042687356,0.2636175704269147,0.2636175704268807,0.2636175704268461,0.4824838311130368,0.48240477950692573,0.26361757042691425,0.26361757042685263,0.2636175704269147,0.26361757042685263,0.2636175704269147,0.26361757042691425,0.2636175704269147,0.2636175704268461,0.2636175704269147,0.2636175704269147,0.2636175704269143
Eki2vivo_Zwf,0.19464593198192393,0.19684021690157194,0.19684021690157105,0.19722429404257882,0.17939091514725036,0.16170303798490787,0.16170303798490787,0.23952315881062552,0.19464593198192393,0.5437957584076504,0.16170303798490787,0.17939091514725017,0.16170303798490787,0.16170303798490787,0.16170303798490787,0.16170303798490787,0.23952315881062547,0.16170303798490787,0.16170303798490787,0.16170303798490787,0.16170303798490787,0.16170303798490787,0.16170303798490787,0.16170303798490787,0.16170303798490787,0.16170303798490787,0.16170303798490038,0.1617030379848981,0.16170303798488755,0.16170303798490485,0.16170303798488755,-4.927359830004953,-4.927359830004953,-6.168577695438023,0.5514442540709058,0.5514442540709058,0.5514442540709058,0.1617030379849083,0.16170303798490787,0.16170303798490787,0.9529559276108025,0.5572616796494145,0.7322413007318969,0.16170303798490787,0.16170303798490787,0.16170303798490787,0.16170303798490787,0.16170303798490787,0.16170303798490787,0.16170303798490787,-4.881587618552695,0.16170303798490787,-4.158549064215062,-0.7091310112663991,0.16170303798490956,0.16170303798490923,0.16170303798490956,0.16170303798490665,0.16170303798490787,0.16170303798490787,-0.2851572468854906,-0.2851572468854906,0.16170303798490304,0.16170303798490787,0.16170303798490787,0.16170303798490787,0.16170303798490787,0.16170303798490787,0.625343344596194,0.1617030379849081,0.16170303798490787,0.16170303798490787,0.16170303798490787,0.1617030379849076,0.16170303798490787,-0.13174355548828529,0.16170303798490787,0.16170303798490787,0.16170303798490787,0.16170303798490787,0.16170303798490787,0.16170303798490787,0.16170303798490787,0.16170303798490787,0.16170303798490787,0.1617030379849081,0.16170303798490787,0.16170303798490787,0.1617030379849076,0.1617030379849076,0.16170303798490787,-0.13174355548828529,0.16170303798490787,0.16170303798490787,0.16170303798490787,0.16170303798490787,0.16170303798490787,0.16170303798490787,0.16170303798490787,0.16170303798490787,0.16170303798490787,0.1617030379849081,0.16170303798490787,0.16170303798490787,0.1617030379849076,0.1617030379849076,0.16170303798490787,-0.13174355548828529,0.16170303798490787,0.16170303798490787,0.16170303798490787,0.16170303798490787,0.16170303798490787,0.16170303798490787,0.16170303798490787,0.16170303798490787,0.16170303798490787,0.16170303798490787,1.404642733254763,0.16170303798490787,-0.09955244981819383,0.16170303798490787,0.16170303798490787,0.16181283968395144,0.16170303798490787,-0.4149885297748023,0.16170303798490787,0.16170303798489646,0.16170303798488342,0.9536593771094554,0.9530900561091844,0.16170303798490787,-0.7439855257252014,0.16170303798490787,-0.7439855257252014,0.16170303798490787,0.16170303798490787,0.16170303798490787,0.16170303798488342,1.4046427332547633,0.16170303798490787,0.16170303798490765
EkiLLm_wildtype,0.5021208491450219,0.4571887001142871,0.457188700114287,0.43458147597977004,0.40770092646814776,0.38346250000634446,0.38346250000634446,0.4241456934394736,0.3834625000063444,2.80545755817998,0.38346250000634446,0.40770092646814776,0.38346250000634446,0.38346250000634446,0.38346250000634446,0.38346250000634446,0.4241456934394736,-2.0567151525264364,-2.0567151525264364,-2.013101628837686,-1.8859842645709475,0.38346250000634446,-1.780577093567069,-1.72382481288812,-1.780577093567069,0.38346250000634446,2.425300662329427,0.15818529619209498,2.1652049944658582,2.369560963485694,2.1652049944658582,-1.7558020381652382,-1.7558020381652382,0.2879156922606462,0.5752682091184963,0.5752682091184963,0.5752682091184963,0.5989818607036983,0.7644749699592094,0.38346250000634446,0.7154327228359703,0.5774495398191576,0.47147302194391677,0.38346250000634446,0.38346250000634446,0.38346250000634446,2.7045754423345127,0.38346250000634446,0.38346250000634446,0.38346250000634446,-1.5232567274052158,0.38346250000634446,-1.5178282742704121,0.3517003207375413,0.383462500006345,0.3834625000063448,0.3834625000063448,0.3834625000063446,0.3834625000063444,0.3834625000063444,0.26202812687785737,0.26202812687785737,0.3834625000063452,0.38346250000634446,0.38346250000634435,0.3834625000063444,0.38346250000634446,0.38346250000634446,1.0358052789805217,-1.5102858153198824,-1.5102858153198824,-1.5102858153198824,-1.5102858153198824,-1.5102858153198824,-1.4634106856822957,-1.4634106856822957,0.38346250000634446,0.38346250000634446,0.38346250000634446,0.38346250000634446,0.38346250000634446,0.38346250000634446,0.38346250000634446,0.38346250000634446,0.38346250000634446,-1.5102858153198824,-1.5102858153198824,-1.5102858153198824,-1.5102858153198824,-1.5102858153198824,-1.4634106856822957,-1.4634106856822957,0.38346250000634446,0.38346250000634446,0.38346250000634446,0.38346250000634446,0.38346250000634446,0.38346250000634446,0.38346250000634446,0.38346250000634446,0.38346250000634446,-1.5102858153198824,-1.5102858153198824,-1.5102858153198824,-1.5102858153198824,-1.5102858153198824,-1.4634106856822957,-1.4634106856822957,0.38346250000634446,0.38346250000634446,0.38346250000634446,0.38346250000634446,0.38346250000634446,0.38346250000634446,0.38346250000634446,0.38346250000634446,0.38346250000634446,0.38346250000634446,0.3834625000063444,0.38346250000634446,-1.7073999266174127,0.38346250000634496,0.38346250000634446,0.3834625000063539,0.38346250000634446,0.2168750156975243,0.38346250000634446,0.38346250000635984,0.3834625000063751,-1.4125534018824613,-0.7070572113616052,0.3834625000063428,0.19528198954483592,0.38346250000634446,0.19528198954483594,0.38346250000634446,0.3834625000063428,0.38346250000634446,0.3834625000063752,0.38346250000634446,0.38346250000634446,0.38346250000634446
EkiLLm_AlsR,-3.6486553902521743,0.2887886005535821,0.28878860055358185,0.2151342870887954,0.26113285215936116,0.29597070552557353,0.29597070552557353,0.2077349421136688,-3.7426983288200284,0.29597070552557353,0.29597070552557353,0.26113285215936116,0.29597070552557353,0.29597070552557353,0.29597070552557353,0.29597070552557353,0.2077349421136688,-3.3557409675742145,-3.3557409675151932,0.7909544731179866,0.9239906759454042,0.29597070552557353,0.8485673310832875,1.0359382242269812,0.8485673310832873,0.29597070552557353,0.29597070552557353,0.660635909535844,0.29597070552557353,0.29597070552557353,0.29597070552557353,-3.0033385722638974,-3.003338572308611,0.29597070552557353,-0.048698048046095496,-0.048698048046095496,-0.048698048046095496,-0.048698048046095406,-0.3182294900074158,0.29597070552557353,-0.18216919065606707,-0.052777263481590224,-3.258006332668911,0.29597070552557353,0.29597070552557353,0.29597070552557353,-3.321298704503546,0.29597070552557353,0.29597070552557353,0.29597070552557353,-2.845881861450284,0.29597070552557353,0.3710244310300983,0.21677853128871138,0.29597070552557403,0.29597070552557403,0.29597070552557403,0.4707669081010967,0.5745522699777363,0.5745522699777363,0.6059125547335713,0.6059125547335713,0.29597070552557,0.29597070552557353,0.29597070552557353,0.29597070552557353,0.29597070552557336,0.29597070552557336,0.5414213459202252,0.29597070552557353,0.29597070552557336,0.29597070552557336,0.29597070552557336,0.36921530612392467,0.29597070552557353,-2.5586006438494295,0.29597070552557353,0.29597070552557353,0.29597070552557353,0.29597070552557353,0.29597070552557353,0.29597070552557353,0.29597070552557353,0.29597070552557353,0.29597070552557353,0.29597070552557353,0.29597070552557336,0.29597070552557336,0.29597070552557353,0.36921530612392467,0.29597070552557353,-2.5586006438494295,0.29597070552557353,0.29597070552557353,0.29597070552557353,0.29597070552557353,0.29597070552557353,0.29597070552557353,0.29597070552557353,0.29597070552557353,0.29597070552557353,0.29597070552557353,0.29597070552557336,0.29597070552557336,0.29597070552557353,0.36921530612392467,0.29597070552557353,-2.5586006438494295,0.29597070552557353,0.29597070552557353,0.29597070552557353,0.29597070552557353,0.29597070552557353,0.29597070552557353,0.29597070552557353,0.29597070552557353,0.29597070552557353,0.29597070552557353,0.2959707055255737,0.29597070552557353,-2.939846159247417,0.2959707055255745,0.29597070552557353,0.2959707055255836,0.29597070552557353,0.2814896826319156,0.29597070552557353,0.29597070552558846,0.2959707055256032,0.29597070552557353,0.29597070552557353,0.2959707055255753,0.29597070552560034,0.29597070552557353,0.2959707055256005,0.29597070552557353,0.29597070552557564,0.29597070552557353,0.29597070552560334,0.2959707055255737,0.29597070552557353,0.29597070552557353
EkiLLm_AppY,0.37048649081288354,0.510899888318099,0.5108998883180987,0.5104847718218248,0.5174490917291412,0.5411345267837747,0.5411345267837747,0.5154875771996588,0.1913024478302071,0.7264983912756575,0.5411345267837747,0.5174490917291412,0.5411345267837747,0.5411345267837747,0.5411345267837747,0.5411345267837747,0.5154875771996588,1.5477715072339762,1.5477715072339757,0.5411345267837747,0.5411345267837747,0.5411345267837747,0.5411345267837747,0.5411345267837747,0.5411345267837747,0.5411345267837747,-1.8859037787421336,0.8766610462126357,-1.5742183259617168,-1.8191080238047252,-1.5742183259617168,-2.1063952953210503,-2.106395295371397,-2.592339570020182,0.17119394648368486,0.17119394648368486,0.1711939464836848,0.17119394648368486,-2.2801556038524056,0.5411345267837747,-0.06133087758118407,0.16559256547556403,0.17371398476266084,0.5411345267837747,0.5411345267837747,0.5411345267837747,-2.2511385410427174,0.5411345267837747,0.5411345267837747,0.5411345267837747,-1.6009851385536307,0.5411345267837747,-1.5822434261412828,0.5104931148881074,0.5411345267837748,0.5411345267837748,0.5411345267837748,0.5411345267837753,0.5411345267837747,0.5411345267837747,0.5411345267837734,0.5411345267837735,0.5411345267837766,0.5411345267837747,0.5411345267837747,0.5411345267837746,0.5411345267837746,0.5411345267837746,1.3228679982013942,-1.708440201924368,-1.708440201924368,-1.708440201924368,-1.708440201924368,-1.708440201924368,-1.6522674610776986,-1.6522674610776986,0.5411345267837747,0.5411345267837747,0.5411345267837747,0.5411345267837747,0.5411345267837747,0.5411345267837747,0.5411345267837747,0.5411345267837747,0.5411345267837747,-1.708440201924368,-1.708440201924368,-1.708440201924368,-1.708440201924368,-1.708440201924368,-1.6522674610776986,-1.6522674610776986,0.5411345267837747,0.5411345267837747,0.5411345267837747,0.5411345267837747,0.5411345267837747,0.5411345267837747,0.5411345267837747,0.5411345267837747,0.5411345267837747,-1.708440201924368,-1.708440201924368,-1.708440201924368,-1.708440201924368,-1.708440201924368,-1.6522674610776986,-1.6522674610776986,0.5411345267837747,0.5411345267837747,0.5411345267837747,0.5411345267837747,0.5411345267837747,0.5411345267837747,0.5411345267837747,0.5411345267837747,0.5411345267837747,0.5411345267837747,0.5411345267837747,0.5411345267837747,-1.8201565586800128,0.5411345267837747,0.5411345267837747,0.5411345267837734,0.541134526783775,0.5411345267837724,0.5411345267837747,0.5411345267837725,0.54113452678377,0.5411345267837747,0.541134526783835,0.5411345267837745,0.5411345267837709,0.5411345267837747,0.5411345267837709,0.5411345267837747,0.5411345267837742,0.5411345267837747,0.54113452678377,0.5411345267837747,0.5411345267837747,0.5411345267837747
EkiLLm_ArcA,0.8978983348462645,0.42214294216175546,0.4221429421617555,0.4239131939989587,0.3576045862788712,0.30310634527281277,0.30310634527281277,0.36240219321373585,0.27433595423796375,0.9153630779702848,0.30310634527281277,0.3576045862788712,0.30310634527281277,0.30310634527281277,0.30310634527281277,0.30310634527281277,0.3624021932137358,-3.80605835914132,-3.80605835914132,-0.379997390812555,-3.629501269740226,0.30310634527281277,-0.5810467189159477,-3.397332375634964,-0.5810467189159475,0.30310634527281277,0.30310634527281277,-0.11037191051068551,0.30310634527281277,0.30310634527281277,0.30310634527281277,-2.8983208961118123,-2.898320896621028,-3.817329370501591,0.5387368512011863,0.5387368512011863,0.5387368512011863,0.5387368512011863,-3.221826382758913,0.30310634527281277,0.5940550695560523,0.5406763394537193,0.1621094793016993,0.30310634527281277,0.30310634527281277,0.30310634527281277,-3.1077620999160493,0.30310634527281277,0.30310634527281277,0.30310634527281277,-2.5315713771696062,0.30310634527281277,-2.4719502546086347,0.2708926796601659,0.3031063452728129,0.30310634527281255,0.30310634527281255,0.3031063452728127,0.30310634527281277,0.30310634527281277,0.30310634527281427,0.30310634527281427,0.3031063452728123,0.30310634527281277,0.30310634527281277,0.30310634527281277,0.30310634527281277,0.3031063452728126,0.30310634527281133,0.30310634527281194,0.30310634527281194,0.3031063452728121,0.3031063452728121,0.3031063452728121,0.3031063452728124,0.30310634527281255,0.30310634527281277,0.30310634527281277,0.30310634527281277,0.30310634527281277,0.30310634527281277,0.30310634527281277,0.30310634527281277,0.30310634527281277,0.30310634527281277,0.30310634527281194,0.30310634527281194,0.3031063452728121,0.3031063452728121,0.3031063452728121,0.30310634527281216,0.30310634527281255,0.30310634527281277,0.30310634527281277,0.30310634527281277,0.30310634527281277,0.30310634527281277,0.30310634527281277,0.30310634527281277,0.30310634527281277,0.30310634527281277,0.30310634527281194,0.30310634527281194,0.3031063452728121,0.3031063452728121,0.3031063452728121,0.3031063452728124,0.30310634527281255,0.30310634527281277,0.30310634527281277,0.30310634527281277,0.30310634527281277,0.30310634527281277,0.30310634527281277,0.30310634527281277,0.30310634527281277,0.30310634527281277,0.30310634527281277,0.30310634527281277,0.30310634527281277,-2.8928947215359284,0.3031063452728137,0.30310634527281277,0.30310634527281166,0.30310634527281277,0.3031063452728152,0.30310634527281277,0.30310634527281466,0.3031063452728166,0.30310634527281277,-0.8194808192930302,0.3031063452728138,0.3031063452728161,0.30310634527281277,0.30310634527281616,0.30310634527281277,0.3031063452728138,0.30310634527281277,0.3031063452728167,0.30310634527281277,0.30310634527281277,0.3031063452728129
EkiLLm_ArcB,0.1755496185410199,0.19925725782790055,0.19925725782790052,0.19837289287452664,0.23366473629026072,0.2655078561987142,0.2655078561987142,0.2310186973849528,-4.889431415823773,0.7657091980950914,0.2655078561987142,0.23366473629026072,0.2655078561987142,0.2655078561987142,0.2655078561987142,0.2655078561987142,0.23101222950142863,0.9323991143568696,0.9323991143568696,0.2655078561987142,0.2655078561987142,0.2655078561987142,0.2655078561987142,0.2655078561987142,0.2655078561987142,0.2655078561987142,-3.8097416363674768,0.8215030802332708,-3.287271884798373,-0.15811604091167913,-3.287271884798373,-3.6835289025485016,-3.6835289025485016,-0.03448833328698307,0.23044811269998255,0.23044811269998267,0.23044811269998258,0.23044811269998258,0.2655078561987142,0.26550785619871403,0.2590342247601866,0.23017706576492888,0.2639170541381879,0.2655078561987142,0.2655078561987142,0.2655078561987142,0.2655078561987142,0.2655078561987142,0.2655078561987142,0.2655078561987142,-3.9554720794063467,0.2655078561987142,-3.5288122321637263,0.10839478434886415,0.26550785619871436,0.26550785619871436,0.26550785619871436,0.26550785619871453,0.2655078561987142,0.2655078561987142,0.2655078561987447,0.2655078561987445,0.265507856198715,0.2655078561987142,0.2655078561987142,0.2655078561987142,0.2655078561987142,0.265507856198714,0.6358717251829917,0.26550785619871303,0.26550785619871303,0.2655078561987132,0.26550785619871303,0.2655078561987132,0.2655078561987139,0.03110137407344978,0.2655078561987142,0.2655078561987142,0.2655078561987142,0.2655078561987142,0.2655078561987142,0.2655078561987142,0.2655078561987142,0.2655078561987142,0.2655078561987142,0.26550785619871303,0.26550785619871303,0.26550785619871303,0.2655078561987132,0.2655078561987132,0.2655078561987139,0.03110137407344978,0.2655078561987142,0.2655078561987142,0.2655078561987142,0.2655078561987142,0.2655078561987142,0.2655078561987142,0.2655078561987142,0.2655078561987142,0.2655078561987142,0.26550785619871303,0.26550785619871303,0.26550785619871303,0.2655078561987132,0.2655078561987132,0.2655078561987139,0.03110137407344978,0.2655078561987142,0.2655078561987142,0.2655078561987142,0.2655078561987142,0.2655078561987142,0.2655078561987142,0.2655078561987142,0.2655078561987142,0.2655078561987142,0.2655078561987142,0.26550785619871414,0.2655078561987142,-3.699531425044017,0.26550785619871536,0.2655078561987142,0.2655078561987389,0.2655078561987142,0.26550785619876094,0.2655078561987142,-0.40022751834446624,0.2655078561987919,0.2655078561987142,-1.1272020056189684,0.2655078561987124,0.2655078561987842,0.2655078561987142,0.2655078561987842,0.2655078561987142,0.2655078561987128,0.2655078561987142,0.2655078561987919,0.265507856198714,0.2655078561987142,0.26550785619871436
EkiLLm_ArgR,0.4601570231968416,0.36842016978376735,0.3684201697837677,0.3693085295966992,0.33026961643749,0.29781421282229464,0.29781421282229464,0.3355560277347566,-3.962958196589744,0.9837809969254758,0.29781421282229464,0.3302696164374899,0.29781421282229464,0.29781421282229464,0.29781421282229464,0.29781421282229464,0.33555169477752994,-0.14782752658880066,-0.14782752658880066,-0.022207647023029544,-3.3795365375028585,0.29781421282229464,-3.2070760426419835,-3.104212675900158,-3.2070760426419835,0.29781421282229464,0.29781421282229464,0.26180887395484376,0.29781421282229464,0.29781421282229464,0.29781421282229464,-3.3692534981352043,-3.3692534981352043,-0.5224473305548802,0.5474627146744725,0.5474627146744725,0.5474627146744724,0.8216165076293591,0.29781421282229464,0.29781421282229464,0.29781421282229464,0.8296711212479077,0.6396602907784211,0.29781421282229464,0.29781421282229464,0.29781421282229464,0.29781421282229464,0.29781421282229464,0.29781421282229464,0.29781421282229464,-2.8480266004931316,0.29781421282229464,-2.9573633200160336,0.1999829457264362,0.29781421282229537,0.29781421282229537,0.29781421282229537,0.29781421282229464,0.2978142128222945,0.29781421282229464,0.2612875418556441,0.2612875418556442,0.29781421282229353,0.29781421282229464,0.29781421282229464,0.29781421282229464,0.2978142128222945,0.2978142128222945,0.29781421282229426,0.2978142128222941,0.2978142128222941,0.29781421282229426,0.2978142128222945,0.2978142128222945,0.29781421282229464,0.2978142128216649,0.29781421282229464,0.29781421282229464,0.29781421282229464,0.29781421282229464,0.29781421282229464,0.29781421282229464,0.29781421282229464,0.29781421282229464,0.29781421282229464,0.2978142128222941,0.2978142128222941,0.2978142128222941,0.2978142128222945,0.2978142128222945,0.29781421282229464,0.2978142128214004,0.29781421282229464,0.29781421282229464,0.29781421282229464,0.29781421282229464,0.29781421282229464,0.29781421282229464,0.29781421282229464,0.29781421282229464,0.2978142128215248,0.2978142128222941,0.2978142128222941,0.29781421282229426,0.2978142128222945,0.2978142128222945,0.29781421282229464,0.2978142128214004,0.29781421282229464,0.29781421282229464,0.29781421282229464,0.29781421282229464,0.29781421282229464,0.29781421282229464,0.29781421282229464,0.29781421282229464,0.29781421282229464,0.29781421282229464,0.2978142128222947,0.29781421282229464,-3.107269998445999,0.29781421282229587,0.29781421282229464,0.2978142128223001,0.2978142128222951,0.24226970790978636,0.29781421282229464,-0.2597389041921376,0.29781421282231063,-3.229668550706338,-3.229668550706339,0.2978142128222951,0.1774210032570788,0.29781421282229464,0.17742100325707885,0.29781421282229464,0.2978142128222951,0.29781421282229464,0.29781421282231063,0.2978142128222947,0.29781421282229464,0.29781421282229464
EkiLLm_AscG,-0.055063617479668564,-0.06173352284101143,-0.06173352284101143,-0.06753847680549667,0.11105221148371833,0.22236553251717484,0.22236553251717484,0.1018182125720203,-5.674742830371974,0.83168281745283,0.22236553251717484,0.11105221148371827,0.22236553251717484,0.22236553251717484,0.22236553251717484,0.22236553251717484,0.10182536616698408,0.5076158523435815,0.5076158523435815,0.09122596095996012,-0.0938977302243723,0.22236553251717484,0.03621974820425739,-3.8326238420578487,0.03621974820425887,0.22236553251717484,0.22236553251717484,0.15976165284356109,0.22236553251717484,0.22236553251717484,0.22236553251717484,0.73280371456756,0.73280371456756,-5.295594202774522,0.1994266530689785,0.1994266530689785,0.1994266530689784,0.1994266530689784,0.22236553251717484,-4.248486531905932,0.24449539697587097,0.19922195227373735,0.19924954611411164,0.22236553251717484,0.22236553251717484,0.22236553251717484,0.22236553251717484,0.22236553251717484,0.22236553251717484,0.22236553251717484,-4.459721443577265,0.22236553251717484,0.22236553251717484,0.11194209554637798,0.22236553251717525,0.22236553251717525,0.22236553251717525,0.22236553251717245,0.22236553251717484,0.22236553251717484,0.2079440450282732,0.20794404502827332,0.22236553251716717,0.22236553251717484,0.22236553251717484,0.22236553251717484,0.22236553251717464,0.22236553251717484,1.1106040871261105,0.11456126682354896,0.11456126682354834,0.11456126682354859,0.11456126682354859,0.11456126682354859,0.22236553251717484,-0.046004789668699385,0.22236553251717484,0.22236553251717484,0.22236553251717484,0.22236553251717484,0.22236553251717484,0.22236553251717484,0.22236553251717484,0.22236553251717484,0.22236553251717484,0.11456126682354896,0.11456126682354896,0.11456126682354872,0.11456126682354896,0.11456126682354896,0.22236553251717484,-0.04600478966870019,0.22236553251717484,0.22236553251717484,0.22236553251717484,0.22236553251717484,0.22236553251717484,0.22236553251717484,0.22236553251717484,0.22236553251717484,0.22236553251717484,0.11456126682354896,0.11456126682354859,0.11456126682354859,0.11456126682354859,0.11456126682354859,0.2223655325171745,-0.04600478966870019,0.22236553251717484,0.22236553251717484,0.22236553251717484,0.22236553251717484,0.22236553251717484,0.22236553251717484,0.22236553251717484,0.22236553251717484,0.22236553251717484,0.22236553251717484,0.22236553251717514,0.22236553251717484,-4.533769928024246,0.22236553251717628,0.22236553251717484,0.22236553251721694,0.2223655325171753,0.19995840565789633,0.22236553251717484,0.22236553251724323,0.2223655325173126,0.22236553251717484,0.22236553251717484,0.22236553251717062,0.1701509849293273,0.22236553251717484,0.17015098492932798,0.22236553251717484,0.22236553251717062,0.22236553251717484,0.2223655325173126,0.22236553251717514,0.22236553251717484,0.22236553251717506
EkiLLm_BasR,0.007503432874876209,0.2801530285853088,0.2801530285853091,0.2795837604762916,0.30224981871608325,0.3207524772659145,0.3207524772659145,0.30242141519930366,-3.9349128683485555,0.8758613960462479,0.3207524772659145,0.3022498187160832,0.3207524772659145,0.3207524772659145,0.3207524772659145,0.3207524772659145,0.30242141519930366,0.8129069908671034,0.8129069908671034,0.3207524772659145,0.3207524772659145,0.3207524772659145,0.3207524772659145,0.3207524772659145,0.3207524772659145,0.3207524772659145,-3.0274031335010174,0.857143209587806,-2.595153094295487,-2.9347696607087133,-2.595153094295487,-3.322153683872777,-3.322153683872777,-0.014900998889196479,0.024366037646598226,0.024366037646598226,0.02436603764659808,0.02436603764659813,-3.270116746392476,0.3207524772659145,-0.19050749949214105,0.6429046373244416,0.7853787578663123,0.3207524772659145,0.3207524772659145,0.3207524772659145,-3.151356221107976,0.3207524772659145,0.3207524772659145,0.3207524772659145,-2.845093471403832,0.3207524772659145,-3.1033293221463647,0.19685563294434869,0.32075247726591477,0.32075247726591477,0.32075247726591477,0.3207524772659145,0.3207524772659145,0.3207524772659145,0.3002430802655451,0.30024308026554514,0.3207524772659145,0.3207524772659145,0.3207524772659145,0.32075247726591427,0.32075247726591427,0.32075247726591427,0.49417641628721787,0.32075247726591416,0.32075247726591416,0.32075247726591416,0.32075247726591416,0.32075247726591416,0.32075247726591405,-2.5094638799938926,0.3207524772665279,0.3207524772659145,0.3207524772659145,0.3207524772659145,0.3207524772659145,0.3207524772659145,0.3207524772659145,0.3207524772659145,0.3207524772659145,0.32075247726591416,0.32075247726591416,0.32075247726591416,0.32075247726591416,0.32075247726591416,0.32075247726591405,-2.5094638799938926,0.3207524772659145,0.3207524772659145,0.3207524772659145,0.3207524772659145,0.3207524772659145,0.3207524772659145,0.3207524772659145,0.3207524772659145,0.3207524772659145,0.32075247726591416,0.32075247726591416,0.32075247726591416,0.32075247726591416,0.32075247726591416,0.32075247726591405,-2.5094638799938926,0.3207524772659145,0.3207524772659145,0.3207524772659145,0.3207524772659145,0.3207524772659145,0.3207524772659145,0.3207524772659145,0.3207524772659145,0.3207524772659145,0.3207524772659145,0.31193224517649,0.3207524772659145,0.3207524772659145,0.3207524772659145,0.3207524772659145,0.6897660900715435,0.3207524772659145,0.289159014146833,0.3207524772659145,0.3207524772659015,0.3207524772658882,0.3207524772659145,0.3207524772659145,0.3207524772659145,0.28302134520816896,0.3207524772659145,0.2830213452081692,0.3207524772659145,0.3207524772659145,0.3207524772659145,0.3207524772658882,0.31193224517649,0.3207524772659145,0.32075247726591466
EkiLLm_BolA,-1.0277834754170396,0.04972767712211453,0.049727677122114976,0.02892610695208154,0.10345445046095815,0.16185165404631757,0.16185165404631757,0.2163022750762363,0.16185165404631757,0.2648103213657211,0.16185165404631757,0.10345445046095815,0.16185165404631757,0.16185165404631757,0.16185165404631757,0.16185165404631757,0.2163022750762363,0.16185165404631757,0.16185165404631757,1.1931764883443006,1.724961638219395,0.16185165404631757,1.3866505241115408,0.16185165404631757,0.16185165404631757,0.16185165404631757,0.16185165404631757,0.8481122639337701,0.16185165404631757,0.16185165404631757,0.16185165404631757,-5.63020273230724,-5.63020273230724,-0.3211813720292331,0.42226224721091793,0.4222622472109181,0.42226224721091776,0.16185165404631804,0.16185165404631757,0.16185165404631757,0.7506623036782849,0.4285948043604531,0.43422683557152136,0.16185165404631757,0.16185165404631757,0.16185165404631757,0.16185165404631757,0.16185165404631757,0.16185165404631757,0.16185165404631757,0.16185165404631757,0.16185165404631757,-5.63020273230724,-0.14941756227926511,0.1618516540463184,0.1618516540463184,0.1618516540463184,0.16185165404631804,0.16185165404631757,0.16185165404631757,-0.49031081812175575,-0.49031081812175575,0.16185165404631757,0.16185165404631757,0.16185165404631757,0.16185165404631757,0.16185165404631735,0.16185165404631757,0.22908999930680615,0.16185165404631757,0.16185165404631757,0.16185165404631757,0.03206361308870502,0.03206361308870502,0.16185165404631793,0.4849488723572941,0.16185165404631757,0.16185165404631757,0.16185165404631757,0.16185165404631757,0.16185165404631757,0.16185165404631757,0.16185165404631757,0.16185165404631757,0.16185165404631757,0.16185165404631757,0.16185165404631757,0.16185165404631757,0.03206361308870502,0.03206361308870502,0.16185165404631793,0.4849488723572941,0.16185165404631757,0.16185165404631757,0.16185165404631757,0.16185165404631757,0.16185165404631757,0.16185165404631757,0.16185165404631757,0.16185165404631757,0.16185165404631757,0.16185165404631757,0.16185165404631757,0.16185165404631757,0.03206361308870502,0.03206361308870502,0.16185165404631793,0.4849488723572941,0.16185165404631757,0.16185165404631757,0.16185165404631757,0.16185165404631757,0.16185165404631757,0.16185165404631757,0.16185165404631757,0.16185165404631757,0.16185165404631757,0.16185165404631757,0.1618516540463177,0.16185165404631757,-5.562129304903,0.16185165404631935,0.16185165404631757,0.16185165404636256,0.16185165404631693,-0.6610522195288091,0.16185165404631757,0.1618516540463865,0.16185165404645727,0.16185165404631757,0.16185165404631757,0.16185165404632273,-0.9291350369007922,0.16185165404631757,-0.9291350369007921,0.16185165404631757,0.16185165404632273,0.16185165404631757,0.16185165404645727,0.1618516540463177,0.16185165404631757,0.16185165404631757
EkiLLm_ChpB,0.24930751199167578,0.2713832978518556,0.27138329785185544,0.2718283765230787,0.25432986048913264,0.23992144970234328,0.23992144970234328,0.2566417875053536,-5.235922117215766,0.9797187716843847,0.23992144970234328,0.2543298604891322,0.23992144970234328,0.23992144970234328,0.23992144970234328,0.23992144970234328,0.2566417875053534,0.22966025915459998,0.22966025915460003,0.30407711867946596,0.319880390678052,0.23992144970234328,0.3112440795172066,0.33090496188671265,0.31124407951720656,0.23992144970234328,0.23992144970234328,0.28659309792938503,0.23992144970234328,0.23992144970234328,0.23992144970234328,-4.211175305312956,-4.211175305312956,0.05826825408327255,0.15358761609778399,0.1535876160977841,0.15358761609778396,0.23992144970234308,0.23992144970234328,0.23992144970234308,0.008319967965494104,0.2838813044242052,0.2617836979110996,0.23992144970234328,0.23992144970234328,0.23992144970234328,0.23992144970234328,0.23992144970234328,0.23992144970234328,0.23992144970234328,-3.8104748763489673,0.23992144970234328,-3.4814388999444965,0.19610083038525702,0.2399214497023439,0.2399214497023439,0.2399214497023439,0.23992144970234336,0.23992144970234328,0.23992144970234328,0.22647678158546844,0.22647678158546847,0.2399214497023429,0.23992144970234328,0.23992144970234328,0.23992144970234328,0.23992144970234308,0.23992144970234308,0.6352240134324995,0.23992144970234258,0.23992144970234258,0.23992144970234258,0.23992144970234308,0.23992144970234283,0.23992144970234294,-0.010270372526235642,0.23992144970234328,0.23992144970234328,0.23992144970234328,0.23992144970234328,0.23992144970234328,0.23992144970234328,0.23992144970234328,0.23992144970234328,0.23992144970234328,0.23992144970234258,0.23992144970234258,0.23992144970234258,0.23992144970234258,0.23992144970234258,0.23992144970234294,-0.010270372526235642,0.23992144970234328,0.23992144970234328,0.23992144970234328,0.23992144970234328,0.23992144970234328,0.23992144970234328,0.23992144970234328,0.23992144970234328,0.23992144970234328,0.23992144970234258,0.23992144970234258,0.23992144970234258,0.23992144970234283,0.23992144970234283,0.23992144970234294,-0.010270372526235642,0.23992144970234328,0.23992144970234328,0.23992144970234328,0.23992144970234328,0.23992144970234328,0.23992144970234328,0.23992144970234328,0.23992144970234328,0.23992144970234328,0.23992144970234328,0.23992144970234336,0.23992144970234328,-4.176819125399687,0.23992144970234328,0.23992144970234328,0.29228422012018224,0.23992144970234328,0.2190320434398071,0.23992144970234328,0.2399214497023722,0.2399214497024015,-3.6166308478652542,-3.617702665352827,0.23992144970234533,0.19124359908216793,0.23992144970234328,0.191243599082168,0.23992144970234328,0.23992144970234533,0.23992144970234328,0.2399214497024013,0.23992144970234336,0.23992144970234328,0.23992144970234328
EkiLLm_CpxR,0.3124705929725846,0.34332112267280357,0.3433211226728035,0.3436806536794317,0.32819057021366377,0.3151585984007452,0.3151585984007452,0.32918573374102156,-4.417989042651241,0.9058033042070038,0.3151585984007452,0.32819057021366366,0.3151585984007452,0.3151585984007452,0.3151585984007452,0.3151585984007452,0.3291857337410216,0.3189952993747851,0.31899529937478505,0.41166945142190803,0.4393403325792319,0.3151585984007452,0.4239899777781628,0.4598020315080678,0.4239899777781628,0.3151585984007452,0.3151585984007452,0.38306495223200826,0.3151585984007452,0.3151585984007452,0.3151585984007452,-3.5995480632628523,-3.5995480632628523,0.5079896192827037,0.24046425074348993,0.24046425074348993,0.2404642507434899,0.2404642507434899,-3.6125789508741457,0.3151585984007452,0.2761832961618183,0.23937944819758283,0.26800705885008447,0.3151585984007452,0.3151585984007452,0.3151585984007452,-3.455197135959857,0.3151585984007452,0.3151585984007452,0.3151585984007452,-3.206144317036,0.3151585984007452,-2.9210879010610467,0.24600173780901358,0.3151585984007452,0.31515859840074534,0.31515859840074534,0.31515859840074556,0.3151585984007452,0.3151585984007452,0.3151585984007546,0.3151585984007546,0.3151585984007462,0.3151585984007452,0.3151585984007452,0.3151585984007452,0.315158598400745,0.315158598400745,1.379417744422224,-0.04236486478318673,-0.04236486478318625,-0.04236486478318673,-0.04236486478318673,-0.04236486478318673,0.04367267543885026,-3.037993651486971,0.3151585984009108,0.3151585984007452,0.3151585984007452,0.3151585984007452,0.3151585984007452,0.3151585984007452,0.3151585984007452,0.3151585984007452,0.3151585984007452,-0.04236486478318673,-0.04236486478318673,-0.04236486478318673,-0.04236486478318673,-0.04236486478318673,0.04367267543885075,-3.037993651486878,0.3151585984007452,0.3151585984007452,0.3151585984007452,0.3151585984007452,0.3151585984007452,0.3151585984007452,0.3151585984007452,0.3151585984007452,0.31515859840062427,-0.04236486478318673,-0.04236486478318673,-0.04236486478318673,-0.04236486478318673,-0.04236486478318673,0.04367267543885026,-3.037993651486878,0.3151585984007452,0.3151585984007452,0.3151585984007452,0.3151585984007452,0.3151585984007452,0.3151585984007452,0.3151585984007452,0.3151585984007452,0.3151585984007452,0.3151585984007452,0.31515859840074517,0.3151585984007452,-3.295142722322531,0.3151585984007452,0.3151585984007452,0.31515859840075067,0.3151585984007452,0.3151585984007598,0.3151585984007452,0.31515859840075694,0.315158598400769,0.3151585984007452,0.31515859840046345,0.31515859840074645,0.31515859840076704,0.3151585984007452,0.3151585984007671,0.3151585984007452,0.31515859840074684,0.3151585984007452,0.315158598400769,0.31515859840074517,0.3151585984007452,0.31515859840074534
EkiLLm_Cra,0.5221148496792983,0.6639475882789405,0.6639475882789408,0.5604924763884152,0.5552534608870068,0.5504139259258511,0.5504139259258511,0.5566009959352135,-2.495866453957508,0.5504139259258511,0.5504139259258511,0.5552534608870067,0.5504139259258511,0.5504139259258511,0.5504139259258511,0.5504139259258511,0.5565979701565399,0.687544785388788,0.6875447853887878,1.1642725458162881,0.5504139259258511,0.5504139259258511,0.5504139259258511,0.5504139259258511,0.5504139259258511,0.5504139259258511,-1.786931654468482,0.7376815264933629,-1.4235092674635095,-1.737680728878058,-1.4235092674635095,-1.9984856272082396,-1.9984856272082396,-2.373037623291273,0.5141294327974238,0.5141294327974238,0.5141294327974237,0.5361313742845782,-1.746004671861597,0.5504139259258511,0.5089265528025964,0.5139267999840151,0.5441553305195945,0.5504139259258511,0.5504139259258511,0.5504139259258511,0.5504139259258511,0.5504139259258511,0.5504139259258511,0.5504139259258511,-1.7313379687998256,0.5504139259258511,-1.9639572519008819,0.47779612734465765,0.5504139259258516,0.5504139259258516,0.5504139259258516,0.5504139259258521,0.5504139259258511,0.5504139259258511,0.5348228522971369,0.5348228522971369,0.5504139259258549,0.5504139259258511,0.5504139259258511,0.5504139259258511,0.550413925925851,0.550413925925851,1.319611129152674,-1.6589783153433568,-1.6589783153433568,-1.6589783153433568,-1.6589783153433568,-1.6589783153433568,-1.6037063805489817,-1.6037063805489817,0.5504139259258511,0.5504139259258511,0.5504139259258511,0.5504139259258511,0.5504139259258511,0.5504139259258511,0.5504139259258511,0.5504139259258511,0.5504139259258511,-1.6589783153433568,-1.6589783153433568,-1.6589783153433568,-1.6589783153433568,-1.6589783153433568,-1.6037063805489817,-1.6037063805489817,0.5504139259258511,0.5504139259258511,0.5504139259258511,0.5504139259258511,0.5504139259258511,0.5504139259258511,0.5504139259258511,0.5504139259258511,0.5504139259258511,-1.6589783153433568,-1.6589783153433568,-1.6589783153433568,-1.6589783153433568,-1.6589783153433568,-1.6037063805489817,-1.6037063805489817,0.5504139259258511,0.5504139259258511,0.5504139259258511,0.5504139259258511,0.5504139259258511,0.5504139259258511,0.5504139259258511,0.5504139259258511,0.5504139259258511,0.5504139259258511,0.550413925925851,0.5504139259258511,-1.8914023621719591,0.5504139259258518,0.5504139259258511,0.5588124145951402,0.5504139259258509,0.5254569545834024,0.5504139259258511,0.5504139259258545,0.5504139259258576,-1.7728026036555504,-1.7730557666850835,0.5504139259258519,0.5199472847798475,0.5504139259258511,0.5199472847798476,0.5504139259258511,0.5504139259258519,0.5504139259258511,0.5504139259258576,0.5504139259258511,0.5504139259258511,0.5922824509242046
EkiLLm_CreB,0.6078843920934179,0.581157263240444,0.5811572632404439,0.5388857632210078,0.5187649771309417,0.501423084926793,0.501423084926793,0.521393137379118,-2.5912691757323936,0.501423084926793,0.501423084926793,0.5187649771309416,0.501423084926793,0.501423084926793,0.501423084926793,0.501423084926793,0.521393137379118,-2.42291959054762,-2.42291959054762,0.3071212297876041,0.04025611861913807,0.501423084926793,0.17026671970486762,-2.042038445598827,0.17026671970486762,0.501423084926793,0.501423084926793,0.43520022900427857,0.501423084926793,0.501423084926793,0.501423084926793,-2.0124041746958254,-2.0124041746958254,-2.574506685555952,0.8403027354834443,0.8403027354834445,0.8403027354834441,0.8403027354834435,0.501423084926793,0.501423084926793,1.070961200621931,0.845722863481901,0.501423084926793,0.501423084926793,0.501423084926793,0.501423084926793,0.501423084926793,0.501423084926793,-1.2946781643743122,0.501423084926793,-1.7902321176563902,0.501423084926793,0.8360291875611794,0.6250440894909691,0.5014230849267932,0.5014230849267931,0.5014230849267931,0.4108826326161771,0.34955399444714774,0.34955399444714774,0.4865518497337132,0.4865518497337132,0.5014230849267913,0.501423084926793,0.501423084926793,0.501423084926793,0.5014230849267929,0.5014230849267929,1.2875124375856428,-1.7564890726095514,-1.7564890726095514,-1.7564890726095514,-1.7564890726095514,-1.7564890726095514,-1.7000033245329298,-1.7000033245329298,0.5014230849104024,0.501423084926793,0.501423084926793,0.501423084926793,0.501423084926793,0.501423084926793,0.501423084926793,0.501423084926793,0.501423084926793,-1.7564890726095514,-1.7564890726095514,-1.7564890726095514,-1.7564890726095514,-1.7564890726095514,-1.7000033245329298,-1.7000033245329298,0.501423084926793,0.501423084926793,0.501423084926793,0.501423084926793,0.501423084926793,0.501423084926793,0.501423084926793,0.501423084926793,0.5014230849104024,-1.7564890726095514,-1.7564890726095514,-1.7564890726095514,-1.7564890726095514,-1.7564890726095514,-1.7000033245329298,-1.7000033245329298,0.501423084926793,0.501423084926793,0.501423084926793,0.501423084926793,0.501423084926793,0.501423084926793,0.501423084926793,0.501423084926793,0.501423084926793,0.501423084926793,0.48915904462640214,0.501423084926793,-1.9940173264141468,0.5014230849267938,0.501423084926793,0.501423084926806,0.5014230849267928,0.47851485773706337,0.501423084926793,0.5666960054935182,0.5014230849268356,0.501423084926793,0.501423084926793,0.5014230849267933,0.474064468064857,0.501423084926793,0.474064468064857,0.501423084926793,0.5014230849267933,0.501423084926793,0.5014230849268356,0.48915904462640214,0.501423084926793,0.5014230849267931
EkiLLm_Crl,0.4499981572491809,0.34025709155101375,0.34025709155101364,0.34089529311412686,0.31591723146707723,0.2961914868975649,0.2961914868975649,0.3184167287026623,-3.947380970596147,0.8253329189024114,0.2961914868975649,0.31591723146707723,0.2961914868975649,0.2961914868975649,0.2961914868975649,0.2961914868975649,0.31841672870266224,-0.006871912676601943,-0.006871912676601943,0.10200861837212702,-3.4056996697115993,0.2961914868975649,-3.2305888575454467,-3.1329524736890177,-3.2305888575454467,0.2961914868975649,0.2961914868975649,0.3713928250736908,0.2961914868975649,0.2961914868975649,0.2961914868975649,-3.336193817911148,-3.336193817911148,0.22808148720583893,0.42161296760048533,0.42161296760048533,0.42161296760048533,0.6309164042515321,-2.9097238360670956,0.2961914868975649,0.45298706451591964,0.42275344427296513,0.32598085031252755,0.2961914868975649,0.2961914868975649,0.2961914868975649,0.2961914868975649,0.2961914868975649,0.2961914868975649,0.2961914868975649,-2.6024021499435914,0.2961914868975649,-2.824929663795142,0.4098606635330118,0.29619148689756547,0.2961914868975656,0.2961914868975656,0.2961914868975656,0.2961914868975647,0.2961914868975649,0.2857051384211812,0.2857051384211811,0.2961914868975674,0.2961914868975649,0.2961914868975649,0.2961914868975649,0.2961914868975647,0.2961914868975647,-0.009904401354881291,0.2961914868975647,0.2961914868975647,0.2961914868975647,0.2961914868975647,0.5697176432247458,0.49133012087933486,0.2961914868975649,0.2961914868975649,0.2961914868975649,0.2961914868975649,0.2961914868975649,0.2961914868975649,0.2961914868975649,0.2961914868975649,0.2961914868975649,0.2961914868975649,0.2961914868975647,0.2961914868975647,0.2961914868975647,0.2961914868975647,0.5697176432247458,0.49133012087933486,0.29619148689756447,0.2961914868975649,0.2961914868975649,0.2961914868975649,0.2961914868975649,0.2961914868975649,0.2961914868975649,0.2961914868975649,0.2961914868975649,0.2961914868975649,0.2961914868975647,0.2961914868975647,0.2961914868975647,0.2961914868975647,0.5697176432247458,0.49133012087933486,0.29619148689756447,0.2961914868975649,0.2961914868975649,0.2961914868975649,0.2961914868975649,0.2961914868975649,0.2961914868975649,0.2961914868975649,0.2961914868975649,0.2961914868975649,0.2961914868975649,0.3048962276561367,0.2961914868975649,-3.11593030005275,0.2961914868975649,0.2961914868975649,0.29626450344002075,0.2961914868975649,0.279898526839844,0.2961914868975649,0.29619148689759117,0.2961914868976174,-3.2416483030653134,-2.142922809804228,0.2961914868975649,0.2582245859885074,0.2961914868975649,0.2582245859885075,0.2961914868975649,0.29619148689756447,0.2961914868975649,0.2961914868976173,0.3048962276561367,0.2961914868975649,0.296191486897565
EkiLLm_Crp,0.3102448611326919,0.319296506657939,0.3192965066579392,0.3093181923897261,0.28590953950313014,0.26420272083147334,0.26420272083147334,0.28798075979062754,-4.44646110851497,0.8349997829271465,0.26420272083147334,0.28590953950313003,0.26420272083147334,0.26420272083147334,0.26420272083147334,0.26420272083147334,0.2879807597906274,0.00857119828991075,0.008571198289910695,0.25839999305108524,0.246293636881468,0.26420272083147334,0.25536029766676893,0.26420272083147334,0.26420272083147334,0.26420272083147334,0.26420272083147334,0.26166057771524714,0.26420272083147334,0.26420272083147334,0.26420272083147334,-3.6460278173482163,-3.6460278173482163,-4.350521178434269,0.2430815672833223,0.2430815672833223,0.2430815672833223,0.2430815672833223,-3.8988507731486335,0.26420272083147334,0.26420272083147334,0.24295990374400303,0.2083524263798084,0.26420272083147334,0.26420272083147334,0.26420272083147334,-3.841828983355121,0.26420272083147334,0.26420272083147334,0.26420272083147334,-3.373371969746867,0.26420272083147334,-3.5257257953830976,0.07447057173724217,0.2642027208314727,0.2642027208314727,0.2642027208314727,0.26420272083147317,0.26420272083147306,0.26420272083147334,0.25240027727902764,0.25240027727902764,0.2642027208314729,0.26420272083147334,0.26420272083147334,0.26420272083147334,0.26420272083147334,0.264202720831473,-0.22528839227968273,0.26420272083147334,0.26420272083147334,0.26420272083147334,0.2642027208314736,0.3524261355360698,0.26420272083147367,0.5425780346339981,0.26420272083147334,0.26420272083147334,0.26420272083147334,0.26420272083147334,0.26420272083147334,0.26420272083147334,0.26420272083147334,0.26420272083147334,0.26420272083147334,0.26420272083147334,0.26420272083147334,0.26420272083147334,0.26420272083147334,0.3524261355360698,0.26420272083147367,0.5425780346339981,0.26420272083147334,0.26420272083147334,0.26420272083147334,0.26420272083147334,0.26420272083147334,0.26420272083147334,0.26420272083147334,0.26420272083147334,0.26420272083147334,0.26420272083147334,0.26420272083147334,0.26420272083147334,0.2642027208314736,0.3524261355360698,0.26420272083147367,0.5425780346339981,0.26420272083147334,0.26420272083147334,0.26420272083147334,0.26420272083147334,0.26420272083147334,0.26420272083147334,0.26420272083147334,0.26420272083147334,0.26420272083147334,0.26420272083147334,0.11405425492580284,0.26420272083147334,-3.4464286226504526,0.26420272083147334,0.26420272083147334,0.26420272083146595,0.26420272083147334,0.24586496076311043,0.26420272083147334,0.2642027208314787,0.26420272083148394,0.26420272083147334,-0.8475597141910033,0.26420272083146895,0.221470957827208,0.26420272083147334,0.2214709578272081,0.26420272083147334,0.26420272083146823,0.26420272083147334,0.26420272083148394,0.11405425492580284,0.26420272083147334,0.26420272083147334
EkiLLm_CsgD,0.3362190379647644,0.4151341278663902,0.4151341278663903,0.41518072904237563,0.4133373758273494,0.4118192350228121,0.4118192350228121,0.41459333143453525,0.4118192350228127,0.4002991398024316,0.4118192350228121,0.41333737582734925,0.4118192350228121,0.4118192350228121,0.4118192350228121,0.4118192350228121,0.41459333143453525,0.48565387295862344,0.48565387295862344,0.537184909421011,0.5650178828811999,0.4118192350228121,0.5499347300033799,0.5838498082232484,0.5499347300033799,0.4118192350228121,0.4118192350228121,0.505132638149189,0.4118192350228121,0.4118192350228121,0.4118192350228121,-4.004405115686753,-4.004405115686753,0.4118192350228121,0.22888225553365782,0.22888225553365782,0.22888225553365776,0.4118192350228048,0.4118192350228121,0.411819235022812,-0.015389280491918865,0.22458357184772373,0.17066463262008605,0.4118192350228121,0.4118192350228121,0.4118192350228121,0.4118192350228121,0.4118192350228121,0.4118192350228121,0.4118192350228121,-3.772588306125717,0.4118192350228121,-3.7156325785311806,0.38584392363391995,0.41181923502281226,0.41181923502281226,0.41181923502281226,0.4118192350228118,0.411819235022812,0.4118192350228121,0.398066519965611,0.398066519965611,0.4118192350228115,0.4118192350228121,0.4118192350228121,0.4118192350228118,0.4118192350228118,0.4118192350228118,1.8302338437839782,-1.0749307563523098,-1.0749307563523098,-1.0749307563523098,-1.0749307563523098,-1.0749307563523098,-0.9721255506204575,-0.9721255506204575,0.4118192350228121,0.4118192350228121,0.4118192350228121,0.4118192350228121,0.4118192350228121,0.4118192350228121,0.4118192350228121,0.4118192350228121,0.4118192350228121,-1.0749307563523098,-1.0749307563523098,-1.0749307563523098,-1.0749307563523098,-1.0749307563523098,-0.9721255506204575,-0.9721255506204575,0.4118192350228121,0.4118192350228121,0.4118192350228121,0.4118192350228121,0.4118192350228121,0.4118192350228121,0.4118192350228121,0.4118192350228121,0.4118192350228121,-1.0749307563523098,-1.0749307563523098,-1.0749307563523098,-1.0749307563523098,-1.0749307563523098,-0.9721255506204575,-0.9721255506204575,0.4118192350228121,0.4118192350228121,0.4118192350228121,0.4118192350228121,0.4118192350228121,0.4118192350228121,0.4118192350228121,0.4118192350228121,0.4118192350228121,0.4118192350228121,0.41181923502281215,0.4118192350228121,-3.909725560103299,0.4118192350228121,0.4118192350228121,0.4119149952211892,0.41181923502281265,0.3904511965014874,0.4118192350228121,0.41181923502280926,0.4118192350228059,-3.917819589450121,-2.405031370800886,0.41181923502281165,0.3620260335926492,0.4118192350228121,0.36202603359264923,0.4118192350228121,0.41181923502281165,0.4118192350228121,0.4118192350228059,0.41181923502281215,0.4118192350228121,0.4118192350228121
EkiLLm_CspA,0.26051661782765834,0.24646587306606754,0.24646587306606738,0.24611497456639458,0.25932981358516755,0.2702923965887169,0.2702923965887169,0.25578667999493226,-4.496564613173605,0.6384354168748209,0.2702923965887169,0.2593298135851675,0.2702923965887169,0.2702923965887169,0.2702923965887169,0.2702923965887169,0.2557803631926587,0.2702923965887169,0.2702923965887169,0.5180789740444184,-3.324606625952273,0.2702923965887169,0.019905165508511045,0.2702923965887169,0.019905165508510878,0.2702923965887169,0.2702923965887169,0.6142566664911021,0.2702923965887169,0.2702923965887169,0.2702923965887169,-3.8070876102975704,-3.8070876102975704,0.04137715225732642,0.28343986571412255,0.28343986571412255,0.28343986571412255,0.2834398657141226,-4.014117409323153,0.2702923965887169,0.28652837033086864,0.283555388618256,0.36479919529421645,0.2702923965887169,0.2702923965887169,0.2702923965887169,-3.931659120584189,0.2702923965887169,0.2702923965887169,0.2702923965887169,-3.497779599647801,0.2702923965887169,-3.556687686147436,0.12822918440905398,0.2702923965887164,0.2702923965887164,0.2702923965887164,0.27029239658872306,0.2702923965887168,0.2702923965887169,0.3013687860623742,0.3013687860623742,0.27029239658871557,0.2702923965887169,0.2702923965887169,0.2702923965887167,0.2702923965887167,0.2702923965887167,-0.6196450758804908,0.2702923965887169,0.2702923965887169,0.2702923965887169,0.2702923965887169,0.2702923965887169,0.2702923965887169,0.2702923965887169,0.2702923965887169,0.2702923965887169,0.2702923965887169,0.2702923965887169,0.2702923965887169,0.2702923965887169,0.2702923965887169,0.2702923965887169,0.2702923965887169,0.2702923965887169,0.2702923965887169,0.2702923965887169,0.2702923965887169,0.2702923965887169,0.2702923965887169,0.2702923965887169,0.2702923965887169,0.2702923965887169,0.2702923965887169,0.2702923965887169,0.2702923965887169,0.2702923965887169,0.2702923965887169,0.2702923965887169,0.2702923965887169,0.2702923965887169,0.2702923965887169,0.2702923965887169,0.2702923965887169,0.2702923965887169,0.2702923965887169,0.2702923965887169,0.2702923965887169,0.2702923965887169,0.2702923965887169,0.2702923965887169,0.2702923965887169,0.2702923965887169,0.2702923965887169,0.2702923965887169,0.2702923965887169,0.2702923965887169,0.2816461312856604,0.2702923965887169,-3.6744976222736043,0.2702923965887169,0.2702923965887169,0.2598460610768265,0.2702923965887174,0.3193219049871679,0.2702923965887169,0.27029239658870413,0.27029239658869064,0.2702923965887169,-1.0418578636232503,0.27029239658871007,0.35059067327689886,0.2702923965887169,0.35059067327689897,0.2702923965887169,0.27029239658871007,0.2702923965887169,0.27029239658869053,0.28164613128566046,0.2702923965887169,0.2173518799377804
EkiLLm_CysB,-0.10290076727319486,0.2417086184623385,0.2417086184623385,0.24128679097662045,0.2583487552425925,0.2717481950914817,0.2717481950914817,0.25822007481140774,-4.516085247862313,0.9436296422562003,0.2717481950914817,0.2583487552425925,0.2717481950914817,0.2717481950914817,0.2717481950914817,0.2717481950914817,0.25822007481140774,0.746019290743879,0.7460192907438791,0.2717481950914817,0.2717481950914817,0.2717481950914817,0.2717481950914817,0.2717481950914817,0.2717481950914817,0.2717481950914817,-3.4781001988817484,0.901072934353112,-2.9893349611580184,-3.3733549492943005,-2.9893349611580184,-3.9227106269172527,-3.9227106269172527,0.2717481950914817,-0.2257030953273427,-0.2257030953273427,-0.2257030953273428,-0.22570309532734292,0.2717481950914817,0.2717481950914814,-0.578517229084768,0.5514543921260496,0.6475262659375003,0.2717481950914817,0.2717481950914817,0.2717481950914817,0.2717481950914817,0.2717481950914817,0.2717481950914817,0.2717481950914817,-3.276264504777643,0.2717481950914817,-3.572578775085458,0.1292623644817704,0.27174819509148146,0.2717481950914819,0.2717481950914819,0.27174819509148124,0.27174819509148146,0.27174819509148146,0.2599643874436326,0.2599643874436326,0.27174819509148007,0.2717481950914817,0.27174819509148146,0.27174819509148146,0.27174819509148146,0.27174819509148146,0.27174819508884657,0.2717481950915378,0.2717481950915378,0.2717481950915378,0.2717481950915378,0.2717481950915378,0.271748195091671,0.271748195091671,0.2717481950914817,0.2717481950914817,0.2717481950914817,0.2717481950914817,0.2717481950914817,0.2717481950914817,0.2717481950914817,0.2717481950914817,0.2717481950914817,0.2717481950915376,0.2717481950915378,0.2717481950915378,0.2717481950915378,0.2717481950915378,0.271748195091671,0.271748195091671,0.2717481950914817,0.2717481950914817,0.2717481950914817,0.2717481950914817,0.2717481950914817,0.2717481950914817,0.2717481950914817,0.2717481950914817,0.2717481950914817,0.2717481950915378,0.2717481950915378,0.2717481950915378,0.2717481950915378,0.2717481950915378,0.271748195091671,0.271748195091671,0.2717481950914817,0.2717481950914817,0.2717481950914817,0.2717481950914817,0.2717481950914817,0.2717481950914817,0.2717481950914817,0.2717481950914817,0.2717481950914817,0.2717481950914817,0.2624780369830274,0.2717481950914817,-3.57022605301778,0.2717481950914817,0.2717481950914817,0.7538015441973489,0.2717481950914817,0.2534393302990221,0.2717481950914817,0.2717481950914752,0.27174819509146864,0.2717481950914817,0.2717481950914817,0.2717481950914817,0.22908370061116295,0.2717481950914817,0.22908370061116295,0.2717481950914817,0.27174819509148224,0.2717481950914817,0.2717481950914688,0.2624780369830274,0.2717481950914817,0.2717481950914817
EkiLLm_CytR,0.5251452134889918,0.39547706477228817,0.3954770647722885,0.39698272229822584,0.34121716066226876,0.2928636725832954,0.2928636725832954,0.34556199096220785,0.2928636725832953,-1.0416923108752212,0.2928636725832954,0.34121716066226865,0.2928636725832954,0.2928636725832954,0.2928636725832954,0.2928636725832954,0.34556199096220785,-0.3983857481519293,-0.3983857481519293,-0.30694716500104957,-3.8120252747375325,0.2928636725832954,-0.6397742576221447,-3.517425735879891,-0.6397742576221445,0.2928636725832954,0.2928636725832954,-0.0016715574040672744,0.2928636725832954,0.2928636725832954,0.2928636725832954,-3.629320813888842,-3.6293208139393935,-4.391022569973404,0.427483681853355,0.427483681853355,0.4274836818533549,0.635418898525378,0.15242034548860528,0.2928636725832954,0.46364693958675623,0.42873093114114413,-3.9785491776233193,0.2928636725832954,0.2928636725832954,0.2928636725832954,0.2928636725832954,0.2928636725832954,0.2928636725832954,0.2928636725832954,-3.1306130852958836,0.2928636725832954,0.2928636725832954,0.7370998059221705,0.2928636725832954,0.2928636725832954,0.2928636725832954,0.29286367258329477,0.29286367258329526,0.2928636725832954,0.2928636725832954,0.2928636725832954,0.2928636725832931,0.2928636725832954,0.2928636725832954,0.29286367258329515,0.29286367258329515,0.29286367258329515,0.2928636725832881,0.29286367258329576,0.29286367258329576,0.29286367258329576,0.29286367258329593,0.29286367258329593,0.2928636725832954,0.2928636725832956,0.2928636725822649,0.2928636725832954,0.2928636725832954,0.2928636725832954,0.2928636725832954,0.2928636725832954,0.2928636725832954,0.2928636725832954,0.2928636725832954,0.29286367258329576,0.29286367258329576,0.29286367258329576,0.29286367258329576,0.29286367258329576,0.2928636725832956,0.2928636725832959,0.2928636725832954,0.2928636725832954,0.2928636725832954,0.2928636725832954,0.2928636725832954,0.2928636725832954,0.2928636725832954,0.2928636725832954,0.2928636725828755,0.29286367258329576,0.29286367258329576,0.29286367258329576,0.29286367258329593,0.29286367258329593,0.29286367258329554,0.2928636725832954,0.2928636725832954,0.2928636725832954,0.2928636725832954,0.2928636725832954,0.2928636725832954,0.2928636725832954,0.2928636725832954,0.2928636725832954,0.2928636725832954,0.2928636725832954,0.2928636725832957,0.2928636725832954,-3.2942809280424874,0.2928636725832954,0.2928636725832954,0.29286367258329543,0.2928636725832954,0.29286367258329593,0.2928636725832954,0.2928636725832957,0.29286367258329593,-3.5776400113828,-2.3217191907905703,0.2928636725832937,0.292863672583297,0.2928636725832954,0.29286367258329693,0.2928636725832954,0.2928636725832937,0.2928636725832954,0.292863672583296,0.2928636725832957,0.2928636725832954,0.2928636725832954
EkiLLm_DcuR,0.26042084726927917,0.27703492169579336,0.27703492169579386,0.2776132973691219,0.2556328763441997,0.23759107890669667,0.23759107890669667,0.2559819262146889,-0.6544145621488037,1.0470941010472588,0.23759107890669667,0.2556328763441997,0.23759107890669667,0.23759107890669667,0.23759107890669667,0.23759107890669667,0.2559819262146889,0.21242828612254394,0.21242828612254386,0.2983088557748287,0.3141054799428999,0.23759107890669667,0.3054299103198338,0.3253333044865729,0.3054299103198338,0.23759107890669667,0.23759107890669667,0.2812298255369784,0.23759107890669667,0.23759107890669667,0.23759107890669667,-4.46952823066445,-4.469528230788642,-5.504291930168538,0.12975070079059695,0.129750700790597,0.12975070079059683,0.12975070079059636,-0.628483867301583,-3.5971637292705947,-0.023959853517314153,0.1269379849250209,0.1806784305549133,0.23759107890669667,0.23759107890669667,0.23759107890669667,0.23759107890669667,0.23759107890669667,0.23759107890669667,0.23759107890669667,-4.306048402551691,0.23759107890669667,-3.6456950450884085,0.11734303463156665,0.23759107890669723,0.23759107890669742,0.23759107890669742,0.23759107890669529,0.23759107890669648,0.23759107890669667,0.251566951990466,0.2515669519904662,0.23759107890669126,0.23759107890669667,0.23759107890669645,0.23759107890669645,0.23759107890669667,0.23759107890669667,0.23759107890669773,0.23759107890669667,0.23759107890669667,0.23759107890669645,0.23759107890669667,0.23759107890669667,0.23759107890669687,0.23759107890669667,0.23759107890669667,0.23759107890669667,0.23759107890669667,0.23759107890669667,0.23759107890669667,0.23759107890669667,0.23759107890669667,0.23759107890669667,0.23759107890669667,0.23759107890669645,0.23759107890669645,0.23759107890669645,0.23759107890669645,0.23759107890669667,0.23759107890669667,0.23759107890669667,0.23759107890669667,0.23759107890669667,0.23759107890669667,0.23759107890669667,0.23759107890669667,0.23759107890669667,0.23759107890669667,0.23759107890669667,0.23759107890669667,0.23759107890669645,0.23759107890669645,0.23759107890669645,0.23759107890669667,0.23759107890669667,0.23759107890669667,0.23759107890669667,0.23759107890669667,0.23759107890669667,0.23759107890669667,0.23759107890669667,0.23759107890669667,0.23759107890669667,0.23759107890669667,0.23759107890669667,0.23759107890669667,0.23759107890669667,0.23759107890669687,0.23759107890669667,-4.169197546683609,0.23759107890669667,0.23759107890669667,0.23759107890669165,0.23759107890669667,0.25930584981434124,0.23759107890669667,-0.4658867377130365,0.23759107890668188,0.23759107890669667,0.23759107890788675,0.23759107890669667,0.28819226376111695,0.23759107890669667,0.28819226376111695,0.23759107890669667,0.23759107890669715,0.23759107890669667,0.23759107890668205,0.23759107890669687,0.23759107890669667,0.23759107890669667
EkiLLm_ElbB,-0.2566404260642057,0.1488834599110557,0.1488834599110559,0.1482636908496556,0.1730526460670492,0.19210656769303944,0.19210656769303944,0.21300690672710698,-5.6603559031501,1.2919670160420618,0.19210656769303944,0.17305264606704912,0.19210656769303944,0.19210656769303944,0.19210656769303944,0.19210656769303944,0.21300690672710704,0.4339424920401027,0.43394249204010277,0.5026293536065197,0.5570091364037301,0.19210656769303944,0.5279843866279642,0.591912403177918,0.5279843866279642,0.19210656769303944,0.19210656769303944,0.435069666233632,0.19210656769303944,0.19210656769303944,0.19210656769303944,-4.4995653339433925,-4.4995653339433925,-0.5697015099083335,0.1921065676930399,0.1921065676930399,0.19210656769303974,0.19210656769303985,0.19210656769303944,0.19210656769303944,0.19210656769303944,1.243546407979955,0.8058859563954176,0.19210656769303944,0.19210656769303944,0.19210656769303944,0.19210656769303944,0.19210656769303944,0.19210656769303944,0.19210656769303944,-4.525311267321492,0.19210656769303944,-3.8045356522118348,0.04308825227450889,0.19210656769303963,0.19210656769303963,0.19210656769303963,0.19210656769304071,0.19210656769303944,0.19210656769303944,-0.1374346918713623,-0.13743469187136223,0.19210656769304357,0.19210656769303944,0.19210656769303944,0.19210656769303944,0.19210656769303922,0.19210656769303922,-0.27249260035509204,0.19210656769303944,0.19210656769303944,0.19210656769303944,0.19210656769303944,0.19210656769303944,0.19210656769303944,0.5283685083466484,0.19210656769303944,0.19210656769303944,0.19210656769303944,0.19210656769303944,0.19210656769303944,0.19210656769303944,0.19210656769303944,0.19210656769303944,0.19210656769303944,0.19210656769303944,0.19210656769303944,0.19210656769303944,0.19210656769303922,0.19210656769303922,0.19210656769303944,0.5283685083466482,0.19210656769303944,0.19210656769303944,0.19210656769303944,0.19210656769303944,0.19210656769303944,0.19210656769303944,0.19210656769303944,0.19210656769303944,0.19210656769303944,0.19210656769303944,0.19210656769303944,0.19210656769303944,0.19210656769303944,0.19210656769303944,0.19210656769303944,0.528368508346648,0.19210656769303944,0.19210656769303944,0.19210656769303944,0.19210656769303944,0.19210656769303944,0.19210656769303944,0.19210656769303944,0.19210656769303944,0.19210656769303944,0.19210656769303944,0.19210656769303935,0.19210656769303944,-4.515787737657449,0.19210656769303944,0.19210656769303944,0.8612467730902397,0.19210656769303944,-0.24675955983279912,0.19210656769303944,0.19210656769304482,0.19210656769304962,0.19210656769303944,-1.3687970537749303,0.1921065676930399,-0.2720826210052653,0.19210656769303944,-0.2720826210052652,0.19210656769303944,0.1921065676930399,0.19210656769303944,0.19210656769304982,0.1921065676930393,0.19210656769303944,0.19210656769303963
EkiLLm_EvgA,0.5157805390301252,0.47245566734032707,0.4724556673403272,0.47279840256292005,0.4513940584069225,0.4408359387217521,0.4408359387217521,0.45320878569545947,0.4408359387217521,0.4691338058353013,0.4408359387217521,0.4513940584069225,0.4408359387217521,0.4408359387217521,0.4408359387217521,0.4408359387217521,0.45320878569545947,-2.631378359572262,-2.631378359572262,-2.5598426344140894,-2.354420883980198,0.4408359387217521,-2.2413349583581406,-2.1085845486246706,-2.2413349583581406,0.4408359387217521,0.4408359387217521,0.21424544822912925,0.4408359387217521,0.4408359387217521,0.4408359387217521,-2.292290945805942,-2.292290945805942,-2.652051089798035,0.6907384951461745,0.6907384951461745,0.6907384951461744,0.6907384951461745,0.4408359387217521,0.4408359387217519,0.7825728300264326,0.6924698057272273,0.7377801453921484,0.4408359387217521,0.4408359387217521,0.4408359387217521,0.4408359387217521,0.4408359387217521,0.4408359387217521,0.4408359387217521,-2.1952575637762846,0.4408359387217521,-2.292290945805942,0.31960010393050114,0.4408359387217521,0.4408359387217521,0.4408359387217521,0.44083593872175175,0.4408359387217521,0.4408359387217521,0.42484458455433377,0.4248445845543339,0.44083593872175086,0.4408359387217521,0.4408359387217519,0.440835938721752,0.440835938721752,0.440835938721752,0.7845249923392617,0.4408359387217521,0.4408359387217521,0.4408359387217521,-2.0089393551154577,-2.0089393551154577,-1.7969893526859815,-1.7969893526859815,0.4408359387217521,0.4408359387217521,0.4408359387217521,0.4408359387217521,0.4408359387217521,0.4408359387217521,0.4408359387217521,0.4408359387217521,0.4408359387217521,0.4408359387217521,0.4408359387217521,0.4408359387217521,-2.0089393551154577,-2.0089393551154577,-1.7969893526859815,-1.7969893526859815,0.4408359387217521,0.4408359387217521,0.4408359387217521,0.4408359387217521,0.4408359387217521,0.4408359387217521,0.4408359387217521,0.4408359387217521,0.4408359387217521,0.4408359387217521,0.4408359387217521,0.4408359387217521,-2.0089393551154577,-2.0089393551154577,-1.7969893526859815,-1.7969893526859815,0.4408359387217521,0.4408359387217521,0.4408359387217521,0.4408359387217521,0.4408359387217521,0.4408359387217521,0.4408359387217521,0.4408359387217521,0.4408359387217521,0.4408359387217521,0.44083593872175214,0.4408359387217521,-2.2643589847316976,0.44083593872175275,0.4408359387217521,0.4407793607639575,0.4408359387217521,0.41620222466491874,0.4408359387217521,0.44083593872172244,0.44083593872169236,0.4408359387217521,0.4408359387217521,0.44083593872175236,0.41141661596524554,0.4408359387217521,0.41141661596524565,0.4408359387217521,0.44083593872175236,0.4408359387217521,0.4408359387216925,0.44083593872175214,0.4408359387217521,0.44083593872175214
EkiLLm_FadR,0.5783158084632661,0.49839398084719133,0.4983939808471912,0.49901162536807697,0.474222506324222,0.4537457780116246,0.4537457780116246,0.4646579646509922,0.4537457780116246,0.4079722884155529,0.4537457780116246,0.47422250632422197,0.4537457780116246,0.4537457780116246,0.4537457780116246,0.4537457780116246,0.4646579646509922,0.31486853069515186,0.3148685306951519,0.3474755829096338,0.321135324945048,0.4537457780116246,0.33555919886474406,0.3025905477462774,0.3355591988647441,0.4537457780116246,0.4537457780116246,0.3764123969542801,0.4537457780116246,0.4537457780116246,0.4537457780116246,-2.373301323049759,-2.373301323049759,0.4537457780116246,0.524245445786188,0.524245445786188,0.524245445786188,0.7499835917543296,0.4537457780116246,-2.2135755887632866,0.6010781085902105,0.52503444257186,-2.7298620037429253,0.4537457780116246,0.4537457780116246,0.4537457780116246,0.4537457780116246,0.4537457780116246,0.4537457780116246,0.4537457780116246,-2.2686768451533985,0.4537457780116246,1.1930724122931096,0.6296614275761598,0.4537457780116252,0.45374577801162547,0.4537457780116253,0.45374577801162447,0.4537457780116246,0.4537457780116246,0.6500424173650181,0.6500424173650181,0.4537457780116242,0.4537457780116246,0.4537457780116246,0.4537457780116246,0.4537457780116244,0.4537457780116244,0.7119875801930686,-2.1124932946043193,-2.1124932946043193,-2.1124932946043193,-1.8884754281859728,-1.8884754281859728,-1.8884754281859728,0.45374577802768723,0.45374577806777505,0.4537457780116246,0.4537457780116246,0.4537457780116246,0.4537457780116246,0.4537457780116246,0.4537457780116246,0.4537457780116246,0.4537457780116246,-2.1124932946043193,-2.1124932946043193,-2.1124932946043193,-1.8884754281859728,-1.8884754281859728,-1.8884754281859728,0.4537457780279456,0.4537457780116246,0.4537457780116246,0.4537457780116246,0.4537457780116246,0.4537457780116246,0.4537457780116246,0.4537457780116246,0.4537457780116246,0.4537457780116246,-2.1124932946043193,-2.1124932946043193,-2.1124932946043193,-1.8884754281859728,-1.8884754281859728,-1.8884754281859728,0.4537457780279456,0.4537457780116246,0.4537457780116246,0.4537457780116246,0.4537457780116246,0.4537457780116246,0.4537457780116246,0.4537457780116246,0.4537457780116246,0.4537457780116246,0.4537457780116246,0.4610097134696986,0.4537457780116246,-2.382456979298186,0.4537457780116246,0.4537457780116246,0.38540103624270844,0.4537457780116249,0.9142353868978347,0.4537457780116246,0.4537457780116264,0.4537457780116277,-2.484192977997672,-1.5439663573451774,0.4537457780116239,0.4537457780116246,0.4537457780116246,0.4537457780116246,0.4537457780116246,0.45374577801162425,0.4537457780116246,0.4537457780116277,0.4610097134696986,0.4537457780116246,0.20353980572907082
EkiLLm_FecI,0.08844792194268902,0.019181071721469524,0.019181071721469666,0.014339509270957278,0.160333415236373,0.25370888513827533,0.25370888513827533,0.1583404328116065,-4.7414062408178745,1.065566289708174,0.25370888513827533,0.16033341523637296,0.25370888513827533,0.25370888513827533,0.25370888513827533,0.25370888513827533,0.15834043281160645,0.3733657199361196,0.3733657199361195,-0.09699197786206813,-0.396767291661107,0.25370888513827533,-0.19894040198765503,-3.7307326385576673,-0.19894040198765503,0.25370888513827533,0.25370888513827533,0.05845769478110657,0.25370888513827533,0.25370888513827533,0.25370888513827533,0.7520556961391857,0.7520556961391857,-4.804598807623649,0.31918412092693577,0.31918412092693577,0.3191841209269357,0.5436650510066476,0.8207420986303525,0.25370888513827533,0.4002193520232667,0.3198531906802469,0.49276013093230303,0.25370888513827533,0.25370888513827533,0.25370888513827533,0.25370888513827533,0.25370888513827533,0.25370888513827533,0.25370888513827533,-3.174072084422478,0.25370888513827533,-4.091336771707805,0.12030294461679612,0.2537088851382759,0.2537088851382759,0.2537088851382759,0.2537088851382745,0.25370888513827533,0.25370888513827533,0.1794945607718781,0.1794945607718781,0.2537088851382717,0.25370888513827533,0.25370888513827533,0.25370888513827533,0.25370888513827516,0.25370888513827516,1.0074817895239707,0.16222437056923208,0.16222437056923208,0.16222437056923208,0.16222437056923208,0.16222437056923228,0.25370888513827533,0.025965612038876918,0.25370888513827533,0.25370888513827533,0.25370888513827533,0.25370888513827533,0.25370888513827533,0.25370888513827533,0.25370888513827533,0.25370888513827533,0.25370888513827533,0.16222437056923175,0.16222437056923175,0.16222437056923175,0.16222437056923175,0.16222437056923203,0.25370888513827533,0.025965612038876918,0.25370888513827533,0.25370888513827533,0.25370888513827533,0.25370888513827533,0.25370888513827533,0.25370888513827533,0.25370888513827533,0.25370888513827533,0.25370888513827533,0.16222437056923208,0.16222437056923208,0.16222437056923208,0.16222437056923208,0.16222437056923228,0.25370888513827533,0.025965612038876918,0.25370888513827533,0.25370888513827533,0.25370888513827533,0.25370888513827533,0.25370888513827533,0.25370888513827533,0.25370888513827533,0.25370888513827533,0.25370888513827533,0.25370888513827533,0.25370888513827555,0.25370888513827533,-3.766738090485349,0.2537088851382766,0.25370888513827533,0.25370888513828144,0.2537088851382749,0.14312863692681377,0.25370888513827533,0.2537088851382849,0.253708885138294,-3.8712035216353167,-3.8713897564704327,0.25370888513826967,0.027979679014831803,0.25370888513827533,0.027979679014831803,0.25370888513827533,0.25370888513826967,0.25370888513827533,0.2537088851382942,0.25370888513827555,0.25370888513827533,0.25370888513827533
EkiLLm_FhlA,0.0368099495236036,0.23053065241955298,0.23053065241955328,0.23018057060089953,0.24502396781102567,0.25789146499335386,0.25789146499335386,0.23457270498171856,-4.784600724086683,0.5138804188577346,0.25789146499335386,0.24502396781102553,0.25789146499335386,0.25789146499335386,0.25789146499335386,0.25789146499335386,0.23457270498171856,0.25789146499335386,0.25789146499335386,1.2062492733284609,0.25789146499335386,0.25789146499335386,0.25789146499335386,0.25789146499335386,0.25789146499335386,0.25789146499335386,-3.4900345093908984,0.7213987588474917,0.25789146499335386,-3.4900345093908984,0.25789146499335386,-3.9945845592148084,-3.9945845592148084,0.25789146499335386,0.12010911853840787,0.120109118538408,0.120109118538408,0.07906300195123522,-0.13643712194124133,0.25789146499335386,0.12039133212489894,0.11934194230667791,0.14894188455503973,0.25789146499335386,0.25789146499335386,0.25789146499335386,-3.8432022933218026,0.25789146499335386,0.25789146499335386,0.25789146499335386,-3.5658663486993847,0.25789146499335386,-3.323349308233387,0.25789146499335386,0.257891464993354,0.257891464993354,0.257891464993354,0.25789146499335425,0.25789146499335386,0.25789146499335386,0.39045449922661796,0.39045449922661807,0.2578914649933546,0.25789146499335386,0.25789146499335364,0.25789146499335386,0.25789146499335364,0.25789146499335364,0.2578914649933539,0.25789146499335386,0.25789146499335386,0.25789146499335386,0.25789146499335386,0.25789146499335386,0.25789146499335386,0.25789146499335386,0.25789146499335386,0.25789146499335386,0.25789146499335386,0.25789146499335386,0.25789146499335386,0.25789146499335386,0.25789146499335386,0.25789146499335386,0.25789146499335386,0.25789146499335386,0.25789146499335386,0.25789146499335386,0.25789146499335386,0.25789146499335386,0.25789146499335386,0.25789146499335386,0.25789146499335386,0.25789146499335386,0.25789146499335386,0.25789146499335386,0.25789146499335386,0.25789146499335386,0.25789146499335386,0.25789146499335386,0.25789146499335386,0.25789146499335386,0.25789146499335386,0.25789146499335386,0.25789146499335386,0.25789146499335386,0.25789146499335386,0.25789146499335386,0.25789146499335386,0.25789146499335386,0.25789146499335386,0.25789146499335386,0.25789146499335386,0.25789146499335386,0.25789146499335386,0.25789146499335386,0.25789146499335386,0.25789146499335386,0.25789146499335386,0.25789146499335386,-3.648000129763782,0.25789146499335386,0.25789146499335386,0.21720933221541688,0.25789146499335425,0.473444439411217,0.25789146499335386,-0.3936820885730671,0.25789146499336824,0.1443302922414905,0.14435243386542748,0.25789146499335297,0.5245305209981512,0.25789146499335386,0.5245305209981512,0.25789146499335386,0.25789146499335297,0.25789146499335386,0.25789146499336824,0.25789146499335386,0.25789146499335386,0.07751811620298618
EkiLLm_Fis,0.6418190664675718,0.26220274286433876,0.26220274286433876,0.3992270971286785,0.3234610765219622,0.26220274286433876,0.26220274286433876,0.3511339085080939,0.24711688670324805,0.26220274286433876,0.26220274286433876,0.3234610765219622,0.26220274286433876,0.26220274286433876,0.26220274286433876,0.26220274286433876,0.3511339085080939,-0.18659511388394753,-0.18659511388394748,-0.6078654377199725,-3.9673179197639565,0.26220274286433876,-3.759748902938399,-3.724658231864861,-3.759748902938399,0.26220274286433876,0.26220274286433876,-0.19261076630033105,0.26220274286433876,0.26220274286433876,0.26220274286433876,-3.169477414847071,-3.169477414847071,-0.24397039049138433,0.838450116236396,0.8384501162363961,0.8384501162363961,0.8384501162363959,0.26220274286433876,0.26220274286433876,2.791418848074107,0.8466984239177581,0.7651486069199768,0.26220274286433876,0.26220274286433876,0.26220274286433876,0.26220274286433876,0.26220274286433876,0.26220274286433876,0.26220274286433876,-2.7599387484892737,0.26220274286433876,-3.0831134139210152,0.16267337123389314,0.26220274286433876,0.26220274286433876,0.26220274286433876,0.2622027428643396,0.2622027428643389,0.26220274286433876,0.0902565468141739,0.09025654681417403,0.26220274286434136,0.26220274286433876,0.26220274286433876,0.26220274286433876,0.26220274286433876,0.2622027428643386,-0.8674320164501874,0.26220274286433876,0.26220274286433876,0.26220274286433876,0.26220274286433876,0.26220274286433876,0.26220274286433876,0.26220274286433876,-2.667189726365337,0.26220274286433876,0.26220274286433876,0.26220274286433876,0.26220274286433876,0.26220274286433876,0.26220274286433876,0.26220274286433876,0.26220274286433876,0.26220274286433876,0.26220274286433876,0.26220274286433876,0.26220274286433876,0.26220274286433876,0.26220274286433876,0.26220274286433876,0.26220274286433876,0.26220274286433876,0.26220274286433876,0.26220274286433876,0.26220274286433876,0.26220274286433876,0.26220274286433876,0.26220274286433876,-2.667189726364213,0.26220274286433876,0.26220274286433876,0.26220274286433876,0.26220274286433876,0.26220274286433876,0.26220274286433876,0.26220274286433876,0.26220274286433876,0.26220274286433876,0.26220274286433876,0.26220274286433876,0.26220274286433876,0.26220274286433876,0.26220274286433876,0.26220274286433876,0.26220274286433876,0.26220274286433876,0.26220274286433876,0.26220274286433876,-3.335795139639307,0.2622027428643396,0.26220274286433876,0.26220274286432776,0.2622027428643391,0.03426511460398879,0.26220274286433876,0.2622027428643204,0.2622027428643014,0.26220274286433876,0.26220274286433876,0.2622027428643375,0.022782718134969897,0.26220274286433876,0.022782718134969945,0.26220274286433876,0.2622027428643375,0.26220274286433876,0.2622027428643014,0.26220274286433876,0.26220274286433876,0.2622027428643388
EkiLLm_FlgM,0.3559886781680172,0.3780142973186443,0.3780142973186442,0.3761729080780016,0.4253606303605067,0.5149481183743438,0.5149481183743438,0.4191979334577603,-2.6727347301067246,0.7312902724112421,0.5149481183743438,0.4253606303605067,0.5149481183743438,0.5149481183743438,0.5149481183743438,0.5149481183743438,0.4191979334577603,0.7681566615253631,0.7681566615253631,0.5149481183743438,0.5149481183743438,0.5149481183743438,0.5149481183743438,0.5149481183743438,0.5149481183743438,0.5149481183743438,-1.9462003156130048,0.6500396195043039,-1.6272850406842527,-1.877855016732197,-1.6272850406842527,0.6956663667039941,0.6956663667039941,-2.6327821694095426,0.6849509710105341,0.6849509710105343,0.684950971010534,0.6849509710105341,-1.8551163311864098,0.5149481183743438,0.8062577256687263,0.6867332799838903,-1.9301987275334127,0.5149481183743438,0.5149481183743438,0.5149481183743438,0.5149481183743438,0.5149481183743438,0.5149481183743438,0.5149481183743438,-1.881064194220497,0.5149481183743438,-2.0782513120045376,0.3968449332246626,0.514948118374344,0.5149481183743438,0.5149481183743438,0.514948118374343,0.5149481183743437,0.5149481183743438,0.5075050189151424,0.5075050189151424,0.5149481183743463,0.5149481183743438,0.5149481183743438,0.514948118374344,0.5149481183743438,0.5149481183743438,1.3148133437239469,-1.7646200459925698,-1.7646200459925698,-1.7646200459925698,-1.7646200459925698,-1.7646200459925696,-1.7071443729603037,-1.7071443729603037,0.5149481183738812,0.5149481183743438,0.5149481183743438,0.5149481183743438,0.5149481183743438,0.5149481183743438,0.5149481183743438,0.5149481183743438,0.5149481183743438,-1.7646200459925698,-1.7646200459925698,-1.7646200459925698,-1.7646200459925696,-1.7646200459925696,-1.7071443729603037,-1.7071443729603035,0.5149481183743438,0.5149481183743438,0.5149481183743438,0.5149481183743438,0.5149481183743438,0.5149481183743438,0.5149481183743438,0.5149481183743438,0.5149481183738812,-1.7646200459925698,-1.7646200459925698,-1.7646200459925698,-1.7646200459925696,-1.7646200459925696,-1.7071443729603037,-1.7071443729603035,0.5149481183743438,0.5149481183743438,0.5149481183743438,0.5149481183743438,0.5149481183743438,0.5149481183743438,0.5149481183743438,0.5149481183743438,0.5149481183743438,0.5149481183743438,0.5149481183743438,0.5149481183743438,-1.8789278753292542,0.5149481183743446,0.5149481183743438,0.5148945811017442,0.5149481183743442,0.5035846952408742,0.5149481183743438,0.5149481183743564,0.514948118374369,0.5149481183743438,0.5149481183743438,0.5149481183743442,0.5149481183743667,0.5149481183743438,0.5149481183743667,0.5149481183743438,0.5149481183743442,0.5149481183743438,0.5149481183743692,0.5149481183743438,0.5149481183743438,0.5149481183743441
EkiLLm_FlhD,0.25332370689761763,0.3276468903787829,0.32764689037878303,0.3253998930965458,0.41255166794161185,0.43943014143608544,0.43943014143608544,0.45123584017200147,-2.8305332938599745,1.0334604379017418,0.43943014143608544,0.41255166794161185,0.43943014143608544,0.43943014143608544,0.43943014143608544,0.43943014143608544,0.45123584017200147,0.610858224771811,0.610858224771811,0.48730618777644175,0.5048275979305767,0.43943014143608544,0.49485287229458136,0.519217879244964,0.49485287229458136,0.43943014143608544,0.43943014143608544,0.4711943456671335,0.43943014143608544,0.43943014143608544,0.43943014143608544,0.8232285913622533,0.8232285913622531,-2.8340269143105132,0.7935250712930696,0.7935250712930697,0.7935250712930697,0.3422614813496359,-2.0572825451593304,0.43943014143608544,0.9183774924851791,0.7973537893518026,0.9279007929317351,0.43943014143608544,0.43943014143608544,0.43943014143608544,0.43943014143608544,0.43943014143608544,0.43943014143608544,0.43943014143608544,-2.074356416425433,0.43943014143608544,-2.108442202165746,0.35566455552508425,0.4394301414360841,0.4394301414360841,0.4394301414360841,0.4394301414360847,0.43943014143608544,0.43943014143608544,0.4235508258832921,0.4235508258832921,0.43943014143608283,0.43943014143608544,0.43943014143608544,0.43943014143608533,0.43943014143608533,0.43943014143608533,1.27880452504832,-1.9623163111960067,-1.9623163111960067,-1.9623163111960067,-1.962316311196006,-1.962316311196006,-1.9020016606512515,-1.9020016606512515,0.43943014143608544,0.43943014143608544,0.43943014143608544,0.43943014143608544,0.43943014143608544,0.43943014143608544,0.43943014143608544,0.43943014143608544,0.43943014143608544,-1.9623163111960067,-1.9623163111960067,-1.9623163111960067,-1.9623163111960067,-1.962316311196006,-1.9020016606512515,-1.9020016606512515,0.43943014143608544,0.43943014143608544,0.43943014143608544,0.43943014143608544,0.43943014143608544,0.43943014143608544,0.43943014143608544,0.43943014143608544,0.43943014143608544,-1.9623163111960067,-1.9623163111960067,-1.9623163111960067,-1.962316311196006,-1.962316311196006,-1.9020016606512515,-1.9020016606512515,0.43943014143608544,0.43943014143608544,0.43943014143608544,0.43943014143608544,0.43943014143608544,0.43943014143608544,0.43943014143608544,0.43943014143608544,0.43943014143608544,0.43943014143608544,0.4470048687776768,0.43943014143608544,-2.2159457449413855,0.4394301414360863,0.43943014143608544,0.43943014143607423,0.4394301414360858,0.4149690336685398,0.43943014143608544,0.4394301414360688,0.43943014143605147,0.43943014143608544,0.43943014143608544,0.43943014143607606,0.41021696895236,0.43943014143608544,0.41021696895236004,0.43943014143608544,0.43943014143607606,0.43943014143608544,0.4394301414360516,0.4470048687776768,0.43943014143608544,0.4394301414360856
EkiLLm_FliA,0.4356565168333954,0.6858425494202419,0.685842549420242,0.543220204388608,0.5465077453893584,0.5493517050640097,0.5493517050640097,0.5468775130174144,-2.5101635577782657,0.5493517050640097,0.5493517050640097,0.5465077453893584,0.5493517050640097,0.5493517050640097,0.5493517050640097,0.5493517050640097,0.5468775130174144,0.8300240490380261,0.8300240490380261,0.5493517050640097,0.5493517050640097,0.5493517050640097,0.5493517050640097,0.5493517050640097,0.5493517050640097,0.5493517050640097,-1.8594311424731504,0.8620874319916021,-1.5495570833584185,-1.7930235500616443,-1.5495570833584185,-2.062771069153893,-2.062771069153893,0.5493517050640097,0.38563570892961613,0.38563570892961613,0.38563570892961613,0.6016114233482888,-1.770929534863669,0.5493517050640097,0.3263259999657216,0.3838198261422357,0.3259853950173198,0.5493517050640097,0.5493517050640097,0.5493517050640097,0.5493517050640097,0.5493517050640097,0.5493517050640097,0.5493517050640097,-1.73024288169201,0.5493517050640097,-1.9866210779430526,0.6160870677463587,0.5493517050640099,0.5493517050640099,0.5493517050640099,0.5493517050640092,0.5493517050640097,0.5493517050640097,0.5418808904691891,0.5418808904691891,0.5493517050640081,0.5493517050640097,0.5493517050640097,0.5493517050640097,0.5493517050640095,0.5493517050640095,1.326541822828954,-1.682998866382785,-1.6829988663827853,-1.6829988663827853,-1.6829988663827853,-1.682998866382785,-1.6271525875199258,-1.6271525875229096,0.5493517050640097,0.5493517050640097,0.5493517050640097,0.5493517050640097,0.5493517050640097,0.5493517050640097,0.5493517050640097,0.5493517050640097,0.5493517050640097,-1.682998866382785,-1.6829988663827853,-1.6829988663827853,-1.682998866382785,-1.682998866382785,-1.6271525875199258,-1.6271525875229096,0.5493517050640097,0.5493517050640097,0.5493517050640097,0.5493517050640097,0.5493517050640097,0.5493517050640097,0.5493517050640097,0.5493517050640097,0.5493517050640097,-1.682998866382785,-1.6829988663827853,-1.6829988663827853,-1.682998866382785,-1.682998866382785,-1.6271525875199258,-1.6271525875229096,0.5493517050640097,0.5493517050640097,0.5493517050640097,0.5493517050640097,0.5493517050640097,0.5493517050640097,0.5493517050640097,0.5493517050640097,0.5493517050640097,0.5493517050640097,0.5493517050640098,0.5493517050640097,-1.9178380878082362,0.5493517050640103,0.5493517050640097,0.549403724374005,0.5493517050640097,0.5377440598987664,0.5493517050640097,0.5493517050640147,0.5493517050640164,-2.1291188120212676,-2.129178063157996,0.5493517050640097,0.5223028122264176,0.5493517050640097,0.5223028122264177,0.5493517050640097,0.5493517050640097,0.5493517050640097,0.5493517050640164,0.5493517050640098,0.5493517050640097,0.5493517050640098
EkiLLm_FliZ,0.044374208410401426,0.22156698142962078,0.22156698142962078,-0.06652193697628757,0.10942387122571855,0.22156698142962078,0.22156698142962078,0.10134009052033298,0.22156698142962078,0.48446211152402063,0.22156698142962078,0.10942387122571855,0.22156698142962078,0.22156698142962078,0.22156698142962078,0.22156698142962078,0.10134009052033292,0.347850450500648,0.347850450500648,-0.25284469219363515,-0.6263344432784227,0.22156698142962078,-0.3817744382565028,-4.580032928709538,-0.38177443825650276,0.22156698142962078,0.22156698142962078,-0.05022266866756017,0.22156698142962078,0.22156698142962078,0.22156698142962078,0.9446828495983872,0.9446828495983872,-5.524492723790394,0.5472640916391338,0.547264091639134,0.5472640916391338,0.5730619755669614,0.9043118878942706,0.22156698142962078,0.6972338267506801,0.5517061791884467,0.5993141222247451,0.22156698142962078,0.22156698142962078,0.22156698142962078,0.22156698142962078,0.22156698142962078,0.22156698142962078,0.22156698142962078,-4.143259521731625,0.22156698142962078,-4.098039840412293,0.1290408536727892,0.22156698142962125,0.22156698142962108,0.22156698142962078,0.22156698142962047,0.22156698142962078,0.22156698142962078,0.19311216962416794,0.19311216962416797,0.2215669814296193,0.22156698142962078,0.22156698142962078,0.22156698142962078,0.22156698142962056,0.22156698142962056,0.6869684188447812,0.11348673458529054,0.11348673458529054,0.11348673458529054,0.11348673458529054,0.11348673458529085,0.22156698142962045,0.22156698142962022,0.22156698142962078,0.22156698142962078,0.22156698142962078,0.22156698142962078,0.22156698142962078,0.22156698142962078,0.22156698142962078,0.22156698142962078,0.22156698142962078,0.11348673458529054,0.11348673458529054,0.11348673458529054,0.11348673458529054,0.11348673458529085,0.22156698142962078,0.22156698142962022,0.22156698142962078,0.22156698142962078,0.22156698142962078,0.22156698142962078,0.22156698142962078,0.22156698142962078,0.22156698142962078,0.22156698142962078,0.22156698142962078,0.11348673458529054,0.11348673458529054,0.11348673458529054,0.11348673458529054,0.11348673458529085,0.22156698142962045,0.22156698142962022,0.22156698142962078,0.22156698142962078,0.22156698142962078,0.22156698142962078,0.22156698142962078,0.22156698142962078,0.22156698142962078,0.22156698142962078,0.22156698142962078,0.22156698142962078,0.22156698142962108,0.22156698142962078,-4.528208470698956,0.22156698142962233,0.22156698142962078,0.2215669814296477,0.22156698142962133,0.17773410128446582,0.22156698142962078,0.22156698142966327,0.22156698142970616,-3.5047562247210937,-3.5047562247211026,0.22156698142962078,0.16921868159029424,0.22156698142962078,0.16921868159029432,0.22156698142962078,0.22156698142962078,0.22156698142962078,0.22156698142970624,0.22156698142962108,0.22156698142962078,0.22156698142962056
EkiLLm_Fnr,0.4406852728731023,0.5055849249003932,0.5055849249003936,0.3336364845171491,0.29532054703596167,0.26586483929159827,0.26586483929159827,0.29793997106483405,-4.709807917029641,0.26586483929159827,0.26586483929159827,0.29532054703596167,0.26586483929159827,0.26586483929159827,0.26586483929159827,0.26586483929159827,0.297939971064834,-0.006390807846571998,-0.006390807846571998,0.1395835776734843,-0.41641531633835477,0.26586483929159827,-0.2147265490890743,-3.7651131610345048,-0.2147265490890743,0.26586483929159827,0.26586483929159827,0.3565793543087977,0.26586483929159827,0.26586483929159827,0.26586483929159827,-4.069207536605538,-4.06920753661905,0.26586483929159827,0.36959210636335676,0.36959210636335676,0.36959210636335676,0.7656108962936635,0.26586483929159827,0.26586483929159815,0.45136692272822043,0.3916048223379566,0.22841526606417237,0.26586483929159827,0.26586483929159827,0.26586483929159827,0.26586483929159827,0.26586483929159827,0.26586483929159827,0.26586483929159827,-3.5510319086668005,0.26586483929159827,-3.3521391137929157,0.45076672440779153,0.2658648392915988,0.2658648392915988,0.2658648392915988,0.26586483929159693,0.26586483929159815,0.26586483929159827,0.2658648392915948,0.2658648392915948,0.26586483929159366,0.26586483929159827,0.26586483929159827,0.26586483929159804,0.26586483929159804,0.26586483929159804,1.0150888082720715,0.1749327223360167,0.1749327223360167,0.1749327223360167,0.1749327223360167,0.1749327223360169,0.2658648392916018,0.039496140777124544,0.26586483929050025,0.26586483929159827,0.26586483929159827,0.26586483929159827,0.26586483929159827,0.26586483929159827,0.26586483929159827,0.26586483929159827,0.26586483929159827,0.1749327223360167,0.1749327223360167,0.1749327223360167,0.1749327223360167,0.1749327223360169,0.2658648392916018,0.039496140777124544,0.26586483929159827,0.26586483929159827,0.26586483929159827,0.26586483929159827,0.26586483929159827,0.26586483929159827,0.26586483929159827,0.26586483929159827,0.2658648392898085,0.1749327223360167,0.1749327223360167,0.1749327223360167,0.1749327223360167,0.1749327223360169,0.2658648392916018,0.039496140777124544,0.26586483929159827,0.26586483929159827,0.26586483929159827,0.26586483929159827,0.26586483929159827,0.26586483929159827,0.26586483929159827,0.26586483929159827,0.26586483929159827,0.26586483929159827,0.26586483929159843,0.26586483929159827,-3.758112594949936,0.26586483929159827,0.26586483929159827,0.2953312401151044,0.26586483929159876,0.26586483929159427,0.26586483929159827,0.2658648392915976,0.26586483929159677,-4.02527649458713,-2.686905074801376,0.2658648392915965,0.26586483929159704,0.26586483929159827,0.26586483929159693,0.26586483929159827,0.26586483929159743,0.26586483929159827,0.26586483929159654,0.26586483929159843,0.26586483929159827,0.2658648392916072
EkiLLm_FrvR,0.37319510909894127,0.42204250068365406,0.4220425006836544,0.2942979380032676,0.28045173478933916,0.2693573395982046,0.2693573395982046,0.28141889434048534,-4.576430548069875,0.2693573395982046,0.2693573395982046,0.280451734789339,0.2693573395982046,0.2693573395982046,0.2693573395982046,0.2693573395982046,0.28141279794557295,0.059877031968803084,0.05987703196880303,0.1902134960693366,-3.8723113720147606,0.2693573395982046,-0.3647547451454353,-3.5401995547146354,0.2693573395982046,0.2693573395982046,0.2693573395982046,0.42024948194373124,0.2693573395982046,0.2693573395982046,0.2693573395982046,-3.8468962391292507,-3.8468962391292507,0.0007126542721010886,0.36160843034788626,0.3616084303478863,0.3616084303478862,0.3616084303478862,-3.914288381846536,0.2693573395982046,0.4390912792141203,0.36245140457004976,0.42758939651178246,0.2693573395982046,0.2693573395982046,0.2693573395982046,-3.80955444745239,0.2693573395982046,0.2693573395982046,0.2693573395982046,-3.312773349721339,0.2693573395982046,-3.4143705754103024,0.17356688406806028,0.2693573395982052,0.2693573395982052,0.26935733959820496,0.26935733959820385,0.2693573395982045,0.2693573395982046,0.2696136966870581,0.2696136966870582,0.2693573395982023,0.2693573395982046,0.2693573395982046,0.2693573395982044,0.2693573395982044,0.2693573395982044,0.6180403398867034,0.269357339598203,0.2693573395982031,0.269357339598203,0.2693573395982031,0.2693573395982031,0.2693573395982046,0.04867263279929341,0.2693573395982046,0.2693573395982046,0.2693573395982046,0.2693573395982046,0.2693573395982046,0.2693573395982046,0.2693573395982046,0.2693573395982046,0.2693573395982046,0.269357339598203,0.269357339598203,0.269357339598203,0.2693573395982031,0.2693573395982031,0.26935733959820485,0.04867263279929341,0.2693573395982046,0.2693573395982046,0.2693573395982046,0.2693573395982046,0.2693573395982046,0.2693573395982046,0.2693573395982046,0.2693573395982046,0.2693573395982046,0.269357339598203,0.2693573395982031,0.269357339598203,0.2693573395982031,0.2693573395982031,0.2693573395982046,0.04867263279929341,0.2693573395982046,0.2693573395982046,0.2693573395982046,0.2693573395982046,0.2693573395982046,0.2693573395982046,0.2693573395982046,0.2693573395982046,0.2693573395982046,0.2693573395982046,0.26935733959820485,0.2693573395982046,0.2693573395982046,0.2693573395982046,0.2693573395982046,0.2693573395982123,0.2693573395982041,0.2697521275987221,0.2693573395982046,0.26935733959821606,0.2693573395982272,0.2693573395982046,-1.0355241815923886,0.26935733959820424,0.2702474916187265,0.2693573395982046,0.27024749161872647,0.2693573395982046,0.26935733959820424,0.2693573395982046,0.26935733959822705,0.26935733959820485,0.2693573395982046,0.2693573395982046
EkiLLm_Fur,0.15867608006903774,0.22606566490420452,0.22606566490420438,0.22747024960877665,0.17337960064459393,0.13228831216104145,0.13228831216104145,0.1778517799381872,0.13228831216104145,0.20495905185572172,0.13228831216104145,0.1733796006445937,0.13228831216104145,0.13228831216104145,0.13228831216104145,0.13228831216104145,0.1778517799381872,0.102923585793307,0.1029235857933069,0.14131017208885358,0.4345390279538191,0.13228831216104145,0.39063785908965326,0.49784073044913346,0.3906378590896533,0.13228831216104145,0.13228831216104145,-0.047468899316003406,0.13228831216104145,0.13228831216104145,0.13228831216104145,-3.746205360470852,-3.746205360470852,0.16291660069421807,-0.09402465489978573,-0.09402465489978583,-0.09402465489978583,-0.09402465489978583,-3.857050493440596,0.13228831216104145,-0.3567944590330446,0.012552843123414245,0.1697305448392986,0.13228831216104145,0.13228831216104145,0.13228831216104145,-3.523919265878187,0.13228831216104145,0.13228831216104145,0.13228831216104145,-3.2827942550780227,0.13228831216104145,-3.746205360470852,0.0371661580328517,0.13228831216104164,0.13228831216104164,0.13228831216104164,0.13228831216104092,0.13228831216104125,0.13228831216104125,0.11991510106571804,0.11991510106571812,0.1322883121610389,0.13228831216104145,0.13228831216104125,0.1322883121610412,0.1322883121610412,0.1322883121610412,-1.1548881983719266,0.13228831216104145,0.13228831216104145,0.13228831216104145,0.13228831216104145,0.13228831216104145,0.13228831216104145,3.684997451762373,0.13228831216051282,0.13228831216104145,0.13228831216104145,0.13228831216104145,0.13228831216104145,0.13228831216104145,0.13228831216104145,0.13228831216104145,0.13228831216104145,0.13228831216104145,0.13228831216104145,0.13228831216104145,0.13228831216104145,0.13228831216104145,0.13228831216104145,3.684997451762252,0.13228831216104145,0.13228831216104145,0.13228831216104145,0.13228831216104145,0.13228831216104145,0.13228831216104145,0.13228831216104145,0.13228831216104145,0.13228831216051282,0.13228831216104145,0.13228831216104145,0.13228831216104145,0.13228831216104145,0.13228831216104145,0.13228831216104145,3.684997451762252,0.13228831216104145,0.13228831216104145,0.13228831216104145,0.13228831216104145,0.13228831216104145,0.13228831216104145,0.13228831216104145,0.13228831216104145,0.13228831216104145,0.13228831216104145,0.13228831216104164,0.13228831216104145,-3.9024603538005507,0.13228831216104145,0.13228831216104145,0.17603808549290223,0.13228831216104098,0.11306367308318246,0.13228831216104145,0.13228831216105394,0.13228831216106635,0.13228831216104145,-1.1719463643655006,0.1322883121610409,0.08748982153252552,0.13228831216104145,0.08748982153252552,0.13228831216104145,0.1322883121610409,0.13228831216104145,0.13228831216106635,0.13228831216104156,0.13228831216104145,0.13228831216104145
EkiLLm_GadE,0.2714526864106034,0.38869936990303433,0.3886993699030343,0.3878133364726669,0.3964276414072238,0.4586894029977111,0.4586894029977111,0.39236818194054135,-2.949637554261562,0.7458916803512117,0.4586894029977111,0.3964276414072238,0.4586894029977111,0.4586894029977111,0.4586894029977111,0.4586894029977111,0.39236818194054135,0.6511156025679221,0.6511156025679221,0.795450444759745,1.0009797051951101,0.4586894029977111,0.8706428641127122,1.4497507907111915,0.8706428641127122,0.4586894029977111,0.4586894029977111,0.6662891032687672,0.4586894029977111,0.4586894029977111,0.4586894029977111,-2.351804656597039,-2.3518046566245405,0.4586894029977111,-0.01901973349486208,-0.019019733494862003,-0.01901973349486208,-0.01901973349486208,-2.7167247678715043,0.4586894029977111,-0.2829541857725823,-0.025518342036698352,-0.2595440503996431,0.4586894029977111,0.4586894029977111,0.4586894029977111,-2.6949641620319915,0.4586894029977111,0.4586894029977111,0.4586894029977111,-2.1006760663674084,0.4586894029977111,0.32533051792905776,0.397262350804513,0.4586894029977111,0.4586894029977111,0.4586894029977111,0.4586894029977106,0.4586894029977111,0.4586894029977111,0.45047987847231036,0.45047987847231036,0.458689402997709,0.4586894029977111,0.4586894029977111,0.4586894029977111,0.4586894029977111,0.45868940299771105,0.8585136957091383,-2.0034379390103263,-2.0034379390103263,-2.0034379390103263,-2.0034379390103263,-2.0034379390103263,-1.7892972983686597,0.4586894029974641,0.4586894029974641,0.4586894029977111,0.4586894029977111,0.4586894029977111,0.4586894029977111,0.4586894029977111,0.4586894029977111,0.4586894029977111,0.4586894029977111,-2.0034379390103263,-2.0034379390103263,-2.0034379390103263,-2.0034379390103263,-2.0034379390103263,-1.7892972983686597,0.45868940299736033,0.4586894029977111,0.4586894029977111,0.4586894029977111,0.4586894029977111,0.4586894029977111,0.4586894029977111,0.4586894029977111,0.4586894029977111,0.4586894029977111,-2.0034379390103263,-2.0034379390103263,-2.0034379390103263,-2.0034379390103263,-2.0034379390103263,-1.7892972983686597,0.45868940299736033,0.4586894029977111,0.4586894029977111,0.4586894029977111,0.4586894029977111,0.4586894029977111,0.4586894029977111,0.4586894029977111,0.4586894029977111,0.4586894029977111,0.4586894029977111,0.4586894029977111,0.4586894029977111,-2.261498127608822,0.4586894029977119,0.4586894029977111,0.4586894029977315,0.4586894029977111,0.4459339976667722,0.4586894029977111,0.4586894029977443,0.45868940299777805,0.4586894029977111,0.4586894029977111,0.4586894029977111,0.4289659214607084,0.4586894029977111,0.4289659214607084,0.4586894029977111,0.4586894029977111,0.4586894029977111,0.45868940299777805,0.4586894029977111,0.4586894029977111,0.4586894029977112
EkiLLm_GadW,-0.03486000182797444,-0.020201299265305315,-0.020201299265305315,-0.04427827695256229,0.36836838156037904,0.49834608292585525,0.49834608292585525,0.4356616430457997,0.49834608292585525,0.43708335202850945,0.49834608292585525,0.36836838156037893,0.49834608292585525,0.49834608292585525,0.49834608292585525,0.49834608292585525,0.4356616430457997,0.734112501793558,0.734112501793558,0.2899118946860284,0.10054033988764155,0.49834608292585525,0.22629360921508973,-2.1101374134649493,0.22629360921508973,0.49834608292585525,0.49834608292585525,0.3846860395690004,0.49834608292585525,0.49834608292585525,0.49834608292585525,1.0964167663597526,1.0964167663597526,-2.734533838288955,0.7995305149573328,0.7995305149573328,0.7995305149573327,0.23655351572231334,-2.348711343074471,0.49834608292585525,0.7253338614468904,0.801335004734508,0.9225981210446603,0.49834608292585525,0.49834608292585525,0.49834608292585525,-2.2763749520692906,0.49834608292585525,0.49834608292585525,0.49834608292585525,-1.9787087790646727,0.49834608292585525,-2.2180987883898076,0.38931721520187085,0.49834608292585525,0.4983460829258553,0.4983460829258553,0.49834608292585486,0.49834608292585525,0.49834608292585525,0.49051425976041574,0.49051425976041574,0.498346082925854,0.49834608292585525,0.49834608292585525,0.49834608292585525,0.4983460829258551,0.4983460829258551,1.0707811173018154,-1.9191342826340883,-1.9191342826340883,-1.9191342826340883,-1.8586566478184827,-1.8586566478184825,-1.8586566478184825,-1.8586566478184825,0.49834608292585525,0.49834608292585525,0.49834608292585525,0.49834608292585525,0.49834608292585525,0.49834608292585525,0.49834608292585525,0.49834608292585525,0.49834608292585525,-1.9191342826340883,-1.9191342826340883,-1.9191342826340883,-1.8586566478184827,-1.8586566478184825,-1.8586566478184825,-1.8586566478184825,0.49834608292585525,0.49834608292585525,0.49834608292585525,0.49834608292585525,0.49834608292585525,0.49834608292585525,0.49834608292585525,0.49834608292585525,0.49834608292585525,-1.9191342826340883,-1.9191342826340883,-1.9191342826340883,-1.8586566478184825,-1.8586566478184825,-1.8586566478184825,-1.8586566478184825,0.49834608292585525,0.49834608292585525,0.49834608292585525,0.49834608292585525,0.49834608292585525,0.49834608292585525,0.49834608292585525,0.49834608292585525,0.49834608292585525,0.49834608292585525,0.4983460829258553,0.49834608292585525,-2.1734488218076993,0.49834608292585525,0.49834608292585525,0.498346082925867,0.4983460829258549,0.4863891877122347,0.49834608292585525,0.11289704877788993,0.49834608292589433,0.49834608292585525,-0.38748823537606725,0.4983460829258576,0.4983460829258906,0.49834608292585525,0.49834608292589067,0.49834608292585525,0.49834608292585786,0.49834608292585525,0.49834608292589433,0.4983460829258553,0.49834608292585525,0.4983460829258553
EkiLLm_GadX,0.4922938489197364,0.6272710281783737,0.6272710281783745,0.39944805714579723,0.3683120381616693,0.3396653163487788,0.3396653163487788,0.37095728580553156,-3.3351162415842306,0.3396653163487788,0.3396653163487788,0.36831203816166924,0.3396653163487788,0.3396653163487788,0.3396653163487788,0.3396653163487788,0.37095728580553156,-3.107772384832598,-3.107772384832598,-3.0652879301056126,-2.890752887375362,0.3396653163487788,-2.7371802539936887,-2.664651869319625,-2.7371802539936887,0.3396653163487788,0.3396653163487788,0.008648638919414099,0.3396653163487788,0.3396653163487788,0.3396653163487788,-2.586420850273081,-2.586420850273081,0.3396653163487788,0.42181342031161473,0.42181342031161473,0.42181342031161473,0.7456342977972767,-2.432322717895555,0.3396653163487788,0.4331254306457813,0.422248109815525,0.3053136248660168,0.3396653163487788,0.3396653163487788,0.3396653163487788,0.3396653163487788,0.3396653163487788,0.3396653163487788,0.3396653163487788,-2.51120973003673,0.3396653163487788,-2.399012334778839,0.5383469898727841,0.33966531634878055,0.3396653163487804,0.3396653163487804,0.33966531634877833,0.3396653163487788,0.3396653163487788,0.3307401014625171,0.3307401014625171,0.339665316348777,0.3396653163487788,0.3396653163487788,0.3396653163487788,0.3396653163487786,0.3396653163487786,0.04879124762131289,0.3396653163487788,0.33966531634877895,0.3396653163487788,0.33966531634877895,0.33966531634877895,0.3396653163487788,0.5501906154943373,0.33966531634851027,0.3396653163487788,0.3396653163487788,0.3396653163487788,0.3396653163487788,0.3396653163487788,0.3396653163487788,0.3396653163487788,0.3396653163487788,0.33966531634877906,0.3396653163487788,0.3396653163487788,0.33966531634877906,0.3396653163487788,0.33966531634877895,0.5501906154943372,0.3396653163487788,0.3396653163487788,0.3396653163487788,0.3396653163487788,0.3396653163487788,0.3396653163487788,0.3396653163487788,0.3396653163487788,0.3396653163487788,0.33966531634877895,0.33966531634877895,0.33966531634877895,0.33966531634877895,0.33966531634877895,0.3396653163487788,0.5501906154943372,0.3396653163487788,0.3396653163487788,0.3396653163487788,0.3396653163487788,0.3396653163487788,0.3396653163487788,0.3396653163487788,0.3396653163487788,0.3396653163487788,0.3396653163487788,0.3389069549327799,0.3396653163487788,-2.6078310760561236,0.3396653163487796,0.3396653163487788,0.3396653163487727,0.3396653163487788,0.3257979226250615,0.3396653163487788,0.33488582218225016,0.3396653163487613,-2.9603468887302564,-2.87587916634132,0.33966531634877906,0.307350609840301,0.3396653163487788,0.30735060984030105,0.3396653163487788,0.33966531634877906,0.3396653163487788,0.3396653163487613,0.3389069549327798,0.3396653163487788,0.33966531634877895
EkiLLm_GcvA,0.1076684982549478,0.20401629482258327,0.2040162948225831,0.2031123548010938,0.23418395304064754,0.2554480430935652,0.2554480430935652,0.2321632370608182,-4.896324491292009,0.9163984869499291,0.2554480430935652,0.23418395304064754,0.2554480430935652,0.2554480430935652,0.2554480430935652,0.2554480430935652,0.23216323706081818,-0.09781624742065678,-0.09781624742065678,0.47150419930515797,0.36916980047154097,0.2554480430935652,0.35638511257322164,0.38569655827796284,0.35638511257322164,0.2554480430935652,0.2554480430935652,0.5596448165979547,0.2554480430935652,0.2554480430935652,0.2554480430935652,-4.1417391725963375,-4.141739172699671,0.2554480430935652,0.16053302017085963,0.16053302017085957,0.16053302017085957,0.4078768046812702,0.2554480430935652,-3.6611524587499904,0.20702612814584653,0.15880205335950293,0.03805907703057361,0.2554480430935652,0.2554480430935652,0.2554480430935652,0.2554480430935652,0.2554480430935652,0.2554480430935652,0.2554480430935652,-3.5380107637831064,0.2554480430935652,-3.3444289568625942,0.30574561976169096,0.2554480430935652,0.2554480430935652,0.2554480430935652,0.2554480430935646,0.2554480430935652,0.2554480430935652,0.25544804309353075,0.25544804309353075,0.2554480430935632,0.2554480430935652,0.2554480430935652,0.25544804309356506,0.25544804309356506,0.25544804309356506,0.2554480430935663,0.25544804309356545,0.25544804309356545,0.25544804309356567,0.25544804309356567,0.25544804309356567,0.2554480430935657,0.2554480430935657,0.2554480430863801,0.2554480430935652,0.2554480430935652,0.2554480430935652,0.2554480430935652,0.2554480430935652,0.2554480430935652,0.2554480430935652,0.2554480430935652,0.25544804309356545,0.25544804309356545,0.25544804309356545,0.25544804309356545,0.25544804309356545,0.2554480430935657,0.2554480430935657,0.2554480430863801,0.2554480430935652,0.2554480430935652,0.2554480430935652,0.2554480430935652,0.2554480430935652,0.2554480430935652,0.2554480430935652,0.2554480430935652,0.25544804309356545,0.25544804309356545,0.25544804309356567,0.25544804309356567,0.25544804309356567,0.2554480430935657,0.2554480430935657,0.2554480430935652,0.2554480430935652,0.2554480430935652,0.2554480430935652,0.2554480430935652,0.2554480430935652,0.2554480430935652,0.2554480430935652,0.2554480430935652,0.2554480430935652,0.25544804309356534,0.2554480430935652,-3.9100478848143663,0.2554480430935665,0.2554480430935652,0.2554480430935384,0.25544804309356567,0.25544804309351266,0.2554480430935652,0.255448043093523,0.25544804309347985,-3.8983228686967317,-2.5267910428986453,0.2554480430935657,0.25544804309348823,0.2554480430935652,0.25544804309348823,0.2554480430935652,0.2554480430935657,0.2554480430935652,0.25544804309347985,0.25544804309356534,0.2554480430935652,0.2554480430935655
EkiLLm_GlcC,0.43920854769366535,0.41487954676569677,0.4148795467656969,0.41533666534672303,0.39315167682296526,0.37195833403873946,0.37195833403873946,0.3958899636882232,-3.6784781349194122,0.8703625830887007,0.37195833403873946,0.39315167682296526,0.37195833403873946,0.37195833403873946,0.37195833403873946,0.37195833403873946,0.3958899636882233,-3.203620175094679,-3.203620175094679,-3.0315704446735503,-2.580981433896583,0.37195833403873946,-2.580981433896583,0.37195833403873946,-2.580981433896583,0.37195833403873946,0.37195833403873946,0.1995345512832692,0.37195833403873946,0.37195833403873946,0.37195833403873946,-2.9591353062621075,-2.9591353062621075,0.37195833403873946,0.5139608128638173,0.5139608128638175,0.5139608128638175,0.5139608128638175,-3.282724124944315,0.37195833403873946,0.5561261349423734,0.5146783604308233,0.37316523801844576,0.37195833403873946,0.37195833403873946,0.37195833403873946,-3.2413590837815303,0.37195833403873946,0.37195833403873946,0.37195833403873946,-2.4520910243388743,0.37195833403873946,-2.9049330295231592,0.25811742201194543,0.37195833403873774,0.371958334038738,0.3719583340387379,0.37195833403873907,0.37195833403873946,0.37195833403873946,0.3526447554398694,0.3526447554398693,0.37195833403873774,0.37195833403873946,0.37195833403873946,0.37195833403873946,0.3719583340387393,0.3719583340387393,0.779725480425315,-0.1010066430231535,-0.1010066430231535,-0.1010066430231535,-0.1010066430231535,-0.1010066430231535,0.15497468903725153,0.37195833403873946,0.3719583340384442,0.37195833403873946,0.37195833403873946,0.37195833403873946,0.37195833403873946,0.37195833403873946,0.37195833403873946,0.37195833403873946,0.37195833403873946,-0.1010066430231535,-0.1010066430231535,-0.1010066430231535,-0.1010066430231535,-0.1010066430231535,0.15497468903725153,0.37195833403873946,0.37195833403873946,0.37195833403873946,0.37195833403873946,0.37195833403873946,0.37195833403873946,0.37195833403873946,0.37195833403873946,0.37195833403873946,0.37195833403837847,-0.1010066430231535,-0.1010066430231535,-0.1010066430231535,-0.1010066430231535,-0.1010066430231535,0.15497468903725153,0.37195833403873946,0.37195833403873946,0.37195833403873946,0.37195833403873946,0.37195833403873946,0.37195833403873946,0.37195833403873946,0.37195833403873946,0.37195833403873946,0.37195833403873946,0.37195833403873946,0.3719583340387395,0.37195833403873946,-2.8689213842501027,0.37195833403874035,0.37195833403873946,0.3719583340387369,0.37195833403873907,0.3422069488548449,0.37195833403873946,0.3719583340387336,0.3719583340387289,0.37195833403873946,0.37195833403873946,0.37195833403874007,0.33642713637701166,0.37195833403873946,0.33642713637701166,0.37195833403873946,0.37195833403874007,0.37195833403873946,0.3719583340387289,0.3719583340387395,0.37195833403873946,0.37195833403873957
EkiLLm_HdfR,-0.3402374006737098,-3.33669901646824,-3.3366990164682404,-3.333624051874647,0.11025009830490615,0.30282100185207383,0.30282100185207383,0.0902857819393535,-3.4115240425193627,0.4906553721816868,0.30282100185207383,0.11025009830490615,0.30282100185207383,0.30282100185207383,0.30282100185207383,0.30282100185207383,0.09028578193935397,0.5076634982293512,0.5076634982293512,-3.110545084407923,-2.9350754541929565,0.30282100185207383,-2.779651444782469,-2.707349370154636,-2.779651444782469,0.30282100185207383,0.30282100185207383,-0.01736734274912707,0.30282100185207383,0.30282100185207383,0.30282100185207383,0.9644286214132768,0.9644286214132767,0.30282100185207383,0.4852432354414193,0.4852432354414193,0.4852432354414191,0.19042826102287366,-2.84436292881836,0.30282100185207383,0.4877049781967426,0.4419826020397511,0.5999772913076142,0.30282100185207383,0.30282100185207383,0.30282100185207383,-2.7648612218756328,0.30282100185207383,0.30282100185207383,0.30282100185207383,-2.5848240519079106,0.30282100185207383,0.30282100185207383,-3.006530904942522,0.302821001852074,0.30282100185207417,0.30282100185207417,0.30282100185207367,0.3028210018520738,0.3028210018520738,0.3081040134831198,0.3081040134831198,0.38690429774505025,0.30282100185207383,0.3028210018520737,0.30282100185207367,0.30282100185207383,0.30282100185207383,-0.09863898782064387,0.30282100185206917,0.30282100185206917,0.3028210018520737,0.5378335371035763,0.5378335371035763,0.4704834179093956,0.30282100185207383,0.30282100185207383,0.30282100185207383,0.30282100185207383,0.30282100185207383,0.30282100185207383,0.30282100185207383,0.30282100185207383,0.30282100185207383,0.30282100185207383,0.30282100185206917,0.30282100185206917,0.3028210018520737,0.5378335371035763,0.537833537103576,0.4704834179093956,0.30282100185207383,0.30282100185207383,0.30282100185207383,0.30282100185207383,0.30282100185207383,0.30282100185207383,0.30282100185207383,0.30282100185207383,0.30282100185207383,0.30282100185207383,0.30282100185206917,0.30282100185206917,0.3028210018520737,0.5378335371035763,0.5378335371035763,0.4704834179093956,0.30282100185207383,0.30282100185207383,0.30282100185207383,0.30282100185207383,0.30282100185207383,0.30282100185207383,0.30282100185207383,0.30282100185207383,0.30282100185207383,0.30282100185207383,0.30282100185207383,0.2970986566063451,0.30282100185207383,-2.8808123464662345,0.30282100185207284,0.30282100185207383,0.31906636892116363,0.4278465377653632,0.2888222242825866,0.30282100185207383,0.30282100185204086,0.302821001852007,0.30282100185207383,0.30282100185207383,0.4275553038670712,0.24093244204959752,0.30282100185207383,0.24093244204959752,0.30282100185207383,0.4275553038670712,0.30282100185207383,0.30282100185200717,0.29709865660634516,0.30282100185207383,0.302821001852075
EkiLLm_IHFA,0.5296409380378162,0.3882201037069458,0.38822010370694593,0.3892766831874289,0.34246771456191427,0.3012716833027053,0.3012716833027053,0.34693421740814717,0.3012716833027053,0.3469310345281125,0.3012716833027053,0.34246771456191427,0.3012716833027053,0.3012716833027053,0.3012716833027053,0.3012716833027053,0.34693421740814717,-3.458190829517305,-3.458190829517305,-3.3989306061736473,-3.220983037512525,0.3012716833027053,-3.0469455356746655,-2.9831192348667956,-3.0469455356746655,0.3012716833027053,0.3012716833027053,-0.06537467562469736,0.3012716833027053,0.3012716833027053,0.3012716833027053,-2.9565182749524666,-2.9565182749524666,0.3012716833027053,0.7024511500931536,0.7024511500931536,0.7024511500931536,0.8582499275015943,0.3012716833027053,0.3012716833027053,0.82454642198769,0.7063802393349131,0.6281009101382546,0.3012716833027053,0.3012716833027053,0.3012716833027053,0.3012716833027053,0.3012716833027053,0.3012716833027053,0.3012716833027053,-2.6068362900851465,0.3012716833027053,-2.3832067777060146,0.3118685277643351,0.30127168330270465,0.30127168330270476,0.30127168330270465,0.3012716833027068,0.3012716833027053,0.3012716833027052,0.2821306803455438,0.2821306803455438,0.30127168330271104,0.3012716833027053,0.3012716833027053,0.3012716833027053,0.30127168330270515,0.30127168330270515,-0.022348932302197477,0.30127168330270515,0.30127168330270515,0.30127168330270515,0.37397458954557533,0.3739745895455754,0.3012716833027053,0.3012716833027056,0.3012716833027053,0.3012716833027053,0.3012716833027053,0.3012716833027053,0.3012716833027053,0.3012716833027053,0.3012716833027053,0.3012716833027053,0.3012716833027053,0.30127168330270515,0.30127168330270515,0.30127168330270515,0.37397458954557555,0.3739745895455754,0.3012716833027056,0.3012716833027056,0.3012716833027053,0.3012716833027053,0.3012716833027053,0.3012716833027053,0.3012716833027053,0.3012716833027053,0.3012716833027053,0.3012716833027053,0.3012716833027053,0.30127168330270515,0.30127168330270515,0.30127168330270515,0.37397458954557555,0.3739745895455754,0.3012716833027053,0.3012716833027053,0.3012716833027053,0.3012716833027053,0.3012716833027053,0.3012716833027053,0.3012716833027053,0.3012716833027053,0.3012716833027053,0.3012716833027053,0.3012716833027053,0.3012716833027053,0.29565331611561274,0.3012716833027053,-2.850729369796452,0.3012716833027053,0.3012716833027053,0.3012716833027201,0.30127168330270576,0.27178617941406635,0.3012716833027053,0.3012716833027276,0.30127168330275084,-2.7639452258145853,-2.7642081719615317,0.3012716833027057,0.26605804567458596,0.3012716833027053,0.2660580456745861,0.3012716833027053,0.3012716833027057,0.3012716833027053,0.3012716833027507,0.2956533161156128,0.3012716833027053,0.3012716833027055
EkiLLm_IHFB,-3.2331209046140708,-3.3244844230146007,-3.3244844230146007,-3.3207578094716452,0.11985080848710337,0.31255687029083384,0.31255687029083384,0.2554033538689782,0.2725088893177841,-0.12682642629816515,0.31255687029083384,0.11985080848710337,0.31255687029083384,0.31255687029083384,0.31255687029083384,0.31255687029083384,0.2554033538689783,0.48916777168006637,0.48916777168006637,-3.160436407274403,-2.9872892274636773,0.31255687029083384,-2.8294162636350766,-2.760732988631178,-2.8294162636350766,0.31255687029083384,0.31255687029083384,-0.03912997465093034,0.31255687029083384,0.31255687029083384,0.31255687029083384,1.1485910770061833,1.1485910770061831,-3.482616853324232,0.5539730895873363,0.5539730895873363,0.5539730895873362,0.02289350334416463,0.31255687029083384,0.31255687029083384,0.5733066804126322,0.5547498949604784,0.4421363563500593,0.31255687029083384,0.31255687029083384,0.31255687029083384,0.31255687029083384,0.31255687029083384,0.31255687029083384,0.31255687029083384,-2.4507385519285565,0.31255687029083384,-2.269399542960893,0.31255687029083384,0.31255687029083423,0.31255687029083423,0.31255687029083423,0.31255687029083334,0.31255687029083373,0.31255687029083384,0.3125568702908469,0.3125568702908469,0.3125568702908318,0.31255687029083384,0.31255687029083384,0.3125568702908337,0.3125568702908337,0.3125568702908337,0.3125568702908396,0.3125568702908373,0.3125568702908373,0.3125568702908373,0.3125568702908373,0.3125568702908372,0.3125568702908353,0.31255687029083473,0.31255687029083384,0.31255687029083384,0.31255687029083384,0.31255687029083384,0.31255687029083384,0.31255687029083384,0.31255687029083384,0.31255687029083384,0.31255687029083384,0.3125568702908373,0.3125568702908372,0.3125568702908372,0.3125568702908372,0.3125568702908372,0.3125568702908353,0.31255687029083473,0.31255687029083384,0.31255687029083384,0.31255687029083384,0.31255687029083384,0.31255687029083384,0.31255687029083384,0.31255687029083384,0.31255687029083384,0.31255687029083384,0.3125568702908373,0.3125568702908372,0.3125568702908373,0.3125568702908373,0.3125568702908372,0.3125568702908353,0.31255687029083473,0.31255687029083384,0.31255687029083384,0.31255687029083384,0.31255687029083384,0.31255687029083384,0.31255687029083384,0.31255687029083384,0.31255687029083384,0.31255687029083384,0.31255687029083384,0.31255687029083384,0.31255687029083384,-2.6817662443840704,0.31255687029083384,0.31255687029083384,0.31255687029084933,0.31255687029083384,0.312556870290855,0.31255687029083384,-0.1606736390601979,0.31255687029088375,0.7045910671220025,-3.032983730402742,0.3125568702908335,0.3125568702908598,0.31255687029083384,0.3125568702908599,0.31255687029083384,0.31255687029083384,0.31255687029083384,0.31255687029088375,0.31255687029083384,0.31255687029083384,0.31255687029083384
EkiLLm_IclR,-0.07901310482345897,-0.11203316696809688,-0.11203316696809688,-0.12559133140674342,0.1815577522310667,0.3539989598379765,0.3539989598379765,0.24545402978775255,-3.599458282212398,0.6276887775127836,0.3539989598379765,0.1815577522310667,0.3539989598379765,0.3539989598379765,0.3539989598379765,0.3539989598379765,0.24545402978775263,0.5310700887025288,0.5310700887025288,0.03399062570830882,-0.2152697261497821,0.3539989598379765,-0.05221047379544094,-2.8327891635987124,-0.052210473795441026,0.3539989598379765,0.3539989598379765,0.16997866839712358,0.3539989598379765,0.3539989598379765,0.3539989598379765,0.9701493704877624,0.9701493704877624,0.3539989598379765,0.8554374471736366,0.8554374471736366,0.8554374471736366,0.3539989598379762,0.3539989598379765,0.3539989598379765,1.1198794468013311,0.8598883596388137,0.8762069612457694,0.3539989598379765,0.3539989598379765,0.3539989598379765,0.3539989598379765,0.3539989598379765,0.3539989598379765,0.3539989598379765,-2.720429902448959,0.3539989598379765,-2.696309025881582,0.2782894519238779,0.3539989598379765,0.3539989598379765,0.3539989598379765,0.35399895983797647,0.3539989598379764,0.3539989598379765,0.36290698492038137,0.36290698492038137,0.3539989598379758,0.3539989598379765,0.3539989598379765,0.3539989598379765,0.3539989598379764,0.3539989598379764,0.8693597576665256,0.35399895983797636,0.35399895983797636,0.35399895983797636,-2.488910470848975,-2.488910470848975,-2.417231046889355,-2.1910519920308906,0.3539989598379765,0.3539989598379765,0.3539989598379765,0.3539989598379765,0.3539989598379765,0.3539989598379765,0.3539989598379765,0.3539989598379765,0.3539989598379765,0.35399895983797636,0.35399895983797636,0.35399895983797636,-2.488910470848975,-2.488910470848975,-2.417231046889355,-2.1910519920308906,0.3539989598379765,0.3539989598379765,0.3539989598379765,0.3539989598379765,0.3539989598379765,0.3539989598379765,0.3539989598379765,0.3539989598379765,0.3539989598379765,0.35399895983797636,0.35399895983797636,0.35399895983797636,-2.488910470848975,-2.488910470848975,-2.417231046889355,-2.1910519920308906,0.3539989598379765,0.3539989598379765,0.3539989598379765,0.3539989598379765,0.3539989598379765,0.3539989598379765,0.3539989598379765,0.3539989598379765,0.3539989598379765,0.3539989598379765,0.3539989598379765,0.3539989598379765,-2.7903303026835284,0.3539989598379775,0.3539989598379765,0.35393219209681065,0.3539989598379765,0.3678305665965359,0.3539989598379765,0.35399895983798807,0.353998959838,1.1087375359064733,-2.657146799786877,0.3539989598379837,0.3874301899217638,0.3539989598379765,0.3874301899217638,0.3539989598379765,0.3539989598379837,0.3539989598379765,0.353998959838,0.3539989598379766,0.3539989598379765,0.35399895983797663
EkiLLm_IdnR,0.23359127134672214,0.2313337849141561,0.2313337849141561,0.2317626557519468,0.21573738048168214,0.20224765150967555,0.20224765150967555,0.21690771585038132,0.20224765150967555,0.2574238455243436,0.20224765150967555,0.21573738048168214,0.20224765150967555,0.20224765150967555,0.20224765150967555,0.20224765150967555,0.21690771585038132,0.16546085430326143,0.16546085430326143,0.22027992984095923,0.22506699800051536,0.20224765150967555,0.22243348452900782,0.22849058780717063,0.22243348452900782,0.20224765150967555,0.20224765150967555,0.21514603898354015,0.20224765150967555,0.20224765150967555,0.20224765150967555,-4.822903922372082,-4.822903922372082,-6.242230038345879,0.18093153543208215,0.18093153543208237,0.18093153543208212,0.18093153543207602,0.13331854062400664,0.20224765150967555,0.16184621734098603,0.18047931450360863,0.049004936908399084,0.20224765150967555,0.20224765150967555,0.20224765150967555,0.20224765150967555,0.20224765150967555,0.20224765150967555,0.20224765150967555,-4.7670451664779705,0.20224765150967555,0.7098566258810588,0.16536916843644744,0.2022476515096765,0.20224765150967627,0.202247651509676,0.20224765150967494,0.20224765150967539,0.20224765150967555,0.2022476515096537,0.20224765150965382,0.202247651509673,0.20224765150967555,0.20224765150967555,0.20224765150967527,0.20224765150967527,0.20224765150967527,0.20224765150967555,0.20224765150967527,0.20224765150967555,0.20224765150967527,0.20224765150967527,0.20224765150967527,0.20224765150967527,0.20224765150967555,0.20224765150967555,0.20224765150967555,0.20224765150967555,0.20224765150967555,0.20224765150967555,0.20224765150967555,0.20224765150967555,0.20224765150967555,0.20224765150967555,0.20224765150967527,0.20224765150967527,0.20224765150967527,0.20224765150967527,0.20224765150967527,0.20224765150967527,0.20224765150967527,0.20224765150967555,0.20224765150967555,0.20224765150967555,0.20224765150967555,0.20224765150967555,0.20224765150967555,0.20224765150967555,0.20224765150967555,0.20224765150967555,0.20224765150967527,0.20224765150967527,0.20224765150967527,0.20224765150967527,0.20224765150967527,0.20224765150967527,0.20224765150967527,0.20224765150967555,0.20224765150967555,0.20224765150967555,0.20224765150967555,0.20224765150967555,0.20224765150967555,0.20224765150967555,0.20224765150967555,0.20224765150967555,0.20224765150967555,0.20224765150967577,0.20224765150967555,-5.023190758233448,0.20224765150967555,0.20224765150967555,0.20224765150965093,0.20224765150967555,0.20224765150964197,0.20224765150967555,-0.46769828747449294,0.20224765150959617,0.20224765150967555,-1.535882980603666,0.20224765150967555,0.2022476515096357,0.20224765150967555,0.2022476515096357,0.20224765150967555,0.20224765150967555,0.20224765150967555,0.20224765150959598,0.20224765150967577,0.20224765150967555,0.20224765150967555
EkiLLm_LldR,0.5030331840901966,0.4189951021805786,0.41899510218057856,0.4203268687096356,0.36235857326647464,0.3124547308414452,0.3124547308414452,0.3667975940313586,-3.8984776559346663,0.6800584869316475,0.3124547308414452,0.36235857326647464,0.3124547308414452,0.3124547308414452,0.3124547308414452,0.3124547308414452,0.3667975940313586,-0.8260870139223304,-0.8260870139223304,-0.6731534523011405,-3.2832781851605706,0.3124547308414452,-3.123262862284111,-3.0035284977003034,-3.123262862284111,0.3124547308414452,0.3124547308414452,0.008709945808610457,0.3124547308414452,0.3124547308414452,0.3124547308414452,-3.3725880895922216,-3.3725880895922216,0.3124547308414452,0.380232190475289,0.3802321904752891,0.38023219047528894,0.7768994985721112,0.3124547308414452,0.3124547308414452,0.3894884809655946,0.3805838260581902,0.21942571249059542,0.3124547308414452,0.3124547308414452,0.3124547308414452,0.3124547308414452,0.3124547308414452,0.3124547308414452,0.3124547308414452,-3.0294427220961304,0.3124547308414452,-2.631874940415358,0.3124547308414452,0.3124547308414455,0.3124547308414455,0.3124547308414455,0.31245473084144393,0.31245473084144504,0.3124547308414452,0.3022591092489197,0.3022591092489197,0.31245473084144076,0.3124547308414452,0.31245473084144504,0.31245473084144504,0.3124547308414452,0.3124547308414452,0.3124547308414466,0.31245473084144504,0.3124547308414452,0.3124547308414452,0.3124547308414452,0.3124547308414452,0.3124547308414452,0.31245473084144504,0.3124547308414452,0.3124547308414452,0.3124547308414452,0.3124547308414452,0.3124547308414452,0.3124547308414452,0.3124547308414452,0.3124547308414452,0.3124547308414452,0.31245473084144504,0.3124547308414452,0.31245473084144504,0.3124547308414452,0.3124547308414452,0.3124547308414452,0.3124547308414452,0.3124547308414452,0.3124547308414452,0.3124547308414452,0.3124547308414452,0.3124547308414452,0.3124547308414452,0.3124547308414452,0.3124547308414452,0.3124547308414452,0.31245473084144504,0.3124547308414452,0.3124547308414452,0.3124547308414452,0.3124547308414452,0.3124547308414452,0.3124547308414452,0.3124547308414452,0.3124547308414452,0.3124547308414452,0.3124547308414452,0.3124547308414452,0.3124547308414452,0.3124547308414452,0.3124547308414452,0.3124547308414452,0.3124547308414452,0.31245473084144526,0.3124547308414452,-2.9028166031517966,0.3124547308414452,0.3124547308414452,0.31245634902809044,0.3124547308414452,0.29661348071174726,0.3124547308414452,0.3124573473589766,0.31246001525052924,-3.5044977413715923,-3.5045484249434846,0.3124547308414463,0.27553789978970894,0.3124547308414452,0.2755378997897089,0.3124547308414452,0.3124547308414463,0.3124547308414452,0.3124600152505292,0.31245473084144526,0.3124547308414452,0.31245473084144537
EkiLLm_LrhA,0.42476654758281807,0.363418994239029,0.363418994239029,0.36401503129998536,0.3365819636355107,0.3111143151184228,0.3111143151184228,0.3396095047827783,-3.212639595205855,0.8629725429963157,0.3111143151184228,0.3365819636355107,0.3111143151184228,0.3111143151184228,0.3111143151184228,0.3111143151184228,0.3396095047827783,-2.9405840841369497,-2.9405840841369497,-2.8721387912339287,-2.676739010023336,0.3111143151184228,-2.5435238032197267,-2.4371542647705717,-2.5435238032197267,0.3111143151184228,0.3111143151184228,0.04733044276620675,0.3111143151184228,0.3111143151184228,0.3111143151184228,-2.5573869639623226,-2.5573869639623226,-3.2407167250724958,0.4121498986846178,0.41214989868461777,0.4121498986846178,0.4121498986846178,-2.8580037631186994,0.3111143151184228,0.42697431328879903,0.412708926160647,0.6064650058644097,0.3111143151184228,0.3111143151184228,0.3111143151184228,-2.8191869478275304,0.3111143151184228,0.3111143151184228,0.3111143151184228,-2.418450982738076,0.3111143151184228,-2.4514967095129143,0.1583903140313966,0.31111431511842297,0.31111431511842313,0.31111431511842297,0.3111143151184223,0.31111431511842275,0.31111431511842275,0.2941479863444667,0.2941479863444667,0.3111143151184211,0.3111143151184228,0.3111143151184227,0.3111143151184227,0.3111143151184228,0.3111143151184228,-0.25833388512389477,0.3111143151184227,0.3111143151184227,0.3111143151184227,0.3111143151184227,0.5359836536284408,0.4715403815469813,2.7973116691808104,0.3111143151184228,0.3111143151184228,0.3111143151184228,0.3111143151184228,0.3111143151184228,0.3111143151184228,0.3111143151184228,0.3111143151184228,0.3111143151184228,0.3111143151184227,0.3111143151184227,0.3111143151184227,0.3111143151184227,0.5359836536284407,0.47154038154698175,0.3111143151184228,0.3111143151184228,0.3111143151184228,0.3111143151184228,0.3111143151184228,0.3111143151184228,0.3111143151184228,0.3111143151184228,0.3111143151184228,0.3111143151184228,0.3111143151184227,0.3111143151184227,0.3111143151184227,0.3111143151184227,0.5359836536284408,0.47154038154698175,0.3111143151184228,0.3111143151184228,0.3111143151184228,0.3111143151184228,0.3111143151184228,0.3111143151184228,0.3111143151184228,0.3111143151184228,0.3111143151184228,0.3111143151184228,0.3111143151184228,0.31016583235765627,0.3111143151184228,-2.5105174904198093,0.3111143151184228,0.3111143151184228,0.311114315118405,0.3111143151184232,0.28497874011366164,0.3111143151184228,0.3111143151183937,0.31111431511836385,0.3111143151184228,0.3111143151184228,0.3111143151184232,0.2799013827016411,0.3111143151184228,0.2799013827016411,0.3111143151184228,0.3111143151184228,0.3111143151184228,0.31111431511836385,0.3101658323576563,0.3111143151184228,0.3111143151184228
EkiLLm_MarA,0.48738039642441555,0.4266474428057022,0.4266474428057019,0.3700177861025717,0.33210379952585833,0.29783679731989854,0.29783679731989854,0.3961750523641263,0.28419832905084325,0.7429616852155857,0.29783679731989854,0.3321037995258582,0.29783679731989854,0.29783679731989854,0.29783679731989854,0.29783679731989854,0.3961750523641263,-3.6863456650056365,-3.6863456650056365,-0.4068497036173601,-3.4443326187345216,0.29783679731989854,-3.2657217096596223,-3.1872707715489574,0.29783679731989854,0.29783679731989854,0.29783679731989854,-0.025453561524313897,0.29783679731989854,0.29783679731989854,0.29783679731989854,-3.0658178656523147,-3.0658178656537385,0.29783679731989854,0.59073435716604,0.59073435716604,0.5907343571660398,-0.1351021188164279,-3.466021047396531,0.29783679731989854,0.6578801699078821,0.5921581873810163,0.5764375074566106,0.29783679731989854,0.29783679731989854,0.29783679731989854,-3.4114082461319,0.29783679731989854,0.29783679731989854,0.29783679731989854,-2.959753607056733,0.29783679731989854,-2.7811251131179224,0.2076441627574752,0.297836797319899,0.2978367973198988,0.2978367973198988,0.2978367973198991,0.29783679731989854,0.29783679731989854,0.2875802841368258,0.2875802841368258,0.2978367973199001,0.29783679731989854,0.29783679731989854,0.29783679731989854,0.29783679731989854,0.29783679731989837,0.2978367973198979,0.29783679731989854,0.2978367973198983,0.2978367973198983,0.29783679731989804,0.29783679731989826,0.29783679731989854,0.29783679731989854,0.29783679731989854,0.29783679731989854,0.29783679731989854,0.29783679731989854,0.29783679731989854,0.29783679731989854,0.29783679731989854,0.29783679731989854,0.29783679731989854,0.2978367973198983,0.2978367973198983,0.2978367973198983,0.29783679731989826,0.29783679731989826,0.29783679731989854,0.29783679731989854,0.29783679731989854,0.29783679731989854,0.29783679731989854,0.29783679731989854,0.29783679731989854,0.29783679731989854,0.29783679731989854,0.29783679731989854,0.29783679731917495,0.2978367973198983,0.2978367973198983,0.2978367973198983,0.29783679731989804,0.29783679731989826,0.29783679731989854,0.29783679731989854,0.297836797319144,0.29783679731989854,0.29783679731989854,0.29783679731989854,0.29783679731989854,0.29783679731989854,0.29783679731989854,0.29783679731989854,0.29783679731989854,0.29783679731989854,0.29783679731989854,0.29783679731989854,-2.9306868379356126,0.29783679731989854,0.29783679731989854,0.2978367973199143,0.2978367973198982,0.281900919118008,0.29783679731989854,0.29783679731992296,0.29783679731994767,0.29783679731989854,-0.8361738358673515,0.2978367973198982,0.26070196943946183,0.29783679731989854,0.260701969439462,0.29783679731989854,0.29783679731989854,0.29783679731989854,0.2978367973199475,0.29783679731989854,0.29783679731989854,0.29783679731989826
EkiLLm_MarR,-3.684966251148889,0.298167428801822,0.29816742880182223,0.2969798761066136,0.34586533041765466,0.38302165843396774,0.38302165843396774,0.34220015043137564,-3.800415528194523,0.9430772394097423,0.38302165843396774,0.34586533041765466,0.38302165843396774,0.38302165843396774,0.38302165843396774,0.38302165843396774,0.34219511312737244,-3.443260797537999,-3.443260797537999,0.7982649320482585,0.884830777986941,0.38302165843396774,0.8374803756844813,0.9462733331756172,0.8374803756844813,0.38302165843396774,0.38302165843396774,0.7008224551802843,0.38302165843396774,0.38302165843396774,0.38302165843396774,-2.9022369181414738,-2.9022369181414738,0.38302165843396774,0.17805192368925696,0.251162770875133,0.251162770875133,0.251162770875133,-3.320704634586873,0.38302165843396774,0.2133187207808962,0.24987281473414905,-1.100208053964946,0.38302165843396774,0.38302165843396774,0.38302165843396774,-3.263554715703603,0.38302165843396774,0.38302165843396774,0.38302165843396774,-2.872838290054456,0.38302165843396774,-2.9708515610911697,0.1765885447094811,0.38302165843396807,0.3830216584339679,0.3830216584339679,0.38302165843396774,0.3830216584339677,0.38302165843396774,0.3931720732641523,0.3931720732641523,0.38302165843396807,0.38302165843396774,0.38302165843396774,0.38302165843396757,0.38302165843396757,0.38302165843396757,0.955505691233052,-0.4940841612822608,-0.4940841612822636,-0.4940841612822621,-0.4940841612822621,-0.4940841612822621,-0.41820710860280325,0.38302165843396774,0.38302165843396774,0.38302165843396774,0.38302165843396774,0.38302165843396774,0.38302165843396774,0.38302165843396774,0.38302165843396774,0.38302165843396774,0.38302165843396774,-0.4940841612822636,-0.4940841612822636,-0.4940841612822621,-0.4940841612822621,-0.4940841612822621,-0.41820710860280325,0.38302165843396774,0.38302165843396774,0.38302165843396774,0.38302165843396774,0.38302165843396774,0.38302165843396774,0.38302165843396774,0.38302165843396774,0.38302165843396774,0.38302165843396774,-0.4940841612822636,-0.4940841612822636,-0.4940841612822621,-0.49408416128226196,-0.4940841612822621,-0.41820710860280325,0.38302165843396774,0.38302165843396774,0.38302165843396774,0.38302165843396774,0.38302165843396774,0.38302165843396774,0.38302165843396774,0.38302165843396774,0.38302165843396774,0.38302165843396774,0.38302165843396774,0.39258689343105785,0.38302165843396774,-2.974730893483807,0.38302165843396774,0.38302165843396774,0.383021658433969,0.3830216584339682,0.39879268649618643,0.38302165843396774,0.3830216584339716,0.38302165843397545,0.38302165843396774,0.38302165832884116,0.38302165843396563,0.4197723398911868,0.38302165843396774,0.41977233989118684,0.38302165843396774,0.38302165843396596,0.38302165843396774,0.38302165843397545,0.39258689343105774,0.38302165843396774,0.38302165843396774
EkiLLm_Mlc,0.257399753560684,0.4835808721199691,0.4835808721199687,0.26429051593521646,0.2476548773756556,0.23383027819824764,0.23383027819824764,0.24888371934245448,0.2338302781982481,0.23383027819824764,0.23383027819824764,0.24765487737565542,0.23383027819824764,0.23383027819824764,0.23383027819824764,0.23383027819824764,0.24888371934245448,0.20787317368486963,0.2078731736848696,0.2682674166858622,0.2772853596727762,0.23383027819824764,0.27233039585644375,0.28370505469392016,0.23383027819824764,0.23383027819824764,0.23383027819824764,0.2585402770762199,0.23383027819824764,0.23383027819824764,0.23383027819824764,-4.328198827186743,-4.328198827446599,-5.506101407691029,0.19433194854884275,0.19433194854884275,0.19433194854884261,0.22563583209875837,0.208342547795121,0.23383027819824764,0.3400008782120008,0.19353883250116438,0.20371483151877132,0.23383027819824764,0.23383027819824764,0.23383027819824764,0.23383027819824764,0.23383027819824764,0.23383027819824764,0.23383027819824764,-4.177160122114469,0.23383027819824764,-3.640602977702416,0.15295754173937098,0.23383027819824764,0.23383027819824784,0.23383027819824764,0.23383027819824734,0.23383027819824764,0.23383027819824764,0.23413515540944438,0.23413515540944457,0.23383027819824637,0.23383027819824764,0.23383027819824764,0.23383027819824764,0.23383027819824745,0.23383027819824764,0.2338302781982487,0.23383027819824792,0.23383027819824792,0.23383027819824792,0.23383027819824792,0.23383027819824792,0.2338302781982482,0.23383027819824792,0.23383027819780483,0.23383027819824764,0.23383027819824764,0.23383027819824764,0.23383027819824764,0.23383027819824764,0.23383027819824764,0.23383027819824764,0.23383027819824764,0.23383027819824792,0.23383027819824792,0.23383027819824792,0.23383027819824792,0.23383027819824792,0.2338302781982482,0.23383027819824792,0.23383027819824764,0.23383027819824764,0.23383027819824764,0.23383027819824764,0.23383027819824764,0.23383027819824764,0.23383027819824764,0.23383027819824764,0.2338302781961725,0.23383027819824792,0.23383027819824792,0.23383027819824792,0.23383027819824792,0.23383027819824792,0.2338302781982482,0.23383027819824792,0.23383027819824764,0.23383027819824764,0.23383027819824764,0.23383027819824764,0.23383027819824764,0.23383027819824764,0.23383027819824764,0.23383027819824764,0.23383027819824764,0.23383027819824764,0.23383027819824773,0.23383027819824764,-4.415768997728897,0.23383027819824906,0.23383027819824764,0.23383027819826757,0.23383027819824764,0.2342997867232726,0.23383027819824764,0.23383027819827934,0.23383027819831168,-3.5137988728986906,-1.9796874575321806,0.23383027819824764,0.23488890695323064,0.23383027819824764,0.23488890695323064,0.23383027819824764,0.23383027819824764,0.23383027819824764,0.23383027819831148,0.23383027819824773,0.23383027819824764,0.23383027819824764
EkiLLm_ModE,-4.28758648449259,-4.056575986138086,-4.056575986138086,-4.380839114636807,0.0029126513116493617,0.21146561211097276,0.21146561211097276,-0.02044871926295669,-4.486714348786255,0.21146561211097276,0.21146561211097276,0.002912651311649441,0.21146561211097276,0.21146561211097276,0.21146561211097276,0.21146561211097276,-0.020448719262956397,-0.03838461650957726,-0.03838461650957726,0.24998938726022457,0.2598773091573014,0.21146561211097276,0.2544541057361345,0.26686900164028227,0.21146561211097276,0.21146561211097276,0.21146561211097276,0.2392338203388402,0.21146561211097276,0.21146561211097276,0.21146561211097276,1.0304024267118137,1.0304024267118137,0.21146561211097276,0.5528711269088648,0.5528711269088649,0.5528711269088648,0.21146561211097264,0.21146561211097276,0.21146561211097242,0.6937079298063752,0.555537132560619,0.10588782634500896,0.21146561211097276,0.21146561211097276,0.21146561211097276,0.21146561211097276,0.21146561211097276,0.21146561211097276,0.21146561211097276,-3.537608399767789,0.21146561211097276,0.8817795824525044,-3.9087509577570776,0.21146561211097314,0.2114656121109732,0.21146561211097314,0.21146561211097242,0.21146561211097276,0.21146561211097276,0.22284456607484857,0.22284456607484862,0.21146561211097173,0.21146561211097276,0.21146561211097276,0.21146561211097276,0.21146561211097276,0.21146561211097262,0.21146561211095935,0.2114656121109719,0.2114656121109719,0.21146561211097104,0.21146561211097087,0.21146561211097206,0.21146561211097184,0.21146561211097234,0.21146561211097276,0.21146561211097276,0.21146561211097276,0.21146561211097276,0.21146561211097276,0.21146561211097276,0.21146561211097276,0.21146561211097276,0.21146561211097276,0.21146561211097176,0.21146561211097176,0.21146561211097104,0.21146561211097104,0.21146561211097226,0.21146561211097184,0.21146561211097234,0.21146561211097276,0.21146561211097276,0.21146561211097276,0.21146561211097276,0.21146561211097276,0.21146561211097276,0.21146561211097276,0.21146561211097276,0.21146561211055423,0.2114656121109719,0.2114656121109717,0.21146561211097104,0.21146561211097104,0.21146561211097226,0.21146561211097184,0.21146561211097234,0.21146561211097276,0.21146561211097276,0.21146561211097276,0.21146561211097276,0.21146561211097276,0.21146561211097276,0.21146561211097276,0.21146561211097276,0.21146561211097276,0.21146561211097276,0.2114656121109731,0.21146561211097276,-3.558897529866474,0.2114656121109738,0.21146561211097276,0.21146561211099082,0.21146561211097192,0.22914546306972827,0.21146561211097276,0.21146561211100293,0.21146561211103346,0.6758801464641683,0.6757718902688191,0.2114656121109724,0.25266435961560363,0.21146561211097276,0.25266435961560374,0.21146561211097276,0.2114656121109724,0.21146561211097276,0.21146561211103362,0.2114656121109731,0.21146561211097276,0.21146561211097292
EkiLLm_NagC,-0.08825256063899183,-0.005035366796842825,-0.005035366796842654,-0.0072277917165359295,0.070131258620623,0.12579766899429834,0.12579766899429834,0.06495988065426422,0.12579766899429834,0.049295954612328954,0.12579766899429834,0.070131258620623,0.12579766899429834,0.12579766899429834,0.12579766899429834,0.12579766899429834,0.06495988065426422,-0.36161964231025645,-0.36161964231025634,0.3138432941398713,0.12579766899433206,0.12579766899429834,0.12579766899432873,0.1257976689943364,0.125797668994329,0.12579766899429834,0.12579766899429834,0.4806686305049891,0.12579766899429834,0.12579766899429834,0.12579766899429834,-5.550557838609764,-5.550557838921271,0.0348944630978905,0.12579766899429967,0.12579766899429967,0.1257976689942996,0.12579766899429967,0.12579766899429778,0.12579766899429834,0.12770267392993628,0.125797668994271,0.12368989844529836,0.12579766899429834,0.12579766899429834,0.12579766899429834,0.12579766899429834,0.12579766899429834,0.12579766899429834,0.12579766899429834,-5.813306927521778,0.12579766899429834,0.12579766899429834,-0.009090417274557136,0.12579766899429884,0.1257976689942986,0.1257976689942986,0.12579766899429895,0.12579766899429815,0.12579766899429834,0.12579766899427772,0.12579766899427783,0.12579766899429995,0.12579766899429834,0.12579766899429834,0.12579766899429803,0.12579766899429803,0.12579766899429803,-1.3880067319595026,0.45726870395122754,0.45726870395122754,0.45726870395122754,0.45726870395122754,0.45726870395122754,0.3204395659677371,1.1316513717355203,0.12579766899429834,0.12579766899429834,0.12579766899429834,0.12579766899429834,0.12579766899429834,0.12579766899429834,0.12579766899429834,0.12579766899429834,0.12579766899429834,0.45726870395122754,0.45726870395122754,0.45726870395122754,0.45726870395122754,0.45726870395122754,0.3204395659677366,1.1316513717355203,0.12579766899429834,0.12579766899429834,0.12579766899429834,0.12579766899429834,0.12579766899429834,0.12579766899429834,0.12579766899429834,0.12579766899429834,0.12579766899429834,0.45726870395122754,0.45726870395122754,0.45726870395122754,0.45726870395122754,0.45726870395122754,0.3204395659677366,1.1316513717355203,0.12579766899429834,0.12579766899429834,0.12579766899429834,0.12579766899429834,0.12579766899429834,0.12579766899429834,0.12579766899429834,0.12579766899429834,0.12579766899429834,0.12579766899429834,0.12579766899429848,0.12579766899429834,-5.9292396712364415,0.12579766899429834,0.12579766899429834,0.1257976689942845,0.12579766899429834,0.1257976689942667,0.12579766899429834,0.12579766899427403,0.1257976689942491,0.12579766899429834,0.12579766899371148,0.12579766899429834,0.12579766899425407,0.12579766899429834,0.12579766899425407,0.12579766899429834,0.12579766899429834,0.12579766899429834,0.12579766899424932,0.12579766899429848,0.12579766899429834,0.12579766899429834
EkiLLm_NarP,0.5075913207848387,0.39111257685975015,0.39111257685975026,0.39189100423032514,0.35821584507980225,0.32918165282419987,0.32918165282419987,0.36110252657470776,-3.47064547610507,0.9856803583693874,0.32918165282419987,0.3582158450798022,0.32918165282419987,0.32918165282419987,0.32918165282419987,0.32918165282419987,0.3611025265747077,-3.2598889855238062,-3.2598889855238062,-3.1816057330864416,-2.996341945164855,0.32918165282419987,-2.839759030912664,-2.75887545145036,-2.839759030912664,0.32918165282419987,0.32918165282419987,0.20727550687755428,0.32918165282419987,0.32918165282419987,0.32918165282419987,-2.8646976279069998,-2.864697627906999,-0.7579969290308506,0.5441629918907431,0.5441629918907431,0.5441629918907432,0.6006548581742517,0.32918165282419987,0.3291816528241997,0.8677686177838909,0.7397815675555514,0.6754355665425924,0.32918165282419987,0.32918165282419987,0.32918165282419987,0.32918165282419987,0.32918165282419987,0.32918165282419987,0.32918165282419987,-2.6071306367220854,0.32918165282419987,-2.2493872864925932,0.1909147358492346,0.32918165282419903,0.32918165282419914,0.32918165282419914,0.32918165282420064,0.32918165282419987,0.32918165282419987,0.31961947917957284,0.3196194791795729,0.329181652824203,0.32918165282419987,0.32918165282419987,0.32918165282419987,0.3291816528241997,0.3291816528241997,-0.468941763875681,0.3291816528241996,0.3291816528241997,0.3291816528241997,0.32918165282419987,0.32918165282419987,0.32918165282419987,0.32918165282419987,0.32918165282419987,0.32918165282419987,0.32918165282419987,0.32918165282419987,0.32918165282419987,0.32918165282419987,0.32918165282419987,0.32918165282419987,0.32918165282419987,0.3291816528241997,0.32918165282419987,0.3291816528241996,0.32918165282419987,0.32918165282419987,0.32918165282419987,0.32918165282419987,0.32918165282419987,0.32918165282419987,0.32918165282419987,0.32918165282419987,0.32918165282419987,0.32918165282419987,0.32918165282419987,0.32918165282419987,0.32918165282419987,0.3291816528241997,0.3291816528241996,0.3291816528241997,0.32918165282419987,0.32918165282419987,0.32918165282419987,0.32918165282419987,0.32918165282419987,0.32918165282419987,0.32918165282419987,0.32918165282419987,0.32918165282419987,0.32918165282419987,0.32918165282419987,0.32918165282419987,0.32918165282419987,0.32918165282419987,0.3374451838353311,0.32918165282419987,-2.570574326988047,0.32918165282419987,0.32918165282419987,0.3291816528241954,0.32918165282419987,0.314329205572054,0.32918165282419987,0.3291816528241905,0.3291816528241809,-2.5839463861575713,-2.584253452650914,0.3291816528241925,0.29571122676063255,0.32918165282419987,0.29571122676063255,0.32918165282419987,0.3291816528241925,0.32918165282419987,0.329181652824181,0.3374451838353311,0.32918165282419987,0.3291816528241933
EkiLLm_NsrR,0.1722302272719388,0.4439884469793556,0.4439884469793556,0.17688693045050183,0.3477821644041898,0.4439884469793556,0.4439884469793556,0.3407600146728416,0.4439884469793556,-2.566582435730977,0.4439884469793556,0.3477821644041898,0.4439884469793556,0.4439884469793556,0.4439884469793556,0.4439884469793556,0.3407600146728416,1.0882935313621178,1.0882935313621176,0.4439884469793556,0.4439884469793556,0.4439884469793556,0.4439884469793556,0.4439884469793556,0.4439884469793556,0.4439884469793556,-2.0404262122260186,0.543521995556655,-1.7184961030395933,0.1829644013152317,-1.7184961030395933,1.0602840924374226,1.0602840924374226,-2.748652002471448,0.5341127134352529,0.5341127134352529,0.5341127134352528,0.4455760625665465,0.4459428075151021,0.4439884469793556,0.550888417769127,0.5345388258383411,0.618306983691124,0.4439884469793556,0.4439884469793556,0.4439884469793556,0.4461912028226429,0.4439884469793556,0.4439884469793556,0.4439884469793556,-1.9398262996857745,0.4439884469793556,-1.9102389718811403,-0.13646213085024922,0.4439884469793556,0.4439884469793556,0.4439884469793556,0.4439884469793554,0.44398844697935547,0.4439884469793556,0.4287134837029844,0.42871348370298434,0.44398844697935497,0.4439884469793556,0.4439884469793556,0.4439884469793556,0.44398844697935547,0.44398844697935547,0.9984693783563923,-1.8571293913444888,-1.8571293913444888,-1.8571293913444888,-1.8571293913444888,-1.8571293913444882,-1.7991103776770703,-1.616035724586811,0.4439884469793556,0.4439884469793556,0.4439884469793556,0.4439884469793556,0.4439884469793556,0.4439884469793556,0.4439884469793556,0.4439884469793556,0.4439884469784215,-1.8571293913444888,-1.8571293913444888,-1.8571293913444888,-1.8571293913444882,-1.8571293913444882,-1.7991103776770703,-1.616035724586811,0.4439884469787846,0.4439884469793556,0.4439884469793556,0.4439884469793556,0.4439884469793556,0.4439884469793556,0.4439884469793556,0.4439884469793556,0.4439884469793556,-1.8571293913444888,-1.8571293913444888,-1.8571293913444888,-1.8571293913444888,-1.8571293913444882,-1.7991103776770703,-1.616035724586811,0.4439884469787846,0.4439884469793556,0.4439884469793556,0.4439884469793556,0.4439884469793556,0.4439884469793556,0.4439884469793556,0.4439884469793556,0.4439884469793556,0.4439884469793556,0.4439884469793556,0.4439884469793556,-2.101105701096806,0.44398844697935635,0.4439884469793556,0.44398844697936296,0.44398844697935586,0.4204583123788443,0.4439884469793556,0.4146007222331973,0.4439884469793785,0.4439884469793556,3.2152688328717414,0.4439884469793553,0.41588711179691695,0.4439884469793556,0.41588711179691706,0.4439884469793556,0.4439884469793553,0.4439884469793556,0.4439884469793785,0.4439884469793556,0.4439884469793556,0.44398844697935563
EkiLLm_NtrC,-4.212821518412856,0.36465391833578154,0.36465391833578187,0.20348939431457505,0.24324014748259326,0.2722133464517533,0.2722133464517533,0.24067107056889758,-4.432508464908243,0.2722133464517533,0.2722133464517533,0.2432401474825932,0.2722133464517533,0.2722133464517533,0.2722133464517533,0.2722133464517533,0.24067107056889758,-4.1699092059607645,-4.1699092059607645,0.5915971259042037,0.6445078603948898,0.2722133464517533,0.6163168002758498,0.6782991797966968,0.6163168002758498,0.2722133464517533,0.2722133464517533,0.5251430837613583,0.2722133464517533,0.2722133464517533,0.2722133464517533,-3.513987764812957,-3.513987764812957,0.2722133464517533,0.15639228185408247,0.15639228185408247,0.15639228185408247,0.2722133464517545,0.2722133464517533,0.27221334645175305,0.07974644813190997,0.15436064552329448,0.1501110050097138,0.2722133464517533,0.2722133464517533,0.2722133464517533,0.2722133464517533,0.2722133464517533,0.2722133464517533,0.2722133464517533,-3.365550190645461,0.2722133464517533,-3.196099308474706,0.22181947374176936,0.27221334645175366,0.2722133464517535,0.2722133464517535,0.2722133464517538,0.27221334645175316,0.2722133464517533,0.27221334645175843,0.2722133464517584,0.27221334645175477,0.2722133464517533,0.2722133464517531,0.2722133464517531,0.2722133464517531,0.2722133464517531,1.156220636310429,0.09139028952105888,0.09139028952105888,0.09139028952105888,0.09139028952105888,0.09139028952105888,0.1770002636469293,0.05909348218158636,0.2722133464517533,0.2722133464517533,0.2722133464517533,0.2722133464517533,0.2722133464517533,0.2722133464517533,0.2722133464517533,0.2722133464517533,0.2722133464517533,0.09139028952105888,0.09139028952105888,0.09139028952105888,0.09139028952105888,0.09139028952105888,0.1770002636469293,0.059093482181586145,0.2722133464517533,0.2722133464517533,0.2722133464517533,0.2722133464517533,0.2722133464517533,0.2722133464517533,0.2722133464517533,0.2722133464517533,0.2722133464517533,0.09139028952105888,0.09139028952105888,0.09139028952105888,0.09139028952105888,0.09139028952105888,0.1770002636469293,0.059093482181586145,0.2722133464517533,0.2722133464517533,0.2722133464517533,0.2722133464517533,0.2722133464517533,0.2722133464517533,0.2722133464517533,0.2722133464517533,0.2722133464517533,0.2722133464517533,0.2722133464517533,0.2722133464517533,-3.528629842531575,0.2722133464517533,0.2722133464517533,0.2722133464517578,0.2722133464517533,0.2722133464517608,0.2722133464517533,0.27221334645175976,0.27221334645176637,-0.003700700484036567,-0.003255019280560556,0.2722133464517514,0.27221334645176426,0.2722133464517533,0.27221334645176426,0.2722133464517533,0.2722133464517514,0.2722133464517533,0.27221334645176637,0.2722133464517533,0.2722133464517533,0.2722133464517533
EkiLLm_OgrK,0.07575898019257338,0.060247355850011154,0.06024735585001107,0.004640799696973995,0.1434945506962626,0.26637774628910266,0.26637774628910266,0.1333103336664691,-4.644413241693631,0.6913669903915605,0.26637774628910266,0.1434945506962626,0.26637774628910266,0.26637774628910266,0.26637774628910266,0.26637774628910266,0.13331033366646922,0.3440039897796625,0.34400398977966246,-0.08760887373395747,-0.3849296965891392,0.26637774628910266,-0.18906013215965176,-3.6402314260393736,0.26637774628910266,0.26637774628910266,0.26637774628910266,0.06810182422150488,0.26637774628910266,0.26637774628910266,0.26637774628910266,0.649552135230829,0.6495521352308288,-4.648526591438303,0.45432654376598186,0.45432654376598175,0.45432654376598164,0.6921232218766439,0.26637774628910266,-3.4229502424831724,0.6335098934415437,0.45664969349529455,0.40198185594706715,0.26637774628910266,0.26637774628910266,0.26637774628910266,0.26637774628910266,0.26637774628910266,0.26637774628910266,0.26637774628910266,-3.3695322145845465,0.26637774628910266,-3.50688472263761,0.25187091427482855,0.2663777462891029,0.2663777462891029,0.2663777462891029,0.2663777462891041,0.26637774628910255,0.26637774628910255,0.25438525065875467,0.2543852506587546,0.2663777462891081,0.26637774628910266,0.2663777462891025,0.26637774628910244,0.26637774628910266,0.26637774628910266,1.0050058945158729,0.17673116733134794,0.17673116733134794,0.17673116733134794,0.17673116733134794,0.17673116733134822,0.2663777462891024,0.04321018253177865,0.26637774628910266,0.26637774628910266,0.26637774628910266,0.26637774628910266,0.26637774628910266,0.26637774628910266,0.26637774628910266,0.26637774628910266,0.26637774628910266,0.17673116733134794,0.17673116733134794,0.17673116733134794,0.17673116733134794,0.17673116733134794,0.2663777462891024,0.04321018253177865,0.26637774628910266,0.26637774628910266,0.26637774628910266,0.26637774628910266,0.26637774628910266,0.26637774628910266,0.26637774628910266,0.26637774628910266,0.26637774628910266,0.17673116733134794,0.17673116733134794,0.17673116733134794,0.17673116733134794,0.17673116733134822,0.2663777462891024,0.04321018253177865,0.26637774628910266,0.26637774628910266,0.26637774628910266,0.26637774628910266,0.26637774628910266,0.26637774628910266,0.26637774628910266,0.26637774628910266,0.26637774628910266,0.26637774628910266,0.2663777462891025,0.26637774628910266,-3.460089862745972,0.2663777462891013,0.26637774628910266,0.2663777462890699,0.26637774628910316,0.2477446312521808,0.26637774628910266,0.26637774628905525,0.2663777462889938,-3.654869309327095,-3.654869309327095,0.26637774628910316,0.2229576572708437,0.26637774628910266,0.22295765727084382,0.26637774628910266,0.26637774628910316,0.26637774628910266,0.2663777462889938,0.2663777462891025,0.26637774628910266,0.26637774628910266
EkiLLm_OmpR,0.3155012597418681,0.33508931658956614,0.3350893165895667,0.33535598167137876,0.3228993003338077,0.31090757545523745,0.31090757545523745,0.2986753988609931,-4.100342723851868,0.6339474960138168,0.31090757545523745,0.32289930033380765,0.31090757545523745,0.31090757545523745,0.31090757545523745,0.31090757545523745,0.2986753988609931,-3.326963927777209,-3.326963927777209,0.31090757545523745,0.31090757545523745,0.31090757545523745,0.31090757545523745,0.31090757545523745,0.31090757545523745,0.31090757545523745,-3.146331025296865,0.44817764129057985,-2.70234504609253,-0.04908081680756325,-2.70234504609253,-3.326963927777209,-3.326963927777209,0.31090757545523745,0.21406597126563753,0.21406597126563753,0.21406597126563748,0.1768566980562788,0.31090757545523723,0.31090757545523745,0.21728769573395018,0.21364349087481385,-3.6773889704188556,0.31090757545523745,0.31090757545523745,0.31090757545523745,0.31090757545523745,0.31090757545523745,0.31090757545523745,0.31090757545523745,-2.996256617695922,0.31090757545523745,0.8736728486607998,0.5756027675171829,0.3109075754552373,0.3109075754552373,0.3109075754552373,0.3109075754552394,0.3109075754552374,0.31090757545523745,0.5480060917186674,0.5480060917186675,0.3109075754552441,0.31090757545523745,0.31090757545523745,0.3109075754552373,0.3109075754552373,0.3109075754552373,0.8897171297248166,0.03169676839748555,0.03169676839748575,0.03169676839748575,0.03169676839748575,0.03169676839748575,0.11171304482912994,0.36419944907221513,0.31090757545523745,0.31090757545523745,0.31090757545523745,0.31090757545523745,0.31090757545523745,0.31090757545523745,0.31090757545523745,0.31090757545523745,0.31090757545523745,0.03169676839748575,0.03169676839748555,0.03169676839748575,0.03169676839748575,0.03169676839748575,0.11171304482912994,0.36419944907221574,0.31090757545523745,0.31090757545523745,0.31090757545523745,0.31090757545523745,0.31090757545523745,0.31090757545523745,0.31090757545523745,0.31090757545523745,0.31090757545523745,0.03169676839748555,0.03169676839748575,0.03169676839748575,0.03169676839748575,0.03169676839748575,0.11171304482912994,0.36419944907221513,0.31090757545523745,0.31090757545523745,0.31090757545523745,0.31090757545523745,0.31090757545523745,0.31090757545523745,0.31090757545523745,0.31090757545523745,0.31090757545523745,0.31090757545523745,0.3109075754552373,0.31090757545523745,-3.2300161543886627,0.31090757545523745,0.31090757545523745,0.3109075754552648,0.3109075754552371,0.6280346493444056,0.31090757545523745,0.3109075754552817,0.31090757545532693,0.5746435036521289,-2.9612575233513727,0.3109075754552371,0.8153612867843547,0.31090757545523745,0.8153612867843547,0.31090757545523745,0.3109075754552383,0.31090757545523745,0.31090757545532677,0.3109075754552373,0.31090757545523745,0.31090757545523845
EkiLLm_OxyR,0.3044181250982817,0.47913259373909406,0.47913259373909406,0.2807256602004784,0.25873487516115484,0.2400062460994031,0.2400062460994031,0.2602014364634832,-5.064453748170628,0.2400062460994031,0.2400062460994031,0.25873487516115484,0.2400062460994031,0.2400062460994031,0.2400062460994031,0.2400062460994031,0.2602014364634832,0.14630792895584835,0.14630792895584843,0.21278122964937413,0.20510569137915294,0.2400062460994031,0.2093529530035236,0.19949156193994066,0.20935295300352358,0.2400062460994031,0.2400062460994031,0.2207958855814673,0.2400062460994031,0.2400062460994031,0.2400062460994031,-4.028873175809968,-4.028873175809968,0.2400062460994031,0.26348261258881656,0.26348261258881656,0.26348261258881644,0.5051297545706541,0.2400062460994031,0.2400062460994031,0.3984740917342539,0.2638586231671455,0.14145375706859542,0.2400062460994031,0.2400062460994031,0.2400062460994031,0.2400062460994031,0.2400062460994031,0.2400062460994031,0.2400062460994031,-3.9803976724466743,0.2400062460994031,-3.3980662657110616,0.21678720804798468,0.2400062460994035,0.2400062460994033,0.2400062460994033,0.24000624609940302,0.2400062460994031,0.2400062460994031,0.2400062460994262,0.2400062460994262,0.24000624609940194,0.2400062460994031,0.2400062460994031,0.2400062460994031,0.2400062460994031,0.2400062460994031,0.6204290496985486,0.2400062460994031,0.2400062460994029,0.2400062460994031,0.2400062460994031,0.2400062460994031,0.24000624609940338,-0.0007674143801058523,0.2400062460994031,0.2400062460994031,0.2400062460994031,0.2400062460994031,0.2400062460994031,0.2400062460994031,0.2400062460994031,0.2400062460994031,0.2400062460994031,0.2400062460994031,0.2400062460994031,0.2400062460994031,0.2400062460994031,0.2400062460994031,0.24000624609940338,-0.0007674143801058523,0.2400062460994031,0.2400062460994031,0.2400062460994031,0.2400062460994031,0.2400062460994031,0.2400062460994031,0.2400062460994031,0.2400062460994031,0.2400062460994031,0.2400062460994031,0.2400062460994031,0.2400062460994031,0.2400062460994031,0.2400062460994031,0.24000624609940338,-0.0007674143801058523,0.2400062460994031,0.2400062460994031,0.2400062460994031,0.2400062460994031,0.2400062460994031,0.2400062460994031,0.2400062460994031,0.2400062460994031,0.2400062460994031,0.2400062460994031,0.2400062460994031,0.2400062460994031,-4.025532947353988,0.2400062460994044,0.2400062460994031,0.2400062460994213,0.2400062460994031,0.2400062460994388,0.2400062460994031,0.2400062460994326,0.2400062460994623,-3.989617463331209,-3.9899034453118083,0.2400062460994026,0.2400062460994568,0.2400062460994031,0.2400062460994569,0.2400062460994031,0.2400062460994026,0.2400062460994031,0.2400062460994623,0.2400062460994031,0.2400062460994031,0.2400062460994031
EkiLLm_PdhR,-0.2224622268866851,-0.17972455974280802,-0.17972455974280793,-0.20550366334561837,0.14129535079066932,0.312980562152256,0.312980562152256,0.22449882269397803,-4.018051944685984,0.6802102327035148,0.312980562152256,0.14129535079066924,0.312980562152256,0.312980562152256,0.312980562152256,0.312980562152256,0.22449882269397783,0.6775072653725271,0.6775072653725271,0.31298056215223946,0.31298056215225617,0.312980562152256,0.31298056215225617,0.312980562152256,0.312980562152256,0.312980562152256,0.312980562152256,0.31298056215223363,0.312980562152256,0.312980562152256,0.312980562152256,0.8234322604895565,0.8234322604895565,0.312980562152256,0.5447354624147243,0.5447354624147243,0.544735462414724,-0.19012550919375845,-3.6018557508442184,0.312980562152256,0.5957149486860036,0.5457629882342157,0.5597656171673151,0.312980562152256,0.312980562152256,0.312980562152256,-3.558564674783683,0.312980562152256,0.312980562152256,0.312980562152256,-2.694299886156747,0.312980562152256,-2.6757491174906085,0.26632971804032973,0.31298056215225634,0.31298056215225617,0.31298056215225617,0.312980562152256,0.312980562152256,0.312980562152256,0.3129805621522295,0.3129805621522295,0.31298056215225556,0.312980562152256,0.312980562152256,0.31298056215225584,0.31298056215225584,0.31298056215225584,0.27608889150993166,0.5875158213286507,0.5875158213286507,0.5875158213286509,-2.545403158134869,-2.545403158134869,-2.545403158134869,0.312980562152256,0.31298056215067266,0.312980562152256,0.312980562152256,0.312980562152256,0.312980562152256,0.312980562152256,0.312980562152256,0.312980562152256,0.312980562152256,0.5875158213286504,0.5875158213286504,0.5875158213286508,-2.545403158134869,-2.545403158134869,-2.545403158134869,0.312980562152256,0.312980562152256,0.312980562152256,0.312980562152256,0.312980562152256,0.312980562152256,0.312980562152256,0.312980562152256,0.312980562152256,0.3129805621507074,0.5875158213286507,0.5875158213286507,0.5875158213286509,-2.545403158134869,-2.545403158134869,-2.545403158134869,0.312980562152256,0.312980562152256,0.312980562152256,0.312980562152256,0.312980562152256,0.312980562152256,0.312980562152256,0.312980562152256,0.312980562152256,0.312980562152256,0.312980562152256,0.31298056215225595,0.312980562152256,-3.1507811945997144,0.3129805621522571,0.312980562152256,0.3129805621522349,0.3129805621522556,0.3129805621522156,0.312980562152256,0.27312953198884204,0.31298056215218584,0.312980562152256,0.312980562152256,0.31298056215227826,0.31298056215219255,0.312980562152256,0.3129805621521926,0.312980562152256,0.31298056215227826,0.312980562152256,0.3129805621521857,0.312980562152256,0.312980562152256,0.31298056215225556
EkiLLm_PerR,0.45088338105452896,0.516017347267507,0.5160173472675067,0.5162233793653763,0.5080266318812684,0.5016466952564247,0.5016466952564247,0.5085854300755145,-2.7727727913500275,0.9692236738470388,0.5016466952564247,0.5080266318812683,0.5016466952564247,0.5016466952564247,0.5016466952564247,0.5016466952564247,0.5085854300755145,0.539513787045842,0.539513787045842,0.5948975112532837,0.6131868906241926,0.5016466952564247,0.6033692965587377,0.6251456472695752,0.6033692965587377,0.5016466952564247,0.5016466952564247,0.5728582572598494,0.5016466952564247,0.5016466952564247,0.5016466952564247,-2.2303563911249618,-2.2303563911249618,0.5319801807855691,0.3517220586938291,0.35172205869382916,0.3517220586938291,0.4049615924349835,-1.9731039580254228,0.5016466952564247,0.2543212350277983,0.6400974628964399,0.6626851978913207,0.5016466952564247,0.5016466952564247,0.5016466952564247,0.5016466952564247,0.5016466952564247,0.5016466952564247,0.5016466952564247,-2.0198130295058507,0.5016466952564247,-1.9918102191210225,0.44277887411278627,0.5016466952564247,0.5016466952564247,0.5016466952564247,0.501646695256424,0.5016466952564246,0.5016466952564247,0.5010766048316612,0.5010766048316612,0.5016466952564227,0.5016466952564247,0.5016466952564247,0.5016466952564247,0.5016466952564246,0.5016466952564246,1.0751971533096383,-1.878610434465529,-1.878610434465529,-1.878610434465529,-1.878610434465529,-1.878610434465529,-1.8185960498731755,-1.6292251532454407,0.5016466952564247,0.5016466952564247,0.5016466952564247,0.5016466952564247,0.5016466952564247,0.5016466952564247,0.5016466952564247,0.5016466952564247,0.5016466952564247,-1.878610434465529,-1.878610434465529,-1.878610434465529,-1.878610434465529,-1.878610434465529,-1.8185960498731755,-1.6292251532454407,0.5016466952564247,0.5016466952564247,0.5016466952564247,0.5016466952564247,0.5016466952564247,0.5016466952564247,0.5016466952564247,0.5016466952564247,0.5016466952564247,-1.878610434465529,-1.878610434465529,-1.878610434465529,-1.878610434465529,-1.878610434465529,-1.8185960498731755,-1.6292251532454407,0.5016466952564247,0.5016466952564247,0.5016466952564247,0.5016466952564247,0.5016466952564247,0.5016466952564247,0.5016466952564247,0.5016466952564247,0.5016466952564247,0.5016466952564247,0.5016466952564247,0.5016466952564247,-1.9979672626642797,0.5016466952564255,0.5016466952564247,0.6481286933385452,0.5016466952564249,0.5007533322930561,0.5016466952564247,0.5016466952564317,0.5016466952564388,-1.9018397774457043,-1.9022549578081405,0.5016466952564244,0.5005695725425289,0.5016466952564247,0.5005695725425289,0.5016466952564247,0.5016466952564244,0.5016466952564247,0.5016466952564388,0.5016466952564247,0.5016466952564247,0.5016466952564247
EkiLLm_Pgi,0.2753773192614208,-3.1694551262293866,-3.1694551262293866,0.25313650292028395,0.26636935244466853,0.2753773192614208,0.2753773192614208,0.2654582073703029,-4.016006458207168,0.899800588022586,0.2753773192614208,0.2663693524446684,0.2753773192614208,0.2753773192614208,0.2753773192614208,0.2753773192614208,0.26545820737030285,-4.016006458207168,-4.016006458207168,0.6050842166591353,0.6663917906883591,0.2753773192614208,0.6334261128062162,0.7068880073496645,-3.4642201698834905,0.2753773192614208,0.2753773192614208,0.5312253964775558,0.2753773192614208,0.2753773192614208,0.2753773192614208,-3.5945981619814997,-3.5945981619814997,0.014968742455499815,0.0011956016863805287,0.0011956016863805287,0.0011956016863803143,0.27537731926142117,0.27537731926142056,0.2753773192614208,-0.0877827403559865,-0.0017105817813870613,-0.10003650592795832,0.2753773192614208,0.2753773192614208,0.2753773192614208,0.2753773192614208,0.2753773192614208,0.2753773192614208,0.2753773192614208,-3.6388199405221466,0.2753773192614208,0.2753773192614208,0.30597229717032565,0.27537731926142134,0.27537731926142134,0.27537731926142134,0.275377319261421,0.2753773192614205,0.2753773192614208,0.275377319261401,0.275377319261401,0.2753773192614213,0.2753773192614208,0.2753773192614208,0.2753773192614211,0.2753773192614208,0.27537731926142045,-0.09960213642036861,0.2753773192614208,0.2753773192614208,0.2753773192614208,0.2753773192614208,0.2753773192614208,0.2753773192614208,0.5467837736112088,0.2753773192614208,0.2753773192614208,0.2753773192614208,0.2753773192614208,0.2753773192614208,0.2753773192614208,0.2753773192614208,0.2753773192614208,0.2753773192614208,0.2753773192614208,0.27537731926142045,0.27537731926142045,0.2753773192614208,0.2753773192614208,0.2753773192614208,0.5467837736112088,0.2753773192614208,0.2753773192614208,0.2753773192614208,0.2753773192614208,0.2753773192614208,0.2753773192614208,0.2753773192614208,0.2753773192614208,0.2753773192614208,0.2753773192614208,0.2753773192614208,0.2753773192614208,0.2753773192614208,0.2753773192614208,0.2753773192614208,0.5467837736112088,0.2753773192614208,0.2753773192614208,0.2753773192614208,0.2753773192614208,0.2753773192614208,0.2753773192614208,0.2753773192614208,0.2753773192614208,0.2753773192614208,0.2753773192614208,0.2753773192614208,0.2753773192614208,-3.1517227614974415,0.2753773192614208,0.2753773192614208,0.27537731926140463,0.2753773192614215,0.27537731926139014,0.2753773192614208,0.2753773192613957,0.2753773192613695,-0.33509911569803813,-0.33474015791395895,0.2753773192614215,0.2753773192613746,0.2753773192614208,0.2753773192613746,0.2753773192614208,0.2753773192614215,0.2753773192614208,0.27537731926136977,0.27537731926142095,0.2753773192614208,0.2753773192614208
EkiLLm_PhoB,0.2636891476978928,0.2892208916087402,0.2892208916087409,0.28974919439839625,0.2703497055549978,0.25448528157337413,0.25448528157337413,0.27176972833426105,-5.2204949950414665,1.1291094670384532,0.25448528157337413,0.2703497055549978,0.25448528157337413,0.25448528157337413,0.25448528157337413,0.25448528157337413,0.27176972833426105,0.24478087067157586,0.24478087067157586,0.3257261514137062,0.3443547177406973,0.25448528157337413,0.3341178302708213,0.3576261520951906,0.3341178302708214,0.25448528157337413,0.25448528157337413,0.3056354882938321,0.25448528157337413,0.25448528157337413,0.25448528157337413,-4.22643325210031,-4.22643325210031,0.22909646012474724,0.16397700480094082,0.16397700480094082,0.16397700480094077,0.16397700480094038,-3.95200583152642,0.25448528157337413,0.073364252636694,0.16194892918488646,0.20517505034003622,0.25448528157337413,0.25448528157337413,0.25448528157337413,-2.9650954613350415,0.25448528157337413,0.25448528157337413,0.25448528157337413,-3.9498693220186443,0.25448528157337413,-3.4293989183540567,0.16374915042527763,0.2544852815733746,0.2544852815733746,0.2544852815733746,0.2544852815733737,0.25448528157337397,0.25448528157337413,0.2547775748220934,0.2547775748220934,0.2544852815733722,0.25448528157337413,0.25448528157337413,0.25448528157337413,0.25448528157337397,0.25448528157337397,1.0872783538059312,0.1534100925541775,0.1534100925541775,0.15341009255417717,0.15341009255417717,0.15341009255417745,0.2544852815733738,0.0028669785068703344,0.2544852815729673,0.25448528157337413,0.25448528157337413,0.25448528157337413,0.25448528157337413,0.25448528157337413,0.25448528157337413,0.25448528157337413,0.25448528157337413,0.1534100925541775,0.1534100925541775,0.15341009255417717,0.15341009255417717,0.15341009255417717,0.25448528157337413,0.0028669785068703344,0.25448528157337413,0.25448528157337413,0.25448528157337413,0.25448528157337413,0.25448528157337413,0.25448528157337413,0.25448528157337413,0.25448528157337413,0.2544852815728768,0.1534100925541775,0.1534100925541775,0.15341009255417717,0.15341009255417717,0.15341009255417745,0.2544852815733738,0.0028669785068700824,0.25448528157337413,0.25448528157337413,0.25448528157337413,0.25448528157337413,0.25448528157337413,0.25448528157337413,0.25448528157337413,0.25448528157337413,0.25448528157337413,0.25448528157337413,0.2544852815733744,0.25448528157337413,-3.955321333762376,0.2544852815733755,0.25448528157337413,0.2544852815733756,0.25448528157337413,0.2549354107343354,0.25448528157337413,0.2544852815733744,0.2544852815733747,0.25448528157337413,-1.1953579046309792,0.2544852815733747,0.2555002143941802,0.25448528157337413,0.2555002143941802,0.25448528157337413,0.2544852815733747,0.25448528157337413,0.2544852815733747,0.2544852815733744,0.25448528157337413,0.25448528157337436
EkiLLm_PrpR,0.45520586549168385,0.40228802956739135,0.40228802956739146,0.4035536365258261,0.3475962092131766,0.29881713563035445,0.29881713563035445,0.35038125543005033,0.29881713563035445,0.07956009349975213,0.29881713563035445,0.34759620921317663,0.29881713563035445,0.29881713563035445,0.29881713563035445,0.29881713563035445,0.3503812554300502,-3.6789869545233174,-3.6789869545233174,-3.603447689196686,-3.158316651759522,0.29881713563035445,-3.0332512043146824,-2.805938114412997,-3.0332512043146824,0.29881713563035445,0.29881713563035445,-0.18220636679756416,0.29881713563035445,0.29881713563035445,0.29881713563035445,-3.190983129605526,-3.190983129605526,-3.9476486903669388,0.3394521179928249,0.3394521179928249,0.3394521179928248,0.6737260137625688,0.29881713563035445,0.29881713563035445,0.36319870582873054,0.33964477971038953,-0.010977014771527443,0.29881713563035445,0.29881713563035445,0.29881713563035445,0.29881713563035445,0.29881713563035445,0.29881713563035445,0.29881713563035445,-2.866984207902047,0.29881713563035445,0.7181353566381088,0.29881713563035445,0.2988171356303549,0.2988171356303548,0.2988171356303548,0.2988171356303543,0.29881713563035445,0.29881713563035445,0.30923148142991036,0.30923148142991036,0.2988171356303537,0.29881713563035445,0.29881713563035445,0.2988171356303543,0.2988171356303543,0.2988171356303543,0.6050224953832612,0.29881713563035445,0.29881713563035445,0.2988171356303543,0.29881713563035445,0.29881713563035445,0.29881713563035445,0.10501626016814922,0.29881713563035445,0.29881713563035445,0.29881713563035445,0.29881713563035445,0.29881713563035445,0.29881713563035445,0.29881713563035445,0.29881713563035445,0.29881713563035445,0.29881713563035445,0.29881713563035434,0.29881713563035434,0.29881713563035434,0.29881713563035434,0.29881713563035445,0.10501626016814922,0.29881713563035445,0.29881713563035445,0.29881713563035445,0.29881713563035445,0.29881713563035445,0.29881713563035445,0.29881713563035445,0.29881713563035445,0.29881713563035445,0.29881713563035445,0.29881713563035445,0.2988171356303543,0.29881713563035445,0.29881713563035445,0.29881713563035445,0.10501626016814922,0.29881713563035445,0.29881713563035445,0.29881713563035445,0.29881713563035445,0.29881713563035445,0.29881713563035445,0.29881713563035445,0.29881713563035445,0.29881713563035445,0.29881713563035445,0.29881713563035445,0.29881713563035445,-2.9560115730999255,0.29881713563035445,0.29881713563035445,0.2988171356303221,0.29881713563035484,0.31499823622302,0.29881713563035445,0.2988171356303024,0.29881713563024875,0.18946741010006724,0.18948372982949405,0.2988171356303549,0.33652338888593814,0.29881713563035445,0.33652338888593814,0.29881713563035445,0.2988171356303549,0.29881713563035445,0.2988171356302486,0.29881713563035445,0.29881713563035445,0.29881713563035467
EkiLLm_PspC,-0.14238362630644757,-0.21281329673928237,-0.21281329673928212,-0.22467628694992045,0.08740278546310354,0.23357429090648313,0.23357429090648313,0.18000613406206326,-5.337003289866463,0.6165787951832933,0.23357429090648313,0.08740278546310339,0.23357429090648313,0.23357429090648313,0.23357429090648313,0.23357429090648313,0.1800061340620631,0.4376801133136634,0.4376801133136634,-0.1771735171895362,-0.5177397628604237,0.23357429090648313,-0.29366094647798,-4.233288721789055,-0.29366094647798,0.23357429090648313,0.23357429090648313,0.002473612880466748,0.23357429090648313,0.23357429090648313,0.23357429090648313,0.8612197041057276,0.8612197041057277,0.23357429090648313,0.5170899354283773,0.5170899354283774,0.5170899354283771,0.06956534406093902,-3.9725649912186527,0.23357429090648313,0.5534122355836796,0.5184857705013559,0.3191381019720291,0.23357429090648313,0.23357429090648313,0.23357429090648313,0.23357429090648313,0.23357429090648313,0.23357429090648313,0.23357429090648313,-4.059327788600604,0.23357429090648313,-3.6244771262966955,0.8548917939662951,0.23357429090648377,0.23357429090648396,0.23357429090648396,0.23357429090648424,0.23357429090648313,0.23357429090648313,0.2335742909065323,0.2335742909065324,0.23357429090648643,0.23357429090648313,0.23357429090648313,0.23357429090648313,0.23357429090648293,0.23357429090648293,1.0723709258912093,0.1317705479923453,0.1317705479923453,0.1317705479923453,0.13177054799234547,0.1317705479923453,0.23357429090648313,-0.019857863532482013,0.2335742909048441,0.23357429090648313,0.23357429090648313,0.23357429090648313,0.23357429090648313,0.23357429090648313,0.23357429090648313,0.23357429090648313,0.23357429090648313,0.1317705479923453,0.1317705479923453,0.1317705479923453,0.1317705479923453,0.1317705479923453,0.23357429090648313,-0.019857863532482013,0.23357429090648313,0.23357429090648313,0.23357429090648313,0.23357429090648313,0.23357429090648313,0.23357429090648313,0.23357429090648313,0.23357429090648313,0.23357429090447931,0.1317705479923453,0.1317705479923453,0.1317705479923453,0.1317705479923453,0.1317705479923453,0.23357429090648313,-0.019857863532482013,0.23357429090648313,0.23357429090648313,0.23357429090648313,0.23357429090648313,0.23357429090648313,0.23357429090648313,0.23357429090648313,0.23357429090648313,0.23357429090648313,0.23357429090648313,0.2335742909064831,0.23357429090648313,-4.014741148235769,0.23357429090648313,0.23357429090648313,0.23357429090652151,0.23357429090648313,0.23357429090655824,0.23357429090648313,0.23357429090654477,0.23357429090660697,0.6358254915369684,-4.715401125964231,0.23357429090648202,0.23357429090659498,0.23357429090648313,0.23357429090659537,0.23357429090648313,0.23357429090648263,0.23357429090648313,0.23357429090660697,0.23357429090648302,0.23357429090648313,0.23357429090648313
EkiLLm_PurR,-0.5528675521665917,-0.5361485284918313,-0.5361485284918317,-0.5677619546604578,0.0360544482768162,0.23718890092325154,0.23718890092325154,0.14116964360218426,-5.366509836345819,0.7996047714284514,0.23718890092325154,0.03605444827681611,0.23718890092325154,0.23718890092325154,0.23718890092325154,0.23718890092325154,0.1411696436021842,0.5624583907932988,0.5624583907932988,-0.14113247174866933,-0.4116233834457038,0.23718890092325154,-0.23908197701767914,-0.9259267562633171,-0.23908197701767914,0.23718890092325154,0.23718890092325154,0.018768160019126925,0.23718890092325154,0.23718890092325154,0.23718890092325154,1.1729420234592387,1.1729420234592387,-4.469075348752372,0.5594896114615412,0.5594896114615412,0.5594896114615411,-0.3680228362429572,-4.793058443354961,0.23718890092325154,0.5999360704312114,0.561054579106223,0.5786759097508962,0.23718890092325154,0.23718890092325154,0.23718890092325154,-4.727424979348425,0.23718890092325154,0.23718890092325154,0.23718890092325154,-4.3223550143144855,0.23718890092325154,-3.5873086003366144,0.08312584298342893,0.23718890092325173,0.23718890092325173,0.23718890092325173,0.2371889009232512,0.23718890092325154,0.23718890092325154,0.23718890092325362,0.23718890092325362,0.23718890092325057,0.23718890092325154,0.23718890092325154,0.23718890092325154,0.23718890092325132,0.23718890092325132,0.23718890092324926,0.23718890092325154,0.23718890089121736,0.23718890089121736,0.23718890089121736,0.23718890088151,0.23718890088109634,0.23718890088109634,0.23718890092296765,0.2371889008546762,0.23718890092325154,0.23718890092325154,0.23718890092325154,0.23718890092325154,0.23718890092325154,0.23718890092325154,0.23718890092325154,0.23718890089121736,0.23718890089121736,0.23718890089121736,0.23718890092325154,0.23718890088109634,0.23718890088109634,0.23718890088109634,0.23718890092325154,0.23718890092325154,0.23718890092325154,0.23718890092325154,0.23718890092325154,0.23718890092325154,0.23718890092325154,0.23718890092325154,0.23718890092325154,0.23718890089121736,0.23718890089121736,0.23718890089121736,0.23718890092325154,0.23718890088109634,0.23718890088109634,0.23718890088109634,0.23718890092325154,0.23718890092325154,0.23718890092325154,0.23718890092325154,0.23718890092325154,0.23718890092325154,0.23718890092325154,0.23718890092325154,0.23718890092325154,0.23718890092325154,0.23718890092325154,0.23718890092325154,0.23718890092325154,0.23718890092325154,0.23718890092325154,0.23718890092325381,0.23718890092325154,0.2371889009232552,0.23718890092325154,-0.48391550493449603,0.23718890092325795,0.23718890092325154,-1.2566518854849382,0.23718890092325,0.23718890092325776,0.23718890092325154,0.23718890092325767,0.23718890092325154,0.23718890092325,0.23718890092325154,0.23718890092325795,0.23718890092325154,0.23718890092325154,0.23718890092325173
EkiLLm_QseB,0.3353804494142675,0.3169838026789413,0.3169838026789415,0.3175698832803778,0.29262780638539826,0.2718154595852278,0.2718154595852278,0.28935900709091333,-4.952410768619623,0.8146704681452261,0.2718154595852278,0.2926278063853981,0.2718154595852278,0.2718154595852278,0.2718154595852278,0.2718154595852278,0.2893590070909132,0.1895699531644458,0.1895699531644457,0.2670849785389621,0.265862840874845,0.2718154595852278,0.26653346019984864,0.26499725862817197,0.26653346019984864,0.2718154595852278,0.2718154595852278,0.26841117540241827,0.2718154595852278,0.2718154595852278,0.2718154595852278,-4.018480587147407,-4.018480587147407,0.2718154595852278,0.23131419721568125,0.23131419721568125,0.2313141972156812,0.5597972688514441,0.2718154595852278,0.2718154595852277,0.2925704861893112,0.23075981669325316,0.07495370939418046,0.2718154595852278,0.2718154595852278,0.2718154595852278,0.2718154595852278,0.2718154595852278,0.2718154595852278,0.2718154595852278,-3.7752332237459667,0.2718154595852278,-3.329527539729636,0.3190751709451064,0.2718154595852276,0.2718154595852278,0.2718154595852278,0.27181545958522757,0.2718154595852277,0.2718154595852278,0.3391347815091229,0.3391347815091232,0.27181545958522696,0.2718154595852278,0.2718154595852278,0.27181545958522757,0.27181545958522757,0.27181545958522757,1.3718509323369394,-0.059277667163992784,-0.059277667163992784,-0.059277667163992374,-0.059277667163992374,-0.059277667163992374,0.03560705249910901,0.03560705249910901,0.2718154595852278,0.2718154595852278,0.2718154595852278,0.2718154595852278,0.2718154595852278,0.2718154595852278,0.2718154595852278,0.2718154595852278,0.2718154595852278,-0.059277667163992784,-0.059277667163992784,-0.059277667163992374,-0.059277667163992374,-0.059277667163992374,0.035607052499108685,0.03560705249910901,0.2718154595852278,0.2718154595852278,0.2718154595852278,0.2718154595852278,0.2718154595852278,0.2718154595852278,0.2718154595852278,0.2718154595852278,0.2718154595852278,-0.059277667163992784,-0.059277667163992784,-0.059277667163992374,-0.059277667163992374,-0.059277667163992374,0.035607052499108685,0.035607052499108685,0.2718154595852278,0.2718154595852278,0.2718154595852278,0.2718154595852278,0.2718154595852278,0.2718154595852278,0.2718154595852278,0.2718154595852278,0.2718154595852278,0.2718154595852278,0.27181545958522774,0.2718154595852278,-3.9270746967403944,0.2718154595852278,0.2718154595852278,0.24391657431279698,0.27181545958522835,0.38104415503905753,0.2718154595852278,0.27181545958520065,0.2718154595851727,-4.068512410504597,-4.068689643458209,0.27181545958522596,0.4286379384461715,0.2718154595852278,0.4286379384461716,0.2718154595852278,0.27181545958522596,0.2718154595852278,0.27181545958517306,0.27181545958522774,0.2718154595852278,0.1411141240973115
EkiLLm_RcsA,-0.07243141391129236,-0.17124320053611683,-0.17124320053611677,-0.17857292010332285,0.021003031443138552,0.19142181261508073,0.19142181261508073,0.005609208613321031,-6.237519495063791,0.7640322384749878,0.19142181261508073,0.021003031443138406,0.19142181261508073,0.19142181261508073,0.19142181261508073,0.19142181261508073,0.005609208613321031,0.31032884547988704,0.31032884547988704,-0.3169397080070983,-0.7172364013782407,0.19142181261508073,-0.4551198924452576,-5.023543743024464,-0.4551198924452576,0.19142181261508073,0.19142181261508073,-0.09979807193036187,0.19142181261508073,0.19142181261508073,0.19142181261508073,0.8691643449627078,0.8691643449627081,0.19142181261508073,0.6585512363720027,0.6585512363720029,0.6585512363720027,0.6585512363720027,1.3610429694201045,-4.444633055952886,0.9583811371210034,0.6662174860906186,0.8571986849512087,0.19142181261508073,0.19142181261508073,0.19142181261508073,0.19142181261508073,0.19142181261508073,0.19142181261508073,0.19142181261508073,0.19142181261508073,0.19142181261508073,-4.550810941211967,0.1302104576602195,0.19142181261508073,0.19142181261508032,0.19142181261508032,0.1914218126150783,0.19142181261508073,0.19142181261508073,0.19142181261506236,0.19142181261506225,0.1914218126150727,0.19142181261508073,0.19142181261508048,0.1914218126150806,0.1914218126150806,0.1914218126150806,0.43237656184968376,0.07557056526823912,0.07557056526823912,0.07557056526823912,0.07557056526823912,0.07557056526823912,0.19142181261508048,0.19142181261508073,0.19142181261508073,0.19142181261508073,0.19142181261508073,0.19142181261508073,0.19142181261508073,0.19142181261508073,0.19142181261508073,0.19142181261508073,0.19142181261508073,0.07557056526823912,0.07557056526823912,0.07557056526823892,0.07557056526823912,0.07557056526823912,0.19142181261508073,0.19142181261508073,0.19142181261508073,0.19142181261508073,0.19142181261508073,0.19142181261508073,0.19142181261508073,0.19142181261508073,0.19142181261508073,0.19142181261508073,0.19142181261508073,0.07557056526823912,0.07557056526823912,0.07557056526823892,0.07557056526823912,0.07557056526823912,0.19142181261508048,0.19142181261508073,0.19142181261508073,0.19142181261508073,0.19142181261508073,0.19142181261508073,0.19142181261508073,0.19142181261508073,0.19142181261508073,0.19142181261508073,0.19142181261508073,0.19142181261508073,0.19142181261508096,0.19142181261508073,-4.711469925714881,0.19142181261508073,0.19142181261508073,0.19142181261506047,0.19142181261508018,0.19142181261505387,0.19142181261508073,0.19142181261504884,0.1914218126150169,0.19142181261508073,-1.5459805320186688,0.19142181261508073,0.1914218126150504,0.19142181261508073,0.1914218126150504,0.19142181261508073,0.19142181261508073,0.19142181261508073,0.1914218126150169,0.19142181261508096,0.19142181261508073,0.19142181261508096
EkiLLm_RcsB,0.24611403665729548,0.3491153617807594,0.3491153617807596,0.34714400408589435,0.4157514499444438,0.4622288401964442,0.4622288401964442,0.4609264363408147,-2.8486789071165464,1.0180616647388858,0.4622288401964442,0.4157514499444438,0.4622288401964442,0.4622288401964442,0.4622288401964442,0.4622288401964442,0.4609264363408147,0.666924569389074,0.666924569389074,0.6028782935654777,0.6609712808782603,0.4622288401964442,0.6272525702547345,0.7135186945954454,0.6272525702547344,0.4622288401964442,0.4622288401964442,0.5533643907819941,0.4622288401964442,0.4622288401964442,0.4622288401964442,0.7865009929817347,0.7865009929817347,-2.877272607736566,0.6150035951682864,0.6150035951682865,0.6150035951682864,0.17502918140108414,-2.0489917828099826,0.4622288401964442,0.676453257974061,0.616078654544266,0.5934148818967113,0.4622288401964442,0.4622288401964442,0.4622288401964442,0.4622288401964442,0.4622288401964442,0.4622288401964442,0.4622288401964442,-2.0854899570726073,0.4622288401964442,-2.136695999021565,0.3692552390957555,0.4622288401964445,0.4622288401964445,0.4622288401964445,0.46222884019644445,0.4622288401964442,0.4622288401964442,0.3388069753532348,0.3388069753532348,0.4622288401964446,0.4622288401964442,0.4622288401964442,0.4622288401964442,0.46222884019644417,0.46222884019644417,1.3080874792257315,-1.953291878086987,-1.953291878086987,-1.953291878086987,-1.953291878086987,-1.953291878086987,-1.8925112805942526,-1.8925112805942526,0.4622288401964442,0.4622288401964442,0.4622288401964442,0.4622288401964442,0.4622288401964442,0.4622288401964442,0.4622288401964442,0.4622288401964442,0.4622288401964442,-1.953291878086987,-1.953291878086987,-1.953291878086987,-1.953291878086987,-1.953291878086987,-1.8925112805942526,-1.8925112805942526,0.4622288401964442,0.4622288401964442,0.4622288401964442,0.4622288401964442,0.4622288401964442,0.4622288401964442,0.4622288401964442,0.4622288401964442,0.4622288401964442,-1.953291878086987,-1.953291878086987,-1.953291878086987,-1.953291878086987,-1.953291878086987,-1.8925112805942526,-1.8925112805942526,0.4622288401964442,0.4622288401964442,0.4622288401964442,0.4622288401964442,0.4622288401964442,0.4622288401964442,0.4622288401964442,0.4622288401964442,0.4622288401964442,0.4622288401964442,0.4622288401964443,0.4622288401964442,-2.208880806254587,0.4622288401964442,0.4622288401964442,0.4622288401964518,0.4622288401964442,0.289040937241874,0.4622288401964442,0.4622288401964571,0.46222884019647,0.4622288401964442,-0.4143569193819189,0.4622288401964442,0.2646486420374144,0.4622288401964442,0.2646486420374145,0.4622288401964442,0.4622288401964442,0.4622288401964442,0.4622288401964701,0.4622288401964443,0.4622288401964442,0.4622288401964442
EkiLLm_RpoD,0.2585640593936518,0.30182423269826314,0.3018242326982633,0.3030982963965733,0.25627734970543764,0.2190650987706592,0.2190650987706592,0.259525167525303,0.2190650987706519,0.47637396803667365,0.2190650987706592,0.25627734970543764,0.2190650987706592,0.2190650987706592,0.2190650987706592,0.2190650987706592,0.259525167525303,0.17123013044322352,0.17123013044322352,0.22049919857554187,0.43109696643691375,0.2190650987706592,0.4008528214258685,0.473704252932281,0.4008528214258686,0.2190650987706592,0.2190650987706592,0.06367588987896311,0.2190650987706592,0.2190650987706592,0.2190650987706592,-4.640905752726007,-4.640905752959637,-0.11046402739658595,0.03242667890353457,0.03242667890353457,0.03242667890353449,0.03242667890353457,-4.567424933972366,0.2190650987706592,-0.22558207247497303,-0.05550498399139492,-5.080445664558257,0.2190650987706592,0.2190650987706592,0.2190650987706592,0.2190650987706592,0.2190650987706592,0.2190650987706592,0.2190650987706592,-4.602987272627276,0.2190650987706592,0.7927001227617129,0.23933143682535288,0.21906509877065894,0.21906509877065894,0.21906509877065894,0.21906509877065908,0.2190650987706592,0.2190650987706592,0.219065098770677,0.219065098770677,0.21906509877065802,0.2190650987706592,0.2190650987706592,0.2190650987706592,0.21906509877065897,0.21906509877065897,0.2190650987706592,0.21906509877065886,0.21906509877065886,0.21906509877065886,0.21906509877065886,0.21906509877065886,0.2190650987706592,0.2190650987706592,0.21906509877017258,0.2190650987706592,0.2190650987706592,0.2190650987706592,0.2190650987706592,0.2190650987706592,0.2190650987706592,0.2190650987706592,0.2190650987706592,0.21906509877065886,0.21906509877065886,0.21906509877065886,0.21906509877065886,0.21906509877065886,0.2190650987706592,0.2190650987706592,0.2190650987706592,0.2190650987706592,0.2190650987706592,0.2190650987706592,0.2190650987706592,0.2190650987706592,0.2190650987706592,0.2190650987706592,0.21906509876951907,0.21906509877065886,0.21906509877065886,0.21906509877065886,0.21906509877065886,0.21906509877065886,0.2190650987706592,0.2190650987706592,0.2190650987706592,0.2190650987706592,0.2190650987706592,0.2190650987706592,0.2190650987706592,0.2190650987706592,0.2190650987706592,0.2190650987706592,0.2190650987706592,0.2190650987706592,0.21546156200710184,0.2190650987706592,-4.616731688697642,0.2190650987706592,0.2190650987706592,0.17270174156782075,0.2190650987706585,0.21906509877068778,0.2190650987706592,0.21906509877069236,0.21906509877072652,0.2190650987706592,-1.4517434963144142,0.2190650987706592,0.2190650987706937,0.2190650987706592,0.21906509877069358,0.2190650987706592,0.2190650987706592,0.2190650987706592,0.21906509877072652,0.21546156200710184,0.2190650987706592,0.2190650987706592
EkiLLm_RpoS,0.19800249464252723,0.3336147493087366,0.3336147493087366,0.33140654206137976,0.40781259889114513,0.45937815737059406,0.45937815737059406,0.43993944021624526,-2.8109396753487266,0.8474677605412152,0.45937815737059406,0.40781259889114513,0.45937815737059406,0.45937815737059406,0.45937815737059406,0.45937815737059406,0.43993944021624526,0.7891362733928378,0.7891362733928377,0.8765028805901955,0.45937815737059406,0.45937815737059406,1.0868304851475472,0.45937815737059406,1.0868304851475472,0.45937815737059406,-1.7201664747146908,0.6690839494520519,0.45937815737059406,-1.8610353412457719,0.45937815737059406,0.7147578272790134,0.7147578272790134,-2.849090747922034,0.5132522357748223,0.5132522357748225,0.5132522357748224,0.08053030056764186,0.45937815737059406,0.45937815737059406,0.521255864230156,0.5135568494605007,0.542853890113457,0.45937815737059406,0.45937815737059406,0.45937815737059406,0.45937815737059406,0.45937815737059406,0.45937815737059406,0.45937815737059406,-1.9773717126490744,0.45937815737059406,-2.0512316159485358,0.3884908821294867,0.4593781573705943,0.4593781573705943,0.4593781573705943,0.45937815737059373,0.45937815737059406,0.45937815737059406,0.4515744696671572,0.4515744696671573,0.459378157370593,0.45937815737059406,0.45937815737059406,0.45937815737059406,0.45937815737059406,0.45937815737059395,1.289135758224112,-1.9327451612270266,-1.9327451612270266,-1.9327451612270266,-1.9327451612270266,-1.9327451612270266,-1.873121576172715,-1.873121576172715,0.45937815737059406,0.45937815737059406,0.45937815737059406,0.45937815737059406,0.45937815737059406,0.45937815737059406,0.45937815737059406,0.45937815737059406,0.45937815737059406,-1.9327451612270266,-1.9327451612270266,-1.9327451612270266,-1.9327451612270266,-1.9327451612270266,-1.873121576172715,-1.873121576172715,0.45937815737059406,0.45937815737059406,0.45937815737059406,0.45937815737059406,0.45937815737059406,0.45937815737059406,0.45937815737059406,0.45937815737059406,0.45937815737059406,-1.9327451612270266,-1.9327451612270266,-1.9327451612270266,-1.9327451612270266,-1.9327451612270266,-1.873121576172715,-1.873121576172715,0.45937815737059406,0.45937815737059406,0.45937815737059406,0.45937815737059406,0.45937815737059406,0.45937815737059406,0.45937815737059406,0.45937815737059406,0.45937815737059406,0.45937815737059406,0.4593781573705941,0.45937815737059406,-2.183468096720973,0.4593781573705948,0.45937815737059406,0.4593781573706143,0.45937815737059434,0.44725094487553574,0.45937815737059406,0.45937815737062754,0.45937815737066146,0.45937815737059406,0.45937815737059406,0.45937815737059373,0.4310984831069554,0.45937815737059406,0.4310984831069554,0.45937815737059406,0.45937815737059373,0.45937815737059406,0.4593781573706615,0.4593781573705941,0.45937815737059406,0.4593781573705941
EkiLLm_Rsd,0.3724597866136348,0.4698135933791528,0.4698135933791528,0.4694903111201428,0.46617941960536463,0.4929510489682563,0.4929510489682563,0.46466254831973547,-2.81222763736108,0.9102488244971404,0.4929510489682563,0.46617941960536463,0.4929510489682563,0.4929510489682563,0.4929510489682563,0.4929510489682563,0.4646625483197354,0.5775280955460486,0.5775280955460486,0.6863241915723903,0.7490127079917167,0.4929510489682563,0.7135304612196264,0.7999036331596976,0.7135304612196266,0.4929510489682563,0.4929510489682563,0.6263535478570212,0.4929510489682563,0.4929510489682563,0.4929510489682563,-2.3110536772437866,-2.311053677324762,0.4929510489682563,0.21800155992684705,0.21800155992684708,0.218001559926847,0.218001559926847,-0.17832595679177302,0.4929510489682563,0.07915628437866527,0.2136710354414289,0.2739855160401377,0.4929510489682563,0.4929510489682563,0.4929510489682563,-2.3573485608683007,0.4929510489682563,0.4929510489682563,0.4929510489682563,-2.064875704656355,0.4929510489682563,-2.113120581495427,0.39187693514033567,0.49295104896825653,0.4929510489682564,0.4929510489682564,0.49295104896825637,0.4929510489682563,0.4929510489682563,0.48489385283779785,0.4848938528377979,0.4929510489682569,0.4929510489682563,0.4929510489682563,0.49295104896825614,0.49295104896825614,0.49295104896825614,1.3311407298647004,-1.9054055509346777,-1.9054055509346777,-1.9054055509346777,-1.9054055509346777,-1.9054055509346777,-1.8451760291854844,-1.8451760291854844,0.4929510489682563,0.4929510489682563,0.4929510489682563,0.4929510489682563,0.4929510489682563,0.4929510489682563,0.4929510489682563,0.4929510489682563,0.4929510489682563,-1.9054055509346777,-1.9054055509346777,-1.9054055509346777,-1.9054055509346777,-1.9054055509346777,-1.8451760291854844,-1.8451760291854844,0.4929510489682563,0.4929510489682563,0.4929510489682563,0.4929510489682563,0.4929510489682563,0.4929510489682563,0.4929510489682563,0.4929510489682563,0.4929510489682563,-1.9054055509346777,-1.9054055509346777,-1.9054055509346777,-1.9054055509346777,-1.9054055509346777,-1.8451760291854844,-1.8451760291854844,0.4929510489682563,0.4929510489682563,0.4929510489682563,0.4929510489682563,0.4929510489682563,0.4929510489682563,0.4929510489682563,0.4929510489682563,0.4929510489682563,0.4929510489682563,0.4929510489682562,0.4929510489682563,-2.158677009163018,0.49295104896825714,0.4929510489682563,0.49295104896824343,0.4929510489682563,0.4804323268525239,0.4929510489682563,0.4929510489682361,0.4929510489682154,0.4929510489682563,0.4929510489682563,0.4929510489682563,0.46377910829414115,0.4929510489682563,0.46377910829414115,0.4929510489682563,0.4929510489682563,0.4929510489682563,0.4929510489682154,0.4929510489682562,0.4929510489682563,0.4929510489682564
EkiLLm_RutR,0.3528109479542931,0.3532408618324085,0.3532408618324086,0.35331595156006895,0.3295323394529433,0.34616638127423727,0.34616638127423727,0.32845057282108037,0.34616638127423727,-0.22124066105980358,0.34616638127423727,0.3295323394529433,0.34616638127423727,0.34616638127423727,0.34616638127423727,0.34616638127423727,0.3284505728210803,-3.3192708538265854,-3.3192708538265854,0.34616638127423727,0.34616638127423727,0.34616638127423727,0.34616638127423727,0.34616638127423727,0.34616638127423727,0.34616638127423727,0.34616638127425364,0.3461663812742586,0.34616638127426946,0.34616638127424837,0.34616638127426946,-3.3192708538265854,-3.3192708538265854,0.34616638127423727,0.2043235876672556,0.2043235876672557,0.2043235876672556,0.2171120059932668,-3.761655666242352,0.34616638127423727,0.18909525358166016,0.19426999348104734,0.04067389315170342,0.34616638127423727,0.34616638127423727,0.34616638127423727,-3.7404376040534775,0.34616638127423727,0.34616638127423727,0.34616638127423727,-2.8972296424501054,0.34616638127423727,0.40275553186040086,0.3655928914526203,0.34616638127423727,0.34616638127423727,0.34616638127423727,0.34616638127423704,0.3461663812742371,0.34616638127423727,0.34616638127424837,0.34616638127424837,0.3461663812742365,0.34616638127423727,0.34616638127423727,0.34616638127423727,0.3461663812742371,0.3461663812742371,0.7300849394845311,0.34616638127423704,0.34616638127423704,0.34616638127423704,-0.13725033839719425,-0.13725033839719425,-2.6879972034847337,0.34616638127423727,0.34616638127423727,0.34616638127423727,0.34616638127423727,0.34616638127423727,0.34616638127423727,0.34616638127423727,0.34616638127423727,0.34616638127423727,0.34616638127423727,0.34616638127423704,0.34616638127423704,0.34616638127423704,-0.13725033839719425,-0.13725033839719444,-2.6879972034847337,0.34616638127423727,0.34616638127423727,0.34616638127423727,0.34616638127423727,0.34616638127423727,0.34616638127423727,0.34616638127423727,0.34616638127423727,0.34616638127423727,0.34616638127423727,0.34616638127423704,0.34616638127423704,0.34616638127423704,-0.13725033839719425,-0.13725033839719425,-2.6879972034847337,0.34616638127423727,0.34616638127423727,0.34616638127423727,0.34616638127423727,0.34616638127423727,0.34616638127423727,0.34616638127423727,0.34616638127423727,0.34616638127423727,0.34616638127423727,0.34616638127423727,0.34616638127423743,0.34616638127423727,-3.096496019058773,0.3461663812742383,0.34616638127423727,0.3163201021496767,0.3461663812742377,0.34616638127425486,0.34616638127423727,0.3461663812742578,0.34616638127427873,-2.7854752220612133,-2.7854752220612133,0.3461663812742389,0.34616638127425836,0.34616638127423727,0.3461663812742585,0.34616638127423727,0.3461663812742389,0.34616638127423727,0.3461663812742788,0.3461663812742373,0.34616638127423727,0.34616638127423743
EkiLLm_SdhC,0.1568300271626774,0.226656897039055,0.2266568970390548,0.28846554908732663,0.3002665551829341,0.3109272382525667,0.3109272382525667,0.2995895069823579,-4.798482217652702,0.7639680650523751,0.3109272382525667,0.3002665551829341,0.3109272382525667,0.3109272382525667,0.3109272382525667,0.3109272382525667,0.2995940141038087,0.8142541258226869,0.8142541258226869,1.2910127396331958,0.3109272382525667,0.3109272382525667,0.3109272382525667,0.3109272382525667,0.3109272382525667,0.3109272382525667,-3.4505980072217377,0.7599712542945538,-2.4844327430085906,-3.4214527315910543,-2.4844327430085946,-3.838861504316357,-3.838861504316357,0.3109272382525667,0.31092723825256685,0.3109272382525669,0.31092723825256685,0.3109272382525669,0.3109272382525667,0.3109272382525667,0.3109272382525667,0.3109272382525985,-3.030944566068207,0.3109272382525667,0.3109272382525667,0.3109272382525667,0.3109272382525667,0.3109272382525667,0.3109272382525667,0.3109272382525667,-3.6920135752730716,0.3109272382525667,0.4283399485261849,0.26075363996380113,0.31092723825256724,0.310927238252567,0.310927238252567,0.3109272382525657,0.3109272382525667,0.3109272382525667,0.3112919114293624,0.3112919114293624,0.31092723825256363,0.3109272382525667,0.3109272382525667,0.3109272382525667,0.3109272382525667,0.3109272382525667,1.491768493036487,-0.2381054463984979,-0.2381054463984979,-0.2381054463984979,-0.2381054463984979,-0.2381054463984987,-0.1459949686260567,-0.1459949686260567,0.3109272382525667,0.3109272382525667,0.3109272382525667,0.3109272382525667,0.3109272382525667,0.3109272382525667,0.3109272382525667,0.3109272382525667,0.3109272382525667,-0.2381054463984979,-0.2381054463984979,-0.23810544639849804,-0.2381054463984979,-0.2381054463984987,-0.1459949686260558,-0.1459949686260567,0.3109272382525667,0.3109272382525667,0.3109272382525667,0.3109272382525667,0.3109272382525667,0.3109272382525667,0.3109272382525667,0.3109272382525667,0.3109272382525667,-0.2381054463984979,-0.2381054463984979,-0.2381054463984979,-0.2381054463984979,-0.2381054463984987,-0.1459949686260567,-0.1459949686260567,0.3109272382525667,0.3109272382525667,0.3109272382525667,0.3109272382525667,0.3109272382525667,0.3109272382525667,0.3109272382525667,0.3109272382525667,0.3109272382525667,0.3109272382525667,0.6966514788327437,0.3109272382525667,-3.54723329773622,0.3109272382525679,0.3109272382525667,0.31092723825257773,0.3109272382525662,0.31149892287127734,0.3109272382525667,0.3109272382525848,0.3109272382526028,0.3109272382525667,0.3109272382525667,0.3109272382525667,0.3116166671865481,0.3109272382525667,0.31161666718654807,0.3109272382525667,0.3109272382525667,0.3109272382525667,0.310927238252603,0.6966514788327438,0.3109272382525667,0.31092723825256685
EkiLLm_SdiA,-0.3095494048446554,0.05533248560523535,0.055332485605235585,0.05123371686776475,0.1873425098275031,0.2719440930112693,0.2719440930112693,0.19152293302287962,0.2719440930112693,0.17371378394558,0.2719440930112693,0.1873425098275031,0.2719440930112693,0.2719440930112693,0.2719440930112693,0.2719440930112693,0.19152293302287962,-4.640395394016657,-4.640395394016657,0.611628726521798,0.469095832032104,0.2719440930112693,0.44825173357434306,0.4956809206431468,0.44825173357434306,0.2719440930112693,0.2719440930112693,0.723753397522271,0.2719440930112693,0.2719440930112693,0.2719440930112693,-3.910310013253974,-3.9103100132917508,0.07142705930875232,0.225988861711923,0.2259888617119229,0.22598886171192287,0.2719440930112706,0.2719440930112726,0.2719440930112693,0.3375526467310327,0.22509559087318315,0.2604091564386474,0.2719440930112693,0.2719440930112693,0.2719440930112693,0.2719440930112693,0.2719440930112693,0.2719440930112693,0.2719440930112693,-3.8819208518077812,0.2719440930112693,-3.5543104853743226,0.16026641136976666,0.2719440930112699,0.2719440930112699,0.2719440930112699,0.271944093011268,0.2719440930112693,0.2719440930112693,0.15002697581645358,0.15002697581645358,0.27194409301126465,0.2719440930112693,0.2719440930112693,0.2719440930112693,0.27194409301126915,0.2719440930112693,0.4041303856324686,0.27194409301126904,0.2719440930112688,0.27194409301126904,0.27194409301126904,0.27194409301126904,0.2719440930112693,-0.04132413570651291,0.2719440930112693,0.2719440930112693,0.2719440930112693,0.2719440930112693,0.2719440930112693,0.2719440930112693,0.2719440930112693,0.2719440930112693,0.2719440930112693,0.27194409301126904,0.27194409301126904,0.27194409301126904,0.27194409301126904,0.27194409301126904,0.2719440930112693,-0.04132413570651291,0.2719440930112693,0.2719440930112693,0.2719440930112693,0.2719440930112693,0.2719440930112693,0.2719440930112693,0.2719440930112693,0.2719440930112693,0.2719440930112693,0.27194409301126904,0.27194409301126904,0.27194409301126904,0.27194409301126904,0.27194409301126904,0.2719440930112693,-0.04132413570651291,0.2719440930112693,0.2719440930112693,0.2719440930112693,0.2719440930112693,0.2719440930112693,0.2719440930112693,0.2719440930112693,0.2719440930112693,0.2719440930112693,0.2719440930112693,0.27194409301126937,0.2719440930112693,-3.9563265905453644,0.2719440930112706,0.2719440930112693,0.2719440930112997,0.2719440930112693,0.09724333585732421,0.2719440930112693,0.271944093011319,0.27194409301136924,-3.3310243367087304,-1.9350889112920011,0.2719440930112698,-0.048450208219740123,0.2719440930112693,-0.04845020821973994,0.2719440930112693,0.2719440930112698,0.2719440930112693,0.27194409301136907,0.2719440930112695,0.2719440930112693,0.2719440930112695
EkiLLm_SoxR,0.146114946801145,0.2858380787171272,0.2858380787171271,0.22737625795334296,0.21495069764095265,0.20464945412822416,0.20464945412822416,0.21073091391003188,-5.694764142735549,1.0864481295125374,0.20464945412822416,0.21495069764095265,0.20464945412822416,0.20464945412822416,0.20464945412822416,0.20464945412822416,0.21073808757697568,0.2759158086887106,0.2759158086887105,0.3889155147013975,0.4428554581524673,0.20464945412822416,0.412833283354534,0.48333127745210736,0.20464945412822416,0.20464945412822416,0.20464945412822416,0.33387149264590854,0.20464945412822416,0.20464945412822416,0.20464945412822416,-4.656924537658359,-4.656924537779747,0.20464945412822416,0.06528775644208591,0.06528775644208584,0.06528775644208584,-0.3136087494223321,0.20464945412822416,0.20464945412822416,0.07561258194510648,0.06375517133094297,0.1373424478985581,0.20464945412822416,0.20464945412822416,0.20464945412822416,0.20464945412822416,0.20464945412822416,0.20464945412822416,0.20464945412822416,-4.362748591432951,0.20464945412822416,-4.106872837165399,-0.03318863444595187,0.20464945412822447,0.20464945412822447,0.20464945412822447,0.20464945412822394,0.20464945412822416,0.20464945412822416,0.5349628517453974,0.5349628517453974,0.20464945412822286,0.20464945412822416,0.20464945412822416,0.20464945412822394,0.20464945412822394,0.20464945412822394,1.0973565765032811,0.09630275406222047,0.09630275406222047,0.09630275406222047,0.09630275406222047,0.09630275406222047,0.20464945412822416,-0.06507104202205335,0.20464945412735197,0.20464945412822416,0.20464945412822416,0.20464945412822416,0.20464945412822416,0.20464945412822416,0.20464945412822416,0.20464945412822416,0.20464945412822416,0.09630275406222047,0.09630275406222047,0.09630275406222023,0.09630275406222047,0.09630275406222047,0.20464945412822383,-0.06507104202205335,0.20464945412822416,0.20464945412822416,0.20464945412822416,0.20464945412822416,0.20464945412822416,0.20464945412822416,0.20464945412822416,0.20464945412822416,0.2046494541271579,0.09630275406222047,0.09630275406222047,0.09630275406222023,0.09630275406222047,0.09630275406222047,0.20464945412822416,-0.06507104202205335,0.20464945412822416,0.20464945412822416,0.20464945412822416,0.20464945412822416,0.20464945412822416,0.20464945412822416,0.20464945412822416,0.20464945412822416,0.2046494541271579,0.20464945412822416,0.27637699099593316,0.20464945412822416,-4.565356044127252,0.20464945412822563,0.20464945412822416,0.089306058553008,0.20464945412822416,0.9802819985343564,0.20464945412822416,0.20464945412818003,0.20464945412813546,0.20464945412822416,0.20464945412822416,0.20464945412822416,0.20464945412822416,0.20464945412822416,0.20464945412822416,0.20464945412822416,0.20464945412822416,0.20464945412822416,0.20464945412813565,0.2763769909959332,0.20464945412822416,-0.2176154868518575
EkiLLm_SoxS,0.09539917945843347,0.08842647145074899,0.08842647145074894,0.08717773557636652,0.136203616746782,0.17537760230456279,0.17537760230456279,0.15346224800161168,-4.770739682262191,0.4206845551754686,0.17537760230456279,0.136203616746782,0.17537760230456279,0.17537760230456279,0.17537760230456279,0.17537760230456279,0.15346224800161168,0.17537760230456279,0.17537760230456279,0.17537760230456279,0.17537760230456279,0.17537760230456279,0.17537760230456279,0.17537760230456279,0.17537760230456279,0.17537760230456279,0.1753776023045414,0.17537760230454055,0.17537760230452085,0.17537760230454846,0.17537760230452085,0.5079461409748361,0.5079461409748364,-4.846108152842501,0.42598754066984945,0.4259875406698497,0.42598754066984956,-0.19649604417982147,-4.0798877150106705,0.17537760230456279,0.5432884861634266,0.42800424132599807,-4.216727187061646,0.17537760230456279,0.17537760230456279,0.17537760230456279,-3.9580363813968193,0.17537760230456279,0.17537760230456279,0.17537760230456279,-3.5490141062313594,0.17537760230456279,1.5467696815687848,0.5020554223631134,0.17537760230456279,0.17537760230456279,0.17537760230456279,0.17537760230456262,0.17537760230456279,0.17537760230456279,0.17537760230454047,0.17537760230454055,0.17537760230456217,0.17537760230456279,0.17537760230456279,0.17537760230456279,0.1753776023045626,0.1753776023045626,-0.13002787653585465,0.17537760230456279,0.1753776023045626,0.17537760230456279,0.17537760230456279,0.0842419577519652,0.17537760230456279,0.17537760230456279,0.17537760230456279,0.17537760230456279,0.17537760230456279,0.17537760230456279,0.17537760230456279,0.17537760230456279,0.17537760230456279,0.17537760230456279,0.17537760230456279,0.17537760230456279,0.17537760230456279,0.17537760230456279,0.17537760230456279,0.0842419577519652,0.17537760230456279,0.17537760230456279,0.17537760230456279,0.17537760230456279,0.17537760230456279,0.17537760230456279,0.17537760230456279,0.17537760230456279,0.17537760230456279,0.17537760230456279,0.17537760230456279,0.17537760230456279,0.1753776023045626,0.17537760230456279,0.17537760230456279,0.0842419577519652,0.17537760230456279,0.17537760230456279,0.17537760230456279,0.17537760230456279,0.17537760230456279,0.17537760230456279,0.17537760230456279,0.17537760230456279,0.17537760230456279,0.17537760230456279,0.17537760230456279,0.17537760230456279,0.17537760230456295,0.17537760230456279,-3.850833930233862,0.17537760230456279,0.17537760230456279,0.17537760230454583,0.17537760230456317,0.1753776023045287,0.17537760230456279,0.1753776023045346,0.17537760230450616,0.17537760230456279,3.204812468703743,0.17537760230456279,0.17537760230451185,0.17537760230456279,0.17537760230451185,0.17537760230456279,0.17537760230456279,0.17537760230456279,0.175377602304506,0.17537760230456287,0.17537760230456279,0.17537760230456295
EkiLLm_SspA,0.24485058156817796,0.5105244818959275,0.5105244818959271,0.29061531167171756,0.2789006277698976,0.26904189612418267,0.26904189612418267,0.27881482453973727,-4.3069248009519026,0.26904189612418267,0.26904189612418267,0.2789006277698976,0.26904189612418267,0.26904189612418267,0.26904189612418267,0.26904189612418267,0.2788101990041809,0.30367016315250883,0.3036701631525087,0.3971916189596664,0.43198763171684296,0.26904189612418267,0.41277303113893943,0.4572830907565186,0.4127730311389394,0.26904189612418267,0.26904189612418267,0.36041483577726463,0.26904189612418267,0.26904189612418267,0.26904189612418267,-3.510137557779201,-3.510137557779201,0.26904189612418267,0.3034698004289913,0.3034698004289913,0.3034698004289913,0.5943232853331587,0.8706330956179757,0.26904189612418267,0.350456344513069,0.3037516993974013,-0.8104183764141617,0.26904189612418267,0.26904189612418267,0.26904189612418267,0.26904189612418267,0.26904189612418267,0.26904189612418267,0.26904189612418267,-3.1391939951864054,0.26904189612418267,-3.4485796625697045,0.3305379730632664,0.26904189612418267,0.26904189612418267,0.26904189612418267,0.26904189612418167,0.2690418961241825,0.26904189612418267,0.28018725971381014,0.28018725971381014,0.2690418961241791,0.26904189612418267,0.26904189612418267,0.26904189612418267,0.2690418961241825,0.2690418961241825,0.7822132304152123,0.26904189612418244,0.26904189612418244,0.26904189612418244,0.26904189612418267,0.26904189612418267,0.26904189612418267,-2.95200404616542,0.26904189612418267,0.26904189612418267,0.26904189612418267,0.26904189612418267,0.26904189612418267,0.26904189612418267,0.26904189612418267,0.26904189612418267,0.26904189612418267,0.26904189612418244,0.26904189612418244,0.26904189612418267,0.26904189612418267,0.26904189612418267,0.269041896124183,-2.95200404616542,0.26904189612418267,0.26904189612418267,0.26904189612418267,0.26904189612418267,0.26904189612418267,0.26904189612418267,0.26904189612418267,0.26904189612418267,0.26904189612418267,0.26904189612418244,0.26904189612418244,0.26904189612418267,0.26904189612418267,0.26904189612418267,0.26904189612418267,-2.95200404616542,0.26904189612418267,0.26904189612418267,0.26904189612418267,0.26904189612418267,0.26904189612418267,0.26904189612418267,0.26904189612418267,0.26904189612418267,0.26904189612418267,0.26904189612418267,0.269041896124183,0.26904189612418267,-3.385663410790414,0.26904189612418383,0.26904189612418267,0.26904189612419377,0.2690418961241831,0.2863587979650197,0.26904189612418267,0.269041896124201,0.2690418961242201,-3.6482858001703002,-3.6483890863994906,0.26904189612418267,0.30939486259516535,0.26904189612418267,0.30939486259516547,0.26904189612418267,0.26904189612418267,0.26904189612418267,0.2690418961242197,0.269041896124183,0.26904189612418267,0.26904189612418283
EkiLLm_TdcA,0.025068919358768118,-0.04522690839272811,-0.04522690839272781,-0.05088199617521509,0.12443618005553336,0.23033633051495603,0.23033633051495603,0.11562446683670663,-5.523873387012675,0.888793806460142,0.23033633051495603,0.12443618005553331,0.23033633051495603,0.23033633051495603,0.23033633051495603,0.23033633051495603,0.11562446683670677,0.4050135255307545,0.4050135255307545,-0.1518226273602675,-0.4884103654951584,0.23033633051495603,-0.2656197349552117,-4.339591207780198,-0.2656197349552117,0.23033633051495603,0.23033633051495603,0.019738379052835098,0.23033633051495603,0.23033633051495603,0.23033633051495603,0.8921587032648532,0.8921587032648532,-5.564130089365528,0.31446088440502906,0.31446088440502906,0.31446088440502906,0.31446088440502906,0.35690966104596583,0.23033633051495603,0.41064977486611454,0.31531694655259934,0.3727826926621564,0.23033633051495603,0.23033633051495603,0.23033633051495603,0.39854647289627737,0.23033633051495603,0.23033633051495603,0.23033633051495603,-4.037170509798213,0.23033633051495603,-3.981490978744524,0.13129216984044143,0.23033633051495622,0.23033633051495603,0.23033633051495622,0.23033633051495744,0.2303363305149559,0.23033633051495603,0.21659879641513965,0.21659879641513985,0.2303363305149526,0.23033633051495603,0.23033633051495603,0.2303363305149558,0.2303363305149558,0.2303363305149558,1.095146888860763,0.1253756537457317,0.12537565374573117,0.12537565374573145,0.1253756537457317,0.1253756537457317,0.23033633051495603,-0.030955417559637856,0.23033633051495603,0.23033633051495603,0.23033633051495603,0.23033633051495603,0.23033633051495603,0.23033633051495603,0.23033633051495603,0.23033633051495603,0.23033633051495603,0.12537565374573145,0.12537565374573145,0.12537565374573145,0.1253756537457317,0.1253756537457317,0.23033633051495633,-0.030955417559638217,0.23033633051495603,0.23033633051495603,0.23033633051495603,0.23033633051495603,0.23033633051495603,0.23033633051495603,0.23033633051495603,0.23033633051495603,0.23033633051495603,0.12537565374573145,0.12537565374573145,0.12537565374573145,0.1253756537457317,0.1253756537457317,0.23033633051495603,-0.030955417559638217,0.23033633051495603,0.23033633051495603,0.23033633051495603,0.23033633051495603,0.23033633051495603,0.23033633051495603,0.23033633051495603,0.23033633051495603,0.23033633051495603,0.23033633051495603,0.23033633051495622,0.23033633051495603,-4.181816372803055,0.23033633051495603,0.23033633051495603,0.23033633051496274,0.23033633051495603,0.2089877087113427,0.23033633051495603,0.2303363305149684,0.23033633051498068,0.23033633051495603,-1.3146496299893387,0.23033633051495647,0.1805530814190394,0.23033633051495603,0.18055308141903936,0.23033633051495603,0.23033633051495697,0.23033633051495603,0.23033633051498056,0.2303363305149561,0.23033633051495603,0.23033633051495603
EkiLLm_TdcR,0.4053197089579128,0.5281267946231972,0.5281267946231973,0.527913712024344,0.5375782322249201,0.5459795979830218,0.5459795979830218,0.5374901681085216,0.5459795979830218,0.5532724798646362,0.5459795979830218,0.5375782322249201,0.5459795979830218,0.5459795979830218,0.5459795979830218,0.5459795979830218,0.5374869475595813,0.893200792352951,0.893200792352951,0.5459795979830218,0.5459795979830218,0.5459795979830218,0.5459795979830218,0.5459795979830218,0.5459795979830218,0.5459795979830218,-1.8434997825342982,0.8867717448974285,-1.536637727275297,-1.7777377058642951,-1.536637727275297,-2.016213105314945,-2.016213105314945,-2.5282301233176327,0.5929955325001186,0.5929955325001186,0.5929955325001186,0.6389698649984368,0.5459795979830218,-1.755858453447416,0.932029919712774,0.7654383167028488,-2.0813162082810677,0.5459795979830218,0.5459795979830218,0.5459795979830218,0.5459795979830218,0.5459795979830218,0.5459795979830218,0.5459795979830218,-1.9019756623181667,0.5459795979830218,-1.5501828947027905,0.4075319048131216,0.5459795979830218,0.5459795979830218,0.5459795979830218,0.5459795979830218,0.5459795979830216,0.5459795979830218,0.5388178346728312,0.5388178346728312,0.545979597983022,0.5459795979830218,0.5459795979830218,0.5459795979830216,0.5459795979830216,0.5459795979830216,1.315615580554736,-1.6687824916561778,-1.6687824916561778,-1.6687824916561778,-1.6687824916561778,-1.6687824916561778,-1.6134790357137405,-1.6134790357137405,0.5459795979830218,0.5459795979830218,0.5459795979830218,0.5459795979830218,0.5459795979830218,0.5459795979830218,0.5459795979830218,0.5459795979830218,0.5459795979830218,-1.6687824916561778,-1.6687824916561778,-1.6687824916561778,-1.6687824916561778,-1.6687824916561778,-1.6134790357137405,-1.6134790357137405,0.5459795979830218,0.5459795979830218,0.5459795979830218,0.5459795979830218,0.5459795979830218,0.5459795979830218,0.5459795979830218,0.5459795979830218,0.5459795979830218,-1.6687824916561778,-1.6687824916561778,-1.6687824916561778,-1.6687824916561778,-1.6687824916561778,-1.6134790357137405,-1.6134790357137405,0.5459795979830218,0.5459795979830218,0.5459795979830218,0.5459795979830218,0.5459795979830218,0.5459795979830218,0.5459795979830218,0.5459795979830218,0.5459795979830218,0.5459795979830218,0.5459795979830218,0.5459795979830218,-1.7787700144432506,0.5459795979830218,0.5459795979830218,0.5459795979830058,0.5459795979830218,0.5350456863852695,0.5459795979830218,0.5459795979829961,0.5459795979829694,-1.821754640084578,-1.8219674311022838,0.545979597983021,0.5459795979829742,0.5459795979830218,0.5459795979829742,0.5459795979830218,0.545979597983021,0.5459795979830218,0.5459795979829694,0.5459795979830218,0.5459795979830218,0.5459795979830228
EkiLLm_TorR,-0.16548338005531263,0.2561097857877664,0.2561097857877665,0.2554484333642739,0.2801260824711984,0.2991235445793619,0.2991235445793619,0.2843798802115885,-3.8191614591795684,0.8496145257845253,0.2991235445793619,0.2801260824711983,0.2991235445793619,0.2991235445793619,0.2991235445793619,0.2991235445793619,0.2843798802115885,-3.452666602741315,-3.452666602741315,0.7811434965828707,0.9604115968165374,0.2991235445793619,0.8545239964208428,1.1514568856632175,0.8545239964208424,0.2991235445793619,0.2991235445793619,0.6318206079442077,0.2991235445793619,0.2991235445793619,0.2991235445793619,-3.189301677417119,-3.189301677417119,-3.8558112912933686,0.015838171400804756,0.015838171400804756,0.015838171400804662,-0.12449513151138361,-3.391295180419547,0.2991235445793619,-0.10063925445683615,0.012299920206811038,-3.417701624599579,0.2991235445793619,0.2991235445793619,0.2991235445793619,-3.338017004015535,0.2991235445793619,0.2991235445793619,0.2991235445793619,-2.888029513319384,0.2991235445793619,0.5445824674177806,0.3198703565835012,0.2991235445793623,0.2991235445793623,0.2991235445793623,0.29912354457936097,0.2991235445793619,0.2991235445793619,0.28931443270251006,0.28931443270251017,0.2991235445793586,0.2991235445793619,0.2991235445793617,0.2991235445793619,0.2991235445793617,0.2991235445793617,1.0198382865702413,0.29912354457936147,0.29912354457936163,0.29912354457936163,-0.012310509954738586,-0.012310509954738166,0.0626355121288618,0.06263551212886138,0.2991235445796504,0.2991235445793619,0.2991235445793619,0.2991235445793619,0.2991235445793619,0.2991235445793619,0.2991235445793619,0.2991235445793619,0.2991235445793619,0.2991235445793617,0.2991235445793617,0.2991235445793617,-0.012310509954738307,-0.012310509954738447,0.06263551212886138,0.06263551212886138,0.2991235445793619,0.2991235445793619,0.2991235445793619,0.2991235445793619,0.2991235445793619,0.2991235445793619,0.2991235445793619,0.2991235445793619,0.2991235445797833,0.29912354457936163,0.29912354457936163,0.29912354457936163,-0.012310509954738166,-0.012310509954738447,0.06263551212886138,0.06263551212886115,0.2991235445793619,0.2991235445793619,0.2991235445793619,0.2991235445793619,0.2991235445793619,0.2991235445793619,0.2991235445793619,0.2991235445793619,0.2991235445793619,0.2991235445793619,0.29912354457936197,0.2991235445793619,-3.033549006990314,0.2991235445793619,0.2991235445793619,0.2991235445793747,0.29912354457936224,0.28387982742248813,0.2991235445793619,0.2991235445793829,0.2991235445794042,0.2991235445793619,-0.8197682107641581,0.2991235445793612,0.26357643128320063,0.2991235445793619,0.2635764312832005,0.2991235445793619,0.2991235445793616,0.2991235445793619,0.2991235445794042,0.299123544579362,0.2991235445793619,0.2991235445793619
EkiLLm_UspA,0.4325516169585214,0.4167012888489651,0.4167012888489654,0.2365044700292094,0.22854565270171728,0.2226244687790576,0.2226244687790576,0.22788601442580908,0.2226244687790572,0.2226244687790576,0.2226244687790576,0.2285456527017172,0.2226244687790576,0.2226244687790576,0.2226244687790576,0.2226244687790576,0.22787851976864945,-0.02237377588220786,-0.022373775882208013,0.053384058900957515,-0.8747331473716615,0.2226244687790576,-0.5124733725237505,-4.313497124524926,0.2226244687790576,0.2226244687790576,0.2226244687790576,0.34554060266825054,0.2226244687790576,0.2226244687790576,0.2226244687790576,-4.256299805212282,-4.25629980522695,0.06771436522686558,0.49640142149668004,0.4964014214966801,0.4964014214966801,0.6438937747111815,0.2226244687790576,0.22262446877905745,0.646424217452696,0.5005926232188053,0.5481828218382766,0.2226244687790576,0.2226244687790576,0.2226244687790576,0.2226244687790576,0.2226244687790576,0.2226244687790576,0.2226244687790576,-3.4609181581269994,0.2226244687790576,-3.9794836505955664,0.17806805223805872,0.22262446877905795,0.22262446877905775,0.22262446877905775,0.22262446877905587,0.2226244687790576,0.2226244687790576,0.23554516861696123,0.23554516861696123,0.2226244687790518,0.2226244687790576,0.2226244687790576,0.2226244687790576,0.2226244687790576,0.2226244687790574,-0.7541183244588782,0.22262446877905775,0.22262446877905795,0.22262446877905775,0.5670999437847026,0.5670999437847025,0.4683801493719522,0.2226244687790576,0.2226244687790576,0.2226244687790576,0.2226244687790576,0.2226244687790576,0.2226244687790576,0.2226244687790576,0.2226244687790576,0.2226244687790576,0.2226244687790576,0.22262446877905795,0.22262446877905775,0.2226244687790576,0.5670999437847026,0.5670999437847026,0.4683801493719522,0.2226244687790576,0.2226244687790576,0.2226244687790576,0.2226244687790576,0.2226244687790576,0.2226244687790576,0.2226244687790576,0.2226244687790576,0.2226244687790576,0.2226244687790576,0.22262446877905795,0.22262446877905775,0.22262446877905775,0.5670999437847026,0.5670999437847026,0.4683801493719522,0.2226244687790576,0.2226244687790576,0.2226244687790576,0.2226244687790576,0.2226244687790576,0.2226244687790576,0.2226244687790576,0.2226244687790576,0.2226244687790576,0.2226244687790576,0.2226244687790576,0.22262446877905767,0.2226244687790576,-4.1531814917442675,0.2226244687790576,0.2226244687790576,0.22262446877905398,0.2226244687790576,0.2427037029147507,0.2226244687790576,0.22262446877905379,0.22262446877904982,-3.857193635781768,-3.8577515943533998,0.22262446877905714,0.2694476114469651,0.2226244687790576,0.26944761144696516,0.2226244687790576,0.2226244687790576,0.2226244687790576,0.22262446877904982,0.22262446877905767,0.2226244687790576,0.22262446877905775
EkiLLm_UvrY,0.5126999868499998,0.33753963470334836,0.33753963470334825,0.33715303047929834,0.3527031436285985,0.36512939312679377,0.36512939312679377,0.37285466098748726,0.36512939312679377,0.3767783270850377,0.36512939312679377,0.3527031436285984,0.36512939312679377,0.36512939312679377,0.36512939312679377,0.36512939312679377,0.37285466098748726,-2.9692310141172844,-2.9692310141172844,-2.9426459447266238,-2.770808984835771,0.36512939312679377,-2.620431575396315,-2.548532212557177,-2.620431575396315,0.36512939312679377,0.36512939312679377,0.4969536628094063,0.36512939312679377,0.36512939312679377,0.36512939312679377,-2.3456909039872498,-2.34569090398725,-3.0874494855392394,0.8788112367877734,0.8788112367877734,0.8788112367877734,0.8788112367877682,0.36512939312679377,-2.323650222757485,0.36512939312679377,0.8863419477809764,0.7166701785554631,0.36512939312679377,0.36512939312679377,0.36512939312679377,0.36512939312679377,0.36512939312679377,0.36512939312679377,0.36512939312679377,-2.507529233911181,0.36512939312679377,0.3386990474705003,0.2956920882959531,0.36512939312679393,0.3651293931267941,0.3651293931267941,0.36512939312679277,0.3651293931267936,0.3651293931267936,0.18202938940789437,0.18202938940789437,0.3651293931267913,0.36512939312679377,0.36512939312679377,0.36512939312679377,0.36512939312679366,0.36512939312679366,1.0245800137857055,0.3651293931267924,0.3651293931267924,0.36512939312679366,0.2193828581831423,0.21938285818314238,-2.1551038939924907,-2.1551038939924902,0.36512939312679377,0.36512939312679377,0.36512939312679377,0.36512939312679377,0.36512939312679377,0.36512939312679377,0.36512939312679377,0.36512939312679377,0.36512939312679377,0.3651293931267924,0.3651293931267935,0.3651293931267935,0.2193828581831423,0.2193828581831423,-2.1551038939924907,-2.1551038939924907,0.36512939312679377,0.36512939312679377,0.36512939312679377,0.36512939312679377,0.36512939312679377,0.36512939312679377,0.36512939312679377,0.36512939312679377,0.36512939312679377,0.3651293931267924,0.36512939312679366,0.36512939312679366,0.2193828581831423,0.21938285818314238,-2.1551038939924907,-2.1551038939924907,0.36512939312679377,0.36512939312679377,0.36512939312679377,0.36512939312679377,0.36512939312679377,0.36512939312679377,0.36512939312679377,0.36512939312679377,0.36512939312679377,0.36512939312679377,0.3651293931267938,0.36512939312679377,-2.495868161419686,0.36512939312679377,0.36512939312679377,0.3651293931267671,0.36512939312679377,0.11587391889458527,0.36512939312679377,0.3651293931267527,0.36512939312671067,0.36512939312679377,1.2936968577634351,0.3651293931267945,0.08448780778203012,0.36512939312679377,0.08448780778203012,0.36512939312679377,0.3651293931267945,0.36512939312679377,0.36512939312671067,0.3651293931267938,0.36512939312679377,0.36512939312679393
EkiLLm_UxuR,0.5859499834097285,0.468770858069318,0.468770858069318,0.4587571942290267,0.46416331846871817,0.468770858069318,0.468770858069318,0.4638014373896707,0.6611376327605094,0.468770858069318,0.468770858069318,0.46416331846871806,0.468770858069318,0.468770858069318,0.468770858069318,0.468770858069318,0.4638054942436187,0.7548525433832404,0.7548525433832404,1.1172122934762012,0.468770858069318,0.468770858069318,0.468770858069318,0.468770858069318,0.468770858069318,0.468770858069318,-2.09202970578321,0.7834659808881308,0.468770858069318,-2.09202970578321,0.468770858069318,-2.494801571009901,-2.494801571009901,0.302955861233059,0.22153854283489866,0.22153854283489866,0.22153854283489863,0.22153854283489866,-2.174857623006137,0.468770858069318,0.0829147057788929,0.21788400204290795,0.232188531047436,0.468770858069318,0.468770858069318,0.468770858069318,0.468770858069318,0.468770858069318,0.468770858069318,0.468770858069318,-2.2347597230040686,0.468770858069318,-1.925069492160304,0.4025273600099345,0.46877085806931784,0.46877085806931784,0.46877085806931784,0.46877085806931823,0.468770858069318,0.468770858069318,0.4687708580693282,0.4687708580693282,0.4687708580693181,0.468770858069318,0.468770858069318,0.468770858069318,0.4687708580693179,0.4687708580693179,0.8856462927948561,-2.0741117978706964,-2.0741117978706964,-2.0741117978706964,-2.0741117978706964,-2.0741117978706964,-1.850840129304226,0.468770858069318,0.468770858069318,0.468770858069318,0.468770858069318,0.468770858069318,0.468770858069318,0.468770858069318,0.468770858069318,0.468770858069318,0.468770858069318,-2.0741117978706964,-2.0741117978706964,-2.0741117978706964,-2.0741117978706964,-2.0741117978706964,-1.850840129304226,0.468770858069318,0.468770858069318,0.468770858069318,0.468770858069318,0.468770858069318,0.468770858069318,0.468770858069318,0.468770858069318,0.468770858069318,0.468770858069318,-2.0741117978706964,-2.0741117978706964,-2.0741117978706964,-2.0741117978706964,-2.0741117978706964,-1.850840129304226,0.468770858069318,0.468770858069318,0.468770858069318,0.468770858069318,0.468770858069318,0.468770858069318,0.468770858069318,0.468770858069318,0.468770858069318,0.468770858069318,0.468770858069318,0.46877085806931806,0.468770858069318,-2.3431770340196776,0.468770858069318,0.468770858069318,0.46883045888598734,0.4687708580693183,0.46877085806933405,0.468770858069318,0.46877085806933666,0.468770858069356,0.468770858069318,0.468770858069318,0.46877085806931756,0.46877085806933727,0.468770858069318,0.46877085806933727,0.468770858069318,0.46877085806931756,0.468770858069318,0.4687708580693559,0.46877085806931806,0.468770858069318,0.468770858069318
EkiLLm_YbhD,0.06194762899201703,0.20621602323612787,0.20621602323612787,0.20576627833956396,0.22326633002533092,0.23825013998718644,0.23825013998718644,0.22306572508774103,0.23825013998718644,-0.44423727294201726,0.23825013998718644,0.22326633002533092,0.23825013998718644,0.23825013998718644,0.23825013998718644,0.23825013998718644,0.22306572508774103,0.6102661496725947,0.6102661496725947,0.889661534130913,2.37853846846231,0.23825013998718644,1.0814912298747865,0.23825013998718644,1.0814912298747867,0.23825013998718644,0.23825013998718644,0.6443736520199524,0.23825013998718644,-3.3150344913732104,0.23825013998718644,-4.0561739279546805,-4.056173927954681,0.04551886386157862,-0.09758478028739768,-0.09758478028739768,-0.09758478028739775,-0.09758478028739768,-4.122521184344149,0.23825013998718644,-0.4204397536433554,-0.10449028726116436,-0.035805921989183614,0.23825013998718644,0.23825013998718644,0.23825013998718644,-3.953172308931902,0.23825013998718644,0.23825013998718644,0.23825013998718644,-3.7940908746736985,0.23825013998718644,-3.630441658715896,0.12050286982806029,0.23825013998718622,0.23825013998718622,0.23825013998718622,0.2382501399871867,0.23825013998718644,0.23825013998718644,0.22573443704419585,0.22573443704419588,0.23825013998718644,0.23825013998718644,0.23825013998718644,0.23825013998718622,0.23825013998718622,0.23825013998718622,0.9325043446773086,0.14262503977942312,0.14262503977942312,0.14262503977942312,0.14262503977942312,0.14262503977942312,0.23825013998718644,0.23825013998718644,0.23825013998718644,0.23825013998718644,0.23825013998718644,0.23825013998718644,0.23825013998718644,0.23825013998718644,0.23825013998718644,0.23825013998718644,0.23825013998718644,0.14262503977942312,0.14262503977942312,0.14262503977942312,0.1426250397794229,0.14262503977942312,0.23825013998718644,0.23825013998718644,0.23825013998718644,0.23825013998718644,0.23825013998718644,0.23825013998718644,0.23825013998718644,0.23825013998718644,0.23825013998718644,0.23825013998718644,0.23825013998718644,0.14262503977942312,0.14262503977942312,0.14262503977942312,0.14262503977942312,0.14262503977942312,0.23825013998718644,0.23825013998718644,0.23825013998718644,0.23825013998718644,0.23825013998718644,0.23825013998718644,0.23825013998718644,0.23825013998718644,0.23825013998718644,0.23825013998718644,0.23825013998718644,0.23825013998718644,0.2382501399871867,0.23825013998718644,-4.41952138411817,0.23825013998718772,0.23825013998718644,0.23825013998716982,0.23825013998718686,0.2188002944098542,0.23825013998718644,0.23825013998715477,0.23825013998712277,0.23825013998718644,-1.148178764868782,0.2382501399871874,0.19289468987048802,0.23825013998718644,0.19289468987048802,0.23825013998718644,0.2382501399871874,0.23825013998718644,0.23825013998712288,0.2382501399871867,0.23825013998718644,0.2382501399871867
EkiLLm_YdeO,0.18903153585688837,0.5848507224376946,0.5848507224376941,0.2878050971938021,0.30360366629936947,0.31829551567411435,0.31829551567411435,0.302575892498229,-3.9047279792835683,0.31829551567411435,0.31829551567411435,0.30360366629936947,0.31829551567411435,0.31829551567411435,0.31829551567411435,0.31829551567411435,0.302575892498229,0.8380067868491009,0.8380067868491011,1.0293330998691197,0.31829551567411435,0.31829551567411435,0.31829551567411435,0.31829551567411435,0.31829551567411435,0.31829551567411435,-2.763041005175641,0.6461238358183924,0.31829551567411435,-2.763041005175641,0.31829551567411435,-2.8495132069832394,-2.84951320698324,0.31829551567411435,0.29413270017629106,0.29413270017629106,0.2941327001762909,0.6780961042628365,0.31829551567411435,-2.862318907016791,0.3249896624357861,0.293910909702214,-0.00012272038453931818,0.31829551567411435,0.31829551567411435,0.31829551567411435,0.31829551567411435,0.31829551567411435,0.31829551567411435,0.31829551567411435,-2.9853252056869644,0.31829551567411435,-2.9755300701873426,0.4608047410450865,0.31829551567411424,0.31829551567411435,0.3182955156741142,0.3182955156741137,0.31829551567411435,0.31829551567411435,0.31829551567412045,0.3182955156741205,0.3182955156741116,0.31829551567411435,0.31829551567411435,0.31829551567411435,0.31829551567411424,0.31829551567411435,0.9034431130784247,0.049165800550019324,0.049165800550019324,0.3182955156741142,0.2416023490580113,0.2416023490580113,0.3182955156741142,-2.6648713487292492,0.31829551567411435,0.31829551567411435,0.31829551567411435,0.31829551567411435,0.31829551567411435,0.31829551567411435,0.31829551567411435,0.31829551567411435,0.31829551567411435,0.049165800550019324,0.049165800550019324,0.318295515674114,0.2416023490580113,0.2416023490580113,0.3182955156741142,-2.6648713487292492,0.31829551567411435,0.31829551567411435,0.31829551567411435,0.31829551567411435,0.31829551567411435,0.31829551567411435,0.31829551567411435,0.31829551567411435,0.31829551567411435,0.049165800550019324,0.049165800550019324,0.3182955156741142,0.2416023490580113,0.2416023490580113,0.3182955156741142,-2.6648713487292492,0.31829551567411435,0.31829551567411435,0.31829551567411435,0.31829551567411435,0.31829551567411435,0.31829551567411435,0.31829551567411435,0.31829551567411435,0.31829551567411435,0.31829551567411435,0.31829551567411435,0.31829551567411435,-3.064067159292757,0.3182955156741154,0.31829551567411435,0.3182955156741186,0.318295515674114,0.3182955156741244,0.31829551567411435,0.31829551567412273,0.31829551567413117,-3.3623997275736293,-3.362478982718254,0.31829551567411435,0.31829551567412967,0.31829551567411435,0.3182955156741298,0.31829551567411435,0.31829551567411435,0.31829551567411435,0.31829551567413117,0.3182955156741144,0.31829551567411435,0.3182955156741145
EkiLLm_YdjF,0.1675616039394704,0.33739478527138234,0.33739478527138217,0.24132569401694018,0.22055455062716178,0.2044117609030207,0.2044117609030207,0.22100728306971454,0.2044117609030207,-0.5216515710306217,0.2044117609030207,0.22055455062716178,0.2044117609030207,0.2044117609030207,0.2044117609030207,0.2044117609030207,0.22100728306971462,0.2315892964796388,0.2315892964796388,0.32413665083322546,0.34796122851853917,0.2044117609030207,0.3351655446893917,0.3635623683179575,0.2044117609030207,0.2044117609030207,0.2044117609030207,0.29552356071221697,0.2044117609030207,0.2044117609030207,0.2044117609030207,-4.6590084259140365,-4.6590084259140365,0.2044117609030207,-0.010697521639963401,-0.010697521639963336,-0.010697521639963502,0.2044117609030205,0.2044117609030207,0.2044117609030207,-0.11574721512012799,0.6622207990694914,0.7258885148494516,0.2044117609030207,0.2044117609030207,0.2044117609030207,0.2044117609030207,0.2044117609030207,0.2044117609030207,0.2044117609030207,-4.280498354726493,0.2044117609030207,-3.7575497560723554,0.18416750064740517,0.20441176090302116,0.20441176090302116,0.20441176090302116,0.20441176090302116,0.2044117609030207,0.2044117609030207,0.21510301344777602,0.21510301344777602,0.20441176090302243,0.2044117609030207,0.2044117609030207,0.2044117609030207,0.2044117609030205,0.2044117609030205,-0.8540144157228621,0.2044117609030207,0.2044117609030207,0.2044117609030207,0.5776953766791216,0.5776953766791216,0.4707195064540566,0.2044117609030207,0.2044117609030207,0.2044117609030207,0.2044117609030207,0.2044117609030207,0.2044117609030207,0.2044117609030207,0.2044117609030207,0.2044117609030207,0.2044117609030207,0.2044117609030207,0.2044117609030207,0.2044117609030207,0.5776953766791216,0.5776953766791216,0.4707195064540566,0.2044117609030207,0.2044117609030207,0.2044117609030207,0.2044117609030207,0.2044117609030207,0.2044117609030207,0.2044117609030207,0.2044117609030207,0.2044117609030207,0.2044117609030207,0.2044117609030207,0.2044117609030207,0.2044117609030207,0.5776953766791216,0.5776953766791216,0.47071950645405625,0.2044117609030207,0.2044117609030207,0.2044117609030207,0.2044117609030207,0.2044117609030207,0.2044117609030207,0.2044117609030207,0.2044117609030207,0.2044117609030207,0.2044117609030207,0.2044117609030207,0.2044117609030207,0.2044117609030207,-4.259738849709842,0.2044117609030207,0.2044117609030207,0.5681512358005908,0.20441176090302127,0.2212962233895608,0.2044117609030207,0.20441176090307941,0.204411760903139,-4.3344872149349545,-4.334906874938582,0.2044117609030191,0.22486024092647394,0.2044117609030207,0.22486024092647394,0.2044117609030207,0.20441176090301963,0.2044117609030207,0.2044117609031388,0.2044117609030208,0.2044117609030207,0.17327633935110331
EkiLLm_YfhA,0.47832561355327724,0.34565793575220544,0.34565793575220527,0.3469305860393237,0.2994024759633734,0.2580475373362397,0.2580475373362397,0.30309519885133335,0.2580475373362402,-0.47781452635667576,0.2580475373362397,0.2994024759633734,0.2580475373362397,0.2580475373362397,0.2580475373362397,0.2580475373362397,0.30309519885133335,-0.20688684778335995,-0.20688684778335995,-0.13888213121980417,-0.3876972022678645,0.2580475373362397,-0.23184088567445263,-0.7851139720577988,-0.2318408856744527,0.2580475373362397,0.2580475373362397,0.0204853975199685,0.2580475373362397,0.2580475373362397,0.2580475373362397,-4.025692274207611,-4.025692274214774,-5.037654810724757,0.4096020889610427,0.40960208896104283,0.4096020889610426,0.7355594348816832,0.2580475373362397,-3.7551539215017087,0.46042715173570004,0.41126139900891595,-1.388109095245061,0.2580475373362397,0.2580475373362397,0.2580475373362397,0.2580475373362397,0.2580475373362397,0.2580475373362397,0.2580475373362397,-3.782172244803902,0.2580475373362397,1.4355825172816963,0.6658569592246859,0.25804753733623953,0.2580475373362393,0.25804753733623953,0.25804753733623986,0.2580475373362396,0.2580475373362397,0.25804753733622354,0.25804753733622365,0.2580475373362402,0.2580475373362397,0.2580475373362397,0.2580475373362395,0.2580475373362395,0.2580475373362395,0.2580475373362397,0.25804753733624,0.25804753733624,0.25804753733624,0.25804753733624,0.2580475373362397,0.25804753733624,0.25804753733623986,0.2580475373362397,0.2580475373362397,0.2580475373362397,0.2580475373362397,0.2580475373362397,0.2580475373362397,0.2580475373362397,0.2580475373362397,0.2580475373362397,0.25804753733624,0.25804753733624,0.25804753733624,0.2580475373362397,0.2580475373362397,0.2580475373362402,0.25804753733623986,0.2580475373362397,0.2580475373362397,0.2580475373362397,0.2580475373362397,0.2580475373362397,0.2580475373362397,0.2580475373362397,0.2580475373362397,0.2580475373362397,0.25804753733624,0.25804753733624,0.25804753733624,0.2580475373362397,0.2580475373362397,0.2580475373362402,0.25804753733623986,0.2580475373362397,0.2580475373362397,0.2580475373362397,0.2580475373362397,0.2580475373362397,0.2580475373362397,0.2580475373362397,0.2580475373362397,0.2580475373362397,0.2580475373362397,0.2580475373362398,0.2580475373362397,-4.008795850312709,0.2580475373362397,0.2580475373362397,0.2580475373362285,0.2580475373362397,0.2580475373362147,0.2580475373362397,0.2580475373362188,0.25804753733619784,-4.138767350699421,-2.719679459048134,0.2580475373362397,0.25804753733620184,0.2580475373362397,0.25804753733620184,0.2580475373362397,0.2580475373362397,0.2580475373362397,0.2580475373361977,0.2580475373362398,0.2580475373362397,0.2580475373362393
EkiLLm_Zwf,-0.0238444878345022,-0.0312796282369067,-0.0312796282369074,-0.037014068181376134,0.15923411729274908,0.27928140181771677,0.27928140181771677,0.1935873497002637,-0.02384448783450236,0.4746615081049365,0.27928140181771677,0.15923411729274903,0.27928140181771677,0.27928140181771677,0.27928140181771677,0.27928140181771677,0.1935873497002637,0.27928140181771677,0.27928140181771677,0.27928140181771677,0.27928140181771677,0.27928140181771677,0.27928140181771677,0.27928140181771677,0.27928140181771677,0.27928140181771677,0.03200623008484074,0.3619332023325015,-2.8772638894171956,0.13413080497623253,-2.8772638894171956,1.0252931683009896,1.0252931683009896,-4.332759357525966,0.630301616674727,0.630301616674727,0.630301616674727,0.7528884804085237,0.27928140181771677,-3.21769789132765,0.9847268950877155,0.6350472480237234,0.5785395822189985,0.27928140181771677,0.27928140181771677,0.27928140181771677,0.27928140181771677,0.27928140181771677,0.27928140181771677,0.27928140181771677,-3.395099411399621,0.27928140181771677,-2.8683165681719163,0.21392008965522116,0.2792814018177189,0.2792814018177187,0.2792814018177189,0.27928140181771643,0.27928140181771677,0.2792814018177166,-0.06889759254237514,-0.06889759254237514,0.2792814018177158,0.27928140181771677,0.27928140181771677,0.27928140181771677,0.27928140181771655,0.27928140181771655,0.8082661727549286,0.27928140181771655,0.27928140181771655,0.27928140181771655,0.27928140181771655,0.27928140181771655,0.27928140181771677,-2.996592334727725,0.27928140181771677,0.27928140181771677,0.27928140181771677,0.27928140181771677,0.27928140181771677,0.27928140181771677,0.27928140181771677,0.27928140181771677,0.27928140181771677,0.27928140181771677,0.27928140181771655,0.27928140181771655,0.27928140181771655,0.27928140181771655,0.27928140181771677,-2.996592334727725,0.27928140181771677,0.27928140181771677,0.27928140181771677,0.27928140181771677,0.27928140181771677,0.27928140181771677,0.27928140181771677,0.27928140181771677,0.27928140181771677,0.27928140181771677,0.27928140181771655,0.27928140181771655,0.27928140181771655,0.27928140181771655,0.27928140181771677,-2.996592334727725,0.27928140181771677,0.27928140181771677,0.27928140181771677,0.27928140181771677,0.27928140181771677,0.27928140181771677,0.27928140181771677,0.27928140181771677,0.27928140181771677,0.27928140181771677,1.184847644042032,0.27928140181771677,-3.4436205462519185,0.27928140181771677,0.27928140181771677,0.27928140181774525,0.2792814018177173,-0.17570825228712986,0.27928140181771677,0.27928140181776395,0.2792814018178107,-3.1671943064089514,-3.1677068172906235,0.2792814018177163,-0.42217149160390094,0.27928140181771677,-0.42217149160390083,0.27928140181771677,0.2792814018177163,0.27928140181771677,0.27928140181781086,1.184847644042032,0.27928140181771677,0.2792814018177173
fba_wildtype,0.3060943371150195,0.14997834687055153,0.14997834687055145,0.12261373904865677,0.15063544678000684,0.17042388386078694,0.17042388386078694,0.16955615094117682,0.170423883860787,2.529947257169306,0.17042388386078694,0.15063544678000682,0.17042388386078694,0.17042388386078694,0.17042388386078694,0.17042388386078694,0.16955224399019353,-2.6196032026702896,-2.6196032026702896,-2.5697367872868124,-2.4243945458706935,0.17042388386078694,-2.303875098481203,-2.2389862162507095,-2.303875098481203,0.17042388386078694,2.936045675055889,0.3537925444519787,2.7703073254639086,2.799690251071565,2.7703073254639086,-2.275548031520776,-2.275548031520776,-2.8064204586202988,0.48662277268416154,0.48591245863049215,0.48591245863049215,0.5130259477547784,0.7226754426279249,0.17042388386078694,0.6593002329739163,0.4889144506830732,0.36765906171498414,0.17042388386078694,0.17042388386078694,0.17042388386078694,2.9545242102111215,0.17042388386078694,0.17042388386078694,0.17042388386078694,-2.009662588681972,0.17042388386078694,-2.003455855631882,0.15754800369521132,0.17042388386078544,0.17042388386078525,0.17042388386078525,0.170423883860787,0.17042388386078694,0.1704238838607869,-0.017517921196393053,-0.017517921196393053,0.17042388386078708,0.17042388386078694,0.17042388386078683,0.17042388386078694,0.17042388386078705,0.17042388386078705,0.6593672295281907,0.17042388386078675,0.17042388386078675,0.17042388386078686,-0.014946135384172905,-0.014946135384172905,0.038649503948797626,0.038649503948797764,0.17042388386131807,0.17042388386078694,0.17042388386078694,0.17042388386078694,0.17042388386078694,0.17042388386078694,0.17042388386078694,0.17042388386078694,0.17042388386078694,0.17042388386078675,0.17042388386078675,0.17042388386078686,-0.014946135384172905,-0.014946135384172905,0.038649503948797626,0.038649503948797626,0.17042388386078694,0.17042388386078694,0.17042388386078694,0.17042388386078694,0.17042388386078694,0.17042388386078694,0.17042388386078694,0.17042388386078694,0.17042388386154136,0.17042388386078675,0.17042388386078686,0.17042388386078686,-0.014946135384172905,-0.014946135384172905,0.038649503948797626,0.038649503948797626,0.17042388386078694,0.17042388386078694,0.17042388386078694,0.17042388386078694,0.17042388386078694,0.17042388386078694,0.17042388386078694,0.17042388386078694,0.17042388386078694,0.17042388386078694,-2.661654909725036,0.17042388386078694,0.05164028916451879,0.17042388386078694,0.17042388386078694,0.19405972467902455,0.1704238838607872,-0.10293865489312276,0.17042388386078694,0.17042388386078594,0.17042388386078486,-1.8830876745739906,-1.88376956375074,0.17042388386077287,-0.14949912758165795,0.17042388386078694,-0.14949912758165795,0.17042388386078694,0.17042388386077287,0.17042388386078694,0.17042388386078502,-2.661654909725036,0.17042388386078694,0.2749974037475872
fba_AlsR,-4.204132541426476,-4.15178611385304,-4.15178611385304,0.13798333137547383,0.21645200752725777,0.27228153617519973,0.27228153617519973,0.21281544169712832,0.08242252858225411,0.27228153617519973,0.27228153617519973,0.21645200752725774,0.27228153617519973,0.27228153617519973,0.27228153617519973,0.27228153617519973,0.21281544169712832,0.5215468808600557,0.5215468808600557,0.36295542273722065,0.4142520045149345,0.27228153617519973,0.3833169308735577,0.4697618494340859,-3.3001502235439477,0.27228153617519973,0.27228153617519973,0.3262031280944726,0.27228153617519973,0.27228153617519973,0.27228153617519973,0.7297488056555204,0.7297488056555201,0.27228153617519973,-0.2606664481419924,-0.2606664481419924,-0.2606664481419925,-0.2606664481419924,-3.878117248212346,0.27228153617519973,-3.904084251207627,-0.2688668113160868,-0.07661177239978148,0.27228153617519973,0.27228153617519973,0.27228153617519973,-3.83264382712419,0.27228153617519973,0.27228153617519973,0.27228153617519973,-3.2931344801625686,0.27228153617519973,-3.4718184466462376,0.03670312118532785,0.27228153617520023,0.27228153617520023,0.27228153617520023,0.27228153617519973,0.27228153617519973,0.27228153617519973,0.2615176747189508,0.2615176747189508,0.27228153617519946,0.27228153617519973,0.27228153617519973,0.27228153617519973,0.27228153617519985,0.27228153617519985,0.27228153617519896,0.27228153617519957,0.2722815361751994,0.2722815361751994,0.2722815361751994,0.27228153617519973,0.27228153617519973,0.27228153617519973,0.27228153617519973,0.27228153617519973,0.27228153617519973,0.27228153617519973,0.27228153617519973,0.27228153617519973,0.27228153617519973,0.27228153617519973,0.27228153617519973,0.27228153617519957,0.2722815361751994,0.2722815361751994,0.27228153617519973,0.27228153617519973,0.27228153617519973,0.27228153617519973,0.27228153617519973,0.27228153617519973,0.27228153617519973,0.27228153617519973,0.27228153617519973,0.27228153617519973,0.27228153617519973,0.27228153617519973,0.27228153617519973,0.27228153617519957,0.2722815361751994,0.2722815361751994,0.27228153617519957,0.27228153617519973,0.27228153617519973,0.27228153617519973,0.27228153617519973,0.27228153617519973,0.27228153617519973,0.27228153617519973,0.27228153617519973,0.27228153617519973,0.27228153617519973,0.27228153617519973,0.27228153617519973,0.27228153617519973,0.2722815361751997,0.27228153617519973,0.08806503476207973,0.27228153617519973,0.27228153617519973,0.27228153617520373,0.27228153617520007,0.25584827908964164,0.27228153617519973,0.272281536175208,0.27228153617521605,0.27228153617519973,0.27228153617519973,0.27228153617519935,0.27228153617521444,0.27228153617519973,0.2722815361752146,0.27228153617519973,0.27228153617519935,0.27228153617519973,0.2722815361752161,0.2722815361751998,0.27228153617519973,0.27228153617519973
fba_AppY,0.08556647294964098,0.17026743313338047,0.17026743313338025,0.23566745528435878,0.23479167984375857,0.23402896734546205,0.23402896734546205,0.23485129194675072,0.2899269567113958,0.10589585098526692,0.23402896734546205,0.23479167984375848,0.23402896734546205,0.23402896734546205,0.23402896734546205,0.23402896734546205,0.23485129194675067,1.8057496470654146,1.805749647065414,0.23402896734546205,0.23402896734546205,0.23402896734546205,0.23402896734546205,0.23402896734546205,0.23402896734546205,0.23402896734546205,-3.7505708780756684,0.7240936162409813,-3.2388600393381024,-3.640908680246981,-3.2388600393381024,-4.112563707392493,-4.112563707392493,-4.910364663908201,0.06401998186027288,0.06401998186027288,0.06401998186027269,0.06401998186027283,0.007124104353498346,0.23402896734546205,0.9150839357673352,0.06273497771223545,0.07704512762069302,0.23402896734546205,0.23402896734546205,0.23402896734546205,-0.03791668753974567,0.23402896734546205,0.23402896734546205,0.23402896734546205,-3.282804560968982,0.23402896734546205,-3.2520352796555634,0.18372330681057153,0.2340289673454624,0.2340289673454624,0.2340289673454624,0.23402896734546322,0.23402896734546194,0.23402896734546225,0.23402896734543813,0.23402896734543818,0.23402896734546563,0.23402896734546205,0.23402896734546205,0.23402896734546205,0.23402896734546205,0.23402896734546225,0.23402896734546383,0.2340289673454615,0.2340289673454615,0.2340289673454617,0.2340289673454617,0.23402896734546186,0.23402896734546186,0.23402896734546205,0.23402896734546205,0.23402896734546205,0.23402896734546205,0.23402896734546205,0.23402896734546205,0.23402896734546205,0.23402896734546205,0.23402896734546205,0.23402896734546205,0.2340289673454615,0.2340289673454615,0.2340289673454617,0.2340289673454617,0.23402896734546186,0.23402896734546186,0.23402896734546205,0.23402896734546205,0.23402896734546205,0.23402896734546205,0.23402896734546205,0.23402896734546205,0.23402896734546205,0.23402896734546205,0.23402896734546205,0.23402896734546205,0.2340289673454615,0.2340289673454615,0.2340289673454617,0.2340289673454617,0.23402896734546186,0.23402896734546186,0.23402896734546205,0.23402896734546205,0.23402896734546205,0.23402896734546205,0.23402896734546205,0.23402896734546205,0.23402896734546205,0.23402896734546205,0.23402896734546205,0.23402896734546205,0.23402896734546205,0.23402896734546189,0.23402896734546205,0.23402896734546225,0.23402896734546205,0.23402896734546205,0.23402896734544296,0.23402896734546255,0.23402896734542442,0.23402896734546205,0.23402896734543055,0.2340289673453983,0.23402896734546205,0.2340289673456598,0.23402896734546288,0.23402896734540485,0.23402896734546205,0.23402896734540488,0.23402896734546205,0.23402896734546247,0.23402896734546205,0.2340289673453983,0.23402896734546197,0.23402896734546205,0.23402896734546194
fba_ArcA,0.9393874798237616,0.2863322548231101,0.2863322548231101,0.34067846394296913,0.2648566925115748,0.20528554891444917,0.20528554891444917,0.27143768943391516,0.20528554891444928,0.8971985205735155,0.20528554891444917,0.2648566925115748,0.20528554891444917,0.20528554891444917,0.20528554891444917,0.20528554891444917,0.2714304379677737,-0.24183913729387943,-0.24183913729387957,-0.21784599947238611,-0.31313037218550893,0.20528554891444917,-0.26104627072993764,-0.3801818749165164,-5.224500440287541,0.20528554891444917,0.20528554891444917,-0.11125962878033548,0.20528554891444917,0.20528554891444917,0.20528554891444917,-4.445978739874741,-4.445978739874743,-5.781180502300759,0.49512136766218295,0.4705827162759087,0.4705827162759086,0.47058271627590864,0.5823527251057168,0.20528554891444917,0.53859895230857,0.47294123695151136,0.49820561120219325,0.20528554891444917,0.20528554891444917,0.20528554891444917,0.6841633529766005,0.20528554891444917,0.20528554891444917,0.20528554891444917,-3.913138598942513,0.20528554891444917,-3.826516733982895,0.15848321322042785,0.20528554891444892,0.20528554891444872,0.20528554891444872,0.2052855489144488,0.20528554891444928,0.20528554891444928,0.19053425660206272,0.19053425660206272,0.20528554891444817,0.20528554891444917,0.20528554891444917,0.20528554891444917,0.20528554891444917,0.20528554891444936,0.20528554891444817,0.20528554891444847,0.20528554891444847,0.20528554891444872,0.20528554891444872,0.20528554891444872,0.20528554891444886,0.20528554891444917,0.20528554891444917,0.20528554891444917,0.20528554891444917,0.20528554891444917,0.20528554891444917,0.20528554891444917,0.20528554891444917,0.20528554891444917,0.20528554891444917,0.20528554891444872,0.20528554891444872,0.20528554891444872,0.20528554891444872,0.20528554891444872,0.20528554891444886,0.20528554891444917,0.20528554891444917,0.20528554891444917,0.20528554891444917,0.20528554891444917,0.20528554891444917,0.20528554891444917,0.20528554891444917,0.20528554891444917,0.20528554891444917,0.20528554891444872,0.20528554891444872,0.20528554891444872,0.20528554891444872,0.20528554891444872,0.20528554891444886,0.20528554891444917,0.20528554891444917,0.20528554891444917,0.20528554891444917,0.20528554891444917,0.20528554891444917,0.20528554891444917,0.20528554891444917,0.20528554891444917,0.20528554891444917,0.20528554891444917,0.1798434204721568,0.20528554891444917,0.20528554891444917,0.20528554891445053,0.20528554891444917,0.2052855489144557,0.20528554891444806,0.18236598615323457,0.20528554891444917,0.20528554891445722,0.20528554891446574,0.20528554891444917,-1.4256900113826556,0.20528554891444867,0.15187688153826392,0.20528554891444917,0.15187688153826395,0.20528554891444917,0.20528554891444917,0.20528554891444917,0.20528554891446593,0.1798434204721568,0.20528554891444917,0.20528554891444917
fba_ArcB,0.07377526241613516,0.15448916510483265,0.15448916510483246,0.21851026577684543,0.24130834877397797,0.26256238783867136,0.26256238783867136,0.23959094937152098,0.2625623878386715,0.17616488085957682,0.26256238783867136,0.24130834877397797,0.26256238783867136,0.26256238783867136,0.26256238783867136,0.26256238783867136,0.23959094937152098,1.1610854751485353,1.1610854751485353,0.26256238783867136,0.26256238783867136,0.26256238783867136,0.26256238783867136,0.26256238783867136,0.26256238783867136,0.26256238783867136,-3.997501073786729,0.7508166461677566,-3.451337138910074,-3.880455452707015,-3.451337138910074,-3.865564548988711,-3.865564548988711,0.24166248556295533,0.058826038498162786,0.058826038498162786,0.058826038498162786,0.058826038498162786,0.26256238783867136,-3.8415139976673665,-0.03738912099161708,0.056859356507604646,0.09198360361740437,0.26256238783867136,0.26256238783867136,0.26256238783867136,0.26256238783867136,0.26256238783867136,0.26256238783867136,0.26256238783867136,-4.1498404426447175,0.26256238783867136,-3.703831424277497,0.09823401870516914,0.26256238783867136,0.26256238783867136,0.26256238783867136,0.26256238783867153,0.2625623878386715,0.2625623878386715,0.2622777425770061,0.262277742577006,0.26256238783867175,0.26256238783867136,0.26256238783867136,0.26256238783867136,0.26256238783867136,0.26256238783867153,0.2625623878386696,0.2625623878386706,0.2625623878386706,0.262562387838671,0.26256238783867075,0.262562387838671,0.2625623878386711,0.26256238783867136,0.26256238783867136,0.26256238783867136,0.26256238783867136,0.26256238783867136,0.26256238783867136,0.26256238783867136,0.26256238783867136,0.26256238783867136,0.26256238783867136,0.2625623878386706,0.2625623878386706,0.26256238783867075,0.262562387838671,0.26256238783867114,0.2625623878386711,0.26256238783867136,0.26256238783867136,0.26256238783867136,0.26256238783867136,0.26256238783867136,0.26256238783867136,0.26256238783867136,0.26256238783867136,0.26256238783867136,0.26256238783867136,0.2625623878386706,0.2625623878386706,0.26256238783867075,0.262562387838671,0.26256238783867114,0.2625623878386711,0.26256238783867136,0.26256238783867136,0.26256238783867136,0.26256238783867136,0.26256238783867136,0.26256238783867136,0.26256238783867136,0.26256238783867136,0.26256238783867136,0.26256238783867136,0.26256238783867136,0.26256238783867125,0.26256238783867136,0.2625623878386715,0.2625623878386726,0.26256238783867136,0.26256238783870334,0.26256238783867086,0.2621240362187708,0.26256238783867136,-0.433364315391709,0.2625623878387695,0.26256238783867136,0.2625623878389825,0.2625623878386695,0.2615740102939569,0.26256238783867136,0.26157401029395677,0.26256238783867136,0.26256238783867036,0.26256238783867136,0.2625623878387695,0.26256238783867125,0.26256238783867136,0.26256238783867136
fba_ArgR,-4.272123009444791,-0.22646488974751258,-0.22646488974751228,-0.236253429460149,0.01825191157564103,0.1516452715823112,0.1516452715823112,0.008890543019361591,-4.4913028856807635,0.6676497373928828,0.1516452715823112,0.01825191157564098,0.1516452715823112,0.1516452715823112,0.1516452715823112,0.1516452715823112,0.008890543019361591,-0.2675444825993604,-0.26754448259936053,0.3951102929794773,0.44802579451933594,0.1516452715823112,0.4192956486295177,0.48419476806205813,0.4192956486295178,0.1516452715823112,0.1516452715823112,0.33437976523005275,0.1516452715823112,0.1516452715823112,0.1516452715823112,0.5213524971209854,0.5213524971209854,-4.394027705906042,-0.14709911687523325,-0.14709911687523325,-0.1470991168752333,0.15164527158231023,0.1516452715823112,0.1516452715823112,0.1516452715823112,0.15186695268832212,-0.05618066014597955,0.1516452715823112,0.1516452715823112,0.1516452715823112,0.1516452715823112,0.1516452715823112,0.1516452715823112,0.1516452715823112,-3.2763659911082885,0.1516452715823112,-3.395509815666639,0.045038896578086546,0.15164527158231156,0.1516452715823118,0.1516452715823118,0.1516452715823099,0.1516452715823112,0.15164527158231134,0.111842291427586,0.111842291427586,0.1516452715823057,0.1516452715823112,0.1516452715823112,0.1516452715823112,0.1516452715823112,0.1516452715823112,-0.001771252185612544,0.15164527158231053,0.1516452715823103,0.15164527158231075,0.15164527158231075,0.15164527158231075,0.15164527158231067,3.149481072720536,0.1516452715823112,0.1516452715823112,0.1516452715823112,0.1516452715823112,0.1516452715823112,0.1516452715823112,0.1516452715823112,0.1516452715823112,0.1516452715823112,0.1516452715823103,0.1516452715823103,0.15164527158231053,0.15164527158231075,0.15164527158231075,0.1516452715823112,3.149481072720248,0.1516452715823112,0.1516452715823112,0.1516452715823112,0.1516452715823112,0.1516452715823112,0.1516452715823112,0.1516452715823112,0.1516452715823112,0.15164527158147229,0.1516452715823103,0.1516452715823103,0.15164527158231075,0.15164527158231075,0.15164527158231075,0.15164527158231086,3.149481072720248,0.1516452715823112,0.1516452715823112,0.1516452715823112,0.1516452715823112,0.1516452715823112,0.1516452715823112,0.1516452715823112,0.1516452715823112,0.1516452715823112,0.1516452715823112,0.15164527158231134,0.1516452715823112,-0.03727861788963132,0.1516452715823112,0.1516452715823112,0.15164527158230048,0.15164527158231164,0.09111862712694542,0.1516452715823112,-0.45591832686292394,0.15164527158227636,-3.692239832565409,-3.6922398325654093,0.15164527158230584,0.020453230143269375,0.1516452715823112,0.020453230143269427,0.1516452715823112,0.15164527158230584,0.1516452715823112,0.15164527158227636,0.15164527158231134,0.1516452715823112,0.1516452715823112
fba_AscG,-0.45438802145919555,-5.0214370269814586,-5.0214370269814586,0.19433062810038668,0.2071301860695252,0.21701617900549916,0.21701617900549916,0.20628027907281304,0.16635213356815912,0.34470657495136947,0.21701617900549916,0.20713018606952513,0.21701617900549916,0.21701617900549916,0.21701617900549916,0.21701617900549916,0.20628678925910804,0.5512342149708984,0.5512342149708984,0.8087519885894922,1.034392339435227,0.21701617900549916,0.9011549955863738,1.272611979239928,-3.894122763860955,0.21701617900549916,0.21701617900549916,0.6214813827711466,0.21701617900549916,0.21701617900549916,0.21701617900549916,-4.409666708542227,-4.409666708410327,0.547879395885188,-0.2802008297233495,-0.2802008297233495,-0.2802008297233495,-0.2802008297233495,0.21701617900549916,0.21701617900549933,-3.0705711284525017,-0.28890615372187456,-0.2892711773488751,0.21701617900549916,0.21701617900549916,0.21701617900549916,0.21701617900549916,0.21701617900549916,0.21701617900549916,0.21701617900549916,-4.043954510323875,0.21701617900549916,0.21701617900549916,0.11643457749801692,0.21701617900549933,0.21701617900549916,0.21701617900549916,0.21701617900549916,0.21701617900549916,0.21701617900549916,0.2170161790055201,0.2170161790055201,0.21701617900549858,0.21701617900549916,0.21701617900549916,0.21701617900549916,0.21701617900549916,0.21701617900549916,0.21701617900550013,0.21701617900549874,0.21701617900549847,0.21701617900549897,0.21701617900549897,0.21701617900549916,0.21701617900549944,0.21701617900549944,0.21701617900549916,0.21701617900549916,0.21701617900549916,0.21701617900549916,0.21701617900549916,0.21701617900549916,0.21701617900549916,0.21701617900549916,0.21701617900549916,0.21701617900549897,0.21701617900549897,0.21701617900549874,0.21701617900549897,0.21701617900549916,0.21701617900549916,0.21701617900549916,0.21701617900549916,0.21701617900549916,0.21701617900549916,0.21701617900549916,0.21701617900549916,0.21701617900549916,0.21701617900549916,0.21701617900549916,0.21701617900549916,0.21701617900549874,0.21701617900549874,0.21701617900549897,0.21701617900549897,0.21701617900549916,0.21701617900549916,0.21701617900549916,0.21701617900549916,0.21701617900549916,0.21701617900549916,0.21701617900549916,0.21701617900549916,0.21701617900549916,0.21701617900549916,0.21701617900549916,0.21701617900549916,0.21701617900549916,0.21701617900549916,0.21701617900549916,-0.001963190672642683,0.21701617900549916,0.21701617900549916,0.2170161790055167,0.21701617900549916,0.21701617900553155,0.21701617900549916,0.2170161790055258,0.21701617900555292,0.21701617900549916,0.21701617900549916,0.21701617900549966,0.2170161790055478,0.21701617900549916,0.2170161790055484,0.21701617900549916,0.21701617900549966,0.21701617900549916,0.21701617900555292,0.21701617900549924,0.21701617900549916,0.21701617900549933
fba_BasR,-0.01348007649527212,0.14720912649245715,0.14720912649245765,0.14645748147136153,0.1765396787402116,0.20132432261728286,0.20132432261728286,0.17713181531637037,0.2013243226172819,0.19426442078962233,0.20132432261728286,0.1765396787402116,0.20132432261728286,0.20132432261728286,0.20132432261728286,0.20132432261728286,0.17712374032967076,0.7586877868820034,0.7586877868820033,0.20132432261728286,0.20132432261728286,0.20132432261728286,0.20132432261728286,0.20132432261728286,0.20132432261728286,0.20132432261728286,-5.000061515341607,0.7502657305607698,-4.328557710336014,-4.85615469334283,-4.328557710336014,0.09667748260236483,0.09667748260236475,0.19223292194740557,0.17463071595380203,0.17463071595380336,0.1746307159538033,0.1746307159538033,0.15668711360194476,0.20132432261728286,0.25294994432237633,0.17418251091407463,0.3952494881427959,0.20132432261728286,0.20132432261728286,0.20132432261728286,0.1348660513869231,0.20132432261728286,0.20132432261728286,0.20132432261728286,-4.716842034291812,0.20132432261728286,-5.118013441195986,0.008849609270738924,0.20132432261728322,0.20132432261728334,0.20132432261728334,0.20132432261728397,0.20132432261728286,0.20132432261728286,0.16946281452018744,0.16946281452018733,0.20132432261728594,0.20132432261728286,0.20132432261728253,0.20132432261728261,0.20132432261728261,0.20132432261728261,-0.27468195500613385,0.20132432261728264,0.20132432261728264,0.20132432261728264,0.20132432261728264,0.20132432261728286,0.20132432261728286,0.5025941416804283,0.20132432261679578,0.20132432261728286,0.20132432261728286,0.20132432261728286,0.20132432261728286,0.20132432261728286,0.20132432261728286,0.20132432261728286,0.20132432261728286,0.20132432261728264,0.20132432261728264,0.20132432261728264,0.20132432261728286,0.20132432261728286,0.20132432261728286,0.5025941416804283,0.20132432261728286,0.20132432261728286,0.20132432261728286,0.20132432261728286,0.20132432261728286,0.20132432261728286,0.20132432261728286,0.20132432261728286,0.20132432261728286,0.20132432261728264,0.20132432261728264,0.20132432261728264,0.20132432261728264,0.20132432261728286,0.20132432261728286,0.5025941416804283,0.20132432261728286,0.20132432261728286,0.20132432261728286,0.20132432261728286,0.20132432261728286,0.20132432261728286,0.20132432261728286,0.20132432261728286,0.20132432261728286,0.20132432261728286,0.20132432261728334,0.20132432261728286,0.20132432261728286,0.20132432261728125,0.20132432261728286,0.2012115954504578,0.2013243226172834,0.15224363141189157,0.20132432261728286,0.2013243226172691,0.2013243226172547,0.20132432261728286,0.20132432261728286,0.20132432261728286,0.14270871487665512,0.20132432261728286,0.14270871487665532,0.20132432261728286,0.20132432261728286,0.20132432261728286,0.2013243226172545,0.20132432261728334,0.20132432261728286,0.2013243226172831
fba_BolA,0.1762300429821134,-4.889866404406109,-4.889866404406109,0.17696984796482262,0.20435345812986025,0.2271650076565215,0.2271650076565215,0.29027106830040494,0.2271650076565215,-0.3675872656956119,0.2271650076565215,0.20435345812986025,0.2271650076565215,0.2271650076565215,0.2271650076565215,0.2271650076565215,0.29026452326242597,0.2271650076565215,0.2271650076565215,0.5672519959659934,0.22716500765651806,0.2271650076565215,0.22716500765651806,0.2271650076565215,0.2271650076565215,0.2271650076565215,0.2271650076565215,0.6336764849292694,0.2271650076565215,0.2271650076565215,0.2271650076565215,-4.0334098138485395,-4.0334098138485395,0.10756669043176716,0.848202405012523,0.8482024050125231,0.848202405012523,0.848202405012523,0.2271650076565215,0.2271650076565215,1.2148470916259015,0.8576760618921647,0.7322650756479376,0.2271650076565215,0.2271650076565215,0.2271650076565215,0.2271650076565215,0.2271650076565215,0.2271650076565215,0.2271650076565215,0.2271650076565215,0.2271650076565215,-4.0334098138485395,0.100801748857649,0.2271650076565221,0.2271650076565221,0.2271650076565221,0.227165007656521,0.2271650076565215,0.2271650076565215,-0.26533047969550594,-0.265330479695506,0.2271650076565185,0.2271650076565215,0.2271650076565215,0.2271650076565215,0.2271650076565215,0.2271650076565215,0.4397024490133271,0.22716500765652112,0.22716500765652112,0.2271650076565213,0.2271650076565213,0.2271650076565215,0.22716500765652176,-3.2487338090293814,0.2271650076565215,0.2271650076565215,0.2271650076565215,0.2271650076565215,0.2271650076565215,0.2271650076565215,0.2271650076565215,0.2271650076565215,0.2271650076565215,0.2271650076565213,0.2271650076565213,0.2271650076565213,0.2271650076565213,0.2271650076565215,0.22716500765652176,-3.2487338090293814,0.2271650076565215,0.2271650076565215,0.2271650076565215,0.2271650076565215,0.2271650076565215,0.2271650076565215,0.2271650076565215,0.2271650076565215,0.2271650076565215,0.22716500765652112,0.22716500765652112,0.2271650076565213,0.2271650076565213,0.2271650076565215,0.22716500765652176,-3.2487338090293814,0.2271650076565215,0.2271650076565215,0.2271650076565215,0.2271650076565215,0.2271650076565215,0.2271650076565215,0.2271650076565215,0.2271650076565215,0.2271650076565215,0.2271650076565215,0.22716500765652167,0.2271650076565215,0.015573111434661023,0.2271650076565215,0.2271650076565215,0.22716500765653835,0.2271650076565215,-0.3979981028138409,0.2271650076565215,0.2271650076565471,0.2271650076565733,0.2271650076565215,0.2271650076565215,0.22716500765652578,-0.621594278916394,0.2271650076565215,-0.621594278916394,0.2271650076565215,0.22716500765652578,0.2271650076565215,0.2271650076565733,0.22716500765652167,0.2271650076565215,0.2271650076565215
fba_ChpB,0.08129207084014173,0.029607865305995802,0.029607865305995802,0.15753718154883714,0.18604957845964848,0.20757470497940556,0.20757470497940556,0.18569635540308785,0.20757470497940567,0.004750661443617578,0.20757470497940556,0.18604957845964823,0.20757470497940556,0.20757470497940556,0.20757470497940556,0.20757470497940556,0.18568721451549472,0.3154631017419721,0.315463101741972,0.29023977870642087,0.31060241642371295,0.20757470497940556,0.2994744629595333,0.32480766135846156,-5.734224772166994,0.20757470497940556,0.20757470497940556,0.2677114832744758,0.20757470497940556,0.20757470497940556,0.20757470497940556,0.42584049667724416,0.4258404966772443,0.18485700623225118,0.09633289527126003,0.09633289527126003,0.09633289527125996,0.20757470497940778,0.20757470497940556,0.20757470497940556,-3.332366900401755,0.093232702014603,0.06453193926123331,0.20757470497940556,0.20757470497940556,0.20757470497940556,0.20757470497940556,0.20757470497940556,0.20757470497940556,0.20757470497940556,-5.011392165054116,0.20757470497940556,-4.587426774591161,0.1511114993989342,0.20757470497940556,0.20757470497940556,0.20757470497940556,0.2075747049794052,0.20757470497940556,0.20757470497940556,0.19025114653417935,0.19025114653417927,0.207574704979403,0.20757470497940556,0.20757470497940556,0.20757470497940556,0.20757470497940556,0.20757470497940556,0.20757470497940414,0.207574704979405,0.207574704979405,0.207574704979405,0.20757470497940556,0.2075747049794052,0.20757470497940556,0.20757470497940556,0.20757470497940556,0.20757470497940556,0.20757470497940556,0.20757470497940556,0.20757470497940556,0.20757470497940556,0.20757470497940556,0.20757470497940556,0.20757470497940556,0.207574704979405,0.207574704979405,0.207574704979405,0.2075747049794052,0.2075747049794052,0.20757470497940556,0.20757470497940556,0.20757470497940556,0.20757470497940556,0.20757470497940556,0.20757470497940556,0.20757470497940556,0.20757470497940556,0.20757470497940556,0.20757470497940556,0.20757470497940556,0.207574704979405,0.207574704979405,0.207574704979405,0.2075747049794052,0.2075747049794052,0.20757470497940556,0.20757470497940556,0.20757470497940556,0.20757470497940556,0.20757470497940556,0.20757470497940556,0.20757470497940556,0.20757470497940556,0.20757470497940556,0.20757470497940556,0.20757470497940556,0.20757470497940556,0.20757470497940556,0.20757470497940556,0.7393730368528263,0.20757470497940372,0.20757470497940556,0.2075747049793975,0.20757470497940556,0.18065854407983592,0.20757470497940556,0.20757470497939226,0.20757470497937777,-4.761622640994579,-4.7630036860845095,0.20757470497940492,0.14485291944514603,0.20757470497940556,0.14485291944514603,0.20757470497940556,0.20757470497940492,0.20757470497940556,0.20757470497937805,0.20757470497940567,0.20757470497940556,0.20757470497940556
fba_CpxR,0.23847182362126768,0.12090098878066682,0.12090098878066682,0.11842857054699824,0.20972546003547873,0.26900701056529225,0.26900701056529225,0.20569585316023836,0.26900701056529225,-3.894991882385027,0.26900701056529225,0.20972546003547873,0.26900701056529225,0.26900701056529225,0.26900701056529225,0.26900701056529225,0.20568960750046147,0.3087049508385688,0.3087049508385688,-3.9839228241848916,-3.7443904038901676,0.26900701056529225,-3.560127107165042,-3.4440367947355104,-3.560127107165042,0.26900701056529225,0.26900701056529225,-0.11516772655711674,0.26900701056529225,0.26900701056529225,0.26900701056529225,0.8070662355865835,0.8070662355865835,-3.81438216758397,0.43571879320163204,0.4357187932016319,0.4357187932016318,0.4357187932016319,0.5220763508457305,0.26900701056529225,0.5574641095658016,0.43743080872912893,-3.7468261667790883,0.26900701056529225,0.26900701056529225,0.26900701056529225,0.6114071840399146,0.26900701056529225,0.26900701056529225,0.26900701056529225,-3.190140222762774,0.26900701056529225,-2.9101154318424864,0.20114828213609176,0.26900701056529214,0.26900701056529225,0.26900701056529225,0.26900701056529425,0.26900701056529225,0.26900701056529225,0.2577005319740562,0.2577005319740562,0.2690070105652992,0.26900701056529225,0.26900701056529225,0.26900701056529225,0.26900701056529225,0.26900701056529225,0.26900701056529225,0.26900701056529197,0.26900701056529197,0.26900701056529197,0.26900701056529197,0.2690070105652921,0.26900701056529225,0.26900701056529225,0.2690070105649521,0.26900701056529225,0.26900701056529225,0.26900701056529225,0.26900701056529225,0.26900701056529225,0.26900701056529225,0.26900701056529225,0.26900701056529225,0.26900701056529197,0.26900701056529197,0.26900701056529197,0.2690070105652921,0.2690070105652921,0.26900701056529225,0.26900701056529225,0.26900701056529225,0.26900701056529225,0.26900701056529225,0.26900701056529225,0.26900701056529225,0.26900701056529225,0.26900701056529225,0.26900701056529225,0.26900701056487636,0.26900701056529197,0.26900701056529197,0.26900701056529197,0.26900701056529197,0.2690070105652921,0.26900701056529225,0.26900701056529225,0.26900701056529225,0.26900701056529225,0.26900701056529225,0.26900701056529225,0.26900701056529225,0.26900701056529225,0.26900701056529225,0.26900701056529225,0.26900701056529225,0.26900701056529225,0.26900701056529214,0.26900701056529225,0.2690070105652924,0.2690070105652912,0.26900701056529225,0.26900701056528736,0.26900701056529314,0.25143977075633106,0.26900701056529225,0.26900701056528364,0.2690070105652747,0.26900701056529225,-0.9689664940356191,0.26900701056529225,0.22807068107896714,0.26900701056529225,0.22807068107896714,0.26900701056529225,0.26900701056529264,0.26900701056529225,0.2690070105652747,0.26900701056529214,0.26900701056529225,0.26900701056529225
fba_Cra,0.026146505985429055,0.316114160792216,0.3161141607922168,0.20778784863118224,0.21920551626376528,0.2292518014035609,0.2292518014035609,0.218502537060158,0.2292518014035608,0.2292518014035609,0.2292518014035609,0.21920551626376517,0.2292518014035609,0.2292518014035609,0.2292518014035609,0.2292518014035609,0.2185025370601579,0.7747104542701171,0.774710454270117,1.6481488421873811,0.2292518014035609,0.2292518014035609,0.2292518014035609,0.2292518014035609,0.2292518014035609,0.2292518014035609,-4.053123854493731,0.7740689898489479,-3.3872782919151696,-3.962888603639958,-3.3872782919151696,-4.440723185276582,-4.440723185276582,-0.08098598122955979,0.04946700900085316,0.04946700900085316,0.049467009000853095,-0.29438360223449755,0.22925180140356227,0.2292518014035609,-0.024706030703553043,0.0483052791423362,0.3000405350990333,0.2292518014035609,0.2292518014035609,0.2292518014035609,0.2292518014035609,0.2292518014035609,0.2292518014035609,0.2292518014035609,-3.9512676941869205,0.2292518014035609,-4.377461905004553,-0.6661931534126849,0.2292518014035609,0.22925180140356108,0.22925180140356108,0.22925180140356077,0.2292518014035609,0.2292518014035609,0.22925180140357018,0.22925180140357018,0.2292518014035606,0.2292518014035609,0.2292518014035609,0.2292518014035609,0.22925180140356108,0.22925180140356108,0.22925180140356288,0.22925180140356027,0.22925180140356027,0.22925180140356027,0.22925180140356072,0.22925180140356072,0.2292518014035612,0.2292518014035612,0.2292518014035609,0.2292518014035609,0.2292518014035609,0.2292518014035609,0.2292518014035609,0.2292518014035609,0.2292518014035609,0.2292518014035609,0.2292518014035609,0.22925180140356027,0.22925180140356027,0.22925180140356027,0.22925180140356072,0.2292518014035609,0.2292518014035612,0.2292518014035612,0.2292518014035609,0.2292518014035609,0.2292518014035609,0.2292518014035609,0.2292518014035609,0.2292518014035609,0.2292518014035609,0.2292518014035609,0.2292518014035609,0.22925180140356027,0.22925180140356027,0.22925180140356027,0.22925180140356072,0.22925180140356072,0.2292518014035612,0.2292518014035612,0.2292518014035609,0.2292518014035609,0.2292518014035609,0.2292518014035609,0.2292518014035609,0.2292518014035609,0.2292518014035609,0.2292518014035609,0.2292518014035609,0.2292518014035609,0.229251801403561,0.2292518014035609,0.004814516572624144,0.2292518014035609,0.2292518014035609,0.22925180140357293,0.2292518014035609,0.22925180140357795,0.2292518014035609,0.22925180140358076,0.22925180140360107,0.8174449451238385,0.8170917985312274,0.2292518014035619,0.2292518014035812,0.2292518014035609,0.2292518014035812,0.2292518014035609,0.22925180140356144,0.2292518014035609,0.22925180140360107,0.22925180140356108,0.2292518014035609,0.2292518014035609
fba_CreB,0.24242085549094852,-4.797693052572559,-4.797693052572559,0.259637418936071,0.24268092781374875,0.2286650726797726,0.2286650726797726,0.21046484852603337,0.22866507267977232,0.2286650726797726,0.2286650726797726,0.24268092781374856,0.2286650726797726,0.2286650726797726,0.2286650726797726,0.2286650726797726,0.21046484852603337,0.21314464289665447,0.21314464289665455,0.2835180425541619,0.2971540673778616,0.2286650726797726,0.2896963635363904,0.3066940596932022,-4.171239241812787,0.2286650726797726,0.2286650726797726,0.26848717817695633,0.2286650726797726,0.2286650726797726,0.2286650726797726,-4.01743173670537,-4.01743173670537,0.23288109377756358,0.3185189618902711,0.31851896189027223,0.318518961890272,0.22866507267977373,0.2286650726797726,0.2286650726797726,0.16689693249012583,0.32099797515220313,0.2286650726797726,0.2286650726797726,0.2286650726797726,0.2286650726797726,0.2286650726797726,0.2286650726797726,-2.8051232494084317,0.2286650726797726,-3.642161694215935,0.2286650726797726,-4.01743173670537,0.0313682028015183,0.2286650726797726,0.2286650726797724,0.2286650726797724,0.07573351216590252,-0.0278564755138976,-0.0278564755138976,0.49288760085489336,0.49288760085489336,0.22866507267977196,0.2286650726797726,0.2286650726797726,0.2286650726797726,0.2286650726797726,0.2286650726797726,0.2286650726797726,0.2286650726797708,0.2286650726797708,0.2286650726797708,0.22866507267977096,0.22866507267977115,0.22866507267977076,0.22866507267977101,0.22866507265208716,0.2286650726797726,0.2286650726797726,0.2286650726797726,0.2286650726797726,0.2286650726797726,0.2286650726797726,0.2286650726797726,0.2286650726797726,0.2286650726797708,0.2286650726797708,0.22866507267977096,0.22866507267977115,0.22866507267977115,0.22866507267977101,0.22866507267977101,0.2286650726797726,0.2286650726797726,0.2286650726797726,0.2286650726797726,0.2286650726797726,0.2286650726797726,0.2286650726797726,0.2286650726797726,0.22866507265208716,0.2286650726797708,0.2286650726797708,0.2286650726797708,0.22866507267977115,0.22866507267977115,0.22866507267977076,0.22866507267977101,0.2286650726797726,0.2286650726797726,0.2286650726797726,0.2286650726797726,0.2286650726797726,0.2286650726797726,0.2286650726797726,0.2286650726797726,0.2286650726797726,0.2286650726797726,0.24033383283815787,0.2286650726797726,0.017208177761850216,0.2286650726797726,0.2286650726797726,0.22866507267978006,0.22866507267977212,0.5805475027502127,0.2286650726797726,0.22866507267978395,0.2286650726797956,0.2286650726797726,0.2286650726797726,0.2286650726797726,0.8207969957850905,0.2286650726797726,0.8207969957850905,0.2286650726797726,0.2286650726797726,0.2286650726797726,0.2286650726797956,0.24033383283815787,0.2286650726797726,0.2286650726797726
fba_Crl,0.25747916443086183,0.18193684380563838,0.18193684380563815,0.2695611157137399,0.2224294074863272,0.1846340091372271,0.1846340091372271,0.22558787126043997,0.18463400913722697,0.27565006371173373,0.1846340091372271,0.22242940748632709,0.1846340091372271,0.1846340091372271,0.1846340091372271,0.1846340091372271,0.22558787126043986,0.1004110318125854,0.10041103181258529,0.2703591089415088,0.2942033624318062,0.1846340091372271,0.2810226122273008,0.3115804912041468,-5.320202642751687,0.1846340091372271,0.1846340091372271,0.24533130518407575,0.1846340091372271,0.1846340091372271,0.1846340091372271,-5.485037988212987,-5.485037988212987,0.6845695361913857,0.13238994341091576,0.13238994341091576,0.13238994341091562,0.4497625318769285,0.1846340091372271,0.1846340091372271,0.11476947709772614,0.1318071599234769,-0.010499240911002856,0.1846340091372271,0.1846340091372271,0.1846340091372271,0.1846340091372271,0.1846340091372271,0.1846340091372271,0.1846340091372271,-4.33968645673947,0.1846340091372271,-4.687022410404368,0.35329458802968466,0.18463400913722744,0.18463400913722763,0.18463400913722744,0.18463400913722616,0.1846340091372271,0.18463400913722733,0.18463400913724143,0.18463400913724143,0.18463400913722372,0.1846340091372271,0.1846340091372271,0.1846340091372271,0.1846340091372271,0.1846340091372271,-0.7743822921513154,0.1846340091372265,0.1846340091372265,0.1846340091372265,0.1846340091372265,0.6115720839659166,0.4892195516519349,0.4892195516519356,0.1846340091372271,0.1846340091372271,0.1846340091372271,0.1846340091372271,0.1846340091372271,0.1846340091372271,0.1846340091372271,0.1846340091372271,0.1846340091372271,0.1846340091372265,0.1846340091372265,0.1846340091372265,0.1846340091372265,0.6115720839659166,0.4892195516519349,0.4892195516519349,0.1846340091372271,0.1846340091372271,0.1846340091372271,0.1846340091372271,0.1846340091372271,0.1846340091372271,0.1846340091372271,0.1846340091372271,0.1846340091372271,0.1846340091372265,0.1846340091372265,0.1846340091372265,0.1846340091372265,0.6115720839659166,0.4892195516519349,0.4892195516519349,0.1846340091372271,0.1846340091372271,0.1846340091372271,0.1846340091372271,0.1846340091372271,0.1846340091372271,0.1846340091372271,0.1846340091372271,0.1846340091372271,0.1846340091372271,0.19822095567005577,0.1846340091372271,0.1846340091372271,0.1846340091372252,0.1846340091372271,0.1846340091372388,0.1846340091372271,0.18463400913725012,0.1846340091372271,0.18463400913724604,0.1846340091372653,-1.4811930159492401,-1.474836989191992,0.18463400913722774,0.18463400913726233,0.1846340091372271,0.18463400913726222,0.1846340091372271,0.18463400913722774,0.1846340091372271,0.1846340091372653,0.19822095567005577,0.1846340091372271,0.18463400913722733
fba_Crp,-4.378138585665656,0.17890103266719398,0.17890103266719415,0.2130954027080898,0.20590497560560314,0.19952390145863408,0.19952390145863408,0.20558267939644162,-0.19091326480095544,0.7036635091145587,0.19952390145863408,0.20590497560560314,0.19952390145863408,0.19952390145863408,0.19952390145863408,0.19952390145863408,0.20558267939644154,0.3579468590715456,0.35794685907154544,0.6051934774413836,0.9132361280165298,0.19952390145863408,0.7121677211168125,0.19952390145863408,0.19952390145863408,0.19952390145863408,0.19952390145863408,0.43490350494026464,0.19952390145863408,0.19952390145863408,0.19952390145863408,-3.670291339557166,-3.670291339557166,0.027854284451262763,0.199523901458634,0.1995239014586339,0.19952390145863394,-0.05191224379072605,-0.04506338842428628,0.19952390145863408,0.19952390145863408,0.19952390145864776,0.43690972772585296,0.19952390145863408,0.19952390145863408,0.19952390145863408,-0.1119500568760161,0.19952390145863408,0.19952390145863408,0.19952390145863408,-3.400453603828425,0.19952390145863408,-3.551232733272955,-4.0429227265141074,0.1995239014586335,0.1995239014586335,0.1995239014586335,0.19952390145863358,0.19952390145863408,0.19952390145863408,0.21083108028877418,0.2108310802887741,0.19952390145863141,0.19952390145863408,0.19952390145863408,0.19952390145863408,0.19952390145863408,0.19952390145863408,0.0584924431357617,0.19952390145863377,0.19952390145863377,0.19952390145863377,0.19952390145863408,0.286835458029219,0.19952390145863447,0.2576714580163675,0.19952390145863408,0.19952390145863408,0.19952390145863408,0.19952390145863408,0.19952390145863408,0.19952390145863408,0.19952390145863408,0.19952390145863408,0.19952390145863408,0.19952390145863377,0.19952390145863377,0.19952390145863377,0.19952390145863408,0.286835458029219,0.19952390145863447,0.2576714580163675,0.19952390145863408,0.19952390145863408,0.19952390145863408,0.19952390145863408,0.19952390145863408,0.19952390145863408,0.19952390145863408,0.19952390145863408,0.19952390145863408,0.19952390145863377,0.19952390145863377,0.19952390145863377,0.19952390145863408,0.286835458029219,0.19952390145863447,0.2576714580163675,0.19952390145863408,0.19952390145863408,0.19952390145863408,0.19952390145863408,0.19952390145863408,0.19952390145863408,0.19952390145863408,0.19952390145863408,0.19952390145863408,0.19952390145863408,-4.336182043736934,0.19952390145863408,0.006010729855791216,0.19952390145863214,0.19952390145863408,0.19952390145865634,0.19952390145863338,0.21678657842050209,0.19952390145863408,0.19952390145868784,0.1995239014587426,0.19952390145863408,3.153927911857478,0.19952390145862905,0.19952390145873222,0.19952390145863408,0.1995239014587324,0.19952390145863408,0.1995239014586284,0.19952390145863408,0.1995239014587426,-4.336182043736934,0.19952390145863408,0.19952390145863408
fba_CsgD,0.25954869507419787,0.18004292515091347,0.18004292515091366,0.26143433510360525,0.24632806038617214,0.23355328806753645,0.23355328806753645,0.24741020298744845,0.23355328806753725,0.28566287202704865,0.23355328806753645,0.24632806038617203,0.23355328806753645,0.23355328806753645,0.23355328806753645,0.23355328806753645,0.24741020298744845,0.20118086612827218,0.20118086612827202,0.2577444832932772,0.26396656554457976,0.23355328806753645,0.2605536545863049,0.26836711342824804,-4.987098104516387,0.23355328806753645,0.23355328806753645,0.2509803134694607,0.23355328806753645,0.23355328806753645,0.23355328806753645,-4.613964647470991,-4.6139646471928515,0.23355328806753645,0.205533615671649,0.205533615671649,0.2055336156716489,0.4063364324498322,0.23355328806753645,-1.056654312956923,0.18166948508976302,0.20496177997580914,0.14526545332433843,0.23355328806753645,0.23355328806753645,0.23355328806753645,0.23355328806753645,0.23355328806753645,0.23355328806753645,0.23355328806753645,-4.359508339804945,0.23355328806753645,-4.2969902498891095,0.20504119768457896,0.23355328806753595,0.23355328806753595,0.23355328806753595,0.23355328806753645,0.2335532880675363,0.23355328806753664,0.23322695914408456,0.23322695914408445,0.23355328806753609,0.23355328806753645,0.23355328806753645,0.23355328806753645,0.23355328806753645,0.23355328806753645,0.23355328806753323,0.2335532880675362,0.2335532880675362,0.2335532880675362,0.23355328806753675,0.23355328806753675,0.23355328806753664,0.23355328806753553,0.23355328806753645,0.23355328806753645,0.23355328806753645,0.23355328806753645,0.23355328806753645,0.23355328806753645,0.23355328806753645,0.23355328806753645,0.23355328806753645,0.2335532880675362,0.2335532880675362,0.2335532880675362,0.23355328806753645,0.23355328806753675,0.23355328806753645,0.23355328806753609,0.23355328806753645,0.23355328806753645,0.23355328806753645,0.23355328806753645,0.23355328806753645,0.23355328806753645,0.23355328806753645,0.23355328806753645,0.23355328806753645,0.2335532880675362,0.2335532880675362,0.2335532880675362,0.23355328806753645,0.23355328806753675,0.23355328806753645,0.23355328806753609,0.23355328806753645,0.23355328806753645,0.23355328806753645,0.23355328806753645,0.23355328806753645,0.23355328806753645,0.23355328806753645,0.23355328806753645,0.23355328806753645,0.23355328806753645,0.23355328806753645,0.23355328806753645,0.23355328806753517,0.23355328806753645,0.23355328806753645,0.23355328806751197,0.23355328806753595,0.233050743964791,0.23355328806753645,0.2335532880674974,0.23355328806745798,-4.518923078461329,-2.85839421031272,0.23355328806753858,0.2324201719447954,0.23355328806753645,0.2324201719447955,0.23355328806753645,0.23355328806753745,0.23355328806753645,0.23355328806745798,0.23355328806753645,0.23355328806753645,0.2335532880675363
fba_CspA,0.09497900726134326,0.14394067443645558,0.14394067443645542,0.21852191423303358,0.21361043203088395,0.20935272748242545,0.20935272748242545,0.21208910430782577,0.3318043830528353,-0.016933858734326433,0.20935272748242545,0.21361043203088395,0.20935272748242545,0.20935272748242545,0.20935272748242545,0.20935272748242545,0.21208910430782588,0.20935272748242545,0.20935272748242545,0.7060550038350042,1.083731262115297,0.20935272748242545,0.8371882604310154,0.20935272748242545,-4.110872117514207,0.20935272748242545,0.20935272748242545,0.4974178755697713,0.20935272748242545,0.20935272748242545,0.20935272748242545,-4.690701014720239,-4.690701014720239,-5.68574473378082,0.02929069558415652,0.02929069558415652,0.02929069558415652,0.029290695584156656,-0.0757368812930604,0.20935272748242545,1.1142712644356245,0.027289142590446316,0.12475026996934038,0.20935272748242545,0.20935272748242545,0.20935272748242545,-0.19376088332701696,0.20935272748242545,0.20935272748242545,0.20935272748242545,-4.3189853854392,0.20935272748242545,-4.389779078744957,0.038527958388513694,0.20935272748242395,0.20935272748242395,0.20935272748242395,0.209352727482432,0.20935272748242534,0.20935272748242567,0.2323681824764042,0.2323681824764042,0.20935272748242034,0.20935272748242545,0.20935272748242545,0.20935272748242545,0.20935272748242545,0.20935272748242545,-1.2815125587330167,0.20935272748242545,0.20935272748242545,0.20935272748242545,0.20935272748242545,0.20935272748242545,0.20935272748242545,0.20935272748242545,0.20935272748242545,0.20935272748242545,0.20935272748242545,0.20935272748242545,0.20935272748242545,0.20935272748242545,0.20935272748242545,0.20935272748242545,0.20935272748242545,0.20935272748242545,0.20935272748242545,0.20935272748242545,0.20935272748242545,0.20935272748242545,0.20935272748242545,0.20935272748242545,0.20935272748242545,0.20935272748242545,0.20935272748242545,0.20935272748242545,0.20935272748242545,0.20935272748242545,0.20935272748242545,0.20935272748242545,0.20935272748242545,0.20935272748242545,0.20935272748242545,0.20935272748242545,0.20935272748242545,0.20935272748242545,0.20935272748242545,0.20935272748242545,0.20935272748242545,0.20935272748242545,0.20935272748242545,0.20935272748242545,0.20935272748242545,0.20935272748242545,0.20935272748242545,0.20935272748242545,0.20935272748242545,0.20935272748242545,0.22299725168565754,0.20935272748242545,-0.028076152255616525,0.20935272748242545,0.20935272748242545,0.19679868411855986,0.20935272748242603,0.2460080396551321,0.20935272748242545,0.2093527274823864,0.20935272748234676,0.20935272748242545,0.2093527274780605,0.20935272748241732,0.25396520661213234,0.20935272748242545,0.25396520661213234,0.20935272748242545,0.20935272748241732,0.20935272748242545,0.20935272748234676,0.22299725168565762,0.20935272748242545,0.14573065245104633
fba_CysB,-4.185064151321506,0.2550961751381347,0.2550961751381348,0.3120739280203494,0.2995129054141453,0.28885976176059874,0.28885976176059874,0.30118694467152624,-4.256357771028737,0.9721201673187485,0.28885976176059874,0.2995129054141453,0.28885976176059874,0.28885976176059874,0.28885976176059874,0.28885976176059874,0.30118694467152624,0.5516195115678886,0.5516195115678886,0.28885976176059874,0.28885976176059874,0.28885976176059874,0.28885976176059874,0.28885976176059874,0.28885976176059874,0.28885976176059874,-3.270970977688443,0.7277061701877868,-2.806973147690979,-3.1715335284593094,-2.806973147690979,-3.693051473354392,-3.6930514731482775,0.28885976176059874,0.09374621363348387,0.09374621363348387,0.09374621363348372,-0.04866461081387644,0.28885976176059874,-3.1384504048240114,0.03411494559734253,0.09175561309831773,0.2840706974958294,0.28885976176059874,0.28885976176059874,0.28885976176059874,0.28885976176059874,0.28885976176059874,0.28885976176059874,0.28885976176059874,-3.0793629891242635,0.28885976176059874,-3.3606620010188504,0.04105916569554182,0.2888597617605985,0.28885976176059874,0.28885976176059874,0.28885976176059824,0.28885976176059874,0.28885976176059874,0.2776730799843473,0.2776730799843473,0.28885976176059697,0.28885976176059874,0.2888597617605985,0.28885976176059874,0.28885976176059874,0.28885976176059874,0.28885976176059874,0.28885976176059874,0.28885976176059874,0.28885976176059874,0.28885976176059874,0.28885976176059874,0.28885976176059874,0.28885976176059874,0.28885976176059874,0.28885976176059874,0.28885976176059874,0.28885976176059874,0.28885976176059874,0.28885976176059874,0.28885976176059874,0.28885976176059874,0.28885976176059874,0.2888597617605986,0.28885976176059874,0.28885976176059874,0.28885976176059874,0.28885976176059874,0.28885976176059874,0.28885976176059874,0.28885976176059874,0.28885976176059874,0.28885976176059874,0.28885976176059874,0.28885976176059874,0.28885976176059874,0.28885976176059874,0.28885976176059874,0.28885976176059874,0.28885976176059874,0.28885976176059874,0.28885976176059874,0.28885976176059874,0.28885976176059874,0.28885976176059874,0.28885976176059874,0.28885976176059874,0.28885976176059874,0.28885976176059874,0.28885976176059874,0.28885976176059874,0.28885976176059874,0.28885976176059874,0.28885976176059874,0.28885976176059874,0.28885976176059874,0.24183252656033902,0.28885976176059874,0.10352572172495177,0.28885976176059874,0.28885976176059874,0.28885976176059697,0.2888597617605992,0.27147866982169366,0.28885976176059874,0.2888597617605955,0.28885976176059247,0.28885976176059874,0.28885976176059874,0.28885976176060396,0.24835722326379367,0.28885976176059874,0.24835722326379356,0.28885976176059874,0.28885976176060396,0.28885976176059874,0.28885976176059275,0.24183252656033902,0.28885976176059874,0.2888597617605986
fba_CytR,0.31069953355351215,-4.784832155507751,-4.784832155507751,0.29262537787642373,0.25764685230715767,0.2293200326045058,0.2293200326045058,0.26030816930269907,0.22932003260450606,0.25269844142013603,0.2293200326045058,0.25764685230715756,0.2293200326045058,0.2293200326045058,0.2293200326045058,0.2293200326045058,0.26030816930269907,0.13729309491072117,0.13729309491072117,0.2388855093976856,0.2416970492425981,0.2293200326045058,0.24013489314878567,0.24378651980684238,-4.117697005155762,0.2293200326045058,0.2293200326045058,0.2360044530384109,0.2293200326045058,0.2293200326045058,0.2293200326045058,-4.128404883054812,-4.128404883054812,0.18962402445159635,0.22384530280271267,0.2238453028027127,0.2238453028027126,0.45487076263212545,0.7034165681635308,0.2293200326045058,0.9738995598613344,0.2237835135115547,0.079169800833692,0.2293200326045058,0.2293200326045058,0.2293200326045058,0.2293200326045058,0.2293200326045058,0.2293200326045058,0.2293200326045058,-3.5743179699559278,0.2293200326045058,0.2293200326045058,0.37941726465410397,0.2293200326045058,0.22932003260450598,0.22932003260450598,0.22932003260450542,0.22932003260450567,0.22932003260450598,0.22904585692373627,0.22904585692373633,0.2293200326045033,0.2293200326045058,0.2293200326045058,0.2293200326045058,0.2293200326045058,0.2293200326045058,0.2293200326044986,0.22932003260450542,0.22932003260450542,0.22932003260450562,0.2293200326045058,0.22932003260450598,0.2293200326045058,0.22932003260450606,0.22932003260336092,0.2293200326045058,0.2293200326045058,0.2293200326045058,0.2293200326045058,0.2293200326045058,0.2293200326045058,0.2293200326045058,0.2293200326045058,0.22932003260450542,0.22932003260450542,0.22932003260450562,0.22932003260450562,0.2293200326045058,0.22932003260450606,0.2293200326045063,0.2293200326045058,0.2293200326045058,0.2293200326045058,0.2293200326045058,0.2293200326045058,0.2293200326045058,0.2293200326045058,0.2293200326045058,0.2293200326040393,0.22932003260450542,0.22932003260450542,0.22932003260450562,0.2293200326045058,0.22932003260450598,0.2293200326045058,0.2293200326045058,0.2293200326045058,0.2293200326045058,0.2293200326045058,0.2293200326045058,0.2293200326045058,0.2293200326045058,0.2293200326045058,0.2293200326045058,0.2293200326045058,0.2293200326045058,0.22932003260450606,0.2293200326045058,0.2293200326045058,0.2293200326045058,0.2293200326045058,0.22932003260448963,0.2293200326045063,0.22889780410563623,0.2293200326045058,0.22932003260447845,0.22932003260445047,-4.0709851666350465,-2.6756001533099227,0.22932003260450445,0.228368008857857,0.2293200326045058,0.22836800885785682,0.2293200326045058,0.22932003260450445,0.2293200326045058,0.2293200326044508,0.22932003260450606,0.2293200326045058,0.22932003260450567
fba_DcuR,0.26444182683225004,-4.424458861143344,-4.424458861143344,0.16341082098585474,0.2241546965638232,0.2653867079576171,0.2653867079576171,0.21919769128195457,0.2653867079576167,-3.9069385360567384,0.2653867079576171,0.2241546965638232,0.2653867079576171,0.2653867079576171,0.2653867079576171,0.2653867079576171,0.21919066302468493,0.2663681288453178,0.2663681288453177,0.3385196736818422,-0.37306470871351927,0.2653867079576171,-0.2024089047169313,-0.9748163006246912,-3.786721990382576,0.2653867079576171,0.2653867079576171,0.5762347583995909,0.2653867079576171,0.2653867079576171,0.2653867079576171,-3.689243906387879,-3.689243906387879,-0.5591326490603914,0.4636614816966869,0.463661481696687,0.46366148169668686,0.4636614816966864,0.7485095319298719,-2.9563371883733733,1.602858027702494,0.46711406662688615,0.5123030264519642,0.2653867079576171,0.2653867079576171,0.2653867079576171,0.2653867079576171,0.2653867079576171,0.2653867079576171,0.2653867079576171,-3.5518982622606576,0.2653867079576171,-2.997110199351083,0.16444213728096949,0.2653867079576171,0.2653867079576171,0.2653867079576171,0.26538670795761715,0.2653867079576171,0.2653867079576171,0.2771283724285797,0.2771283724285797,0.2653867079576171,0.2653867079576171,0.2653867079576169,0.2653867079576171,0.26538670795761726,0.26538670795761726,0.2653867079576171,0.26538670795761654,0.26538670795761676,0.26538670795761654,0.26538670795761676,0.26538670795761693,0.2653867079576169,0.2653867079576171,0.2653867079576171,0.2653867079576171,0.2653867079576171,0.2653867079576171,0.2653867079576171,0.2653867079576171,0.2653867079576171,0.2653867079576171,0.2653867079576171,0.26538670795761654,0.26538670795761654,0.26538670795761654,0.26538670795761676,0.26538670795761693,0.2653867079576169,0.2653867079576171,0.2653867079576171,0.2653867079576171,0.2653867079576171,0.2653867079576171,0.2653867079576171,0.2653867079576171,0.2653867079576171,0.2653867079576171,0.2653867079576171,0.26538670795761654,0.26538670795761654,0.26538670795761654,0.26538670795761676,0.26538670795761693,0.2653867079576169,0.2653867079576171,0.2653867079576171,0.2653867079576171,0.2653867079576171,0.2653867079576171,0.2653867079576171,0.2653867079576171,0.2653867079576171,0.2653867079576171,0.2653867079576171,0.2653867079576171,0.26538670795761726,0.2653867079576171,0.26538670795761726,0.2653867079576171,0.2653867079576171,0.2653867079576035,0.2653867079576175,0.28363011590309045,0.2653867079576171,-0.3256318592555123,0.2653867079575748,0.2653867079576171,-1.038962838190027,0.2653867079576171,0.3078986949249222,0.2653867079576171,0.3078986949249222,0.2653867079576171,0.2653867079576175,0.2653867079576171,0.26538670795757496,0.26538670795761726,0.2653867079576171,0.265386707957617
fba_ElbB,0.28411921859594835,0.18724755458129558,0.18724755458129563,0.24806619684143158,0.2222465773555507,0.20022107886439947,0.20022107886439947,0.2669822069979837,0.20022107886439955,0.7671004973741297,0.20022107886439947,0.22224657735555065,0.20022107886439947,0.20022107886439947,0.20022107886439947,0.20022107886439947,0.2669822069979839,0.07769447239353716,0.07769447239353712,0.1488785677888342,0.13441024304466018,0.20022107886439947,0.1424167139676469,0.12382416442627617,-4.907237539136448,0.20022107886439947,0.20022107886439947,0.1639849786762923,0.20022107886439947,0.20022107886439947,0.20022107886439947,-4.66202495470328,-4.66202495470328,-5.282497138056383,0.6947978618743865,0.6947978618743865,0.6947978618743863,0.6947978618743864,0.20022107886439947,0.20022107886439947,0.20022107886439947,0.703987726896253,0.2500257895503564,0.20022107886439947,0.20022107886439947,0.20022107886439947,0.20022107886439947,0.20022107886439947,0.20022107886439947,0.20022107886439947,-4.688706927584738,0.20022107886439947,-3.9417262245145053,0.04568376948137211,0.20022107886439966,0.20022107886439966,0.20022107886439966,0.20022107886440055,0.20022107886439947,0.20022107886439947,-0.14130124320058754,-0.14130124320058746,0.20022107886440305,0.20022107886439947,0.20022107886439947,0.20022107886439947,0.20022107886439966,0.20022107886439966,-0.2812694237542724,0.200221078864399,0.200221078864399,0.200221078864399,0.200221078864399,0.20022107886439922,0.20022107886439947,0.5487084244122636,0.20022107886439947,0.20022107886439947,0.20022107886439947,0.20022107886439947,0.20022107886439947,0.20022107886439947,0.20022107886439947,0.20022107886439947,0.20022107886439947,0.200221078864399,0.200221078864399,0.200221078864399,0.20022107886439922,0.20022107886439922,0.20022107886439947,0.5487084244122634,0.20022107886439947,0.20022107886439947,0.20022107886439947,0.20022107886439947,0.20022107886439947,0.20022107886439947,0.20022107886439947,0.20022107886439947,0.20022107886439947,0.200221078864399,0.200221078864399,0.200221078864399,0.200221078864399,0.20022107886439922,0.20022107886439947,0.5487084244122632,0.20022107886439947,0.20022107886439947,0.20022107886439947,0.20022107886439947,0.20022107886439947,0.20022107886439947,0.20022107886439947,0.20022107886439947,0.20022107886439947,0.20022107886439947,0.20022107886439933,0.20022107886439947,-0.044547793999708936,0.20022107886439808,0.20022107886439947,0.20022107886440094,0.20022107886437898,-0.2546008124714928,0.20022107886439947,0.20022107886440013,0.20022107886440005,0.20022107886439947,0.20022107886464055,0.20022107886439947,-0.280844538871176,0.20022107886439947,-0.28084453887117594,0.20022107886439947,0.20022107886439947,0.20022107886439947,0.20022107886440035,0.20022107886439922,0.20022107886439947,0.20022107886439947
fba_EvgA,-0.0344414515595442,0.0971748811756044,0.09717488117560452,0.22322622789862365,0.24609075246220757,0.29062229376626253,0.29062229376626253,0.24348098257470302,0.29062229376626253,0.16528427779222588,0.29062229376626253,0.24609075246220757,0.29062229376626253,0.29062229376626253,0.29062229376626253,0.29062229376626253,0.24348098257470302,-3.791885309787852,-3.791885309787852,0.6601691481992368,0.7613929838837876,0.29062229376626253,0.7047474593821201,0.8402561451609036,-3.273576690478,0.29062229376626253,0.29062229376626253,0.5574009652311168,0.29062229376626253,0.29062229376626253,0.29062229376626253,-3.341289481971019,-3.341289481971019,-3.8193562379649024,0.34088137707326294,0.3408813770732628,0.3408813770732627,0.3408813770732628,0.29062229376626253,-3.0918447656023997,0.36792140317654526,0.3413362535940805,0.5069785860196842,0.29062229376626253,0.29062229376626253,0.29062229376626253,0.29062229376626253,0.29062229376626253,0.29062229376626253,0.29062229376626253,-3.2123468101806365,0.29062229376626253,-3.341289481971019,0.12951822702412402,0.2906222937662621,0.2906222937662622,0.2906222937662622,0.2906222937662626,0.29062229376626253,0.29062229376626253,0.2801697823906906,0.2801697823906908,0.29062229376626203,0.29062229376626253,0.29062229376626253,0.29062229376626253,0.29062229376626253,0.29062229376626253,0.41252145097364684,0.2906222937662622,0.2906222937662622,0.2906222937662622,0.29062229376626236,0.29062229376626236,0.29062229376626253,-2.683108663956682,0.29062229376626253,0.29062229376626253,0.29062229376626253,0.29062229376626253,0.29062229376626253,0.29062229376626253,0.29062229376626253,0.29062229376626253,0.29062229376626253,0.2906222937662622,0.2906222937662622,0.2906222937662622,0.29062229376626236,0.29062229376626253,0.29062229376626253,-2.683108663956682,0.29062229376626253,0.29062229376626253,0.29062229376626253,0.29062229376626253,0.29062229376626253,0.29062229376626253,0.29062229376626253,0.29062229376626253,0.29062229376626253,0.2906222937662622,0.2906222937662622,0.2906222937662622,0.29062229376626236,0.29062229376626253,0.29062229376626253,-2.683108663956682,0.29062229376626253,0.29062229376626253,0.29062229376626253,0.29062229376626253,0.29062229376626253,0.29062229376626253,0.29062229376626253,0.29062229376626253,0.29062229376626253,0.29062229376626253,0.29062229376626253,0.29062229376626253,0.11173413560757813,0.29062229376626253,0.29062229376626253,0.2905471102274789,0.290622293766263,0.27466436931503974,0.29062229376626253,0.29062229376624643,0.29062229376623044,0.29062229376626253,0.29062229376626253,0.29062229376626286,0.2906222937662338,0.29062229376626253,0.2906222937662337,0.29062229376626253,0.29062229376626286,0.29062229376626253,0.2906222937662308,0.2906222937662627,0.29062229376626253,0.29062229376626253
fba_FadR,-4.632342864689149,0.03197544581683118,0.03197544581683103,0.12066990858232779,0.09982019474527355,0.08322311624437334,0.08322311624437334,0.08514087258565185,0.08322311624437334,0.10764792264747539,0.08322311624437334,0.09982019474527347,0.08322311624437334,0.08322311624437334,0.08322311624437334,0.08322311624437334,0.08514087258565194,0.03362549448388962,0.03362549448388962,0.08049421453627283,0.07997112554587549,0.08322311624437334,0.08025109010333197,0.07963296622173724,-4.290650596061679,0.08322311624437334,0.08322311624437334,0.08113234024592046,0.08322311624437334,0.08322311624437334,0.08322311624437334,-3.980317441883708,-3.980317441883708,0.08322311624437334,0.08414819669167233,0.08414819669167249,0.08414819669167216,0.08322311624437313,0.08322311624437334,0.08322311624437334,0.15972458497244105,0.08416001882049669,0.10293261183790632,0.08322311624437334,0.08322311624437334,0.08322311624437334,0.08322311624437334,0.08322311624437334,0.08322311624437334,0.08322311624437334,-3.829932324796264,0.08322311624437334,-3.3784712373159205,-0.2078053052949015,0.08322311624437424,0.08322311624437459,0.08322311624437442,0.08322311624437226,0.08322311624437334,0.08322311624437334,0.36454939563909533,0.3645493956390955,0.08322311624437002,0.08322311624437334,0.08322311624437334,0.08322311624437334,0.08322311624437334,0.08322311624437334,-0.8297879033557729,0.08322311624437297,0.08322311624437277,0.08322311624437317,0.4052218850637913,0.4052218850637915,0.3129433884632895,3.6796049711151118,0.08322311624437334,0.08322311624437334,0.08322311624437334,0.08322311624437334,0.08322311624437334,0.08322311624437334,0.08322311624437334,0.08322311624437334,0.08322311624437334,0.08322311624437297,0.08322311624437317,0.08322311624437297,0.4052218850637915,0.4052218850637915,0.3129433884632895,3.679604971115483,0.08322311624437334,0.08322311624437334,0.08322311624437334,0.08322311624437334,0.08322311624437334,0.08322311624437334,0.08322311624437334,0.08322311624437334,0.08322311624437334,0.08322311624437297,0.08322311624437297,0.08322311624437317,0.4052218850637913,0.4052218850637915,0.3129433884632895,3.679604971115483,0.08322311624437334,0.08322311624437334,0.08322311624437334,0.08322311624437334,0.08322311624437334,0.08322311624437334,0.08322311624437334,0.08322311624437334,0.08322311624437334,0.08322311624437334,0.09366415075505652,0.08322311624437334,-0.12129369650101735,0.08322311624437218,0.08322311624437334,-0.015014238912711064,0.08322311624437376,0.7438262960972176,0.08322311624437334,0.08322311624438182,0.0832231162443897,0.08481646494953726,0.08481574909073705,0.08322311624437292,0.08322311624437334,0.08322311624437334,0.08322311624437334,0.08322311624437334,0.08322311624437334,0.08322311624437334,0.08322311624439004,0.09366415075505652,0.08322311624437334,-0.2764179084397613
fba_FecI,0.1693453416165904,0.06210438690683362,0.06210438690683385,0.0859133224505735,0.17291377550309775,0.2293597198238632,0.2293597198238632,0.17571199341247948,0.2293597198238633,-1.8090669145101979,0.2293597198238632,0.17291377550309775,0.2293597198238632,0.2293597198238632,0.2293597198238632,0.2293597198238632,0.17570397037190164,0.2925470962822849,0.2925470962822847,-0.1455119751920249,-0.438713295779349,0.2293597198238632,-0.24897629285063172,-1.1184890316665899,-4.487165590901789,0.2293597198238632,0.2293597198238632,0.01769449804698649,0.2293597198238632,0.2293597198238632,0.2293597198238632,0.6970896048400613,0.6970896048400613,-5.5697562565639585,0.3795357372807073,0.3795357372807073,0.3795357372807073,0.6368927481803061,0.9840569949855048,0.2293597198238632,0.4470776427792169,0.38094498104217034,0.5787694940307443,0.2293597198238632,0.2293597198238632,0.2293597198238632,0.2293597198238632,0.2293597198238632,0.2293597198238632,0.2293597198238632,-3.7004327308374596,0.2293597198238632,-4.752034299129616,0.07641597499588988,0.22935971982386386,0.22935971982386386,0.22935971982386386,0.2293597198238635,0.2293597198238632,0.2293597198238632,0.14427642710010766,0.14427642710010766,0.2293597198238628,0.2293597198238632,0.2293597198238632,0.2293597198238632,0.2293597198238632,0.2293597198238632,0.2293597198238632,0.22935971982386247,0.22935971982386247,0.22935971982386247,0.22935971982386275,0.229359719823863,0.22935971982386288,0.22935971982386288,0.2293597198238632,0.2293597198238632,0.2293597198238632,0.2293597198238632,0.2293597198238632,0.2293597198238632,0.2293597198238632,0.2293597198238632,0.2293597198238632,0.22935971982386247,0.22935971982386247,0.22935971982386247,0.22935971982386275,0.229359719823863,0.22935971982386288,0.2293597198238632,0.2293597198238632,0.2293597198238632,0.2293597198238632,0.2293597198238632,0.2293597198238632,0.2293597198238632,0.2293597198238632,0.2293597198238632,0.2293597198238632,0.22935971982386247,0.22935971982386247,0.22935971982386247,0.22935971982386275,0.229359719823863,0.22935971982386288,0.2293597198238632,0.2293597198238632,0.2293597198238632,0.2293597198238632,0.2293597198238632,0.2293597198238632,0.2293597198238632,0.2293597198238632,0.2293597198238632,0.2293597198238632,0.2293597198238632,0.2293597198238632,0.2293597198238632,-0.003092407497958059,0.2293597198238632,0.2293597198238632,0.22935971982384995,0.22935971982386374,0.10258457623309995,0.2293597198238632,0.2293597198238421,0.22935971982382025,-4.49966170240992,-4.499875212040665,0.2293597198238632,-0.029428381864989618,0.2293597198238632,-0.029428381864989618,0.2293597198238632,0.2293597198238632,0.2293597198238632,0.22935971982382025,0.2293597198238633,0.2293597198238632,0.2293597198238632
fba_FhlA,0.23086389100643132,0.27365586673893894,0.27365586673893927,0.31441861751509564,0.31313474219624043,0.3119755003560212,0.3119755003560212,0.3188373762948812,0.36301134582139044,0.05335975889662828,0.3119755003560212,0.31313474219624043,0.3119755003560212,0.3119755003560212,0.3119755003560212,0.3119755003560212,0.3188373762948812,0.3119755003560212,0.3119755003560212,0.9860938389903545,0.3119755003560212,0.3119755003560212,0.3119755003560212,0.3119755003560212,0.3119755003560212,0.3119755003560212,-2.9329741186033016,0.6062896726464811,0.3119755003560212,-2.9329741186033016,0.3119755003560212,-3.3698129204131444,-3.3698129204131444,0.3119755003560212,0.5103859307569742,0.3041502879080335,0.3041502879080335,0.60826540644135,-3.3779909781043136,0.3119755003560212,0.302601334471424,0.3041111926963379,0.15701040053233076,0.3119755003560212,0.3119755003560212,0.3119755003560212,-3.2387463440228754,0.3119755003560212,0.3119755003560212,0.3119755003560212,-2.99862923019058,0.3119755003560212,-2.7886582800091078,0.3119755003560212,0.31197550035602134,0.31197550035602134,0.3119755003560215,0.31197550035602145,0.3119755003560212,0.3119755003560212,0.1947506244609325,0.1947506244609325,0.31197550035602134,0.3119755003560212,0.31197550035602095,0.3119755003560212,0.3119755003560212,0.3119755003560212,-0.48706702815708763,0.3119755003560212,0.3119755003560212,0.3119755003560212,0.3119755003560212,0.3119755003560212,0.3119755003560212,0.3119755003560212,0.3119755003560212,0.3119755003560212,0.3119755003560212,0.3119755003560212,0.3119755003560212,0.3119755003560212,0.3119755003560212,0.3119755003560212,0.3119755003560212,0.3119755003560212,0.3119755003560212,0.3119755003560212,0.3119755003560212,0.3119755003560212,0.3119755003560212,0.3119755003560212,0.3119755003560212,0.3119755003560212,0.3119755003560212,0.3119755003560212,0.3119755003560212,0.3119755003560212,0.3119755003560212,0.3119755003560212,0.3119755003560212,0.3119755003560212,0.3119755003560212,0.3119755003560212,0.3119755003560212,0.3119755003560212,0.3119755003560212,0.3119755003560212,0.3119755003560212,0.3119755003560212,0.3119755003560212,0.3119755003560212,0.3119755003560212,0.3119755003560212,0.3119755003560212,0.3119755003560212,0.3119755003560212,0.3119755003560212,-3.8503890976057447,0.3119755003560212,0.3119755003560212,0.3119755003560212,0.3119755003560212,0.34968908281944816,0.3119755003560212,0.04885490470062476,0.3119755003560212,-0.25215606702818183,0.3119755003560199,-3.695904574966995,-2.5010462131639803,0.31197550035602184,-0.1265048689173356,0.3119755003560212,-0.1265048689173356,0.3119755003560212,0.31197550035602184,0.3119755003560212,0.3119755003560201,-3.8503890976057447,0.3119755003560212,0.4340465179150928
fba_Fis,0.6773561892271912,0.21329107667658992,0.21329107667658992,0.3582149434783103,0.27705730770817055,0.21329107667658992,0.21329107667658992,0.3110379287913907,0.38093935458773026,0.21329107667658992,0.21329107667658992,0.27705730770817044,0.21329107667658992,0.21329107667658992,0.21329107667658992,0.21329107667658992,0.3110379287913907,0.21329107667658992,0.21329107667658992,-0.3016943127544568,-0.43947166743337984,0.21329107667658992,-0.3622408368832617,-0.5481095823519966,-4.703376956632997,0.21329107667658992,0.21329107667658992,-0.16204976515149888,0.21329107667658992,0.21329107667658992,0.21329107667658992,-3.9817946970597426,-3.981794697015932,0.42234138743178934,0.8635394559873338,0.8635394559873338,0.8635394559873338,0.863539455987334,0.21329107667658992,-3.9279414517604563,3.2148907707224734,0.8733258513234485,0.773627830697255,0.21329107667658992,0.21329107667658992,0.21329107667658992,0.21329107667658992,0.21329107667658992,0.21329107667658992,0.21329107667658992,-3.481150769282302,0.21329107667658992,-3.8762183102762293,0.09162057365563023,0.2132910766765893,0.21329107667658948,0.21329107667658948,0.21329107667658992,0.21329107667659028,0.21329107667659009,-0.009983917614550733,-0.009983917614550733,0.2132910766765897,0.21329107667658992,0.21329107667658992,0.21329107667658992,0.21329107667659009,0.21329107667659009,-1.1676402719718286,0.21329107667658992,0.21329107667658992,0.21329107667658992,0.21329107667658992,0.21329107667658992,0.21329107667658992,0.21329107667658992,-3.3677689605593213,0.21329107667658992,0.21329107667658992,0.21329107667658992,0.21329107667658992,0.21329107667658992,0.21329107667658992,0.21329107667658992,0.21329107667658992,0.21329107667658992,0.21329107667658992,0.21329107667658992,0.21329107667658992,0.21329107667658992,0.21329107667658992,0.21329107667658992,0.21329107667658992,0.21329107667658992,0.21329107667658992,0.21329107667658992,0.21329107667658992,0.21329107667658992,0.21329107667658992,0.21329107667658992,-3.3677689605593213,0.21329107667658992,0.21329107667658992,0.21329107667658992,0.21329107667658992,0.21329107667658992,0.21329107667658992,0.21329107667658992,0.21329107667658992,0.21329107667658992,0.21329107667658992,0.21329107667658992,0.21329107667658992,0.21329107667658992,0.21329107667658992,0.21329107667658992,0.21329107667658992,0.21329107667658992,0.21329107667658992,0.21329107667658992,-0.0033772302960258117,0.21329107667658992,0.21329107667658992,0.21329107667657857,0.21329107667659114,-0.08567280871601568,0.21329107667658992,0.21329107667657113,0.21329107667655245,0.21329107667658992,0.21329107667658992,0.21329107667658834,-0.1267401059284179,0.21329107667658992,-0.1267401059284178,0.21329107667658992,0.21329107667658798,0.21329107667658992,0.21329107667655253,0.21329107667659,0.21329107667658992,0.21329107667658992
fba_FlgM,-4.176254588131543,0.2534720393882867,0.2534720393882867,0.29765137191932484,0.2969193982582296,0.2962678141834869,0.2962678141834869,0.29695959104311986,-4.220190191092347,0.7657597744989232,0.2962678141834869,0.2969193982582295,0.2962678141834869,0.2962678141834869,0.2962678141834869,0.2962678141834869,0.2969595910431199,0.6383286445636671,0.638328644563667,0.2962678141834869,0.2962678141834869,0.2962678141834869,0.2962678141834869,0.2962678141834869,0.2962678141834869,0.2962678141834869,-3.190802285073992,0.732064265759438,-2.73894822213199,-3.0939674721627015,-2.73894822213199,-0.6989523802240957,-0.6989523802240957,-4.163583536299811,0.07134348274660152,0.07134348274660159,0.07134348274660143,0.07134348274660159,-3.061750240008739,0.2962678141834869,-3.2907138156778366,0.06621714038073265,0.416464971464979,0.2962678141834869,0.2962678141834869,0.2962678141834869,0.2962678141834869,0.2962678141834869,0.2962678141834869,0.2962678141834869,-3.098514384778017,0.2962678141834869,-3.3778983068885133,0.12893370305256985,0.296267814183487,0.2962678141834871,0.2962678141834871,0.29626781418348735,0.2962678141834869,0.2962678141834869,0.29626781418351467,0.29626781418351467,0.296267814183489,0.2962678141834869,0.2962678141834869,0.2962678141834869,0.29626781418348674,0.29626781418348674,0.2962678141834869,0.29626781418348636,0.29626781418348636,0.29626781418348636,0.2962678141834865,0.29626781418348674,0.29626781418348663,0.2962678141834869,0.2962678141828314,0.2962678141834869,0.2962678141834869,0.2962678141834869,0.2962678141834869,0.2962678141834869,0.2962678141834869,0.2962678141834869,0.2962678141834869,0.29626781418348636,0.29626781418348636,0.29626781418348636,0.29626781418348674,0.29626781418348674,0.29626781418348663,0.2962678141834872,0.2962678141834869,0.2962678141834869,0.2962678141834869,0.2962678141834869,0.2962678141834869,0.2962678141834869,0.2962678141834869,0.2962678141834869,0.2962678141828314,0.29626781418348636,0.29626781418348636,0.29626781418348636,0.29626781418348674,0.29626781418348674,0.29626781418348663,0.2962678141834872,0.2962678141834869,0.2962678141834869,0.2962678141834869,0.2962678141834869,0.2962678141834869,0.2962678141834869,0.2962678141834869,0.2962678141834869,0.2962678141834869,0.2962678141834869,0.2962678141834867,0.2962678141834869,0.29626781418348136,0.2962678141834869,0.2962678141834869,0.2961919600741262,0.29626781418348735,0.2962678141835285,0.2962678141834869,0.2962678141835139,0.29626781418354076,0.2962678141834869,0.2962678141834869,0.2962678141834869,0.29626781418353587,0.2962678141834869,0.29626781418353587,0.2962678141834869,0.29626781418348647,0.2962678141834869,0.29626781418354114,0.29626781418348686,0.2962678141834869,0.296267814183487
fba_FlhD,0.25064803008374653,0.2539435237534484,0.25394352375344875,0.2555812620346915,0.2241776942434011,0.138572475683283,0.138572475683283,0.23327963296396867,0.19096446657877927,0.7564126116539632,0.138572475683283,0.22417769424340098,0.138572475683283,0.138572475683283,0.138572475683283,0.138572475683283,0.23327963296396867,0.09134243626394842,0.09134243626394829,0.22813098740578905,0.26157090451959625,0.138572475683283,0.2424926502097447,0.28928109329802343,0.2424926502097447,0.138572475683283,0.138572475683283,0.1976856425728945,0.138572475683283,0.138572475683283,0.138572475683283,-5.822241126274857,-5.822241126274857,0.23099123390509863,1.1680796512701535,0.6272691650359954,0.6272691650359954,0.6272691650359954,1.059110732694231,0.138572475683283,0.7940009315560118,0.6338762847812974,0.9236133855652443,0.138572475683283,0.138572475683283,0.138572475683283,0.138572475683283,0.138572475683283,0.138572475683283,0.138572475683283,-5.442854431164386,0.138572475683283,-5.518536004477385,-0.04753714733855841,0.13857247568327943,0.13857247568327943,0.13857247568327943,0.1385724756832821,0.138572475683283,0.138572475683283,0.12084283269172588,0.12084283269172581,0.13857247568327877,0.138572475683283,0.13857247568328263,0.1385724756832827,0.138572475683283,0.138572475683283,0.13857247568328432,0.1385724756832821,0.1385724756832821,0.1385724756832821,0.13857247568328274,0.13857247568328274,0.138572475683283,0.138572475683283,0.138572475683283,0.138572475683283,0.138572475683283,0.138572475683283,0.138572475683283,0.138572475683283,0.138572475683283,0.138572475683283,0.138572475683283,0.1385724756832821,0.1385724756832821,0.1385724756832821,0.13857247568328246,0.13857247568328274,0.138572475683283,0.138572475683283,0.138572475683283,0.138572475683283,0.138572475683283,0.138572475683283,0.138572475683283,0.138572475683283,0.138572475683283,0.138572475683283,0.138572475683283,0.1385724756832821,0.1385724756832821,0.1385724756832821,0.13857247568328274,0.13857247568328274,0.13857247568328335,0.138572475683283,0.138572475683283,0.138572475683283,0.138572475683283,0.138572475683283,0.138572475683283,0.138572475683283,0.138572475683283,0.138572475683283,0.138572475683283,0.138572475683283,-1.5813094956987883,0.138572475683283,-0.15823083400902546,0.138572475683283,0.138572475683283,0.1385724756832554,0.13857247568328226,0.11149937536593757,0.138572475683283,0.13857247568323852,0.13857247568319292,0.138572475683283,0.138572475683283,0.13857247568325803,0.13722775629809464,0.138572475683283,0.13722775629809478,0.138572475683283,0.13857247568325803,0.138572475683283,0.13857247568319328,-1.5813094956987883,0.138572475683283,0.13857247568328324
fba_FliA,0.076742106991357,0.49505779920644544,0.49505779920644544,0.2608540279249408,0.2674237458975451,0.27309086421992845,0.27309086421992845,0.2669661429848865,0.2730908642199284,0.27309086421992845,0.27309086421992845,0.26742374589754503,0.27309086421992845,0.27309086421992845,0.27309086421992845,0.27309086421992845,0.2669661429848865,0.7441848259206804,0.7441848259206804,0.27309086421992845,0.27309086421992845,0.27309086421992845,0.27309086421992845,0.27309086421992845,0.27309086421992845,0.27309086421992845,-3.6819469948064283,0.7942837055609285,-3.1731574056651723,-3.5729107890800234,-3.1731574056651723,-4.015815657602764,-4.015815657602764,0.27309086421992845,-0.018060600817685766,-0.018060600817685766,-0.018060600817685766,0.33655506245369493,0.44017459408394094,0.27309086421992845,-0.1298220881746916,-0.02153874980110868,-0.11599904592993966,0.27309086421992845,0.27309086421992845,0.27309086421992845,0.27309086421992845,0.27309086421992845,0.27309086421992845,0.27309086421992845,-3.469829716217538,0.27309086421992845,-3.890783175529366,0.38258124836245144,0.27309086421992845,0.2730908642199283,0.27309086421992845,0.2730908642199275,0.27309086421992845,0.27309086421992845,0.27309512375942074,0.27309512375942074,0.2730908642199254,0.27309086421992845,0.27309086421992845,0.27309086421992845,0.2730908642199286,0.2730908642199286,0.27309086421992845,0.2730908642199283,0.2730908642199281,0.2730908642199281,0.2730908642199281,0.27309086421992845,0.27309086421992845,0.27309086421992845,0.27309086421992845,0.27309086421992845,0.27309086421992845,0.27309086421992845,0.27309086421992845,0.27309086421992845,0.27309086421992845,0.27309086421992845,0.27309086421992845,0.2730908642199283,0.2730908642199281,0.2730908642199281,0.27309086421992845,0.27309086421992845,0.27309086421992845,0.27309086421992845,0.27309086421992845,0.27309086421992845,0.27309086421992845,0.27309086421992845,0.27309086421992845,0.27309086421992845,0.27309086421992845,0.27309086421992845,0.27309086421992845,0.2730908642199283,0.2730908642199281,0.2730908642199281,0.2730908642199283,0.27309086421992845,0.27309086421992845,0.27309086421992845,0.27309086421992845,0.27309086421992845,0.27309086421992845,0.27309086421992845,0.27309086421992845,0.27309086421992845,0.27309086421992845,0.27309086421992845,0.27309086421992845,0.27309086421992845,0.2730908642199285,0.27309086421992845,0.06986651513033491,0.27309086421992845,0.27309086421992845,0.2730941996901535,0.273090864219928,0.27309742259443426,0.27309086421992845,0.2730962574818834,0.2731017565864776,-4.12475359493892,-2.7817614274615305,0.27309086421992845,0.2731007157553744,0.27309086421992845,0.2731007157553746,0.27309086421992845,0.27309086421992806,0.27309086421992845,0.2731017565864776,0.2730908642199285,0.27309086421992845,0.27309086421992845
fba_FliZ,-2.1452855738636605,0.21146951264593805,0.21146951264593805,0.2685725208757049,0.23750147610820324,0.21146951264593805,0.21146951264593805,0.24087503882453629,0.21146951264593805,0.5256851913237596,0.21146951264593805,0.23750147610820324,0.21146951264593805,0.21146951264593805,0.21146951264593805,0.21146951264593805,0.24087503882453629,0.1126375434382122,0.11263754343821213,0.21778859627044506,0.21962777848350198,0.21146951264593805,0.21860689795213484,0.22098928968183545,-4.966122655368462,0.21146951264593805,0.21146951264593805,0.21589539544188618,0.21146951264593805,0.21146951264593805,0.21146951264593805,-4.90247908022518,-4.9024790800471,0.4136296634458435,0.4677706338965111,0.46777063389651113,0.4677706338965111,0.4948702082691439,0.8002566066070305,0.21146951264593805,0.5250147489460769,0.47157322951999064,0.5214040327673971,0.21146951264593805,0.21146951264593805,0.21146951264593805,0.21146951264593805,0.21146951264593805,0.21146951264593805,0.21146951264593805,-4.37359416067595,0.21146951264593805,-4.326092818300417,0.11417077011111602,0.21146951264593827,0.21146951264593805,0.21146951264593805,0.21146951264593739,0.21146951264593805,0.21146951264593805,0.1967669166070149,0.19676691660701484,0.21146951264593403,0.21146951264593805,0.21146951264593805,0.21146951264593805,0.21146951264593805,0.21146951264593805,-0.23508985493637738,0.21146951264593758,0.21146951264593758,0.21146951264593758,0.21146951264593775,0.21146951264593805,0.21146951264593805,0.4941023922670495,0.21146951264593805,0.21146951264593805,0.21146951264593805,0.21146951264593805,0.21146951264593805,0.21146951264593805,0.21146951264593805,0.21146951264593805,0.21146951264593805,0.21146951264593758,0.21146951264593758,0.21146951264593758,0.21146951264593775,0.21146951264593805,0.21146951264593805,0.4941023922670495,0.21146951264593805,0.21146951264593805,0.21146951264593805,0.21146951264593805,0.21146951264593805,0.21146951264593805,0.21146951264593805,0.21146951264593805,0.21146951264593805,0.21146951264593758,0.21146951264593758,0.21146951264593758,0.21146951264593775,0.21146951264593805,0.21146951264593805,0.4941023922670495,0.21146951264593805,0.21146951264593805,0.21146951264593805,0.21146951264593805,0.21146951264593805,0.21146951264593805,0.21146951264593805,0.21146951264593805,0.21146951264593805,0.21146951264593805,0.21146951264593827,0.21146951264593805,-0.0401556680361886,0.21146951264593805,0.21146951264593805,0.21146951264594022,0.21146951264593805,0.1890229713057555,0.21146951264593805,0.21146951264594022,0.21146951264594208,-3.702873739074099,-2.0654761014524285,0.2114695126459375,0.21146951264594185,0.21146951264593805,0.21146951264594196,0.21146951264593805,0.2114695126459375,0.21146951264593805,0.21146951264594208,0.21146951264593838,0.21146951264593805,0.21146951264593786
fba_Fnr,0.2813364824477331,0.41913113815491176,0.41913113815491226,0.3149998747900611,0.2703714203216583,0.2358616102142814,0.2358616102142814,0.2734559393410015,0.23586161021428148,0.2358616102142814,0.2358616102142814,0.27037142032165823,0.2358616102142814,0.2358616102142814,0.2358616102142814,0.2358616102142814,0.2734559393410014,0.19217546885735412,0.19217546885735412,0.35246856523558734,0.3836068285890428,0.2358616102142814,0.36645155067842317,0.40602510417715565,-4.3186382946737885,0.2358616102142814,0.2358616102142814,0.3192487698222166,0.2358616102142814,0.2358616102142814,0.2358616102142814,-4.524440491300566,-4.524440491300566,0.2358616102142814,0.16068116691610274,0.16068116691610265,0.16068116691610265,0.5955456661618828,0.2358616102142814,-3.920161539104172,0.11545731559832237,0.15982283317401252,-0.019585775581155093,0.2358616102142814,0.2358616102142814,0.2358616102142814,0.2358616102142814,0.2358616102142814,0.2358616102142814,0.2358616102142814,-3.955436720013655,0.2358616102142814,-3.7370344172803756,0.43890062685994047,0.23586161021428184,0.23586161021428184,0.23586161021428184,0.23586161021427937,0.23586161021428126,0.2358616102142816,0.235572856466644,0.235572856466644,0.2358616102142742,0.2358616102142814,0.2358616102142814,0.2358616102142814,0.2358616102142814,0.2358616102142814,0.23586161021417365,0.2358616102142838,0.2358616102142838,0.2358616102142838,0.2358616102142841,0.23586161021428434,0.23586161021428506,0.23586161021428534,0.23586161021307564,0.2358616102142814,0.2358616102142814,0.2358616102142814,0.2358616102142814,0.2358616102142814,0.2358616102142814,0.2358616102142814,0.2358616102142814,0.2358616102142838,0.2358616102142838,0.2358616102142838,0.2358616102142841,0.23586161021428434,0.23586161021428534,0.23586161021428534,0.2358616102142814,0.2358616102142814,0.2358616102142814,0.2358616102142814,0.2358616102142814,0.2358616102142814,0.2358616102142814,0.2358616102142814,0.235861610212316,0.2358616102142838,0.2358616102142838,0.2358616102142838,0.2358616102142841,0.23586161021428434,0.23586161021428534,0.23586161021428534,0.2358616102142814,0.2358616102142814,0.2358616102142814,0.2358616102142814,0.2358616102142814,0.2358616102142814,0.2358616102142814,0.2358616102142814,0.2358616102142814,0.2358616102142814,0.23586161021428168,0.2358616102142814,0.014560446538150305,0.2358616102142814,0.2358616102142814,0.2358616102142689,0.23586161021428192,0.2354169316014107,0.2358616102142814,0.23586161021425794,0.23586161021423427,-4.476200228261739,-3.006547191402257,0.23586161021427945,0.23485896685834495,0.2358616102142814,0.23485896685834495,0.2358616102142814,0.23586161021428045,0.2358616102142814,0.23586161021423444,0.23586161021428184,0.2358616102142814,0.23586161021429103
fba_FrvR,0.1941749853947045,0.3478308486657033,0.34783084866570374,0.2398822032975993,0.1997226333461485,0.1665298511252303,0.1665298511252303,0.20261986828773154,0.16652985112523025,0.1665298511252303,0.1665298511252303,0.1997226333461485,0.1665298511252303,0.1665298511252303,0.1665298511252303,0.1665298511252303,0.20261986828773168,0.12785684523452334,0.12785684523452306,0.3303581651906092,0.38704248094357685,0.1665298511252303,0.3549569858473256,0.43254201881789567,0.1665298511252303,0.1665298511252303,0.1665298511252303,0.27682152864035353,0.1665298511252303,0.1665298511252303,0.1665298511252303,-6.228816138338821,-6.228816138338821,0.14846330441664557,0.08106030416077967,0.08106030416077975,0.08106030416077953,0.08106030416077953,0.031038554874756125,0.1665298511252303,0.031087966214637146,0.08010139168908434,0.18115166251069875,0.1665298511252303,0.1665298511252303,0.1665298511252303,-0.023441207436735945,0.1665298511252303,0.1665298511252303,0.1665298511252303,-5.398959421952591,0.1665298511252303,-5.556809126161401,0.017575850653499273,0.16652985112523058,0.1665298511252308,0.1665298511252308,0.16652985112522858,0.1665298511252301,0.16652985112523058,0.16652985112521115,0.16652985112521115,0.16652985112522417,0.1665298511252303,0.1665298511252303,0.1665298511252303,0.1665298511252303,0.1665298511252303,0.1665298511252303,0.16652985112522944,0.16652985112522975,0.16652985112522975,0.16652985112523006,0.1665298511252303,0.1665298511252303,0.1665298511252303,0.1665298511252303,0.1665298511252303,0.1665298511252303,0.1665298511252303,0.1665298511252303,0.1665298511252303,0.1665298511252303,0.1665298511252303,0.1665298511252303,0.16652985112522944,0.16652985112522944,0.16652985112522975,0.16652985112523006,0.1665298511252303,0.16652985112523067,0.1665298511252303,0.1665298511252303,0.1665298511252303,0.1665298511252303,0.1665298511252303,0.1665298511252303,0.1665298511252303,0.1665298511252303,0.1665298511252303,0.1665298511252303,0.16652985112522944,0.16652985112522975,0.16652985112522975,0.16652985112523006,0.1665298511252303,0.1665298511252303,0.1665298511252303,0.1665298511252303,0.1665298511252303,0.1665298511252303,0.1665298511252303,0.1665298511252303,0.1665298511252303,0.1665298511252303,0.1665298511252303,0.1665298511252303,0.1665298511252303,0.16652985112523058,0.1665298511252303,0.1665298511252303,0.1665298511252303,0.1665298511252303,0.166529851125217,0.1665298511252303,0.1665298511252018,0.1665298511252303,0.16652985112520788,0.1665298511251846,0.1665298511252303,0.16652985112537805,0.1665298511252303,0.16652985112518837,0.1665298511252303,0.16652985112518823,0.1665298511252303,0.1665298511252303,0.1665298511252303,0.1665298511251848,0.16652985112523058,0.1665298511252303,0.1665298511252301
fba_Fur,-3.992006238154656,0.25511345841637206,0.25511345841637195,0.25627084484336415,0.2118917512780099,0.17846150675991182,0.17846150675991182,0.2228903791834868,0.17846150675991182,0.2387459836232333,0.17846150675991182,0.2118917512780097,0.17846150675991182,0.17846150675991182,0.17846150675991182,0.17846150675991182,0.22289037918348675,0.17960217200348783,0.1796021720034877,0.21320707698124675,0.4757012178391562,0.17846150675991182,0.4341398568631427,0.5349888767151775,0.4341398568631427,0.17846150675991182,0.17846150675991182,0.04118224563296773,0.17846150675991182,0.17846150675991182,0.17846150675991182,-3.2169019236359433,-3.2169019236359433,-4.030142186526405,-0.019660454249058254,-0.019660454249058254,-0.01966045424905833,-0.01966045424905833,-3.313939470346041,0.17846150675991182,-3.417508378337402,-0.024241736965630582,0.11335689423637345,0.17846150675991182,0.17846150675991182,0.17846150675991182,-3.022305221831015,0.17846150675991182,0.17846150675991182,0.17846150675991182,-2.8112163009951283,0.17846150675991182,-3.2169019236359433,0.14444499988546264,0.17846150675991196,0.17846150675991196,0.17846150675991196,0.17846150675991085,0.17846150675991182,0.17846150675991182,0.05608597702991839,0.05608597702991857,0.17846150675990843,0.17846150675991182,0.17846150675991165,0.17846150675991182,0.17846150675991182,0.17846150675991182,-0.9483759773818277,0.17846150675991182,0.17846150675991182,0.17846150675991182,0.17846150675991182,0.17846150675991182,0.17846150675991182,3.288622231413066,0.17846150675944902,0.17846150675991182,0.17846150675991182,0.17846150675991182,0.17846150675991182,0.17846150675991182,0.17846150675991182,0.17846150675991182,0.17846150675991182,0.17846150675991182,0.17846150675991182,0.17846150675991182,0.17846150675991182,0.17846150675991182,0.17846150675991182,3.2886222314129605,0.17846150675991182,0.17846150675991182,0.17846150675991182,0.17846150675991182,0.17846150675991182,0.17846150675991182,0.17846150675991182,0.17846150675991182,0.17846150675944902,0.17846150675991182,0.17846150675991182,0.17846150675991182,0.17846150675991182,0.17846150675991182,0.17846150675991182,3.2886222314129605,0.17846150675991182,0.17846150675991182,0.17846150675991182,0.17846150675991182,0.17846150675991182,0.17846150675991182,0.17846150675991182,0.17846150675991182,0.17846150675991182,0.17846150675991182,0.17846150675991182,0.17846150675991182,-0.0015258455099278877,0.17846150675991182,0.17846150675991182,0.22822309128341917,0.17846150675991182,-0.03567203350614746,0.17846150675991182,0.17846150675993439,0.17846150675995714,0.17846150675991182,-0.9633092679561828,0.17846150675991132,-0.11918647865335227,0.17846150675991182,-0.11918647865335227,0.17846150675991182,0.17846150675991132,0.17846150675991182,0.17846150675995728,0.1784615067599119,0.17846150675991182,0.38576193218227794
fba_GadE,0.2952272089071061,-3.570196571148271,-3.570196571148271,0.2721547554724771,0.2508609787762883,0.23056337451430595,0.23056337451430595,0.25216735375467686,0.2305633745143058,0.37630214870750006,0.23056337451430595,0.2508609787762883,0.23056337451430595,0.23056337451430595,0.23056337451430595,0.23056337451430595,0.25216397139607905,-3.1813815188633585,-3.1813815188633585,-3.0180168402527148,-2.620936337044534,0.23056337451430595,-2.599195611391127,-1.8894175007058593,-2.599195611391127,0.23056337451430595,0.23056337451430595,0.06026677797538958,0.23056337451430595,0.23056337451430595,0.23056337451430595,-2.950480452568803,-2.950480452568803,0.23056337451430595,0.2931195155799832,0.2931195155799832,0.2931195155799831,0.29311951557998317,0.07837370587700823,0.23056337451430595,0.28802736752393204,0.29336770478638086,0.344163260393843,0.23056337451430595,0.23056337451430595,0.23056337451430595,0.059282095242505044,0.23056337451430595,0.23056337451430595,0.23056337451430595,-2.666241797409039,0.23056337451430595,-2.899159509676895,0.10102669206781405,0.23056337451430609,0.23056337451430609,0.23056337451430609,0.23056337451430625,0.230563374514306,0.230563374514306,0.23056337451434727,0.23056337451434727,0.2305633745143068,0.23056337451430595,0.23056337451430595,0.23056337451430595,0.23056337451430595,0.23056337451430595,-0.010332311531140476,0.2305633745143058,0.2305633745143058,0.2305633745143058,0.23056337451430595,0.23056337451430595,0.40347784384808544,2.7749360250321162,0.2305633745143705,0.23056337451430595,0.23056337451430595,0.23056337451430595,0.23056337451430595,0.23056337451430595,0.23056337451430595,0.23056337451430595,0.23056337451430595,0.2305633745143058,0.2305633745143058,0.2305633745143058,0.23056337451430595,0.23056337451430595,0.40347784384808544,2.774936025031999,0.23056337451430595,0.23056337451430595,0.23056337451430595,0.23056337451430595,0.23056337451430595,0.23056337451430595,0.23056337451430595,0.23056337451430595,0.23056337451430595,0.2305633745143058,0.2305633745143058,0.2305633745143058,0.23056337451430595,0.23056337451430595,0.40347784384808544,2.774936025031999,0.23056337451430595,0.23056337451430595,0.23056337451430595,0.23056337451430595,0.23056337451430595,0.23056337451430595,0.23056337451430595,0.23056337451430595,0.23056337451430595,0.23056337451430595,0.23056337451430595,0.23056337451430595,0.07662036097150125,0.2305633745143068,0.23056337451430595,0.23056337451433762,0.2305633745143069,0.23056337451436937,0.23056337451430595,0.23056337451435793,0.230563374514411,0.23056337451430595,0.23056337451430595,0.23056337451430534,0.2305633745144011,0.23056337451430595,0.23056337451440095,0.23056337451430595,0.23056337451430534,0.23056337451430595,0.230563374514411,0.23056337451430595,0.23056337451430595,0.23056337451430586
fba_GadW,0.14461364388254405,0.18750002907763322,0.18750002907763322,0.1878578029974933,0.17235861061032517,0.1588679813704193,0.1588679813704193,0.17612988064998003,0.1588679813704193,-0.5553005645731439,0.1588679813704193,0.17235861061032506,0.1588679813704193,0.1588679813704193,0.1588679813704193,0.1588679813704193,0.17612988064998003,0.18416537865489635,0.18416537865489635,0.30675333111518527,0.3565670664286008,0.1588679813704193,0.328461108327361,0.3960048188888658,0.328461108327361,0.1588679813704193,0.1588679813704193,0.2590450421786787,0.1588679813704193,0.1588679813704193,0.1588679813704193,-5.891409921609197,-5.891409921609197,-0.05847566623170414,0.4063887672264603,0.40638876722646006,0.40638876722646,0.40638876722646,0.5021758794292226,0.1588679813704193,0.14074784804236015,0.4084709801547249,0.6827187330006469,0.1588679813704193,0.1588679813704193,0.1588679813704193,0.5837681138576519,0.1588679813704193,0.1588679813704193,0.1588679813704193,-5.450493716593134,0.1588679813704193,-5.992599250785652,-0.08815646599863199,0.15886798137042013,0.15886798137042013,0.15886798137042013,0.15886798137041866,0.1588679813704193,0.1588679813704193,0.12281171322191255,0.12281171322191248,0.1588679813704172,0.1588679813704193,0.1588679813704193,0.1588679813704193,0.15886798137041955,0.15886798137041955,-0.4507607815805267,0.15886798137041874,0.15886798137041874,0.15886798137041874,0.2958213179814115,0.2958213179814121,0.1588679813704193,0.15886798137041966,0.1588679813704193,0.1588679813704193,0.1588679813704193,0.1588679813704193,0.1588679813704193,0.1588679813704193,0.1588679813704193,0.1588679813704193,0.1588679813704193,0.15886798137041874,0.15886798137041874,0.15886798137041874,0.29582131798141165,0.2958213179814121,0.15886798137041966,0.15886798137041966,0.1588679813704193,0.1588679813704193,0.1588679813704193,0.1588679813704193,0.1588679813704193,0.1588679813704193,0.1588679813704193,0.1588679813704193,0.1588679813704193,0.15886798137041874,0.15886798137041874,0.15886798137041874,0.2958213179814121,0.2958213179814121,0.15886798137041966,0.1588679813704193,0.1588679813704193,0.1588679813704193,0.1588679813704193,0.1588679813704193,0.1588679813704193,0.1588679813704193,0.1588679813704193,0.1588679813704193,0.1588679813704193,0.1588679813704193,0.1588679813704188,0.1588679813704193,-0.14466166996088026,0.15886798137041755,0.1588679813704193,0.15886798137044653,0.1588679813704193,0.10332550815715456,0.1588679813704193,-0.7285139417844504,0.1588679813705142,0.1588679813704193,0.1588679813693728,0.1588679813704193,0.09253525157772184,0.1588679813704193,0.09253525157772198,0.1588679813704193,0.1588679813704193,0.1588679813704193,0.1588679813705142,0.15886798137041902,0.1588679813704193,0.1588679813704193
fba_GadX,0.31227350054060843,0.4979100097909105,0.49791000979091155,0.22589735106484432,0.25064882804808125,0.26975347675953293,0.26975347675953293,0.2483154217418033,0.2697534767595329,0.26975347675953293,0.26975347675953293,0.25064882804808114,0.26975347675953293,0.26975347675953293,0.26975347675953293,0.26975347675953293,0.2483154217418033,0.20398939092659005,0.20398939092658988,0.2569317031066669,-0.40914771941120276,0.26975347675953293,-0.21777206563248774,-3.4740982297941483,-3.5644800037396194,0.26975347675953293,0.26975347675953293,0.4843681683873416,0.26975347675953293,0.26975347675953293,0.26975347675953293,-3.3766100765591984,-3.3766100765591984,0.26975347675953293,0.4607236503316144,0.2497463539489083,0.24974635394890823,0.6532780950632154,0.9471574726804509,0.26975347675953293,0.218898574836371,0.2496197462353195,0.13776546413523208,0.26975347675953293,0.26975347675953293,0.26975347675953293,0.26975347675953293,0.26975347675953293,0.26975347675953293,0.26975347675953293,-3.282885192185503,0.26975347675953293,-3.14306959225121,0.5173420889181065,0.26975347675953304,0.26975347675953293,0.26975347675953293,0.26975347675953254,0.26975347675953293,0.26975347675953293,0.28005436335333944,0.28005436335333944,0.2697534767595309,0.26975347675953293,0.26975347675953293,0.26975347675953293,0.26975347675953293,0.26975347675953293,0.34251529065690123,0.2697534767595326,0.26975347675953276,0.2697534767595326,0.26975347675953293,0.1866119837350137,0.26975347675953293,0.32512670971870383,0.26975347675919825,0.26975347675953293,0.26975347675953293,0.26975347675953293,0.26975347675953293,0.26975347675953293,0.26975347675953293,0.26975347675953293,0.26975347675953293,0.26975347675953276,0.2697534767595326,0.2697534767595327,0.26975347675953293,0.1866119837350137,0.26975347675953293,0.32512670971870383,0.26975347675953293,0.26975347675953293,0.26975347675953293,0.26975347675953293,0.26975347675953293,0.26975347675953293,0.26975347675953293,0.26975347675953293,0.26975347675953293,0.26975347675953276,0.26975347675953276,0.26975347675953276,0.26975347675953293,0.1866119837350137,0.26975347675953293,0.32512670971870383,0.26975347675953293,0.26975347675953293,0.26975347675953293,0.26975347675953293,0.26975347675953293,0.26975347675953293,0.26975347675953293,0.26975347675953293,0.26975347675953293,0.26975347675953293,-4.096539412932576,0.26975347675953293,0.08548700313153368,0.26975347675953293,0.26975347675953293,0.26975347675952815,0.26975347675953326,0.2854855769261575,0.26975347675953293,0.2789471272794029,0.26975347675951733,-3.8425807283535085,-3.7373206618987855,0.26975347675953254,0.26891862541029016,0.26975347675953293,0.26891862541029027,0.26975347675953293,0.26975347675953254,0.26975347675953293,0.26975347675951733,-4.096539412932576,0.26975347675953293,0.26975347675953304
fba_GcvA,0.4997650059569179,0.3688401338489435,0.3688401338489432,0.3705664343673762,0.3039215920034789,0.2473384500439816,0.2473384500439816,0.30877178324017374,0.2473384500439816,0.5154733728404572,0.2473384500439816,0.3039215920034789,0.2473384500439816,0.2473384500439816,0.2473384500439816,0.2473384500439816,0.3087717832401737,-0.3306316257973998,-0.3306316257973998,-0.20113104203992335,-0.5565829850076203,0.2473384500439816,-0.32369232812620097,-4.341592838518475,-0.32369232812620097,0.2473384500439816,0.2473384500439816,-0.00898300054815091,0.2473384500439816,0.2473384500439816,0.2473384500439816,-4.552330878443967,-4.552330878486943,0.2473384500439816,0.4286195975933784,0.4286195975933783,0.4286195975933784,0.6986031843402579,0.2473384500439816,-4.027755235594369,0.627276653055654,0.4309723772537514,0.2998842569433092,0.2473384500439816,0.2473384500439816,0.2473384500439816,0.2473384500439816,0.2473384500439816,0.2473384500439816,0.2473384500439816,-3.8933421693794377,0.2473384500439816,-3.682041486547272,0.3022398504588582,0.24733845004398117,0.24733845004398142,0.24733845004398142,0.24733845004398064,0.2473384500439816,0.2473384500439816,0.24733845004396504,0.247338450043965,0.24733845004397773,0.2473384500439816,0.2473384500439813,0.24733845004398136,0.2473384500439816,0.2473384500439816,0.24733845004398272,0.2473384500439816,0.2473384500439816,0.2473384500439819,0.2473384500439819,0.24733845004398206,0.24733845004398214,0.24733845004398214,0.24733845003613875,0.2473384500439816,0.2473384500439816,0.2473384500439816,0.2473384500439816,0.2473384500439816,0.2473384500439816,0.2473384500439816,0.2473384500439816,0.2473384500439816,0.2473384500439816,0.2473384500439816,0.24733845004398178,0.24733845004398178,0.24733845004398214,0.24733845004398214,0.24733845003613875,0.2473384500439816,0.2473384500439816,0.2473384500439816,0.2473384500439816,0.2473384500439816,0.2473384500439816,0.2473384500439816,0.2473384500439816,0.2473384500439816,0.2473384500439816,0.2473384500439819,0.2473384500439819,0.24733845004398206,0.24733845004398214,0.24733845004398214,0.2473384500439816,0.2473384500439816,0.2473384500439816,0.2473384500439816,0.2473384500439816,0.2473384500439816,0.2473384500439816,0.2473384500439816,0.2473384500439816,0.2473384500439816,0.24733845004398178,0.2473384500439816,0.2473384500439817,0.2473384500439816,0.2473384500439816,0.2473384500439695,0.24733845004398206,0.24733845004395702,0.2473384500439816,0.2473384500439624,0.24733845004394317,-4.286634261296968,-2.7895637672936413,0.24733845004398214,0.24733845004394697,0.2473384500439816,0.24733845004394678,0.2473384500439816,0.24733845004398214,0.2473384500439816,0.24733845004394317,0.24733845004398178,0.2473384500439816,0.24733845004398178
fba_GlcC,0.3604303240754226,0.33272977946009147,0.33272977946009163,0.3332502461116281,0.3079908338483623,0.28386049084412146,0.28386049084412146,0.31039102039935507,0.28386049084412146,0.5039629084576229,0.28386049084412146,0.3079908338483623,0.28386049084412146,0.28386049084412146,0.28386049084412146,0.28386049084412146,0.3103910203993552,-3.7872262056918347,-3.7872262056918347,-3.5913336062506853,-3.0783014010582472,0.28386049084412146,-3.0783014010582472,0.28386049084412146,-3.0783014010582472,0.28386049084412146,0.28386049084412146,0.08754200242356353,0.28386049084412146,0.28386049084412146,0.28386049084412146,-3.508860314839155,-3.508860314839155,0.28386049084412146,0.44322905207589536,0.4432290520758954,0.44322905207589536,0.4100430609337744,-0.40700850594375837,0.28386049084412146,0.47549768338967346,0.44403690098384135,0.560020373852785,0.28386049084412146,0.28386049084412146,0.28386049084412146,-3.8301950200261787,0.28386049084412146,0.28386049084412146,0.28386049084412146,-2.9315491956959234,0.28386049084412146,-3.447146618107218,0.05292326965324523,0.28386049084412157,0.28386049084412174,0.28386049084412174,0.2838604908441279,0.28386049084412146,0.28386049084412146,0.2730439921689671,0.2730439921689669,0.2838604908441172,0.28386049084412146,0.28386049084412146,0.28386049084412146,0.28386049084412146,0.28386049084412146,-0.3343479270394283,0.2838604908441213,0.2838604908441213,0.2838604908441213,0.2838604908441213,0.28386049084412146,0.4917906272915693,0.28386049084412146,0.2838604908437853,0.28386049084412146,0.28386049084412146,0.28386049084412146,0.28386049084412146,0.28386049084412146,0.28386049084412146,0.28386049084412146,0.28386049084412146,0.2838604908441213,0.2838604908441213,0.2838604908441213,0.28386049084412146,0.28386049084412146,0.4917906272915693,0.28386049084412146,0.28386049084412146,0.28386049084412146,0.28386049084412146,0.28386049084412146,0.28386049084412146,0.28386049084412146,0.28386049084412146,0.28386049084412146,0.28386049084400444,0.2838604908441213,0.2838604908441213,0.2838604908441213,0.2838604908441213,0.28386049084412146,0.4917906272915693,0.28386049084412146,0.28386049084412146,0.28386049084412146,0.28386049084412146,0.28386049084412146,0.28386049084412146,0.28386049084412146,0.28386049084412146,0.28386049084412146,0.28386049084412146,0.28386049084412146,0.2838604908441215,0.28386049084412146,0.09874313759886197,0.28386049084412146,0.28386049084412146,0.2838604908441383,0.28386049084412146,0.26734687217512504,0.28386049084412146,0.28386049084414783,0.2838604908441741,0.28386049084412146,0.28386049084412146,0.2838604908441218,0.2838604908441693,0.28386049084412146,0.28386049084416926,0.28386049084412146,0.28386049084412146,0.28386049084412146,0.28386049084417425,0.28386049084412157,0.28386049084412146,0.28386049084412107
fba_HdfR,0.42037599035096107,0.3197325713625143,0.3197325713625142,0.3204915990657055,0.2812417966789248,0.24546389493972257,0.24546389493972257,0.2834906430071631,0.24546389493972248,0.47459129399319466,0.24546389493972257,0.2812417966789248,0.24546389493972257,0.24546389493972257,0.24546389493972257,0.24546389493972257,0.2834906430071636,-0.6266996843152975,-0.6266996843153008,-0.5523831682056135,-3.9981356797323904,0.24546389493972257,-3.7944363739695977,-3.6996769962984066,-3.7944363739695977,0.24546389493972257,0.24546389493972257,-0.11708382444019524,0.24546389493972257,0.24546389493972257,0.24546389493972257,-3.703785238598386,-3.703785238598386,0.24546389493972257,0.7009766703493716,0.6494601476544722,0.6494601476544722,0.5633392884855488,-3.8792474943556194,0.24546389493972257,0.7040620763920798,0.6519614265404811,0.7218857698100065,0.24546389493972257,0.24546389493972257,0.24546389493972257,-3.7750522508239746,0.24546389493972257,0.24546389493972257,0.24546389493972257,-3.5390948419717465,0.24546389493972257,0.24546389493972257,-0.277225424715503,0.24546389493972282,0.24546389493972282,0.24546389493972282,0.2454638949397233,0.24546389493972257,0.24546389493972257,0.2454638949396902,0.2454638949396902,0.24546389493972345,0.24546389493972257,0.24546389493972257,0.24546389493972257,0.24546389493972282,0.24546389493972282,-0.627877391641635,0.24546389493972257,0.24546389493972257,0.24546389493972257,0.553472229416871,0.553472229416871,0.46520290362266586,0.24546389493972257,0.24546389493972257,0.24546389493972257,0.24546389493972257,0.24546389493972257,0.24546389493972257,0.24546389493972257,0.24546389493972257,0.24546389493972257,0.24546389493972257,0.24546389493972257,0.24546389493972257,0.24546389493972257,0.553472229416871,0.5534722294168706,0.46520290362266586,0.24546389493972257,0.24546389493972257,0.24546389493972257,0.24546389493972257,0.24546389493972257,0.24546389493972257,0.24546389493972257,0.24546389493972257,0.24546389493972257,0.24546389493972257,0.24546389493972257,0.24546389493972257,0.24546389493972257,0.553472229416871,0.553472229416871,0.46520290362266586,0.24546389493972257,0.24546389493972257,0.24546389493972257,0.24546389493972257,0.24546389493972257,0.24546389493972257,0.24546389493972257,0.24546389493972257,0.24546389493972257,0.24546389493972257,0.24546389493972257,0.16525921623881945,0.24546389493972257,-0.25780088532074247,0.24546389493972123,0.24546389493972257,0.24546389493969528,0.24546389493972257,0.2454638949396723,0.24546389493972257,0.24546389493968185,0.24546389493964002,0.24546389493972257,0.24546389493972257,0.24546389493972257,0.24546389493964835,0.24546389493972257,0.2454638949396482,0.24546389493972257,0.24546389493972304,0.24546389493972257,0.24546389493964016,0.1652592162388195,0.24546389493972257,0.24546389493972393
fba_IHFA,0.5472509491184856,0.31736931629176784,0.31736931629176796,0.3178518501754481,0.2974723712436283,0.28118177313146425,0.28118177313146425,0.2996319711403277,0.28118177313146425,-0.21838308885633306,0.28118177313146425,0.2974723712436283,0.28118177313146425,0.28118177313146425,0.28118177313146425,0.28118177313146425,0.2996269102171694,-1.7871794017117855,-1.7871794017117855,-1.7180188710866355,-3.8295183178190495,0.28118177313146425,-3.6264052464088974,-3.551915806736795,-3.6264052464088974,0.28118177313146425,0.28118177313146425,0.3161257274566393,0.28118177313146425,0.28118177313146425,0.28118177313146425,-3.52087075832136,-3.52087075832136,0.28118177313146425,0.7995524326346772,0.7995524326346772,0.7995524326346772,0.9813797277130483,0.28118177313146425,0.28118177313146425,0.9317663662276984,0.8043509184694766,0.713018206734375,0.28118177313146425,0.28118177313146425,0.28118177313146425,0.28118177313146425,0.28118177313146425,0.28118177313146425,0.28118177313146425,-3.112769164049055,0.28118177313146425,-2.8517789944728604,0.29354897906770194,0.2811817731314646,0.2811817731314646,0.2811817731314646,0.281181773131465,0.28118177313146425,0.28118177313146425,0.2701937476481678,0.2701937476481678,0.281181773131467,0.28118177313146425,0.28118177313146425,0.28118177313146425,0.28118177313146425,0.28118177313146425,0.14177893220899876,0.28118177313146425,0.28118177313146403,0.28118177313146425,0.3660307880362584,0.2811817731314639,0.2811817731314639,0.28118177313146425,0.28118177313146425,0.28118177313146425,0.28118177313146425,0.28118177313146425,0.28118177313146425,0.28118177313146425,0.28118177313146425,0.28118177313146425,0.28118177313146425,0.28118177313146403,0.28118177313146403,0.28118177313146425,0.3660307880362587,0.2811817731314639,0.28118177313146425,0.28118177313146425,0.28118177313146425,0.28118177313146425,0.28118177313146425,0.28118177313146425,0.28118177313146425,0.28118177313146425,0.28118177313146425,0.28118177313146425,0.28118177313146425,0.28118177313146403,0.28118177313146403,0.28118177313146425,0.3660307880362587,0.2811817731314639,0.2811817731314639,0.28118177313146425,0.28118177313146425,0.28118177313146425,0.28118177313146425,0.28118177313146425,0.28118177313146425,0.28118177313146425,0.28118177313146425,0.28118177313146425,0.28118177313146425,0.28118177313146425,0.037143472113069655,0.28118177313146425,0.09264952307355041,0.28118177313146286,0.28118177313146425,0.28118177313149223,0.28118177313146425,0.26440630466516457,0.28118177313146425,0.2811817731315096,0.2811817731315554,-3.2961254990056204,-3.2964323742420367,0.28118177313146325,0.2811817731315468,0.28118177313146425,0.2811817731315468,0.28118177313146425,0.28118177313146325,0.28118177313146425,0.28118177313155523,0.037143472113069655,0.28118177313146425,0.281181773131464
fba_IHFB,-3.457095703053481,0.3805522235418404,0.3805522235418401,0.3903082784425469,0.3628517988036644,0.3381206595063608,0.3381206595063608,0.36400040954157376,-3.638680850112962,0.6421328775261665,0.3381206595063608,0.3628517988036643,0.3381206595063608,0.3381206595063608,0.3381206595063608,0.3381206595063608,0.3640004095415738,-0.04597025774231679,-0.04597025774231679,-0.013656412986022222,-0.27318351841679195,0.3381206595063608,-0.10419973208155621,-2.9514619534491757,-3.0249790369737735,0.3381206595063608,0.3381206595063608,0.13191422499759553,0.3381206595063608,0.3381206595063608,0.3381206595063608,-2.7479913367609297,-2.7479913367609297,-3.724150739368109,0.2175162286759221,0.21751622867592202,0.21751622867592194,0.44479702833189866,0.3381206595063608,0.3381206595063608,0.19824615203771975,0.21679250271182823,0.0962789287199186,0.3381206595063608,0.3381206595063608,0.3381206595063608,0.3381206595063608,0.3381206595063608,0.3381206595063608,0.3381206595063608,-2.6196506515866242,0.3381206595063608,-2.42554932098195,0.3381206595063608,0.33812065950636105,0.3381206595063612,0.3381206595063612,0.3381206595063609,0.33812065950636067,0.3381206595063609,0.3478094829313952,0.3478094829313953,0.338120659506361,0.3381206595063608,0.3381206595063608,0.3381206595063608,0.3381206595063608,0.3381206595063608,0.3381206595063566,0.3381206595063605,0.3381206595063605,0.3381206595063605,0.3381206595063606,0.3381206595063605,0.3381206595063605,0.3381206595063608,0.3381206595063608,0.3381206595063608,0.3381206595063608,0.3381206595063608,0.3381206595063608,0.3381206595063608,0.3381206595063608,0.3381206595063608,0.3381206595063608,0.3381206595063605,0.3381206595063603,0.3381206595063603,0.3381206595063605,0.33812065950636055,0.3381206595063608,0.3381206595063608,0.3381206595063608,0.3381206595063608,0.3381206595063608,0.3381206595063608,0.3381206595063608,0.3381206595063608,0.3381206595063608,0.3381206595063608,0.3381206595063608,0.3381206595063605,0.3381206595063603,0.3381206595063605,0.3381206595063606,0.33812065950636055,0.3381206595063608,0.3381206595063608,0.3381206595063608,0.3381206595063608,0.3381206595063608,0.3381206595063608,0.3381206595063608,0.3381206595063608,0.3381206595063608,0.3381206595063608,0.3381206595063608,0.3381206595063608,-3.318085715183483,0.3381206595063608,0.17760184782326716,0.3381206595063608,0.3381206595063608,0.3381206595063517,0.33812065950636117,0.3531744980619741,0.3381206595063608,-0.16841498371064786,0.33812065950633297,-3.242818915186622,-3.242873225280894,0.33812065950636006,0.37320009905103907,0.3381206595063608,0.3732000990510391,0.3381206595063608,0.33812065950636044,0.3381206595063608,0.3381206595063331,-3.318085715183483,0.3381206595063608,0.33812065950636067
fba_IclR,-0.021806412525770726,-0.028555432661283228,-0.02855543266128315,0.08690755955801498,0.09555392188999572,0.10260098531453338,0.10260098531453338,0.09401426681028084,0.1026009853145335,0.3104935247859195,0.10260098531453338,0.09555392188999566,0.10260098531453338,0.10260098531453338,0.10260098531453338,0.10260098531453338,0.0940142668102809,0.24920423786873808,0.249204237868738,0.3122985471228927,0.3595828758340689,0.10260098531453338,0.33390761442683276,0.39183068513642594,-5.761013849162302,0.10260098531453338,0.10260098531453338,0.2582936681580084,0.10260098531453338,0.10260098531453338,0.10260098531453338,-0.17289737708258912,-0.17289737708258912,0.10260098531453338,0.8909288956612716,0.8909288956612716,0.8909288956612715,0.10260098531453297,0.10260098531453338,0.10260098531453363,1.3294698629109496,0.8984938622885408,1.0967245358398994,0.10260098531453338,0.10260098531453338,0.10260098531453338,0.10260098531453338,0.10260098531453338,0.10260098531453338,0.10260098531453338,-5.411688238004425,0.10260098531453338,-5.368425083880393,-6.2359066664850396,0.10260098531453442,0.10260098531453442,0.10260098531453442,0.10260098531453216,0.10260098531453338,0.10260098531453338,0.11857840060469213,0.11857840060469213,0.10260098531452828,0.10260098531453338,0.10260098531453338,0.10260098531453338,0.10260098531453338,0.10260098531453338,-0.457900321548903,0.10260098531453304,0.10260098531453304,0.10260098531453338,0.10260098531453338,0.10260098531453338,0.10260098531453408,0.5082752684458546,0.10260098531453338,0.10260098531453338,0.10260098531453338,0.10260098531453338,0.10260098531453338,0.10260098531453338,0.10260098531453338,0.10260098531453338,0.10260098531453338,0.10260098531453304,0.10260098531453338,0.10260098531453338,0.10260098531453338,0.10260098531453372,0.10260098531453408,0.508275268445855,0.10260098531453338,0.10260098531453338,0.10260098531453338,0.10260098531453338,0.10260098531453338,0.10260098531453338,0.10260098531453338,0.10260098531453338,0.10260098531453338,0.10260098531453304,0.10260098531453338,0.10260098531453338,0.10260098531453338,0.10260098531453372,0.10260098531453408,0.5082752684458546,0.10260098531453338,0.10260098531453338,0.10260098531453338,0.10260098531453338,0.10260098531453338,0.10260098531453338,0.10260098531453338,0.10260098531453338,0.10260098531453338,0.10260098531453338,0.10260098531453338,0.10260098531453338,-0.18233631321064742,0.10260098531453338,0.10260098531453338,0.10248123083258322,0.10260098531453408,0.12740932647515596,0.10260098531453338,0.10260098531449346,0.10260098531445275,1.3294177680158838,0.9045314391386733,0.10260098531453477,0.16256317017245653,0.10260098531453338,0.16256317017245653,0.10260098531453338,0.10260098531453477,0.10260098531453338,0.10260098531445275,0.10260098531453338,0.10260098531453338,0.10260098531453338
fba_IdnR,0.19669332752449115,0.10859845276199709,0.10859845276199703,0.21085420160543167,0.19629940556684491,0.18410688820707022,0.18410688820707022,0.1958775405063801,0.18410688820707022,0.30519725744632986,0.18410688820707022,0.19629940556684491,0.18410688820707022,0.18410688820707022,0.18410688820707022,0.18410688820707022,0.1958775405063802,0.16998725848134974,0.16998725848134963,0.22895005392540185,0.2404948243522987,0.18410688820707022,0.23416145293461182,0.2486645902918702,-5.6816317147642,0.18410688820707022,0.18410688820707022,0.2164064722360176,0.18410688820707022,0.18410688820707022,0.18410688820707022,-5.220890941834602,-5.220890941834602,0.17960020591458478,0.10717237258071378,0.10717237258071378,0.10717237258071365,0.10717237258071372,-0.10296708697570356,0.18410688820707022,1.8286893565767903,0.10544876418195834,0.16315049411791277,0.18410688820707022,0.18410688820707022,0.18410688820707022,0.18410688820707022,0.18410688820707022,0.18410688820707022,0.18410688820707022,-5.160809877620397,0.18410688820707022,-4.507395185684012,0.06737107571401403,0.18410688820707077,0.18410688820707047,0.18410688820707047,0.18410688820706925,0.18410688820707008,0.18410688820707047,0.2010973113447915,0.2010973113447916,0.18410688820706608,0.18410688820707022,0.18410688820707022,0.18410688820707022,0.18410688820707022,0.18410688820707047,0.18410688820706908,0.18410688820706944,0.18410688820706972,0.18410688820706972,0.18410688820706972,0.18410688820706994,0.18410688820706994,0.18410688820707022,0.18410688820707022,0.18410688820707022,0.18410688820707022,0.18410688820707022,0.18410688820707022,0.18410688820707022,0.18410688820707022,0.18410688820707022,0.18410688820707022,0.18410688820706944,0.18410688820706944,0.18410688820706972,0.18410688820706994,0.18410688820706994,0.18410688820706994,0.18410688820706994,0.18410688820707022,0.18410688820707022,0.18410688820707022,0.18410688820707022,0.18410688820707022,0.18410688820707022,0.18410688820707022,0.18410688820707022,0.18410688820707022,0.18410688820706944,0.18410688820706944,0.18410688820706972,0.18410688820706994,0.18410688820706994,0.18410688820706994,0.18410688820706994,0.18410688820707022,0.18410688820707022,0.18410688820707022,0.18410688820707022,0.18410688820707022,0.18410688820707022,0.18410688820707022,0.18410688820707022,0.18410688820707022,0.18410688820707022,0.18410688820707058,0.18410688820707022,0.18410688820707047,0.18410688820707022,0.18410688820707022,0.184106888207032,0.1841068882070709,0.21050545856866254,0.18410688820707022,-0.5364796042034667,0.18410688820695184,0.18410688820707022,0.1841068882078874,0.18410688820706966,0.24562256406906532,0.18410688820707022,0.24562256406906532,0.18410688820707022,0.18410688820706966,0.18410688820707022,0.18410688820695184,0.18410688820707058,0.18410688820707022,0.18410688820707008
fba_LldR,0.47535453316239656,0.4011473030123923,0.4011473030123921,0.4121135401103815,0.3568279646966324,0.3101622330292559,0.3101622330292559,0.3611165615542138,0.31016223302925594,0.29377168444849555,0.3101622330292559,0.3568279646966324,0.3101622330292559,0.3101622330292559,0.3101622330292559,0.3101622330292559,0.3611165615542138,-0.13964204264906063,-0.13964204264906077,0.023243294682202646,-0.23378490346767286,0.3101622330292559,-0.06335697666987225,-3.2216004555537827,-3.3491262396827497,0.3101622330292559,0.3101622330292559,0.1529568799476146,0.3101622330292559,0.3101622330292559,0.3101622330292559,-3.6146756934767326,-3.6146756934767326,0.3101622330292559,0.3048156207121046,0.30481562071210466,0.3048156207121046,0.7272950791299658,0.3101622330292559,-3.0807006386213702,0.2805216244395373,0.3047845162830861,0.13309308963558628,0.3101622330292559,0.3101622330292559,0.3101622330292559,0.3101622330292559,0.3101622330292559,0.3101622330292559,0.3101622330292559,-3.249200984421656,0.3101622330292559,-2.8257624563141537,0.3101622330292559,0.3101622330292559,0.3101622330292559,0.3101622330292559,0.3101622330292535,0.3101622330292559,0.3101622330292559,0.29930163985841257,0.2993016398584125,0.31016223302924767,0.3101622330292559,0.31016223302925566,0.3101622330292559,0.31016223302925605,0.31016223302925605,0.8752933782956576,0.31016223302925566,0.31016223302925605,0.31016223302925605,0.31016223302925605,0.2289762737884474,0.31016223302925605,-2.871686472401615,0.3101622330292559,0.3101622330292559,0.3101622330292559,0.3101622330292559,0.3101622330292559,0.3101622330292559,0.3101622330292559,0.3101622330292559,0.3101622330292559,0.31016223302925566,0.3101622330292559,0.31016223302925566,0.3101622330292559,0.2289762737884473,0.3101622330292559,-2.871686472401615,0.3101622330292559,0.3101622330292559,0.3101622330292559,0.3101622330292559,0.3101622330292559,0.3101622330292559,0.3101622330292559,0.3101622330292559,0.3101622330292559,0.31016223302925566,0.31016223302925605,0.31016223302925605,0.31016223302925605,0.2289762737884473,0.3101622330292559,-2.871686472401615,0.3101622330292559,0.3101622330292559,0.3101622330292559,0.3101622330292559,0.3101622330292559,0.3101622330292559,0.3101622330292559,0.3101622330292559,0.3101622330292559,0.3101622330292559,0.31016223302925605,0.3101622330292559,0.3101622330292558,0.3101622330292559,0.3101622330292559,0.31016223302922025,0.3101622330292559,0.2932877743666444,0.3101622330292559,0.3101622330292028,0.3101622330291485,-3.7551690416964814,-3.7552230233772677,0.3101622330292562,0.2708402615594475,0.3101622330292559,0.2708402615594475,0.3101622330292559,0.3101622330292562,0.3101622330292559,0.3101622330291486,0.3101622330292561,0.3101622330292559,0.31016223302925444
fba_LrhA,0.16087054720082972,0.18164781073125205,0.18164781073125186,0.18200964243939013,0.16587089147932857,0.15181503239858612,0.15181503239858612,0.1678909555099576,0.15181503239858612,0.42761270962159786,0.15181503239858612,0.16587089147932846,0.15181503239858612,0.15181503239858612,0.15181503239858612,0.15181503239858612,0.16788528491308558,0.13465833045850173,0.1346583304585014,0.24021859012652608,0.2714247812284617,0.15181503239858612,0.25373037848359836,0.29663109900422785,0.25373037848359836,0.15181503239858612,0.15181503239858612,0.21099954304267488,0.15181503239858612,0.15181503239858612,0.15181503239858612,-4.272152300268885,-4.272152300268885,-0.06497950086441015,0.5484546730986909,0.19651993774699744,0.19651993774699744,0.19651993774699744,0.20831708327676035,0.15181503239858612,0.17476106865123348,0.19680245858308426,0.5120954269561698,0.15181503239858612,0.15181503239858612,0.15181503239858612,0.21667747238257193,0.15181503239858612,0.15181503239858612,0.15181503239858612,-4.057877254707413,0.15181503239858612,-4.10884227145755,-0.08372468886652322,0.15181503239858612,0.1518150323985863,0.1518150323985864,0.15181503239858482,0.15181503239858682,0.15181503239858682,0.13894425831813362,0.13894425831813362,0.15181503239858016,0.15181503239858612,0.15181503239858612,0.15181503239858612,0.1518150323985864,0.1518150323985864,-0.7264206699489589,0.15181503239858568,0.15181503239858568,0.15181503239858568,0.15181503239858568,0.49862143438341155,0.3992333209536901,3.98617130657848,0.15181503239858612,0.15181503239858612,0.15181503239858612,0.15181503239858612,0.15181503239858612,0.15181503239858612,0.15181503239858612,0.15181503239858612,0.15181503239858612,0.15181503239858568,0.15181503239858568,0.15181503239858568,0.15181503239858593,0.49862143438341155,0.3992333209536907,0.15181503239858612,0.15181503239858612,0.15181503239858612,0.15181503239858612,0.15181503239858612,0.15181503239858612,0.15181503239858612,0.15181503239858612,0.15181503239858612,0.15181503239858612,0.15181503239858568,0.15181503239858568,0.15181503239858568,0.15181503239858568,0.49862143438341155,0.3992333209536907,0.15181503239858612,0.15181503239858612,0.15181503239858612,0.15181503239858612,0.15181503239858612,0.15181503239858612,0.15181503239858612,0.15181503239858612,0.15181503239858612,0.15181503239858612,0.15181503239858612,-5.0267248681984285,0.15181503239858612,-0.06845959763722437,0.15181503239858612,0.15181503239858612,0.15181503239855387,0.15181503239858665,0.1321651493452049,0.15181503239858612,0.15181503239854027,0.15181503239849348,0.15181503239858612,0.15181503239858612,0.1518150323985856,0.15181503239850255,0.15181503239858612,0.15181503239850255,0.15181503239858612,0.15181503239858612,0.15181503239858612,0.15181503239849348,-5.0267248681984285,0.15181503239858612,0.15181503239859068
fba_MarA,-4.545360457984747,0.370580699522686,0.37058069952268563,0.3022501847084235,0.27807513615578455,0.25741536548586935,0.25741536548586935,0.27974549082196537,-4.78876906903624,0.9651971109748105,0.25741536548586935,0.2780751361557844,0.25741536548586935,0.25741536548586935,0.25741536548586935,0.25741536548586935,0.2797454908219654,0.12085020032010647,0.12085020032010647,0.17514396138894073,0.1508385527339339,0.25741536548586935,0.16435820462761283,0.13268176479104507,0.25741536548586935,0.25741536548586935,0.25741536548586935,0.19995029367975475,0.25741536548586935,0.25741536548586935,0.25741536548586935,-3.7721848849434383,-3.7721848849022765,0.25741536548586935,0.2600591785019812,0.2600591785019812,0.2600591785019812,0.2600591785019812,0.2609280462771072,0.25741536548586935,0.29677745847878473,0.2600790006432572,0.29252998130856483,0.25741536548586935,0.25741536548586935,0.25741536548586935,0.26159926316279086,0.25741536548586935,0.25741536548586935,0.25741536548586935,-3.645121733155361,0.25741536548586935,-3.4311278794363522,0.14936614544545007,0.2574153654858695,0.25741536548586935,0.25741536548586935,0.25741536548587035,0.2574153654858694,0.2574153654858694,0.2574153654859046,0.2574153654859046,0.25741536548587257,0.25741536548586935,0.25741536548586935,0.25741536548586935,0.25741536548586935,0.2574153654858695,0.823164695430795,0.25741536548586896,0.25741536548586896,0.25741536548586896,0.25741536548586913,0.25741536548586935,0.25741536548586935,-3.3357801616368055,0.25741536548586935,0.25741536548586935,0.25741536548586935,0.25741536548586935,0.25741536548586935,0.25741536548586935,0.25741536548586935,0.25741536548586935,0.25741536548586935,0.25741536548586896,0.25741536548586896,0.25741536548586896,0.25741536548586935,0.25741536548586935,0.25741536548586935,-3.3357801616368055,0.25741536548586935,0.25741536548586935,0.25741536548586935,0.25741536548586935,0.25741536548586935,0.25741536548586935,0.25741536548586935,0.25741536548586935,0.2574153654850025,0.25741536548586896,0.25741536548586896,0.25741536548586896,0.25741536548586913,0.25741536548586935,0.2574153654858696,-3.3357801616368055,0.2574153654849654,0.25741536548586935,0.25741536548586935,0.25741536548586935,0.25741536548586935,0.25741536548586935,0.25741536548586935,0.25741536548586935,0.25741536548586935,0.25741536548586935,0.25741536548586924,0.25741536548586935,0.4609813941372493,0.25741536548586935,0.25741536548586935,0.25741536548589794,0.25741536548586974,0.2574153654859229,0.25741536548586935,0.2574153654859132,0.25741536548595767,0.25741536548586935,-1.1011098070837426,0.25741536548586935,0.2574153654859494,0.25741536548586935,0.25741536548594923,0.25741536548586935,0.25741536548586935,0.25741536548586935,0.25741536548595767,0.25741536548586935,0.25741536548586935,0.25741536548586935
fba_MarR,0.33033936568534633,0.25718278669930933,0.2571827866993095,0.27109310162296363,0.24267330839868667,0.2163017010330274,0.2163017010330274,0.24346993225665098,0.2163017010330275,0.5994830426977431,0.2163017010330274,0.24267330839868667,0.2163017010330274,0.2163017010330274,0.2163017010330274,0.2163017010330274,0.24346993225665098,-0.2291328018034889,-0.229132801803489,-0.1429697304897279,-0.4833736389398403,0.2163017010330274,-0.2562978690819086,-4.5952418302905205,-4.795109730256311,0.2163017010330274,0.2163017010330274,0.023118954400523348,0.2163017010330274,0.2163017010330274,0.2163017010330274,-4.656741322673374,-4.656741322673374,0.2163017010330274,0.08042100817209032,0.18886675012272142,0.1888667501227215,0.1888667501227215,0.17893479918826072,0.2163017010330274,0.13222037952610458,0.1886456172927694,0.3141467270875644,0.2163017010330274,0.2163017010330274,0.2163017010330274,0.17091119354462223,0.2163017010330274,0.2163017010330274,0.2163017010330274,-4.61313416781273,0.2163017010330274,-4.758517818908461,-0.09000482669102391,0.2163017010330274,0.21630170103302718,0.21630170103302718,0.21630170103302893,0.21630170103302726,0.21630170103302762,0.231357869983797,0.231357869983797,0.21630170103303176,0.2163017010330274,0.2163017010330274,0.2163017010330274,0.2163017010330274,0.2163017010330274,-0.47694430197385657,0.2163017010330251,0.21630170103302482,0.21630170103302718,0.21630170103302718,0.21630170103302718,0.2163017010330274,0.2163017010330274,0.2163017010330274,0.2163017010330274,0.2163017010330274,0.2163017010330274,0.2163017010330274,0.2163017010330274,0.2163017010330274,0.2163017010330274,0.2163017010330274,0.21630170103302482,0.2163017010330251,0.21630170103302718,0.21630170103302718,0.21630170103302718,0.2163017010330274,0.2163017010330274,0.2163017010330274,0.2163017010330274,0.2163017010330274,0.2163017010330274,0.2163017010330274,0.2163017010330274,0.2163017010330274,0.2163017010330274,0.2163017010330274,0.2163017010330251,0.21630170103302482,0.21630170103302718,0.2163017010330274,0.21630170103302718,0.2163017010330274,0.2163017010330274,0.2163017010330274,0.2163017010330274,0.2163017010330274,0.2163017010330274,0.2163017010330274,0.2163017010330274,0.2163017010330274,0.2163017010330274,0.2163017010330274,0.2163017010330274,0.23048986935713842,0.2163017010330274,0.2163017010330274,0.2163017010330274,0.2163017010330274,0.21630170103301175,0.216301701033028,0.23969495805794908,0.2163017010330274,0.2163017010330036,0.21630170103298005,0.2163017010330274,1.8729833287416457,0.2163017010330274,0.2708141991262712,0.2163017010330274,0.2708141991262713,0.2163017010330274,0.2163017010330274,0.2163017010330274,0.21630170103297985,0.23048986935713842,0.2163017010330274,0.21630170103302726
fba_Mlc,0.23199678980566021,0.38390693104553825,0.3839069310455379,0.23934085824052606,0.22161085081917423,0.2068768058869568,0.2068768058869568,0.22292053166569206,0.2068768058869573,0.2068768058869568,0.2068768058869568,0.22161085081917395,0.2068768058869568,0.2068768058869568,0.2068768058869568,0.2068768058869568,0.22292053166569206,0.17921212358387253,0.17921212358387237,0.24357937782426153,0.2531905626015025,0.2068768058869568,0.24790963846254954,0.26003257470462393,0.2068768058869568,0.2068768058869568,0.2068768058869568,0.23321234220672038,0.2068768058869568,0.2068768058869568,0.2068768058869568,-4.655263568821717,-4.655263568821717,-5.910654001511742,0.1647800943416543,0.1647800943416543,0.16478009434165414,0.1981432914122064,0.17971237528339598,0.2068768058869568,1.8029129068938248,0.16393480347040185,0.17545579657060328,0.2068768058869568,0.2068768058869568,0.2068768058869568,0.2068768058869568,0.2068768058869568,0.2068768058869568,0.2068768058869568,-4.494288842371509,0.2068768058869568,-3.9224344997597504,0.12068388864683448,0.20687680588695637,0.20687680588695656,0.20687680588695637,0.20687680588695623,0.2068768058869568,0.2068768058869568,0.20720173932413122,0.20720173932413122,0.2068768058869533,0.2068768058869568,0.2068768058869568,0.2068768058869568,0.2068768058869568,0.2068768058869568,0.2068768058869568,0.20687680588695637,0.20687680588695637,0.20687680588695662,0.20687680588695662,0.2068768058869568,0.20687680588695712,0.20687680588695712,0.2068768058851478,0.2068768058869568,0.2068768058869568,0.2068768058869568,0.2068768058869568,0.2068768058869568,0.2068768058869568,0.2068768058869568,0.2068768058869568,0.20687680588695662,0.20687680588695662,0.20687680588695662,0.20687680588695662,0.2068768058869568,0.20687680588695712,0.20687680588695712,0.2068768058869568,0.2068768058869568,0.2068768058869568,0.2068768058869568,0.2068768058869568,0.2068768058869568,0.2068768058869568,0.2068768058869568,0.20687680588474516,0.20687680588695637,0.20687680588695637,0.20687680588695662,0.20687680588695662,0.2068768058869568,0.20687680588695712,0.20687680588695712,0.2068768058869568,0.2068768058869568,0.2068768058869568,0.2068768058869568,0.2068768058869568,0.2068768058869568,0.2068768058869568,0.2068768058869568,0.2068768058869568,0.2068768058869568,0.2068768058869568,0.2068768058869568,-0.04215238141941275,0.2068768058869568,0.2068768058869568,0.20687680588696164,0.20687680588695626,0.20737720084340605,0.2068768058869568,0.20687680588696267,0.20687680588696916,-3.7872886373885297,-2.1522563131268053,0.20687680588695623,0.20800507611320998,0.2068768058869568,0.2080050761132101,0.2068768058869568,0.20687680588695623,0.2068768058869568,0.20687680588696916,0.2068768058869567,0.2068768058869568,0.2068768058869568
fba_ModE,0.328103300094543,0.604344114194643,0.6043441141946427,0.29924306278765694,0.27653609162831455,0.25700125703675314,0.25700125703675314,0.2665893219729247,0.2570012570367532,0.25700125703675314,0.25700125703675314,0.27653609162831455,0.25700125703675314,0.25700125703675314,0.25700125703675314,0.25700125703675314,0.26658932197292495,0.13965171994857123,0.13965171994857117,0.2080744166909775,0.19337546132662406,0.25700125703675314,0.20156249535346477,0.1823427424935235,0.25700125703675314,0.25700125703675314,0.25700125703675314,0.2229760779489848,0.25700125703675314,0.25700125703675314,0.25700125703675314,-3.7789993456514,-3.7789993456514,0.25700125703675314,0.5656217699144287,0.5656217699144289,0.5656217699144287,0.8956436994328127,0.25700125703675314,-3.5051769322077515,0.685102445555723,0.5681872631069153,0.4784141870385329,0.25700125703675314,0.25700125703675314,0.25700125703675314,0.25700125703675314,0.25700125703675314,0.25700125703675314,0.25700125703675314,-3.719954257809988,0.25700125703675314,-3.443950269202793,0.2810518567369292,0.25700125703675314,0.25700125703675314,0.25700125703675314,0.25700125703675264,0.2570012570367532,0.2570012570367532,0.3904753199790358,0.3904753199790359,0.2570012570367512,0.25700125703675314,0.25700125703675314,0.25700125703675314,0.25700125703675314,0.2570012570367533,1.1497557823268252,0.2570012570367528,0.2570012570367528,0.2570012570367528,-0.05785342250815606,-0.05785342250815606,0.032377643242047054,-3.2728759992191865,0.25700125703675314,0.25700125703675314,0.25700125703675314,0.25700125703675314,0.25700125703675314,0.25700125703675314,0.25700125703675314,0.25700125703675314,0.25700125703675314,0.2570012570367528,0.2570012570367528,0.2570012570367528,-0.05785342250815606,-0.05785342250815606,0.032377643242047054,-3.2728759992191865,0.25700125703675314,0.25700125703675314,0.25700125703675314,0.25700125703675314,0.25700125703675314,0.25700125703675314,0.25700125703675314,0.25700125703675314,0.25700125703666477,0.2570012570367528,0.2570012570367526,0.2570012570367528,-0.05785342250815606,-0.05785342250815606,0.032377643242047054,-3.2728759992191865,0.25700125703675314,0.25700125703675314,0.25700125703675314,0.25700125703675314,0.25700125703675314,0.25700125703675314,0.25700125703675314,0.25700125703675314,0.25700125703675314,0.25700125703675314,0.2570012570367533,0.25700125703675314,0.05702241111563308,0.25700125703675425,0.25700125703675314,0.25700125703676374,0.25700125703675225,0.449051091120923,0.25700125703675314,0.25700125703677107,0.25700125703678933,-3.9072366448430804,-3.9073918284605034,0.2570012570367539,0.47862129203444564,0.25700125703675314,0.47862129203444576,0.25700125703675314,0.2570012570367539,0.25700125703675314,0.2570012570367895,0.2570012570367533,0.25700125703675314,0.25700125703675314
fba_NagC,0.412642778786594,0.23038484475758672,0.2303848447575869,0.23156453391576062,0.18473633184410668,0.14291395856228334,0.14291395856228334,0.18823711529457865,0.14291395856228334,-0.41857236663240804,0.14291395856228334,0.18473633184410668,0.14291395856228334,0.14291395856228334,0.14291395856228334,0.14291395856228334,0.18823711529457865,-0.48489628171436394,-0.48489628171436394,-0.4492242993891256,-0.8656948052397799,0.14291395856228334,-0.5955634887942551,-5.06896987749512,-0.5955634887942551,0.14291395856228334,0.14291395856228334,-0.21013849137902377,0.14291395856228334,0.14291395856228334,0.14291395856228334,-4.5648913287041415,-4.564891328798547,-5.922810590129713,0.44980352748253877,0.44980352748253877,0.44980352748253855,0.44980352748254004,0.7679836078694111,0.14291395856228334,1.7904140406345985,0.45440093366003936,0.4534278434124173,0.14291395856228334,0.14291395856228334,0.14291395856228334,0.14291395856228334,0.14291395856228334,0.14291395856228334,0.14291395856228334,-4.782807832942407,0.14291395856228334,0.14291395856228334,0.031041676276057296,0.14291395856228334,0.1429139585622831,0.1429139585622831,0.1429139585622817,0.14291395856228317,0.14291395856228353,0.14291395856225794,0.14291395856225794,0.14291395856227693,0.14291395856228334,0.14291395856228334,0.14291395856228334,0.14291395856228334,0.14291395856228353,-1.1125916828483642,0.41782645986723266,0.41782645986723266,0.4178264598672329,0.4178264598672329,0.41782645986723316,0.3043443253593741,0.9771399638703052,0.14291395856228334,0.14291395856228334,0.14291395856228334,0.14291395856228334,0.14291395856228334,0.14291395856228334,0.14291395856228334,0.14291395856228334,0.14291395856228334,0.41782645986723266,0.41782645986723266,0.4178264598672329,0.4178264598672329,0.41782645986723316,0.30434432535937367,0.9771399638703052,0.14291395856228334,0.14291395856228334,0.14291395856228334,0.14291395856228334,0.14291395856228334,0.14291395856228334,0.14291395856228334,0.14291395856228334,0.14291395856228334,0.41782645986723266,0.41782645986723266,0.4178264598672329,0.4178264598672329,0.41782645986723316,0.30434432535937367,0.9771399638703052,0.14291395856228334,0.14291395856228334,0.14291395856228334,0.14291395856228334,0.14291395856228334,0.14291395856228334,0.14291395856228334,0.14291395856228334,0.14291395856228334,0.14291395856228334,0.14291395856228373,0.14291395856228334,0.14291395856228353,0.14291395856228334,0.14291395856228334,0.14291395856226516,0.14291395856228445,0.14291395856224573,0.14291395856228334,0.14291395856225436,0.14291395856222527,0.14291395856228334,0.14291395855790281,0.14291395856228384,0.142913958562231,0.14291395856228334,0.14291395856223088,0.14291395856228334,0.14291395856228384,0.14291395856228334,0.14291395856222547,0.14291395856228373,0.14291395856228334,0.14291395856228317
fba_NarP,0.30929965677778537,0.2949779142945487,0.29497791429454884,0.2956861366091591,0.26560470254446533,0.2406080173913679,0.2406080173913679,0.26757787625192353,0.24060801739136806,0.5729239988250879,0.2406080173913679,0.2656047025444653,0.2406080173913679,0.2406080173913679,0.2406080173913679,0.2406080173913679,0.26757255915583916,0.14415723838929786,0.14415723838929775,0.24659362386098677,0.24832221279123512,0.2406080173913679,0.24736346990994443,0.249597968436361,0.24736346990994448,0.2406080173913679,0.2406080173913679,0.24480792439340363,0.2406080173913679,0.2406080173913679,0.2406080173913679,-3.9386952047479524,-3.938695204525072,0.4091738268949263,0.7199309361815907,0.3861101746367309,0.38611017463673114,0.4600317659153092,0.2406080173913679,-3.516362273873302,0.7600217605012923,0.6413405133606457,0.5570563901694591,0.2406080173913679,0.2406080173913679,0.2406080173913679,0.2406080173913679,0.2406080173913679,0.2406080173913679,0.2406080173913679,-3.6016597498796017,0.2406080173913679,-3.133540010560355,0.059680899978070245,0.24060801739136659,0.24060801739136659,0.24060801739136659,0.2406080173913692,0.2406080173913679,0.2406080173913679,0.2401922266316357,0.24019222663163578,0.24060801739137253,0.2406080173913679,0.2406080173913679,0.2406080173913679,0.2406080173913679,0.24060801739136806,-0.2467877060449541,0.2406080173913677,0.2406080173913679,0.2406080173913679,0.2406080173913679,0.2406080173913679,0.2406080173913679,0.2406080173913679,0.2406080173913679,0.2406080173913679,0.2406080173913679,0.2406080173913679,0.2406080173913679,0.2406080173913679,0.2406080173913679,0.2406080173913679,0.2406080173913679,0.2406080173913679,0.2406080173913679,0.2406080173913677,0.2406080173913679,0.2406080173913679,0.2406080173913679,0.2406080173913679,0.2406080173913679,0.2406080173913679,0.2406080173913679,0.2406080173913679,0.2406080173913679,0.2406080173913679,0.2406080173913679,0.2406080173913679,0.2406080173913679,0.2406080173913679,0.2406080173913677,0.2406080173913679,0.2406080173913679,0.2406080173913679,0.2406080173913679,0.2406080173913679,0.2406080173913679,0.2406080173913679,0.2406080173913679,0.2406080173913679,0.2406080173913679,0.2406080173913679,0.2406080173913679,0.2406080173913679,0.2406080173913679,0.2406080173913679,-4.485118335964943,0.2406080173913679,0.2406080173913679,0.24060801739136675,0.2406080173913679,0.2406080173913761,0.24060801739138205,0.23996802198890413,0.2406080173913679,0.24060801739138482,0.2406080173914018,-3.571322343681526,-3.5717241509736115,0.2406080173913591,0.2406080173913983,0.2406080173913679,0.24060801739139823,0.2406080173913679,0.2406080173913591,0.2406080173913679,0.24060801739140206,-4.485118335964943,0.2406080173913679,0.24060801739136028
fba_NsrR,0.15414011894678975,0.22127340990572794,0.22127340990572794,0.2134064472301495,0.217400335835596,0.22127340990572794,0.22127340990572794,0.21809821706201327,0.22127340990572794,0.13876304059636577,0.22127340990572794,0.21740033583559593,0.22127340990572794,0.22127340990572794,0.22127340990572794,0.22127340990572794,0.21809240740330013,0.8215805209076079,0.8215805209076077,0.22127340990572794,0.22127340990572794,0.22127340990572794,0.22127340990572794,0.22127340990572794,0.22127340990572794,0.22127340990572794,-4.294147474234637,0.5648347232203359,-3.7090398582946658,-4.168755691424035,-3.7090398582946658,-4.230799137326173,-4.230799137326173,0.2744635355894193,0.3546197968285703,0.3546197968285703,0.3546197968285701,0.3546197968285703,0.38039741732608867,0.22127340990572794,0.4009135376137816,0.3552718842970335,0.39035342098528947,0.22127340990572794,0.22127340990572794,0.22127340990572794,0.39703446723639735,0.22127340990572794,0.22127340990572794,0.22127340990572794,-4.111307244909875,0.22127340990572794,-4.057532309481952,0.10211010060739882,0.22127340990573327,0.22127340990573355,0.22127340990573327,0.22127340990572805,0.22127340990572794,0.22127340990572794,0.20761770093806386,0.20761770093806367,0.22127340990572836,0.22127340990572794,0.22127340990572794,0.22127340990572794,0.22127340990572794,0.22127340990572794,-0.23845519417716327,0.22127340990572722,0.22127340990572722,0.2212734099057275,0.2212734099057275,0.22127340990572775,0.22127340990572764,0.5540113885911817,0.22127340990572794,0.22127340990572794,0.22127340990572794,0.22127340990572794,0.22127340990572794,0.22127340990572794,0.22127340990572794,0.22127340990572794,0.22127340990403024,0.22127340990572722,0.22127340990572722,0.2212734099057275,0.22127340990572775,0.22127340990572775,0.22127340990572794,0.5540113885911817,0.2212734099046902,0.22127340990572794,0.22127340990572794,0.22127340990572794,0.22127340990572794,0.22127340990572794,0.22127340990572794,0.22127340990572794,0.22127340990572794,0.22127340990572722,0.22127340990572722,0.2212734099057275,0.2212734099057275,0.22127340990572775,0.22127340990572764,0.5540113885911817,0.2212734099046902,0.22127340990572794,0.22127340990572794,0.22127340990572794,0.22127340990572794,0.22127340990572794,0.22127340990572794,0.22127340990572794,0.22127340990572794,0.22127340990572794,0.22127340990572794,0.22127340990572794,-0.012434923862798286,0.22127340990572794,0.22127340990572794,0.22127340990575453,0.22127340990572852,0.20042515978658598,0.22127340990572794,0.16786125281494468,0.22127340990581035,0.22127340990572794,0.2212734098792466,0.22127340990576894,0.22127340990580177,0.22127340990572794,0.22127340990580188,0.22127340990572794,0.22127340990576894,0.22127340990572794,0.22127340990581035,0.22127340990572794,0.22127340990572794,0.22127340990572794
fba_NtrC,0.4036413053418436,-3.5830126233739534,-3.5830126233739534,0.31445116448979193,0.31670618129186934,0.3185084354702825,0.3185084354702825,0.3174014787943904,0.31850843547028246,0.3185084354702825,0.3185084354702825,0.31670618129186934,0.3185084354702825,0.3185084354702825,0.3185084354702825,0.3185084354702825,0.3173964327369043,0.18032451837282348,0.18032451837282337,0.23026073274534817,-0.2934518643636175,0.3185084354702825,-0.12048958974612074,-3.08484351086145,-3.1674453939761578,0.3185084354702825,0.3185084354702825,0.42762610434063814,0.3185084354702825,0.3185084354702825,0.3185084354702825,-3.011070623545493,-3.011070623545493,0.3185084354702825,0.5999920215781979,0.5999920215781979,0.5999920215781979,0.8222853337055591,0.3185084354702825,-2.8259026540200005,0.6590774079737581,0.6026883254303131,0.511308143872932,0.3185084354702825,0.3185084354702825,0.3185084354702825,0.3185084354702825,0.3185084354702825,0.3185084354702825,0.3185084354702825,-2.8805348638234993,0.3185084354702825,-2.7315200354434417,0.33327101025193473,0.3185084354702825,0.31850843547028235,0.31850843547028235,0.31850843547028174,0.3185084354702825,0.3185084354702825,0.30843720260201213,0.308437202602012,0.31850843547027907,0.3185084354702825,0.31850843547028235,0.3185084354702825,0.3185084354702825,0.3185084354702825,0.7822298994567705,0.31850843547028235,0.31850843547028235,0.31850843547028235,0.3185084354702825,0.3185084354702825,0.3185084354702827,-2.6320798758661805,0.3185084354702825,0.3185084354702825,0.3185084354702825,0.3185084354702825,0.3185084354702825,0.3185084354702825,0.3185084354702825,0.3185084354702825,0.3185084354702825,0.31850843547028235,0.31850843547028235,0.31850843547028235,0.3185084354702825,0.3185084354702825,0.3185084354702827,-2.6320798758661805,0.3185084354702825,0.3185084354702825,0.3185084354702825,0.3185084354702825,0.3185084354702825,0.3185084354702825,0.3185084354702825,0.3185084354702825,0.3185084354702825,0.31850843547028235,0.31850843547028235,0.31850843547028235,0.3185084354702825,0.3185084354702825,0.3185084354702827,-2.6320798758661805,0.3185084354702825,0.3185084354702825,0.3185084354702825,0.3185084354702825,0.3185084354702825,0.3185084354702825,0.3185084354702825,0.3185084354702825,0.3185084354702825,0.3185084354702825,0.31850843547028257,0.3185084354702825,0.15165400765337847,0.3185084354702825,0.3185084354702825,0.3185084354702802,0.3185084354702822,0.30286043171544147,0.3185084354702825,0.31850843547027985,0.318508435470277,-3.0659552280514313,-3.0659552280514313,0.3185084354702825,0.28204442974953003,0.3185084354702825,0.28204442974953003,0.3185084354702825,0.3185084354702825,0.3185084354702825,0.31850843547027713,0.31850843547028257,0.3185084354702825,0.3185084354702824
fba_OgrK,-4.521863097866793,-0.3652676730954205,-0.3652676730954205,-0.032877331444260804,0.13966213421280016,0.22967178539232275,0.22967178539232275,0.13289466874147154,-4.751587882698292,0.7106215999022716,0.22967178539232275,0.13966213421280016,0.22967178539232275,0.22967178539232275,0.22967178539232275,0.22967178539232275,0.1328874489176721,-0.45991135157529267,-0.4599113515752929,0.5381528909255467,0.6029120637198498,0.22967178539232275,0.5677942279898498,0.6470351393828142,0.22967178539232275,0.22967178539232275,0.22967178539232275,0.46324076473320175,0.22967178539232275,0.22967178539232275,0.22967178539232275,0.5381773241513339,0.5381773241513338,-4.755760258031314,0.4528340894286398,0.4528340894286364,0.4528340894286363,0.6940430931873466,0.22967178539232275,-3.512597180605425,0.6001451458591948,0.4554832547022649,0.3996240840437583,0.22967178539232275,0.22967178539232275,0.22967178539232275,0.22967178539232275,0.22967178539232275,0.22967178539232275,0.22967178539232275,-3.4584126167395395,0.22967178539232275,-3.597736100542883,0.2149567837965911,0.22967178539232275,0.22967178539232275,0.22967178539232275,0.22967178539232322,0.22967178539232275,0.22967178539232275,0.21750720030830953,0.2175072003083093,0.22967178539232488,0.22967178539232275,0.22967178539232275,0.22967178539232275,0.229671785392323,0.229671785392323,0.22967178539232275,0.2296717853923225,0.2296717853923225,0.2296717853923225,0.2296717853923225,0.22967178539232275,0.22967178539232275,0.22967178539232275,0.22967178539232275,0.22967178539232275,0.22967178539232275,0.22967178539232275,0.22967178539232275,0.22967178539232275,0.22967178539232275,0.22967178539232275,0.22967178539232275,0.2296717853923225,0.2296717853923225,0.2296717853923225,0.2296717853923225,0.2296717853923225,0.22967178539232275,0.22967178539232275,0.22967178539232275,0.22967178539232275,0.22967178539232275,0.22967178539232275,0.22967178539232275,0.22967178539232275,0.22967178539232275,0.22967178539232275,0.22967178539232275,0.2296717853923225,0.2296717853923225,0.2296717853923225,0.2296717853923225,0.22967178539232275,0.22967178539232275,0.22967178539232275,0.22967178539232275,0.22967178539232275,0.22967178539232275,0.22967178539232275,0.22967178539232275,0.22967178539232275,0.22967178539232275,0.22967178539232275,0.22967178539232275,0.22967178539232275,0.22967178539232164,0.22967178539232275,0.22967178539232258,0.2296717853923214,0.22967178539232275,0.22967178539230876,0.22967178539232275,0.21077128959616517,0.22967178539232275,0.22967178539230687,0.22967178539227756,-3.747844230776746,-3.747844230776746,0.22967178539232128,0.18562862844659517,0.22967178539232275,0.18562862844659508,0.22967178539232275,0.22967178539232128,0.22967178539232275,0.22967178539227756,0.22967178539232164,0.22967178539232275,0.22967178539232258
fba_OmpR,0.004566667357734332,-4.172162137956461,-4.172162137956461,0.02347672803897333,0.15376348798181272,0.24082828662674488,0.24082828662674488,0.14754198329651835,0.22991785764252376,-3.854790546710324,0.24082828662674488,0.15376348798181266,0.24082828662674488,0.24082828662674488,0.24082828662674488,0.24082828662674488,0.1475419832965183,0.8124878274614888,0.8124878274614886,0.24082828662674488,0.24082828662674488,0.24082828662674488,0.24082828662674488,0.24082828662674488,0.24082828662674488,0.24082828662674488,0.007540528769085932,0.3188045530601973,-2.8104014433130278,0.10388813953968316,1.388707258621841,0.7863064257418471,0.7863064257418471,0.24082828662674488,0.4130489930395922,0.23543025989002397,0.23543025989002397,0.2524287426547798,1.1124410291237579,0.24082828662674488,0.23463086902444866,0.23540989778870786,0.4891848314412417,0.24082828662674488,0.24082828662674488,0.24082828662674488,0.24082828662674488,0.24082828662674488,0.24082828662674488,0.24082828662674488,-3.108017288342627,0.24082828662674488,-3.383026619170172,0.13075922953905694,0.2408282866267447,0.2408282866267447,0.24082828662674488,0.24082828662674624,0.24082828662674477,0.24082828662674502,0.22998924110582633,0.22998924110582633,0.24082828662674938,0.24082828662674488,0.24082828662674488,0.24082828662674488,0.24082828662674488,0.24082828662674502,-0.11241867011592781,0.24082828662674458,0.24082828662674471,0.24082828662674471,0.24082828662674488,0.24082828662674488,0.24082828662674488,0.4964968679873011,0.24082828662674488,0.24082828662674488,0.24082828662674488,0.24082828662674488,0.24082828662674488,0.24082828662674488,0.24082828662674488,0.24082828662674488,0.24082828662674488,0.24082828662674471,0.24082828662674458,0.24082828662674471,0.24082828662674488,0.24082828662674488,0.24082828662674488,0.4964968679873017,0.24082828662674488,0.24082828662674488,0.24082828662674488,0.24082828662674488,0.24082828662674488,0.24082828662674488,0.24082828662674488,0.24082828662674488,0.24082828662674488,0.24082828662674458,0.24082828662674471,0.24082828662674471,0.24082828662674488,0.24082828662674488,0.24082828662674488,0.4964968679873011,0.24082828662674488,0.24082828662674488,0.24082828662674488,0.24082828662674488,0.24082828662674488,0.24082828662674488,0.24082828662674488,0.24082828662674488,0.24082828662674488,0.24082828662674488,-3.938429510583274,0.24082828662674488,0.24082828662674502,0.24082828662674488,0.24082828662674488,0.24082828662674075,0.24082828662674532,0.2239873107712813,0.24082828662674488,0.24082828662673822,0.24082828662673153,-3.0720758004776356,-3.0725770878027188,0.24082828662674452,0.20158434281717702,0.24082828662674488,0.20158434281717716,0.24082828662674488,0.24082828662674569,0.24082828662674488,0.24082828662673153,-3.938429510583274,0.24082828662674488,0.24082828662674502
fba_OxyR,0.30625319245460375,0.4037303656230027,0.40373036562300263,0.18921065459623124,0.22007487454971714,0.24347450293796535,0.24347450293796535,0.21930552504734557,0.24347450293796513,0.24347450293796535,0.24347450293796535,0.22007487454971714,0.24347450293796535,0.24347450293796535,0.24347450293796535,0.24347450293796535,0.21930552504734557,0.15401880629691453,0.15401880629691442,0.22544274133713205,-0.60777306922867,0.24347450293796535,-0.36825255757128356,-4.431317483997003,-0.36825255757128356,0.24347450293796535,0.24347450293796535,0.5103354298162603,0.24347450293796535,0.24347450293796535,0.24347450293796535,-4.343331979422741,-4.343331979399456,0.24347450293796535,0.45561648047456,0.45561648047456,0.4556164804745599,0.7152604215982177,0.24347450293796535,-4.066367180958261,0.6163317729110427,0.4583588826421315,0.32750465318120414,0.24347450293796535,0.24347450293796535,0.24347450293796535,0.24347450293796535,0.24347450293796535,0.24347450293796535,0.24347450293796535,-4.291246237220399,0.24347450293796535,-3.665545389923466,0.21843101938387027,0.24347450293796513,0.2434745029379649,0.24347450293796513,0.243474502937964,0.24347450293796535,0.24347450293796535,0.22957238159106785,0.22957238159106774,0.24347450293795955,0.24347450293796535,0.24347450293796535,0.24347450293796535,0.24347450293796535,0.24347450293796535,0.24347450293796535,0.24347450293796463,0.24347450293796463,0.24347450293796494,0.24347450293796494,0.24347450293796513,0.24347450293796535,0.24347450293796535,0.24347450293796535,0.24347450293796535,0.24347450293796535,0.24347450293796535,0.24347450293796535,0.24347450293796535,0.24347450293796535,0.24347450293796535,0.24347450293796535,0.24347450293796494,0.24347450293796494,0.24347450293796494,0.24347450293796494,0.24347450293796513,0.24347450293796535,0.24347450293796535,0.24347450293796535,0.24347450293796535,0.24347450293796535,0.24347450293796535,0.24347450293796535,0.24347450293796535,0.24347450293796535,0.24347450293796535,0.24347450293796535,0.24347450293796463,0.24347450293796463,0.24347450293796494,0.24347450293796494,0.24347450293796513,0.24347450293796535,0.24347450293796535,0.24347450293796535,0.24347450293796535,0.24347450293796535,0.24347450293796535,0.24347450293796535,0.24347450293796535,0.24347450293796535,0.24347450293796535,0.24347450293796535,0.24347450293796535,0.24347450293796555,0.24347450293796535,0.013152328887131613,0.24347450293796535,0.24347450293796535,0.24347450293796638,0.24347450293796535,0.22187433188260428,0.24347450293796535,0.243474502937966,0.24347450293796674,-4.3011526769240245,-2.7869412253296963,0.2434745029379648,0.19314037636486606,0.24347450293796535,0.19314037636486606,0.24347450293796535,0.2434745029379648,0.24347450293796535,0.24347450293796657,0.24347450293796555,0.24347450293796535,0.24347450293796535
fba_PdhR,0.21471254331668213,0.08824769321236578,0.08824769321236585,0.20073934691079176,0.18740118605155145,0.17589381119483694,0.17589381119483694,0.18822250961040257,0.17589381119483702,-5.289895129402235,0.17589381119483694,0.18740118605155134,0.17589381119483694,0.17589381119483694,0.17589381119483694,0.17589381119483694,0.18822250961040235,0.031221016033737826,0.031221016033737826,-0.0008470204693201511,-4.199378740109686,0.17589381119483694,-0.13057309543298665,0.17589381119483694,0.17589381119483694,0.17589381119483694,0.17589381119483694,0.10662349120283802,0.17589381119483694,0.17589381119483694,0.17589381119483694,0.05682121804276699,0.05682121804276687,0.17589381119483694,0.2647378283545023,0.26473782835450244,0.26473782835450227,0.26473782835450227,-5.2531846862264855,0.17589381119483694,0.03454041582389091,0.06688084736923283,0.08627341479455324,0.17589381119483694,0.17589381119483694,0.17589381119483694,-5.1931488044221235,0.17589381119483694,0.17589381119483694,0.17589381119483694,-3.9945900385202524,0.17589381119483694,-3.968863910727471,0.3646083987032675,0.17589381119483724,0.17589381119483694,0.17589381119483694,0.17589381119483494,0.17589381119483694,0.17589381119483694,0.17589381119480535,0.17589381119480532,0.17589381119482903,0.17589381119483694,0.17589381119483663,0.17589381119483669,0.17589381119483694,0.17589381119483694,-1.135414001839978,0.5566181514259922,0.5566181514259922,0.5566181514259931,0.5566181514259931,0.5566181514259931,0.4475099656016559,0.17589381119483694,0.17589381119264108,0.17589381119483694,0.17589381119483694,0.17589381119483694,0.17589381119483694,0.17589381119483694,0.17589381119483694,0.17589381119483694,0.17589381119483694,0.5566181514259922,0.5566181514259922,0.5566181514259931,0.5566181514259931,0.5566181514259932,0.4475099656016559,0.17589381119483694,0.17589381119483694,0.17589381119483694,0.17589381119483694,0.17589381119483694,0.17589381119483694,0.17589381119483694,0.17589381119483694,0.17589381119483694,0.17589381119268935,0.5566181514259922,0.5566181514259922,0.5566181514259931,0.5566181514259931,0.5566181514259931,0.4475099656016559,0.17589381119483694,0.17589381119483694,0.17589381119483694,0.17589381119483694,0.17589381119483694,0.17589381119483694,0.17589381119483694,0.17589381119483694,0.17589381119483694,0.17589381119483694,0.17589381119483694,0.17589381119483702,0.17589381119483694,-0.06592295894591037,0.17589381119483694,0.17589381119483694,0.17589381119481243,0.1758938111948358,0.17589381119479044,0.17589381119483694,0.1206285705404611,0.17589381119476008,0.17589381119483694,0.17589381119483694,0.17589381119483583,0.17589381119476816,0.17589381119483694,0.17589381119476827,0.17589381119483694,0.17589381119483583,0.17589381119483694,0.17589381119476008,0.17589381119483713,0.17589381119483694,0.17589381119483613
fba_PerR,0.25852173439282017,0.15924430698082767,0.15924430698082728,0.2295932179682438,0.23860684176354496,0.2603366263834906,0.2603366263834906,0.23687471728812656,0.24680407422607298,0.0942327999933717,0.2603366263834906,0.23860684176354496,0.2603366263834906,0.2603366263834906,0.2603366263834906,0.2603366263834906,0.23687471728812662,0.23603101351072672,0.23603101351072658,0.18492317832925206,0.16407952032043105,0.2603366263834906,0.17559501415212223,0.14892138940512062,-4.374790606574088,0.2603366263834906,0.2603366263834906,0.20686002306092946,0.2603366263834906,0.2603366263834906,0.2603366263834906,0.39044773118148357,0.39044773118148374,-4.812799325573509,0.009534671530426506,0.009534671530426506,0.009534671530426413,0.09859661254218481,-3.879558696009683,0.2603366263834906,-4.106308381563569,-0.15315714125173718,-0.11505210293051218,0.2603366263834906,0.2603366263834906,0.2603366263834906,0.2603366263834906,0.2603366263834906,0.2603366263834906,0.2603366263834906,-3.9576961302916853,0.2603366263834906,-3.910851530585336,0.20532580576709206,0.26033662638349087,0.26033662638349087,0.26033662638349103,0.2603366263834902,0.2603366263834906,0.2603366263834906,0.25938294861411,0.25938294861411,0.260336626383489,0.2603366263834906,0.2603366263834906,0.2603366263834906,0.2603366263834906,0.2603366263834906,0.2175245266074855,0.26033662638348987,0.26033662638349014,0.26033662638349014,0.26033662638349014,0.26033662638349014,0.2603366263834906,0.3272006848036583,0.2603366263834906,0.2603366263834906,0.2603366263834906,0.2603366263834906,0.2603366263834906,0.2603366263834906,0.2603366263834906,0.2603366263834906,0.2603366263834906,0.26033662638349014,0.26033662638349014,0.26033662638348987,0.26033662638349014,0.2603366263834903,0.2603366263834906,0.3272006848036583,0.2603366263834906,0.2603366263834906,0.2603366263834906,0.2603366263834906,0.2603366263834906,0.2603366263834906,0.2603366263834906,0.2603366263834906,0.2603366263834906,0.26033662638349014,0.26033662638349014,0.26033662638349014,0.26033662638349014,0.2603366263834903,0.2603366263834906,0.3272006848036583,0.2603366263834906,0.2603366263834906,0.2603366263834906,0.2603366263834906,0.2603366263834906,0.2603366263834906,0.2603366263834906,0.2603366263834906,0.2603366263834906,0.2603366263834906,0.26033662638349075,0.2603366263834906,0.26033662638349075,0.2603366263834906,0.2603366263834906,0.26033662638350963,0.2603366263834911,0.25884216101248153,0.2603366263834906,0.26033662638351995,0.26033662638354993,-3.7603441612261825,-3.7610386971537193,0.2603366263834906,0.25853475786839664,0.2603366263834906,0.2585347578683965,0.2603366263834906,0.2603366263834906,0.2603366263834906,0.2603366263835501,0.26033662638349075,0.2603366263834906,0.2603366263834906
fba_Pgi,0.24592080469763294,1.2715684403000256,1.2715684403000256,0.34550831943423105,0.2903921107536121,0.24592080469763294,0.24592080469763294,0.2119943005169335,0.011911301174670475,0.6678385687083185,0.24592080469763294,0.2903921107536121,0.24592080469763294,0.24592080469763294,0.24592080469763294,0.24592080469763294,0.21199430051693335,0.011911301174670336,0.011911301174670392,0.14004877758449732,0.09914698858166167,0.24592080469763294,0.12259941037173662,0.06445488447724516,0.12259941037173668,0.24592080469763294,0.24592080469763294,0.17654321681991955,0.24592080469763294,0.24592080469763294,0.24592080469763294,-3.766006875283485,-3.766006875283485,-0.14762347551609212,-0.21716685756912704,-0.28647307550287926,-0.2864730755028795,0.10226134656016739,-3.2699439524046063,0.24592080469763294,-0.6461269803955808,-0.2950117433987352,-4.242856247849714,0.24592080469763294,0.24592080469763294,0.24592080469763294,0.24592080469763294,0.24592080469763294,0.24592080469763294,0.24592080469763294,-3.8118507257794674,0.24592080469763294,0.24592080469763294,0.45872163891860307,0.24592080469763267,0.24592080469763267,0.24592080469763267,0.24592080469763375,0.24592080469763294,0.24592080469763294,0.6820351458370311,0.6820351458370311,0.24592080469763566,0.24592080469763294,0.24592080469763294,0.24592080469763328,0.24592080469763294,0.24592080469763294,0.24592080469763247,0.2459208046976326,0.2459208046976326,0.2459208046976326,0.2459208046976326,0.2459208046976326,0.24592080469763256,0.24592080469763294,0.24592080469763294,0.24592080469763294,0.24592080469763294,0.24592080469763294,0.24592080469763294,0.24592080469763294,0.24592080469763294,0.24592080469763294,0.24592080469763294,0.2459208046976326,0.24592080469763233,0.24592080469763233,0.2459208046976326,0.2459208046976326,0.24592080469763294,0.24592080469763203,0.24592080469763294,0.24592080469763294,0.24592080469763294,0.24592080469763294,0.24592080469763294,0.24592080469763294,0.24592080469763294,0.24592080469763294,0.24592080469763294,0.2459208046976326,0.2459208046976326,0.2459208046976326,0.2459208046976326,0.2459208046976326,0.24592080469763294,0.24592080469763203,0.24592080469763294,0.24592080469763294,0.24592080469763294,0.24592080469763294,0.24592080469763294,0.24592080469763294,0.24592080469763294,0.24592080469763294,0.24592080469763294,0.24592080469763294,-4.015961534330171,0.24592080469763294,0.24592080469763294,0.24592080469763095,0.24592080469763294,0.24592080469764105,0.24592080469763367,0.7979690201152106,0.24592080469763294,0.24592080469764868,0.24592080469766495,-3.9107434013627906,-2.7871320802981248,0.24592080469763294,1.0450450353342438,0.24592080469763294,1.045045035334244,0.24592080469763294,0.24592080469763294,0.24592080469763294,0.24592080469766528,-4.01596153433017,0.24592080469763294,0.24592080469763294
fba_PhoB,0.245057901469896,0.16734221189349732,0.1673422118934981,0.2645319440157755,0.23956928037676595,0.21908286242328723,0.21908286242328723,0.24139330860925168,0.21908286242328745,0.43582614672618225,0.21908286242328723,0.23956928037676595,0.21908286242328723,0.21908286242328723,0.21908286242328723,0.21908286242328723,0.24139330860925168,0.1907896503990304,0.1907896503990303,0.2871786094563411,0.30535972569826664,0.21908286242328723,0.2953502538572373,0.31840230055530255,-5.263318402060277,0.21908286242328723,0.21908286242328723,0.26774025132176255,0.21908286242328723,0.21908286242328723,0.21908286242328723,-5.116757215238177,-5.116757215238177,-1.359205317196996,0.13596551426541448,0.1359655142654144,0.13596551426541428,0.13596551426541434,-0.07144620055590734,0.21908286242328723,0.05596308518165097,0.13415215358538676,0.18527809367966042,0.21908286242328723,0.21908286242328723,0.21908286242328723,-3.6147667896464735,0.21908286242328723,0.21908286242328723,0.21908286242328723,-4.787427214909995,0.21908286242328723,-4.1676554386011535,0.11092478811808607,0.21908286242328776,0.21908286242328776,0.21908286242328776,0.2190828624232869,0.21908286242328723,0.21908286242328723,0.2194309227638892,0.2194309227638892,0.2190828624232849,0.21908286242328723,0.21908286242328723,0.21908286242328723,0.21908286242328723,0.21908286242328723,0.21908286242328723,0.2190828624232864,0.2190828624232864,0.2190828624232864,0.2190828624232867,0.219082862423287,0.21908286242328684,0.21908286242328684,0.21908286242280278,0.21908286242328723,0.21908286242328723,0.21908286242328723,0.21908286242328723,0.21908286242328723,0.21908286242328723,0.21908286242328723,0.21908286242328723,0.2190828624232864,0.2190828624232864,0.2190828624232864,0.2190828624232867,0.2190828624232867,0.21908286242328684,0.21908286242328723,0.21908286242328723,0.21908286242328723,0.21908286242328723,0.21908286242328723,0.21908286242328723,0.21908286242328723,0.21908286242328723,0.21908286242328723,0.219082862422695,0.2190828624232864,0.2190828624232864,0.2190828624232864,0.2190828624232867,0.219082862423287,0.21908286242328684,0.2190828624232865,0.21908286242328723,0.21908286242328723,0.21908286242328723,0.21908286242328723,0.21908286242328723,0.21908286242328723,0.21908286242328723,0.21908286242328723,0.21908286242328723,0.21908286242328723,0.21908286242328756,0.21908286242328723,0.48583629840506015,0.21908286242328723,0.21908286242328723,0.21908286242330532,0.21908286242328723,0.21961887243982192,0.21908286242328723,0.21908286242331387,0.2190828624233407,0.21908286242328723,0.2190828624235703,0.21908286242328723,0.22029143588448918,0.21908286242328723,0.22029143588448907,0.21908286242328723,0.21908286242328723,0.21908286242328723,0.21908286242334093,0.21908286242328756,0.21908286242328723,0.21908286242328723
fba_PrpR,0.2431542642470334,0.30568474881855684,0.30568474881855706,0.306678756959121,0.26422807653789326,0.22976892012208708,0.22976892012208708,0.2658155462020609,0.22976892012208705,0.12931008407262395,0.22976892012208708,0.26422807653789326,0.22976892012208708,0.22976892012208708,0.22976892012208708,0.22976892012208708,0.2658155462020607,0.20798459007089873,0.20798459007089962,0.3050380256744006,0.6151830500876033,0.22976892012208708,0.5456940028577265,0.7288819347175501,0.5456940028577265,0.22976892012208708,0.22976892012208708,0.11572540787984069,0.22976892012208708,0.22976892012208708,0.22976892012208708,-4.253953602815149,-4.253953602815149,0.23351294592448488,-0.17737479604382844,-0.17737479604382844,-0.17737479604382844,0.5476942723988873,0.22976892012208708,-3.910622331094277,-0.35054201911940075,-0.18093573406392932,-0.354244956191833,0.22976892012208708,0.22976892012208708,0.22976892012208708,0.22976892012208708,0.22976892012208708,0.22976892012208708,0.22976892012208708,-3.8376772682865665,0.22976892012208708,-4.44446623760656,0.22976892012208708,0.22976892012208747,0.22976892012208747,0.2297689201220876,0.22976892012208708,0.22976892012208708,0.22976892012208708,0.2431493526036586,0.2431493526036586,0.22976892012208672,0.22976892012208708,0.2297689201220868,0.22976892012208686,0.22976892012208686,0.22976892012208686,0.22976892012208708,0.22976892012208708,0.22976892012208708,0.22976892012208686,0.22976892012208708,0.22976892012208708,0.22976892012208708,0.22976892012208708,0.22976892012208708,0.22976892012208708,0.22976892012208708,0.22976892012208708,0.22976892012208708,0.22976892012208708,0.22976892012208708,0.22976892012208708,0.22976892012208708,0.22976892012208708,0.22976892012208708,0.22976892012208708,0.22976892012208708,0.22976892012208708,0.22976892012208708,0.22976892012208708,0.22976892012208708,0.22976892012208708,0.22976892012208708,0.22976892012208708,0.22976892012208708,0.22976892012208708,0.22976892012208708,0.22976892012208708,0.22976892012208708,0.22976892012208708,0.22976892012208708,0.22976892012208686,0.22976892012208708,0.22976892012208708,0.22976892012208708,0.22976892012208708,0.22976892012208708,0.22976892012208708,0.22976892012208708,0.22976892012208708,0.22976892012208708,0.22976892012208708,0.22976892012208708,0.22976892012208708,0.22976892012208708,0.22976892012208708,0.22976892012208708,0.22976892012208708,0.22976892012208708,0.22976892012208575,0.22976892012208708,0.22976892012205352,0.22976892012208708,0.25055852401318385,0.22976892012208708,0.22976892012203226,0.22976892012197556,-4.852222083719501,-4.852272704267035,0.2297689201220876,0.2782142075678674,0.22976892012208708,0.27821420756786724,0.22976892012208708,0.2297689201220876,0.22976892012208708,0.22976892012197556,0.22976892012208708,0.22976892012208708,0.22976892012208708
fba_PspC,0.3542714955984132,0.2606618351151197,0.26066183511511987,0.26701376086706063,0.27418436422333736,0.27947035328387254,0.27947035328387254,0.27375173980225,0.27947035328387254,0.0036827981677899006,0.27947035328387254,0.27418436422333736,0.27947035328387254,0.27947035328387254,0.27947035328387254,0.27947035328387254,0.2737465023902823,0.1667292531895593,0.16672925318955925,0.28249204765108393,-3.4884126957137083,0.27947035328387254,-0.35546454000886724,-3.208256090630184,-3.3134519657345733,0.27947035328387254,0.27947035328387254,0.5095486598403132,0.27947035328387254,0.27947035328387254,0.27947035328387254,-3.440671677651791,-3.440671677651791,0.27947035328387254,0.3586186886307693,0.3505065839666109,0.35050658396661083,0.7028013517126039,0.9977153626493044,0.27947035328387254,0.34092745654905915,0.35094097852500095,0.19520641585813828,0.27947035328387254,0.27947035328387254,0.27947035328387254,0.27947035328387254,0.27947035328387254,0.27947035328387254,0.27947035328387254,-3.0724274016453395,0.27947035328387254,-2.732896023637921,0.7645950323549361,0.27947035328387315,0.27947035328387315,0.27947035328387315,0.27947035328387376,0.27947035328387254,0.27947035328387254,0.27947035328387126,0.27947035328387126,0.2794703532838751,0.27947035328387254,0.27947035328387254,0.27947035328387254,0.27947035328387254,0.27947035328387254,0.2794703532838741,0.27947035328387215,0.27947035328387215,0.27947035328387215,0.27947035328387265,0.27947035328387254,0.2794703532838728,0.2794703532838716,0.2794703532825928,0.27947035328387254,0.27947035328387254,0.27947035328387254,0.27947035328387254,0.27947035328387254,0.27947035328387254,0.27947035328387254,0.27947035328387254,0.27947035328387215,0.27947035328387215,0.2794703532838724,0.27947035328387254,0.27947035328387254,0.2794703532838728,0.2794703532838716,0.27947035328387254,0.27947035328387254,0.27947035328387254,0.27947035328387254,0.27947035328387254,0.27947035328387254,0.27947035328387254,0.27947035328387254,0.27947035328230796,0.27947035328387215,0.27947035328387215,0.2794703532838724,0.27947035328387254,0.27947035328387254,0.2794703532838728,0.2794703532838716,0.27947035328387254,0.27947035328387254,0.27947035328387254,0.27947035328387254,0.27947035328387254,0.27947035328387254,0.27947035328387254,0.27947035328387254,0.27947035328387254,0.27947035328387254,-3.8703557089275002,0.27947035328387254,0.27947035328387254,0.27947035328387143,0.27947035328387254,0.2794703532838735,0.27947035328387254,0.27947035328387015,0.27947035328387254,0.2794703532838697,0.2794703532838663,-3.584621593099755,-3.584689434612687,0.2794703532838721,0.2794703532838687,0.27947035328387254,0.2794703532838688,0.27947035328387254,0.27947035328387254,0.27947035328387254,0.27947035328386644,-3.8703557089275002,0.27947035328387254,0.27947035328387254
fba_PurR,-0.12909263661016143,-0.1834238589534598,-0.18342385895345997,-0.18417624948142242,-0.15457857019511126,-0.13272328878362322,-0.13272328878362322,-0.17966982560255762,-0.1327232887836231,-3.240911913509399,-0.13272328878362322,-0.15457857019511126,-0.13272328878362322,-0.13272328878362322,-0.13272328878362322,-0.13272328878362322,-0.17966982560255768,-0.13791068600362377,-0.13791068600362377,-0.08241446316349293,-0.6059931345563752,-0.13272328878362322,-0.46593690292009365,-2.9286714364398607,-0.46593690292009365,-0.13272328878362322,-0.13272328878362322,0.08272892048208087,-0.13272328878362322,-0.13272328878362322,-0.13272328878362322,-2.961751205214532,-2.961751205214532,0.2993322843781804,-0.08990478193876525,-0.08990478193876521,-0.08990478193876529,-0.08990478193876525,-0.07831077153376202,-0.13272328878362322,-0.10113504289534764,-0.08962869112377003,-0.07871407501785613,-0.13272328878362322,-0.13272328878362322,-0.13272328878362322,-0.07001005559900546,-0.13272328878362322,-0.13272328878362322,-0.13272328878362322,-2.9583574593663986,-0.13272328878362322,-2.502835524955572,-0.22819903132103028,-0.13272328878362322,-0.1327232887836231,-0.13272328878362322,-0.13272328878362247,-0.13272328878362175,-0.13272328878362175,0.04505424137054395,0.04505424137054395,0.398261709018279,-0.13272328878362322,-0.13272328878362322,-0.13272328878362322,-0.13272328878362322,-0.13272328878362322,-0.6229986924519183,-0.13272328878362322,2.393718509603987,2.3937185096039872,2.3937185096039872,2.3937185095979716,2.3305150078676906,-0.13272328880974757,-0.13272328878379913,-0.1327232888261206,-0.13272328878362322,-0.13272328878362322,-0.13272328878362322,-0.13272328878362322,-0.13272328878362322,-0.13272328878362322,-0.13272328878362322,2.393718509603987,2.3937185096039872,2.3937185096039872,-0.13272328878362322,2.393718509597715,2.3305150078676906,-0.13272328880974757,-0.13272328878362322,-0.13272328878362322,-0.13272328878362322,-0.13272328878362322,-0.13272328878362322,-0.13272328878362322,-0.13272328878362322,-0.13272328878362322,-0.13272328878362322,2.393718509603987,2.3937185096039872,2.3937185096039872,-0.13272328878362322,2.393718509597715,2.3305150078676906,-0.13272328880974757,-0.13272328878362322,-0.13272328878362322,-0.13272328878362322,-0.13272328878362322,-0.13272328878362322,-0.13272328878362322,-0.13272328878362322,-0.13272328878362322,-0.13272328878362322,-0.13272328878362322,-0.4869863484938682,-0.13272328878362322,-0.13272328878362322,-0.132723288783624,-0.13272328878362322,-0.1327232887836259,-0.13272328878362294,-0.13272328878362907,-0.13272328878362322,-0.5796051014447549,-0.1327232887836331,-0.13272328878362322,-1.058484209163998,-0.13272328878362386,-0.13272328878363188,-0.13272328878362322,-0.13272328878363188,-0.13272328878362322,-0.13272328878362386,-0.13272328878362322,-0.132723288783633,-0.4869863484938682,-0.13272328878362322,-0.13272328878362322
fba_QseB,0.31912538387929384,0.18035889221250984,0.18035889221251009,0.17976094350067154,0.20379884008427682,0.22185651964062247,0.22185651964062247,0.1977071332717753,0.22185651964062228,-0.06109953784186281,0.22185651964062247,0.2037988400842768,0.22185651964062247,0.22185651964062247,0.22185651964062247,0.22185651964062247,0.19770713327177528,0.0883128790071643,0.0883128790071643,0.12352902406904827,-0.7353457413203366,0.22185651964062247,-0.469897794432715,-4.950834196134185,-0.469897794432715,0.22185651964062247,0.22185651964062247,0.43567959509244086,0.22185651964062247,0.22185651964062247,0.22185651964062247,-0.11400501400855893,-0.11400501400855909,0.22185651964062247,0.38919303984638304,0.38919303984638276,0.38919303984638276,0.7839068190068897,0.22185651964062247,-4.523710016177311,0.482793284156395,0.39101031359088967,0.20438619972981453,0.22185651964062247,0.22185651964062247,0.22185651964062247,0.22185651964062247,0.22185651964062247,0.22185651964062247,0.22185651964062247,-4.641182151696172,0.22185651964062247,-4.105610640947273,0.27864501464585945,0.22185651964062206,0.22185651964062206,0.22185651964062206,0.22185651964062247,0.22185651964062233,0.2218565196406227,0.2874967375365786,0.2874967375365788,0.22185651964062214,0.22185651964062247,0.22185651964062247,0.22185651964062247,0.22185651964062247,0.22185651964062247,0.22185651964062134,0.22185651964062203,0.22185651964062203,0.22185651964062228,0.22185651964062228,0.22185651964062247,0.2218565196406228,0.2218565196406228,0.22185651964062247,0.22185651964062247,0.22185651964062247,0.22185651964062247,0.22185651964062247,0.22185651964062247,0.22185651964062247,0.22185651964062247,0.22185651964062247,0.22185651964062203,0.22185651964062203,0.22185651964062228,0.22185651964062228,0.22185651964062247,0.22185651964062247,0.2218565196406228,0.22185651964062247,0.22185651964062247,0.22185651964062247,0.22185651964062247,0.22185651964062247,0.22185651964062247,0.22185651964062247,0.22185651964062247,0.22185651964062247,0.22185651964062203,0.22185651964062203,0.22185651964062228,0.22185651964062228,0.22185651964062247,0.22185651964062247,0.22185651964062247,0.22185651964062247,0.22185651964062247,0.22185651964062247,0.22185651964062247,0.22185651964062247,0.22185651964062247,0.22185651964062247,0.22185651964062247,0.22185651964062247,0.22185651964062247,0.22185651964062245,0.22185651964062247,-0.030836826605833922,0.22185651964062247,0.22185651964062247,0.18833249544839403,0.22185651964062308,0.3294103661631576,0.22185651964062247,0.2218565196405479,0.22185651964047182,-4.9935940296604056,-4.993806997374583,0.22185651964062247,0.35507541174955964,0.22185651964062247,0.35507541174955964,0.22185651964062247,0.22185651964062247,0.22185651964062247,0.22185651964047218,0.22185651964062245,0.22185651964062247,0.06480240475166497
fba_RcsA,-4.201989070050158,-0.0745184638898326,-0.0745184638898326,0.17851254145664797,0.21166422750810265,0.24339649101686384,0.24339649101686384,0.20827334152145283,-4.4061339805420925,0.7842489279730358,0.24339649101686384,0.2116642275081026,0.24339649101686384,0.24339649101686384,0.24339649101686384,0.24339649101686384,0.20827334152145283,-4.136405999853057,-4.136405999853057,0.6007777777955855,0.6601931108885598,0.24339649101686384,0.628472978292209,0.6984528416112346,-3.626887096326093,0.24339649101686384,0.24339649101686384,0.5267003890015306,0.24339649101686384,0.24339649101686384,0.24339649101686384,-3.6569761312586855,-3.6569761312586846,0.24339649101686384,0.8383623495476796,0.32163830687269607,0.32163830687269596,0.32163830687269607,0.5786128617918329,-3.109485009624566,0.24243536174573693,0.32345875782633204,0.4609047044226923,0.24339649101686384,0.24339649101686384,0.24339649101686384,0.24339649101686384,0.24339649101686384,0.24339649101686384,0.24339649101686384,0.24339649101686384,0.24339649101686384,-3.186274840063386,0.1990505457572558,0.2433964910168632,0.24339649101686311,0.24339649101686311,0.24339649101686273,0.24339649101686384,0.24339649101686384,0.25460485692234897,0.25460485692234897,0.24339649101686012,0.24339649101686384,0.24339649101686384,0.24339649101686384,0.24339649101686384,0.24339649101686384,-0.037379334380035156,0.24339649101686361,0.24339649101686361,0.24339649101686361,0.24339649101686361,0.1596107043798209,0.24339649101686361,0.24339649101686384,0.24339649101686384,0.24339649101686384,0.24339649101686384,0.24339649101686384,0.24339649101686384,0.24339649101686384,0.24339649101686384,0.24339649101686384,0.24339649101686384,0.24339649101686361,0.24339649101686361,0.24339649101686353,0.24339649101686361,0.1596107043798209,0.24339649101686361,0.24339649101686384,0.24339649101686384,0.24339649101686384,0.24339649101686384,0.24339649101686384,0.24339649101686384,0.24339649101686384,0.24339649101686384,0.24339649101686384,0.24339649101686384,0.24339649101686361,0.24339649101686361,0.24339649101686353,0.24339649101686361,0.1596107043798209,0.24339649101686361,0.24339649101686384,0.24339649101686384,0.24339649101686384,0.24339649101686384,0.24339649101686384,0.24339649101686384,0.24339649101686384,0.24339649101686384,0.24339649101686384,0.24339649101686384,0.24339649101686384,-0.188740080198157,0.24339649101686384,0.24339649101687266,0.24339649101686284,0.24339649101686384,0.24339649101685998,0.24339649101686342,0.2608112989388587,0.24339649101686384,0.2433964910168588,0.24339649101685468,0.24339649101686384,0.24339649101661215,0.24339649101686384,0.28397762349456923,0.24339649101686384,0.2839776234945691,0.24339649101686384,0.24339649101686384,0.24339649101686384,0.24339649101685468,-0.1887400801981571,0.24339649101686384,0.24339649101686384
fba_RcsB,0.41623164755968495,0.3578007872184806,0.3578007872184808,0.35853204375629744,0.32789203299851594,0.29912672479550534,0.29912672479550534,0.3469347541972333,0.29912672479550534,0.6847929067856136,0.29912672479550534,0.327892032998516,0.29912672479550534,0.29912672479550534,0.29912672479550534,0.29912672479550534,0.34693015965760954,-3.562879857349157,-3.562879857349157,-3.4646488399182105,-3.186924483912144,0.29912672479550534,-3.051474837652479,-2.8563751672124793,-3.051474837652479,0.29912672479550534,0.29912672479550534,0.025077439090187875,0.29912672479550534,0.29912672479550534,0.29912672479550534,-3.1486823903861496,-3.1486823903861496,-3.9672059842373555,0.4490101851293624,0.4490101851293624,0.44901018512936236,0.4490101851293624,0.9738901654670651,0.29912672479550534,0.7370678737049428,0.45013664940384107,0.42096207950397824,0.29912672479550534,0.29912672479550534,0.29912672479550534,0.29912672479550534,0.29912672479550534,0.29912672479550534,0.29912672479550534,-2.955675289120212,0.29912672479550534,-3.021092841731894,0.180349619399143,0.2991267247955055,0.2991267247955055,0.2991267247955055,0.2991267247955059,0.29912672479550534,0.29912672479550534,0.1414508719174087,0.14145087191740863,0.2991267247955064,0.29912672479550534,0.29912672479550534,0.29912672479550534,0.29912672479550534,0.29912672479550534,0.29912672479550534,0.29912672479550556,0.29912672479550556,0.299126724795505,0.29912672479550517,0.29912672479550517,0.29912672479550534,0.29912672479550534,0.29912672479550534,0.29912672479550534,0.29912672479550534,0.29912672479550534,0.29912672479550534,0.29912672479550534,0.29912672479550534,0.29912672479550534,0.29912672479550534,0.29912672479550556,0.29912672479550556,0.299126724795505,0.29912672479550517,0.29912672479550534,0.29912672479550534,0.29912672479550534,0.29912672479550534,0.29912672479550534,0.29912672479550534,0.29912672479550534,0.29912672479550534,0.29912672479550534,0.29912672479550534,0.29912672479550534,0.29912672479550534,0.29912672479550556,0.29912672479550556,0.299126724795505,0.29912672479550517,0.29912672479550534,0.29912672479550534,0.29912672479550534,0.29912672479550534,0.29912672479550534,0.29912672479550534,0.29912672479550534,0.29912672479550534,0.29912672479550534,0.29912672479550534,0.29912672479550534,0.29912672479550534,0.29912672479550534,0.2991267247955053,0.29912672479550534,0.12703204836388368,0.2991267247955043,0.29912672479550534,0.29912672479549474,0.29912672479550534,0.07787297578416302,0.29912672479550534,0.2991267247954894,0.29912672479547286,0.29912672479550534,-0.8207429793114789,0.29912672479550495,0.04671094501349123,0.29912672479550534,0.046710945013491136,0.29912672479550534,0.29912672479550495,0.29912672479550534,0.2991267247954727,0.29912672479550534,0.29912672479550534,0.29912672479550534
fba_RpoD,0.2724758623299867,0.23234721111850667,0.23234721111850679,0.3167056165186684,0.2674167307234456,0.22811686680860455,0.22811686680860455,0.270840961355953,0.22811686680860466,0.6873984244589797,0.22811686680860455,0.2674167307234456,0.22811686680860455,0.22811686680860455,0.22811686680860455,0.22811686680860455,0.270840961355953,0.17384784852195498,0.17384784852195492,0.22399139171638596,0.44391208108726493,0.22811686680860455,0.41313113374586896,0.48727560290263366,-5.001496812583621,0.22811686680860455,0.22811686680860455,0.05809413014568479,0.22811686680860455,0.22811686680860455,0.22811686680860455,-4.718113446964191,-4.718113446964191,-0.23032717272762263,0.038165807794999014,0.03816580779499894,0.03816580779499887,0.03816580779499894,-4.643328419348997,0.22811686680860455,-0.22538571102682853,-0.05132655127891599,0.03330041994558903,0.22811686680860455,0.22811686680860455,0.22811686680860455,0.22811686680860455,0.22811686680860455,0.22811686680860455,0.22811686680860455,-4.679521952777482,0.22811686680860455,-4.386924162423291,0.10469657219860587,0.22811686680860488,0.22811686680860488,0.22811686680860488,0.22811686680860258,0.22811686680860455,0.22811686680860455,0.22811686680859278,0.2281168668085929,0.22811686680859627,0.22811686680860455,0.22811686680860455,0.22811686680860455,0.22811686680860455,0.22811686680860455,0.22811686680860455,0.22811686680860402,0.22811686680860402,0.22811686680860402,0.2281168668086042,0.2281168668086042,0.22811686680860455,0.22811686680860455,0.22811686680670626,0.22811686680860455,0.22811686680860455,0.22811686680860455,0.22811686680860455,0.22811686680860455,0.22811686680860455,0.22811686680860455,0.22811686680860455,0.22811686680860402,0.22811686680860402,0.22811686680860402,0.2281168668086042,0.2281168668086042,0.22811686680860455,0.22811686680860455,0.22811686680860455,0.22811686680860455,0.22811686680860455,0.22811686680860455,0.22811686680860455,0.22811686680860455,0.22811686680860455,0.22811686680860455,0.2281168668074442,0.22811686680860402,0.22811686680860402,0.22811686680860402,0.2281168668086042,0.2281168668086042,0.22811686680860455,0.22811686680860455,0.22811686680860455,0.22811686680860455,0.22811686680860455,0.22811686680860455,0.22811686680860455,0.22811686680860455,0.22811686680860455,0.22811686680860455,0.22811686680860455,0.22811686680860455,0.22811686680860488,0.22811686680860455,0.22678233800514724,0.22811686680860288,0.22811686680860455,0.18093060791088475,0.22811686680860455,0.22811686680858848,0.22811686680860455,0.2281168668085857,0.2281168668085663,0.22811686680860455,-1.4723468548163143,0.22811686680860394,0.22811686680858728,0.22811686680860455,0.22811686680858728,0.22811686680860455,0.22811686680860394,0.22811686680860455,0.22811686680856655,0.22811686680860488,0.22811686680860455,0.22811686680860455
fba_RpoS,0.3466505623893369,0.33151502975559705,0.33151502975559705,0.3321845307838368,0.3039495289880415,0.27708327338799404,0.27708327338799404,0.3068714168581388,0.27708327338799427,0.4772014941557002,0.27708327338799404,0.3039495289880415,0.27708327338799404,0.27708327338799404,0.27708327338799404,0.27708327338799404,0.30686644386261447,-3.7549548115569764,-3.7549548115569764,-3.4240166475563907,0.27708327338799404,0.27708327338799404,-2.713484242675124,0.27708327338799404,-2.713484242675124,0.27708327338799404,0.8418602561744917,0.15611723336788952,0.27708327338799404,0.5435601677027998,0.27708327338799404,-3.5932357155163643,-3.5932357155163643,-4.383282973241542,0.30059191472003827,0.30059191472003827,0.30059191472003827,0.3005919147200383,0.27708327338799404,-3.2247410180572116,0.5144558527559984,0.300735260174906,0.34176360897674546,0.27708327338799404,0.27708327338799404,0.27708327338799404,0.27708327338799404,0.27708327338799404,0.27708327338799404,0.27708327338799404,-3.1553645357940425,0.27708327338799404,-3.2594048668866167,0.17723023734443016,0.2770832733879944,0.27708327338799454,0.2770832733879944,0.2770832733879944,0.2770832733879941,0.2770832733879941,0.2660908645688552,0.2660908645688552,0.27708327338799527,0.27708327338799404,0.27708327338799404,0.27708327338799404,0.27708327338799404,0.2770832733879942,0.27708327338799477,0.2770832733879942,0.2770832733879942,0.2770832733879937,0.2770832733879937,0.2770832733879937,0.27708327338799404,0.27708327338799404,0.27708327338799404,0.27708327338799404,0.27708327338799404,0.27708327338799404,0.27708327338799404,0.27708327338799404,0.27708327338799404,0.27708327338799404,0.27708327338799404,0.2770832733879942,0.2770832733879944,0.2770832733879937,0.2770832733879937,0.2770832733879938,0.27708327338799404,0.27708327338799404,0.27708327338799404,0.27708327338799404,0.27708327338799404,0.27708327338799404,0.27708327338799404,0.27708327338799404,0.27708327338799404,0.27708327338799404,0.27708327338799404,0.2770832733879942,0.2770832733879942,0.2770832733879937,0.2770832733879937,0.2770832733879938,0.27708327338799404,0.27708327338799404,0.27708327338799404,0.27708327338799404,0.27708327338799404,0.27708327338799404,0.27708327338799404,0.27708327338799404,0.27708327338799404,0.27708327338799404,0.27708327338799404,0.27708327338799404,0.277083273387994,0.27708327338799404,0.0909435571927907,0.2770832733879951,0.27708327338799404,0.27708327338800465,0.27708327338799404,0.2600006731292029,0.27708327338799404,0.2770832733880127,0.2770832733880313,0.27708327338799404,0.27708327338799404,0.27708327338799404,0.23724803745961542,0.27708327338799404,0.23724803745961526,0.27708327338799404,0.27708327338799404,0.27708327338799404,0.27708327338803146,0.277083273387994,0.27708327338799404,0.27708327338799404
fba_Rsd,-4.405614840941506,0.3536875294602567,0.3536875294602567,0.35455815766582716,0.31582091386668054,0.28136319235364676,0.28136319235364676,0.3183657873438112,-0.48089025966736143,0.9566276496894509,0.28136319235364676,0.31582091386668054,0.28136319235364676,0.28136319235364676,0.28136319235364676,0.28136319235364676,0.3183657873438112,-0.11213776415681626,-0.11213776415681626,0.04733972950626173,-0.19650483347077463,0.28136319235364676,-0.03204340306426961,-3.3796585017204093,-0.0320434030642695,0.28136319235364676,0.28136319235364676,0.15935234497968567,0.28136319235364676,0.28136319235364676,0.28136319235364676,-3.828854566382516,-3.828854566382516,0.28136319235364676,0.4109730490763586,0.41097304907635857,0.4109730490763585,0.4109730490763585,-0.3166126641450314,0.28136319235364676,0.4503334137902748,0.4118890681010778,0.4997861240865919,0.28136319235364676,0.28136319235364676,0.28136319235364676,-3.8967153836967707,0.28136319235364676,0.28136319235364676,0.28136319235364676,-3.467997444572653,0.28136319235364676,-3.5387166369094465,0.13328574979704022,0.28136319235364676,0.281363192353647,0.281363192353647,0.28136319235364726,0.28136319235364676,0.28136319235364676,0.2813631923536313,0.28136319235363133,0.2813631923536481,0.28136319235364676,0.28136319235364654,0.28136319235364654,0.28136319235364676,0.28136319235364676,0.8251644175195676,0.28136319235364643,0.28136319235364615,0.28136319235364643,0.28136319235364654,0.28136319235364654,0.28136319235364676,-3.1459532271569586,0.28136319235364676,0.28136319235364676,0.28136319235364676,0.28136319235364676,0.28136319235364676,0.28136319235364676,0.28136319235364676,0.28136319235364676,0.28136319235364676,0.28136319235364643,0.28136319235364643,0.28136319235364654,0.28136319235364654,0.28136319235364676,0.28136319235364676,-3.1459532271569586,0.28136319235364676,0.28136319235364676,0.28136319235364676,0.28136319235364676,0.28136319235364676,0.28136319235364676,0.28136319235364676,0.28136319235364676,0.28136319235364676,0.28136319235364643,0.28136319235364643,0.28136319235364643,0.28136319235364654,0.28136319235364654,0.281363192353647,-3.1459532271569586,0.28136319235364676,0.28136319235364676,0.28136319235364676,0.28136319235364676,0.28136319235364676,0.28136319235364676,0.28136319235364676,0.28136319235364676,0.28136319235364676,0.28136319235364676,0.2712812749762118,0.28136319235364676,0.08569303864153142,0.28136319235364676,0.28136319235364676,0.2813631923536343,0.2813631923536458,0.28136319235362267,0.28136319235364676,0.28136319235362683,0.28136319235360635,0.28136319235364676,0.28136319235364676,0.28136319235364626,0.28136319235361035,0.28136319235364676,0.2813631923536102,0.28136319235364676,0.28136319235364626,0.28136319235364676,0.28136319235360635,0.2712812749762118,0.28136319235364676,0.28136319235364693
fba_RutR,-3.8737815535540783,0.30662475930149896,0.306624759301499,0.3064497008940836,0.31505748183340543,0.3225167060653434,0.3225167060653434,0.31390077906651204,0.3225167060653434,0.34630762325230313,0.3225167060653434,0.31505748183340543,0.3225167060653434,0.3225167060653434,0.3225167060653434,0.3225167060653434,0.313900779066512,0.7528631293823544,0.7528631293823542,0.3225167060653434,0.3225167060653434,0.3225167060653434,0.3225167060653434,0.3225167060653434,0.3225167060653434,0.3225167060653434,-2.9688451149884494,0.8010915482628502,-2.5423509037673764,-2.877445057893826,-2.5423509037673764,-3.2674196339276427,-3.2674196339276427,0.3225167060653434,0.15250106641920397,0.15250106641920388,0.15250106641920383,0.16502606814067436,0.13667838124916756,0.3225167060653434,0.11063282313665883,0.1424812307047595,0.2263317693172011,0.3225167060653434,0.3225167060653434,0.3225167060653434,0.11863140631039155,0.3225167060653434,0.3225167060653434,0.3225167060653434,-2.854071652631924,0.3225167060653434,-3.3570312693777935,0.11205021577862763,0.3225167060653435,0.3225167060653434,0.3225167060653435,0.3225167060653427,0.3225167060653434,0.3225167060653434,0.33279917185722196,0.33279917185722196,0.32251670606534105,0.3225167060653434,0.3225167060653434,0.3225167060653434,0.3225167060653434,0.3225167060653434,0.19122241442371068,0.32251670606534316,0.32251670606534316,0.32251670606534316,0.2456529000285453,0.2456529000285453,0.3225167060653434,0.3225167060653434,0.3225167060653434,0.3225167060653434,0.3225167060653434,0.3225167060653434,0.3225167060653434,0.3225167060653434,0.3225167060653434,0.3225167060653434,0.3225167060653434,0.32251670606534316,0.32251670606534316,0.32251670606534316,0.24565290002854556,0.24565290002854537,0.3225167060653434,0.3225167060653434,0.3225167060653434,0.3225167060653434,0.3225167060653434,0.3225167060653434,0.3225167060653434,0.3225167060653434,0.3225167060653434,0.3225167060653434,0.3225167060653434,0.32251670606534316,0.32251670606534316,0.32251670606534316,0.2456529000285453,0.2456529000285453,0.3225167060653434,0.3225167060653434,0.3225167060653434,0.3225167060653434,0.3225167060653434,0.3225167060653434,0.3225167060653434,0.3225167060653434,0.3225167060653434,0.3225167060653434,0.3225167060653434,0.3225167060653434,-3.705431387335552,0.3225167060653434,0.15216299889940205,0.3225167060653434,0.3225167060653434,0.29328520238092215,0.32251670606534094,0.33849289646665454,0.3225167060653434,0.32251670606535,0.3225167060653566,-2.7446191564693745,-2.7446191564693745,0.3225167060653434,0.3597454598876943,0.3225167060653434,0.3597454598876942,0.3225167060653434,0.3225167060653434,0.3225167060653434,0.3225167060653568,-3.705431387335552,0.3225167060653434,0.3225167060653435
fba_SdhC,0.011924144927235194,0.10027410603198988,0.10027410603198977,0.17742567662519512,0.19343050470406972,0.20781101640700686,0.20781101640700686,0.19075415937476697,0.20781101640700686,0.186402736111626,0.20781101640700686,0.19343050470406972,0.20781101640700686,0.20781101640700686,0.20781101640700686,0.20781101640700686,0.19075932897365183,0.8114108249578392,0.8114108249578391,1.3582456119108839,0.20781101640700686,0.20781101640700686,0.20781101640700686,0.20781101640700686,0.20781101640700686,0.20781101640700686,-4.106600504734347,0.7428375053601018,-2.998423827663509,-4.073171322484633,-2.998423827663514,-4.5519327558161695,-4.551932755825603,0.20781101640700686,0.20781101640701075,0.20781101640701063,0.20781101640701058,0.20781101640701075,0.20781101640700686,0.20781101640700686,0.20781101640700686,0.2078110164070479,1.09251821848282,0.20781101640700686,0.20781101640700686,0.20781101640700686,0.20781101640700686,0.20781101640700686,0.20781101640700686,0.20781101640700686,-4.383500442980601,0.20781101640700686,-4.333225719479057,0.0209444105552343,0.2078110164070075,0.20781101640700725,0.20781101640700725,0.2078110164070057,0.20781101640700686,0.20781101640700686,0.23562576723299175,0.23562576723299156,0.20781101640700195,0.20781101640700686,0.20781101640700686,0.20781101640700686,0.20781101640700686,0.20781101640700686,0.20781101640700478,0.20781101640700714,0.20781101640700686,0.20781101640700714,0.20781101640700714,0.20781101640700714,0.20781101640700714,0.20781101640700742,0.20781101640700686,0.20781101640700686,0.20781101640700686,0.20781101640700686,0.20781101640700686,0.20781101640700686,0.20781101640700686,0.20781101640700686,0.20781101640700686,0.20781101640700714,0.20781101640700714,0.20781101640700686,0.20781101640700714,0.20781101640700714,0.20781101640700714,0.20781101640700714,0.20781101640700686,0.20781101640700686,0.20781101640700686,0.20781101640700686,0.20781101640700686,0.20781101640700686,0.20781101640700686,0.20781101640700686,0.20781101640700686,0.20781101640700714,0.20781101640700686,0.20781101640700686,0.20781101640700686,0.20781101640700686,0.20781101640700714,0.20781101640700742,0.20781101640700686,0.20781101640700686,0.20781101640700686,0.20781101640700686,0.20781101640700686,0.20781101640700686,0.20781101640700686,0.20781101640700686,0.20781101640700686,0.20781101640700686,0.6502307793860992,0.20781101640700686,0.20781101640700694,0.20781101640700686,0.20781101640700686,0.20781101640702176,0.20781101640700586,0.2506579321306035,0.20781101640700686,0.20781101640703015,0.20781101640705363,0.20781101640700686,0.20781101640700686,0.20781101640700628,0.25898181499219325,0.20781101640700686,0.25898181499219297,0.20781101640700686,0.20781101640700628,0.20781101640700686,0.2078110164070541,0.6502307793860993,0.20781101640700686,0.20781101640700705
fba_SdiA,0.2419078080028032,0.17787070335471789,0.17787070335471794,0.25358301856776827,0.23656875233216382,0.22207802252501171,0.22207802252501171,0.2522504060420988,0.22207802252501171,-0.43515806655667905,0.22207802252501171,0.23656875233216382,0.22207802252501171,0.22207802252501171,0.22207802252501171,0.22207802252501171,0.2522504060420988,0.19434835296120928,0.19434835296120917,0.271026490812867,0.2850907409632755,0.22207802252501171,0.2772930735360023,0.29545720321606944,-4.983485729227098,0.22207802252501171,0.22207802252501171,0.25646940014074865,0.22207802252501171,0.22207802252501171,0.22207802252501171,-4.758008817038276,-4.758008816935954,0.4730523969096409,0.3250972787670708,0.3250972787670747,0.3250972787670746,0.37981921502103283,0.5948937693570623,0.22207802252501171,0.5606289348999725,0.3267833805042401,0.369047969571603,0.22207802252501171,0.22207802252501171,0.22207802252501171,0.22207802252501171,0.22207802252501171,0.22207802252501171,0.22207802252501171,-4.724203963029171,0.22207802252501171,-4.334096611129889,0.0890960136658265,0.22207802252501213,0.22207802252501213,0.22207802252501213,0.22207802252501127,0.22207802252501171,0.22207802252501171,0.07690323987743845,0.07690323987743845,0.22207802252500997,0.22207802252501171,0.22207802252501171,0.22207802252501171,0.22207802252501171,0.22207802252501171,-0.22695872818840668,0.22207802252501124,0.2220780225250109,0.22207802252501124,0.22207802252501124,0.22207802252501146,0.22207802252501171,0.5062781838618629,0.22207802252501171,0.22207802252501171,0.22207802252501171,0.22207802252501171,0.22207802252501171,0.22207802252501171,0.22207802252501171,0.22207802252501171,0.22207802252501171,0.22207802252501124,0.22207802252501124,0.22207802252501124,0.22207802252501124,0.22207802252501146,0.22207802252501171,0.5062781838618629,0.22207802252501171,0.22207802252501171,0.22207802252501171,0.22207802252501171,0.22207802252501171,0.22207802252501171,0.22207802252501171,0.22207802252501171,0.22207802252501171,0.22207802252501146,0.22207802252501124,0.22207802252501124,0.22207802252501124,0.22207802252501146,0.22207802252501171,0.5062781838618629,0.22207802252501171,0.22207802252501171,0.22207802252501171,0.22207802252501171,0.22207802252501171,0.22207802252501171,0.22207802252501171,0.22207802252501171,0.22207802252501171,0.22207802252501171,0.22207802252501274,0.22207802252501171,-0.030941811421168596,0.22207802252501171,0.22207802252501171,0.22207802252503606,0.22207802252500775,0.01405026537534307,0.22207802252501171,0.22207802252505013,0.22207802252508876,-4.068215011838628,-2.4059822865433342,0.2220780225250123,-0.15943668281704065,0.22207802252501171,-0.15943668281704065,0.22207802252501171,0.2220780225250123,0.22207802252501171,0.22207802252508876,0.22207802252501296,0.22207802252501171,0.2220780225250119
fba_SoxR,0.19653014427275628,0.2136392792695082,0.2136392792695081,0.22595213601964068,0.2005670138270826,0.17909486655097745,0.17909486655097745,0.17855988471899883,0.17909486655097745,0.3951126178545944,0.17909486655097745,0.2005670138270826,0.17909486655097745,0.17909486655097745,0.17909486655097745,0.17909486655097745,0.17856821576901286,0.15341550705679602,0.153415507056796,0.28464632801966366,0.3197706199692719,0.17909486655097745,0.2999870290795768,0.34736316698973335,0.17909486655097745,0.17909486655097745,0.17909486655097745,0.2507688719659429,0.17909486655097745,0.17909486655097745,0.17909486655097745,-5.466834389744414,-5.466834389744414,0.17909486655097745,-0.04821302967590541,-0.04821302967590553,-0.04821302967590553,-0.04821302967590561,0.17909486655097745,-5.029492734142974,0.9057699134928843,-0.05089172298148673,0.004411471440320746,0.17909486655097745,0.17909486655097745,0.17909486655097745,0.17909486655097745,0.17909486655097745,0.17909486655097745,0.17909486655097745,-5.125196766879413,0.17909486655097745,-4.8280386017665435,-0.07031849901947201,0.17909486655097745,0.17909486655097745,0.17909486655097745,0.17909486655097603,0.17909486655097745,0.17909486655097745,0.5795327792717809,0.5795327792717809,0.1790948665509711,0.17909486655097745,0.17909486655097712,0.17909486655097717,0.17909486655097745,0.17909486655097745,0.1790948665509762,0.1790948665509766,0.1790948665509766,0.1790948665509766,0.17909486655097695,0.17909486655097695,0.17909486655097745,0.17909486655097745,0.1790948665499645,0.17909486655097745,0.17909486655097745,0.17909486655097745,0.17909486655097745,0.17909486655097745,0.17909486655097745,0.17909486655097745,0.17909486655097745,0.1790948665509766,0.1790948665509766,0.1790948665509763,0.17909486655097695,0.17909486655097695,0.17909486655097706,0.17909486655097745,0.17909486655097745,0.17909486655097745,0.17909486655097745,0.17909486655097745,0.17909486655097745,0.17909486655097745,0.17909486655097745,0.17909486655097745,0.17909486654973916,0.1790948665509766,0.1790948665509766,0.1790948665509763,0.17909486655097695,0.17909486655097695,0.17909486655097745,0.17909486655097745,0.17909486655097745,0.17909486655097745,0.17909486655097745,0.17909486655097745,0.17909486655097745,0.17909486655097745,0.17909486655097745,0.17909486655097745,0.17909486654973916,0.17909486655097745,0.2623947606917371,0.17909486655097745,0.17909486655097756,0.17909486655097745,0.17909486655097745,0.04514223049474663,0.17909486655097684,1.106019395584229,0.17909486655097745,0.1790948665509534,0.17909486655092954,0.17909486655097745,0.17909486655097745,0.17909486655097678,0.17909486655097745,0.17909486655097745,0.17909486655097745,0.17909486655097745,0.17909486655097678,0.17909486655097745,0.17909486655092954,0.2623947606917372,0.17909486655097745,-0.3112973373228211
fba_SoxS,0.21814059061910937,0.2546545290062732,0.2546545290062732,0.25428322677226256,0.26952365493141034,0.2827061825674422,0.2827061825674422,0.2694168214278873,0.32729433229422583,0.10477623370078895,0.2827061825674422,0.26952365493141034,0.2827061825674422,0.2827061825674422,0.2827061825674422,0.2827061825674422,0.2694111299599933,0.2827061825674422,0.2827061825674422,0.2827061825674422,0.2827061825674422,0.2827061825674422,0.2827061825674422,0.2827061825674422,0.2827061825674422,0.2827061825674422,-3.5099110989291344,0.8067786901679939,-3.022015848060987,-3.405352656535721,-3.022015848060987,-3.771319420076133,-3.771319420076133,-0.8610757474937789,0.4068669235192075,0.40686692351920756,0.40686692351920756,0.40686692351920756,0.46262131922451327,0.2827061825674422,0.49888232881307915,0.408030199159614,0.43394933830185534,0.2827061825674422,0.2827061825674422,0.2827061825674422,0.5139544401765072,0.2827061825674422,0.2827061825674422,0.2827061825674422,-3.3106700579309414,0.2827061825674422,-3.0303556503134255,0.21246069703045484,0.2827061825674422,0.2827061825674422,0.2827061825674422,0.2827061825674424,0.2827061825674422,0.2827061825674422,0.2709434200717869,0.27094342007178696,0.2827061825674422,0.2827061825674422,0.2827061825674422,0.2827061825674422,0.2827061825674422,0.2827061825674422,-0.25889716988749417,0.282706182567442,0.28270618256744184,0.282706182567442,0.282706182567442,0.2827061825674422,0.2827061825674422,0.2827061825674422,0.2827061825674422,0.2827061825674422,0.2827061825674422,0.2827061825674422,0.2827061825674422,0.2827061825674422,0.2827061825674422,0.2827061825674422,0.2827061825674422,0.282706182567442,0.282706182567442,0.282706182567442,0.2827061825674422,0.2827061825674422,0.2827061825674422,0.2827061825674422,0.2827061825674422,0.2827061825674422,0.2827061825674422,0.2827061825674422,0.2827061825674422,0.2827061825674422,0.2827061825674422,0.2827061825674422,0.2827061825674422,0.282706182567442,0.28270618256744184,0.282706182567442,0.282706182567442,0.2827061825674422,0.2827061825674422,0.2827061825674422,0.2827061825674422,0.2827061825674422,0.2827061825674422,0.2827061825674422,0.2827061825674422,0.2827061825674422,0.2827061825674422,0.2827061825674422,0.2827061825674422,0.2827061825674422,-4.34903713254964,0.2827061825674422,0.08782759837916622,0.28270618256744107,0.2827061825674422,0.28270618256743907,0.28270618256744257,0.2644299997657358,0.2827061825674422,0.2827061825674369,0.28270618256743185,0.2827061825674422,-1.0052269429433731,0.2827061825674422,0.24011782781968322,0.2827061825674422,0.2401178278196831,0.2827061825674422,0.2827061825674422,0.2827061825674422,0.282706182567432,-4.34903713254964,0.2827061825674422,0.2827061825674422
fba_SspA,-0.1881337934508471,0.46125498519217195,0.46125498519217173,0.21456931455299386,0.2381630319625567,0.2563598045180431,0.2563598045180431,0.2349774415777809,-0.37491305045173284,0.2563598045180431,0.2563598045180431,0.2381630319625567,0.2563598045180431,0.2563598045180431,0.2563598045180431,0.2563598045180431,0.2349774415777809,-4.504439576098896,-4.504439576098896,0.6375318985106846,0.7121294645187348,0.2563598045180431,0.6718119024912694,0.7624038194039467,0.6718119024912694,0.2563598045180431,0.2563598045180431,0.5496376718422263,0.2563598045180431,0.2563598045180431,0.2563598045180431,-3.968767961119895,-3.968767961119895,0.2563598045180431,-0.09276638269153115,-0.09276638269153115,-0.09276638269153126,0.106299649491646,-3.5845780012676807,0.2563598045180431,-4.204521923144317,-0.28595250012057993,-0.19568205594594668,0.2563598045180431,0.2563598045180431,0.2563598045180431,0.2563598045180431,0.2563598045180431,0.2563598045180431,0.2563598045180431,-3.554052554002437,0.2563598045180431,-3.8999461506141158,0.343738694051895,0.2563598045180431,0.2563598045180431,0.2563598045180431,0.2563598045180431,0.2563598045180431,0.2563598045180431,0.2808826588141519,0.2808826588141519,0.2563598045180431,0.2563598045180431,0.2563598045180431,0.2563598045180431,0.2563598045180431,0.2563598045180431,0.6624459893919835,0.2563598045180427,0.2563598045180427,0.2563598045180427,0.2563598045180429,0.2563598045180429,0.2563598045180431,-0.03755337627389996,0.2563598045180431,0.2563598045180431,0.2563598045180431,0.2563598045180431,0.2563598045180431,0.2563598045180431,0.2563598045180431,0.2563598045180431,0.2563598045180431,0.2563598045180427,0.2563598045180427,0.2563598045180429,0.2563598045180429,0.2563598045180431,0.25635980451804347,-0.03755337627389996,0.2563598045180431,0.2563598045180431,0.2563598045180431,0.2563598045180431,0.2563598045180431,0.2563598045180431,0.2563598045180431,0.2563598045180431,0.2563598045180431,0.2563598045180427,0.2563598045180427,0.2563598045180429,0.2563598045180429,0.2563598045180431,0.2563598045180431,-0.03755337627389996,0.2563598045180431,0.2563598045180431,0.2563598045180431,0.2563598045180431,0.2563598045180431,0.2563598045180431,0.2563598045180431,0.2563598045180431,0.2563598045180431,0.2563598045180431,0.2563598045180433,0.2563598045180431,0.04992121272619245,0.2563598045180431,0.2563598045180431,0.25635980451804663,0.2563598045180436,0.2941357423017209,0.2563598045180431,0.25635980451804863,0.25635980451805435,-0.36062234039848545,-0.36014617969246526,0.2563598045180431,0.30147447587512904,0.2563598045180431,0.3014744758751292,0.2563598045180431,0.2563598045180431,0.2563598045180431,0.2563598045180542,0.2563598045180433,0.2563598045180431,0.2563598045180431
fba_TdcA,-0.7178337965150621,0.16863700018012834,0.16863700018012862,0.24776293191462934,0.21885565641815968,0.1945750067676027,0.1945750067676027,0.22086039928357412,-0.16690989599417874,0.9385897305316606,0.1945750067676027,0.21885565641815968,0.1945750067676027,0.1945750067676027,0.1945750067676027,0.1945750067676027,0.22086039928357443,0.16160785689379892,0.16160785689379886,0.30886010966237626,0.3458546443348818,0.1945750067676027,0.3250777277996629,0.3745808841189183,-5.3906555616920695,0.1945750067676027,0.1945750067676027,0.2727060946210101,0.1945750067676027,0.1945750067676027,0.1945750067676027,-5.476560248251233,-5.476560248251233,0.1822591673488612,0.1277271754945293,0.1277271754945292,0.1277271754945291,0.1277271754945291,0.08406911076241821,0.1945750067676027,0.0841140697682354,0.12692382443913386,0.19461951013779724,0.1945750067676027,0.1945750067676027,0.1945750067676027,0.03208420916775183,0.1945750067676027,0.1945750067676027,0.1945750067676027,-4.845865557176371,0.1945750067676027,-4.780101311820458,0.07747833989704027,0.19457500676760314,0.19457500676760314,0.19457500676760314,0.1945750067676057,0.19457500676760253,0.19457500676760292,0.19457500676759085,0.19457500676759099,0.1945750067676027,0.1945750067676027,0.1945750067676027,0.1945750067676027,0.1945750067676027,0.19457500676760292,0.19457500676760156,0.19457500676760217,0.19457500676760192,0.19457500676760217,0.19457500676760245,0.1945750067676027,0.1945750067676027,0.19457500676760303,0.1945750067676027,0.1945750067676027,0.1945750067676027,0.1945750067676027,0.1945750067676027,0.1945750067676027,0.1945750067676027,0.1945750067676027,0.1945750067676027,0.19457500676760192,0.19457500676760192,0.19457500676760217,0.1945750067676027,0.1945750067676027,0.19457500676760303,0.1945750067676027,0.1945750067676027,0.1945750067676027,0.1945750067676027,0.1945750067676027,0.1945750067676027,0.1945750067676027,0.1945750067676027,0.1945750067676027,0.1945750067676027,0.19457500676760192,0.19457500676760192,0.19457500676760217,0.1945750067676027,0.1945750067676027,0.1945750067676027,0.1945750067676027,0.1945750067676027,0.1945750067676027,0.1945750067676027,0.1945750067676027,0.1945750067676027,0.1945750067676027,0.1945750067676027,0.1945750067676027,0.1945750067676027,0.1945750067676027,0.1945750067676028,0.1945750067676027,0.1945750067676027,0.1945750067676027,0.1945750067676027,0.19457500676759423,0.19457500676760334,0.19457500676758466,0.1945750067676027,0.19457500676758846,0.19457500676757358,0.1945750067676027,0.19457500676587455,0.1945750067676038,0.1945750067675755,0.1945750067676027,0.19457500676757564,0.1945750067676027,0.1945750067676038,0.1945750067676027,0.19457500676757358,0.1945750067676028,0.1945750067676027,0.19457500676760253
fba_TdcR,0.17121601287194685,0.31462523556203886,0.314625235562039,0.3144351992202997,0.3231244921162664,0.330793752004764,0.330793752004764,0.3233251891304364,0.330793752004764,-0.1138008734062048,0.330793752004764,0.3231244921162664,0.330793752004764,0.330793752004764,0.330793752004764,0.330793752004764,0.3233251891304364,0.7890416445893174,0.7890416445893174,0.330793752004764,0.330793752004764,0.330793752004764,0.330793752004764,0.330793752004764,0.330793752004764,0.330793752004764,-3.14405481690077,0.790484874832054,-2.6978073279028534,-3.048421743073808,-2.6978073279028534,-3.3952194209515976,-3.3952194209515976,0.2686838002159361,0.07942740864942269,0.07942740864942259,0.07942740864942259,0.14628458464797925,0.330793752004764,-3.0166043147379935,0.3200975011089306,0.3263976485237482,0.24505182906687636,0.330793752004764,0.330793752004764,0.330793752004764,0.330793752004764,0.330793752004764,0.330793752004764,0.330793752004764,-3.2290920969205192,0.330793752004764,-2.7175050938826635,0.1294591967027825,0.330793752004764,0.330793752004764,0.330793752004764,0.3307937520047638,0.3307937520047639,0.33079375200476413,0.3203789130267941,0.3203789130267941,0.3307937520047628,0.330793752004764,0.330793752004764,0.330793752004764,0.330793752004764,0.330793752004764,0.8906188520822128,0.3307937520047637,0.3307937520047637,0.33079375200476385,0.33079375200476385,0.2503699005566279,0.330793752004764,-2.809552134255753,0.330793752004764,0.330793752004764,0.330793752004764,0.330793752004764,0.330793752004764,0.330793752004764,0.330793752004764,0.330793752004764,0.330793752004764,0.3307937520047637,0.3307937520047637,0.33079375200476385,0.33079375200476385,0.2503699005566281,0.330793752004764,-2.809552134255753,0.330793752004764,0.330793752004764,0.330793752004764,0.330793752004764,0.330793752004764,0.330793752004764,0.330793752004764,0.330793752004764,0.330793752004764,0.3307937520047637,0.3307937520047637,0.33079375200476385,0.33079375200476385,0.2503699005566281,0.330793752004764,-2.809552134255753,0.330793752004764,0.330793752004764,0.330793752004764,0.330793752004764,0.330793752004764,0.330793752004764,0.330793752004764,0.330793752004764,0.330793752004764,0.330793752004764,0.32178484794040724,0.330793752004764,0.3307937520047638,0.330793752004764,0.330793752004764,0.3307937520047382,0.33079375200476324,0.3148933481855101,0.330793752004764,0.33079375200472066,0.33079375200467565,-3.112432415076278,-3.1127418617990155,0.3307937520047629,0.3307937520046843,0.330793752004764,0.3307937520046842,0.330793752004764,0.3307937520047629,0.330793752004764,0.3307937520046758,0.3217848479404073,0.330793752004764,0.3307937520047653
fba_TorR,0.17698382602329005,0.2571736331737419,0.25717363317374203,0.25756947677958164,0.24190498428858645,0.22847011077525448,0.22847011077525448,0.24303196837877641,0.2284701107752551,0.43326996389686334,0.22847011077525448,0.2419049842885863,0.22847011077525448,0.22847011077525448,0.22847011077525448,0.22847011077525448,0.24303196837877641,0.3281795176806014,0.3281795176806012,0.5469507504235395,0.7238697081204835,0.22847011077525448,0.6161585890589045,0.9369207891058707,0.6161585890589039,0.22847011077525448,0.22847011077525448,0.4220454458960567,0.22847011077525448,0.22847011077525448,0.22847011077525448,-4.382042019411021,-4.382042019416538,0.2027502602230813,0.18687855858849425,0.13107328688284342,0.13107328688284342,0.1310732868828444,-0.5049161671043559,0.22847011077525448,0.05426144146408515,0.13024416702499836,0.20677214840480201,0.22847011077525448,0.22847011077525448,0.22847011077525448,-4.578593120155059,0.22847011077525448,0.22847011077525448,0.22847011077525448,-3.983862646585727,0.22847011077525448,-4.056524346883456,0.07596628050856566,0.228470110775255,0.228470110775255,0.228470110775255,0.22847011077525295,0.22847011077525448,0.22847011077525448,0.22847011077527882,0.22847011077527896,0.22847011077524942,0.22847011077525448,0.22847011077525425,0.22847011077525448,0.22847011077525448,0.22847011077525448,0.8385911007374308,0.2284701107752537,0.2284701107752539,0.2284701107752541,0.22847011077525428,0.22847011077525448,0.22847011077525448,-3.660609040756976,0.22847011077445709,0.22847011077525448,0.22847011077525448,0.22847011077525448,0.22847011077525448,0.22847011077525448,0.22847011077525448,0.22847011077525448,0.22847011077525448,0.2284701107752541,0.2284701107752541,0.2284701107752541,0.22847011077525425,0.2284701107752541,0.22847011077525448,-3.660609040756976,0.22847011077525448,0.22847011077525448,0.22847011077525448,0.22847011077525448,0.22847011077525448,0.22847011077525448,0.22847011077525448,0.22847011077525448,0.2284701107747671,0.2284701107752541,0.2284701107752541,0.2284701107752541,0.22847011077525428,0.2284701107752541,0.22847011077525448,-3.660609040756976,0.22847011077525448,0.22847011077525448,0.22847011077525448,0.22847011077525448,0.22847011077525448,0.22847011077525448,0.22847011077525448,0.22847011077525448,0.22847011077525448,0.22847011077525448,0.18414408862014497,0.22847011077525448,0.00990669173828365,0.22847011077525448,0.22847011077525448,0.22847011077527318,0.22847011077525448,0.22847011077529192,0.22847011077525448,0.2284701107752861,0.2284701107753182,0.22847011077525448,0.22847011076658105,0.22847011077525448,0.22847011077531162,0.22847011077525448,0.22847011077531143,0.22847011077525448,0.228470110775255,0.22847011077525448,0.2284701107753182,0.18414408862014506,0.22847011077525448,0.22847011077525448
fba_UspA,0.34565125694578175,0.3992095749055224,0.39920957490552267,0.28482131358766555,0.2434873152624529,0.21069312118970063,0.21069312118970063,0.24513116077140282,0.2106931211897002,0.21069312118970063,0.21069312118970063,0.2434873152624529,0.21069312118970063,0.21069312118970063,0.21069312118970063,0.21069312118970063,0.24513116077140282,0.09222774542568589,0.09222774542568563,0.17830576001885454,0.17053403992844077,0.21069312118970063,0.1747704390420187,0.1651644661033981,0.21069312118970063,0.21069312118970063,0.21069312118970063,0.18700298075030156,0.21069312118970063,0.21069312118970063,0.21069312118970063,-4.878376677638014,-4.878376677638014,-0.9425657180086865,0.23547317822219885,0.23547317822219885,0.23547317822219885,0.40305781113464667,0.21069312118970063,-4.466143559587661,0.2570730172707349,0.2359853909207193,0.28985123117005684,0.21069312118970063,0.21069312118970063,0.21069312118970063,0.21069312118970063,0.21069312118970063,0.21069312118970063,0.21069312118970063,-3.9746434436805127,0.21069312118970063,-4.56385099107127,0.1599642176644077,0.21069312118970104,0.21069312118970113,0.21069312118970085,0.21069312118969905,0.21069312118970074,0.21069312118970074,0.22569832512641724,0.22569832512641724,0.21069312118969508,0.21069312118970063,0.21069312118970063,0.21069312118970063,0.21069312118970063,0.21069312118970063,-0.899107345663004,0.21069312118969993,0.21069312118970018,0.21069312118970018,0.602095080464198,0.602095080464198,0.48992709244794586,0.21069312118970063,0.21069312118970063,0.21069312118970063,0.21069312118970063,0.21069312118970063,0.21069312118970063,0.21069312118970063,0.21069312118970063,0.21069312118970063,0.21069312118970063,0.21069312118970018,0.21069312118969993,0.21069312118969996,0.602095080464198,0.602095080464198,0.48992709244794586,0.21069312118970063,0.21069312118970063,0.21069312118970063,0.21069312118970063,0.21069312118970063,0.21069312118970063,0.21069312118970063,0.21069312118970063,0.21069312118970063,0.21069312118970063,0.21069312118970018,0.21069312118969993,0.21069312118970018,0.602095080464198,0.602095080464198,0.48992709244794586,0.21069312118970063,0.21069312118970063,0.21069312118970063,0.21069312118970063,0.21069312118970063,0.21069312118970063,0.21069312118970063,0.21069312118970063,0.21069312118970063,0.21069312118970063,0.21069312118970063,0.21069312118970085,0.21069312118970063,-0.03790446109845593,0.21069312118970063,0.21069312118970063,0.21069312118971545,0.21069312118970063,0.2340071947020019,0.21069312118970063,0.21069312118972658,0.21069312118975284,-4.424901907984749,-2.7664865944202837,0.21069312118969963,0.26502110337567547,0.21069312118970063,0.26502110337567547,0.21069312118970063,0.21069312118970063,0.21069312118970063,0.21069312118975303,0.21069312118970085,0.21069312118970063,0.21069312118970063
fba_UvrY,0.21591205214499629,0.15491295133147231,0.15491295133147198,0.2256390753550487,0.21698400168950366,0.20955039998548114,0.20955039998548114,0.24945315307057317,0.20955039998548114,-0.32716756879405107,0.20955039998548114,0.2169840016895034,0.20955039998548114,0.20955039998548114,0.20955039998548114,0.20955039998548114,0.24945315307057317,0.20084339928987802,0.20084339928987793,0.2422965621487735,0.2508363396164891,0.20955039998548114,0.24614590485782203,0.2569066218297187,-4.445729721150081,0.20955039998548114,0.20955039998548114,0.23306868781049575,0.20955039998548114,0.20955039998548114,0.20955039998548114,-4.017336263584634,-4.017336263584635,-5.173934308570753,0.7236833583803733,0.7236833583803733,0.7236833583803733,0.723683358380365,0.20955039998548114,-3.982969005214437,0.20955039998548114,0.7336177673343316,0.5197197769170898,0.20955039998548114,0.20955039998548114,0.20955039998548114,0.20955039998548114,0.20955039998548114,0.20955039998548114,0.20955039998548114,-4.269685074436535,0.20955039998548114,-4.228655231088911,-0.004302081428554069,0.20955039998548114,0.20955039998548114,0.20955039998548114,0.20955039998548003,0.20955039998548114,0.20955039998548114,-0.062295102146391654,-0.062295102146391654,0.20955039998547698,0.20955039998548114,0.20955039998548114,0.20955039998548114,0.20955039998548114,0.20955039998548114,0.20955039998548114,0.2095503999854807,0.2095503999854807,0.2095503999854807,0.2095503999854807,0.20955039998548083,0.20955039998548114,0.20955039998548153,0.20955039998548114,0.20955039998548114,0.20955039998548114,0.20955039998548114,0.20955039998548114,0.20955039998548114,0.20955039998548114,0.20955039998548114,0.20955039998548114,0.2095503999854807,0.2095503999854807,0.2095503999854807,0.2095503999854807,0.20955039998548095,0.20955039998548114,0.20955039998548114,0.20955039998548114,0.20955039998548114,0.20955039998548114,0.20955039998548114,0.20955039998548114,0.20955039998548114,0.20955039998548114,0.20955039998548114,0.20955039998548114,0.2095503999854807,0.2095503999854807,0.2095503999854807,0.2095503999854807,0.20955039998548083,0.20955039998548114,0.20955039998548114,0.20955039998548114,0.20955039998548114,0.20955039998548114,0.20955039998548114,0.20955039998548114,0.20955039998548114,0.20955039998548114,0.20955039998548114,0.20955039998548114,0.20955039998548114,0.20955039998548133,0.20955039998548114,-0.01669200215304716,0.2095503999854796,0.20955039998548114,0.20955039998544314,0.20955039998548167,-0.15788730964374348,0.20955039998548114,0.2095503999854223,0.20955039998536226,0.20955039998548114,1.6574329603609066,0.20955039998548167,-0.17860157859650957,0.20955039998548114,-0.1786015785965097,0.20955039998548114,0.20955039998548167,0.20955039998548114,0.20955039998536226,0.20955039998548142,0.20955039998548114,0.20955039998548133
fba_UxuR,0.511227845291396,0.2007511690832831,0.2007511690832831,0.20495073198239877,0.20270831105199122,0.2007511690832831,0.2007511690832831,0.20165535667563472,0.5497208887112848,0.2007511690832831,0.2007511690832831,0.202708311051991,0.2007511690832831,0.2007511690832831,0.2007511690832831,0.2007511690832831,0.2016627161543549,0.6096595144823506,0.6096595144823505,1.2670109754995096,0.2007511690832831,0.2007511690832831,0.2007511690832831,0.2007511690832831,0.2007511690832831,0.2007511690832831,-4.444759243124951,0.6897624490166279,0.2007511690832831,-4.444759243124951,0.2007511690832831,-5.1754217242516445,-5.175421724173618,0.3109493816067047,-0.11617490243006273,-0.11617490243005729,-0.11617490243005736,-0.11617490243005729,0.3728572042895276,0.2007511690832831,-0.2518069547578731,-0.12030164844867232,-0.09326265417439564,0.2007511690832831,0.2007511690832831,0.2007511690832831,0.2007511690832831,0.2007511690832831,0.2007511690832831,0.2007511690832831,-4.703683655472255,0.2007511690832831,-4.141879190004818,0.08047349139318016,0.2007511690832831,0.2007511690832831,0.2007511690832831,0.2007511690832831,0.2007511690832831,0.2007511690832831,0.21594341449772542,0.2159434144977253,0.20075116908328122,0.2007511690832831,0.2007511690832831,0.2007511690832831,0.2007511690832831,0.2007511690832831,-0.6583675908668196,0.2007511690832831,0.20075116908328278,0.20075116908328342,0.20075116908328342,0.20075116908328342,0.48971013129650015,0.2007511690832831,0.2007511690832831,0.2007511690832831,0.2007511690832831,0.2007511690832831,0.2007511690832831,0.2007511690832831,0.2007511690832831,0.2007511690832831,0.2007511690832831,0.20075116908328278,0.20075116908328278,0.20075116908328342,0.20075116908328342,0.20075116908328372,0.4897101312964995,0.2007511690832831,0.2007511690832831,0.2007511690832831,0.2007511690832831,0.2007511690832831,0.2007511690832831,0.2007511690832831,0.2007511690832831,0.2007511690832831,0.2007511690832831,0.2007511690832831,0.20075116908328278,0.20075116908328342,0.20075116908328342,0.20075116908328342,0.4897101312964995,0.2007511690832831,0.2007511690832831,0.2007511690832831,0.2007511690832831,0.2007511690832831,0.2007511690832831,0.2007511690832831,0.2007511690832831,0.2007511690832831,0.2007511690832831,0.2007511690832831,0.20075116908328405,0.2007511690832831,-0.056506058646526094,0.20075116908328147,0.2007511690832831,0.2007511690832822,0.2007511690832855,0.22436045352403453,0.2007511690832831,0.20075116908328633,0.2007511690832899,0.2007511690832831,0.2007511690832831,0.20075116908328183,0.25580608746186456,0.2007511690832831,0.25580608746186473,0.2007511690832831,0.20075116908328072,0.2007511690832831,0.2007511690832899,0.20075116908328405,0.2007511690832831,0.2007511690832831
fba_YbhD,-0.016501731188866185,0.06626812750735643,0.0662681275073565,0.1564354213709633,0.17960921014579806,0.199359424768334,0.199359424768334,0.179208411846213,0.199359424768334,-0.6276148214713312,0.199359424768334,0.17960921014579806,0.199359424768334,0.199359424768334,0.199359424768334,0.199359424768334,0.17920056625993364,0.6484526538637325,0.6484526538637325,0.9322561653355469,2.746173328823025,0.199359424768334,1.2027654162059627,0.199359424768334,-4.058618412982484,0.199359424768334,0.199359424768334,0.5953376246102371,0.199359424768334,-4.028834778701438,0.199359424768334,-0.10552123549763773,-0.10552123549762722,0.14779549376556173,-0.20026385637705496,-0.2002638563770551,-0.20026385637705518,-0.20026385637705496,-4.989695196261498,0.199359424768334,1.538820797933875,-0.2084809927980155,-0.12665199434476082,0.199359424768334,0.199359424768334,0.199359424768334,-4.788180257924559,0.199359424768334,0.199359424768334,0.199359424768334,-4.598882954726904,0.199359424768334,-4.404150267058639,0.05924728155097548,0.199359424768334,0.199359424768334,0.199359424768334,0.19935942476833432,0.199359424768334,0.199359424768334,0.18446649382527885,0.1844664938252789,0.1993594247683333,0.199359424768334,0.19935942476833368,0.19935942476833374,0.199359424768334,0.199359424768334,0.19935942476833513,0.19935942476833354,0.1993594247683333,0.19935942476833354,0.19935942476833354,0.1993594247683338,0.19935942476833374,0.199359424768334,0.199359424768334,0.199359424768334,0.199359424768334,0.199359424768334,0.199359424768334,0.199359424768334,0.199359424768334,0.199359424768334,0.199359424768334,0.19935942476833354,0.19935942476833354,0.19935942476833354,0.1993594247683332,0.1993594247683338,0.19935942476833374,0.199359424768334,0.199359424768334,0.199359424768334,0.199359424768334,0.199359424768334,0.199359424768334,0.199359424768334,0.199359424768334,0.199359424768334,0.199359424768334,0.19935942476833354,0.19935942476833354,0.19935942476833354,0.19935942476833354,0.1993594247683338,0.19935942476833374,0.199359424768334,0.199359424768334,0.199359424768334,0.199359424768334,0.199359424768334,0.199359424768334,0.199359424768334,0.199359424768334,0.199359424768334,0.199359424768334,0.199359424768334,0.19935942476833493,0.199359424768334,-0.5857312877989643,0.199359424768334,0.199359424768334,0.1993594247683227,0.199359424768334,0.17621528269691175,0.199359424768334,0.19935942476831356,0.1993594247682929,0.199359424768334,-1.4504072748361982,0.1993594247683334,0.14538917718766067,0.199359424768334,0.14538917718766065,0.199359424768334,0.1993594247683334,0.199359424768334,0.19935942476829305,0.19935942476833493,0.199359424768334,0.1993594247683342
fba_YdeO,-4.383854125803029,0.5118711569861848,0.5118711569861844,0.2358483746632653,0.2533239373288965,0.26957667222662035,0.26957667222662035,0.25218701977749153,-0.05650368760220561,0.26957667222662035,0.26957667222662035,0.2533239373288965,0.26957667222662035,0.26957667222662035,0.26957667222662035,0.26957667222662035,0.25218701977749153,0.8451069096533212,0.8451069096533211,1.057115053141429,0.26957667222662035,0.26957667222662035,0.26957667222662035,0.26957667222662035,0.26957667222662035,0.26957667222662035,-3.144843565825587,0.6325809639775167,0.26957667222662035,-3.144843565825587,0.26957667222662035,-3.2406631667951604,-3.240663166718991,0.26957667222662035,0.4072902769098328,0.2430065189204353,0.24300651892043512,0.4064874152290186,0.26957667222662035,-3.254853126593815,0.27696299574054073,0.24276270554951065,0.24931084687709776,0.26957667222662035,0.26957667222662035,0.26957667222662035,0.26957667222662035,0.26957667222662035,0.26957667222662035,0.26957667222662035,-3.3911560564248973,0.26957667222662035,-3.380302094626804,0.09755329872226803,0.26957667222662035,0.2695766722266205,0.26957667222662035,0.2695766722266202,0.26957667222662035,0.26957667222662035,0.26957667222661075,0.2695766722266108,0.26957667222661935,0.26957667222662035,0.26957667222662035,0.26957667222662035,0.26957667222662035,0.26957667222662035,0.2695766722266196,-0.028645199926285825,-0.028645199926285985,0.26957667222661963,0.2695766722266198,0.2695766722266198,0.26957667222662013,0.26957667222662035,0.26957667222662035,0.26957667222662035,0.26957667222662035,0.26957667222662035,0.26957667222662035,0.26957667222662035,0.26957667222662035,0.26957667222662035,0.26957667222662035,-0.028645199926285825,-0.028645199926285985,0.26957667222661963,0.2695766722266198,0.26957667222662,0.26957667222662013,0.26957667222662035,0.26957667222662035,0.26957667222662035,0.26957667222662035,0.26957667222662035,0.26957667222662035,0.26957667222662035,0.26957667222662035,0.26957667222662035,0.26957667222662035,-0.028645199926285825,-0.028645199926285985,0.26957667222661963,0.2695766722266198,0.2695766722266198,0.26957667222662013,0.2695766722266206,0.26957667222662035,0.26957667222662035,0.26957667222662035,0.26957667222662035,0.26957667222662035,0.26957667222662035,0.26957667222662035,0.26957667222662035,0.26957667222662035,0.26957667222662035,-4.271891427663488,0.26957667222662035,0.08122768098942601,0.26957667222662035,0.26957667222662035,0.2695766722266123,0.26957667222662035,0.269576672226606,0.26957667222662035,0.26957667222660864,0.26957667222659637,0.1443850919268029,0.14442358269965053,0.26957667222662207,0.2695766722265989,0.26957667222662035,0.2695766722265989,0.26957667222662035,0.26957667222662207,0.26957667222662035,0.26957667222659654,-4.271891427663488,0.26957667222662035,0.2695766722266212
fba_YdjF,0.31385761424936137,0.368350307663888,0.3683503076638878,0.2607618175321902,0.21715099103105565,0.18193433401490164,0.18193433401490164,0.217729595782052,0.18193433401490164,-0.530676056259064,0.18193433401490164,0.21715099103105548,0.18193433401490164,0.18193433401490164,0.18193433401490164,0.18193433401490164,0.21772959578205212,0.04383888866523626,0.04383888866523613,0.1479693871802218,0.1396642233534789,0.18193433401490164,0.14419897934191891,0.1338903672978163,0.18193433401490164,0.18193433401490164,0.18193433401490164,0.15719176592354775,0.18193433401490164,0.18193433401490164,0.18193433401490164,-5.290187176949478,-5.290187176949478,0.18193433401490164,0.1931896123926497,0.1931896123926498,0.1931896123926498,0.43522178049572124,0.18193433401490164,0.18193433401490164,0.9161738738844735,0.1933971785794661,0.26499088481004607,0.18193433401490164,0.18193433401490164,0.18193433401490164,0.18193433401490164,0.18193433401490164,0.18193433401490164,0.18193433401490164,-4.8643031235262475,0.18193433401490164,-4.2759027456232985,0.1590460624375598,0.18193433401490164,0.18193433401490164,0.18193433401490164,0.18193433401490175,0.18193433401490164,0.18193433401490164,0.21006550475316352,0.21006550475316352,0.18193433401490045,0.18193433401490164,0.18193433401490164,0.18193433401490164,0.18193433401490164,0.18193433401490164,-1.008963516962851,0.1819343340149011,0.1819343340149011,0.1819343340149011,0.6019377935382727,0.6019377935382727,0.4815729190000873,0.18193433401490164,0.18193433401490164,0.18193433401490164,0.18193433401490164,0.18193433401490164,0.18193433401490164,0.18193433401490164,0.18193433401490164,0.18193433401490164,0.18193433401490164,0.1819343340149011,0.1819343340149011,0.1819343340149011,0.6019377935382727,0.6019377935382727,0.4815729190000873,0.18193433401490164,0.18193433401490164,0.18193433401490164,0.18193433401490164,0.18193433401490164,0.18193433401490164,0.18193433401490164,0.18193433401490164,0.18193433401490164,0.18193433401490164,0.1819343340149011,0.1819343340149011,0.1819343340149011,0.6019377935382727,0.6019377935382727,0.4815729190000873,0.18193433401490164,0.18193433401490164,0.18193433401490164,0.18193433401490164,0.18193433401490164,0.18193433401490164,0.18193433401490164,0.18193433401490164,0.18193433401490164,0.18193433401490164,0.18193433401490164,0.18193433401490186,0.18193433401490164,0.18193433401490164,0.18193433401489995,0.18193433401490164,0.1752288625254481,0.18193433401490164,0.22594993331971167,0.18193433401490164,0.18193433401491216,0.18193433401492318,-4.925049181228598,-3.189603336954227,0.18193433401490164,0.2632404449903467,0.18193433401490164,0.2632404449903466,0.18193433401490164,0.18193433401490228,0.18193433401490164,0.1819343340149234,0.18193433401490197,0.18193433401490164,0.1469020309272474
fba_YfhA,0.23641627367657939,0.1147696879181374,0.11476968791813734,0.1737398888589694,0.20562342390059607,0.22879105888009418,0.22879105888009418,0.20337252625208388,0.22879105888009427,-0.3689523470751359,0.22879105888009418,0.20562342390059607,0.22879105888009418,0.22879105888009418,0.22879105888009418,0.22879105888009418,0.20336442322747356,0.22165908023003103,0.22165908023003095,0.0661043208863601,0.009080174900764862,0.22879105888009418,0.041437370826605105,-0.037247121843999226,-4.498892955571661,0.22879105888009418,0.22879105888009418,0.11947385173935927,0.22879105888009418,0.22879105888009418,0.22879105888009418,0.6248988570620156,0.6248988570620156,-5.386224903992934,0.3183656231350671,0.318365623135067,0.31836562313506694,0.6639771360688074,0.22879105888009418,-4.0263933855121055,0.2881417439471295,0.31943052214640016,0.15088263004960975,0.22879105888009418,0.22879105888009418,0.22879105888009418,0.22879105888009418,0.22879105888009418,0.22879105888009418,0.22879105888009418,-4.05504082576853,0.22879105888009418,-3.570933945790946,0.3340942841796107,0.22879105888009418,0.22879105888009418,0.22879105888009418,0.22879105888009404,0.22879105888009404,0.22879105888009438,0.22879105888006468,0.22879105888006468,0.22879105888009327,0.22879105888009418,0.22879105888009418,0.22879105888009418,0.22879105888009418,0.22879105888009438,0.22879105888009418,0.22879105888009377,0.22879105888009377,0.228791058880094,0.228791058880094,0.22879105888009418,0.22879105888009446,0.22879105888009418,0.22879105888009418,0.22879105888009418,0.22879105888009418,0.22879105888009418,0.22879105888009418,0.22879105888009418,0.22879105888009418,0.22879105888009418,0.22879105888009418,0.22879105888009377,0.22879105888009377,0.228791058880094,0.228791058880094,0.22879105888009418,0.22879105888009446,0.22879105888009418,0.22879105888009418,0.22879105888009418,0.22879105888009418,0.22879105888009418,0.22879105888009418,0.22879105888009418,0.22879105888009418,0.22879105888009418,0.22879105888009418,0.228791058880094,0.22879105888009377,0.228791058880094,0.228791058880094,0.22879105888009418,0.22879105888009446,0.22879105888009418,0.22879105888009418,0.22879105888009418,0.22879105888009418,0.22879105888009418,0.22879105888009418,0.22879105888009418,0.22879105888009418,0.22879105888009418,0.22879105888009418,0.22879105888009418,0.22879105888009427,0.22879105888009418,0.0022097249058137722,0.22879105888009418,0.22879105888009418,0.22879105888008056,0.2287910588800952,0.22879105888006063,0.22879105888009418,0.22879105888006657,0.2287910588800382,-4.433137455881978,-4.433335256904859,0.22879105888009418,0.2287910588800439,0.22879105888009418,0.2287910588800438,0.22879105888009418,0.22879105888009418,0.22879105888009418,0.2287910588800382,0.22879105888009427,0.22879105888009418,0.22879105888009363
fba_Zwf,-0.4754797543718864,-5.632133374268846,-5.632133374235112,-0.6046335108225055,-0.07755236395444923,0.14641457375394995,0.14641457375394995,-0.044363480408500154,-0.4754797543718865,0.5261299069719956,0.14641457375394995,-0.07755236395444916,0.14641457375394995,0.14641457375394995,0.14641457375394995,0.14641457375394995,-0.044363480408500224,0.14641457375394995,0.14641457375394995,0.14641457375394995,0.14641457375394995,0.14641457375394995,0.14641457375394995,0.14641457375394995,0.14641457375394995,0.14641457375394995,0.14641457375398254,0.1464145737539842,0.14641457375402192,0.14641457375396916,1.2681323605427461,1.2185321731275813,1.2185321731275813,0.3639218408616179,0.6016593908212778,0.601659390821278,0.601659390821278,0.14641457375395092,0.14641457375394995,0.14641457375394995,1.0492988237576624,0.6077283766160051,0.7835013174036726,0.14641457375394995,0.14641457375394995,0.14641457375394995,0.14641457375394995,0.14641457375394995,0.14641457375394995,0.14641457375394995,-4.466188840409168,0.14641457375394995,-3.8048963765322235,-5.081320025584637,0.14641457375395256,0.14641457375395237,0.14641457375395256,0.1464145737539497,0.14641457375394995,0.14641457375394995,-0.27655819136476617,-0.27655819136476617,0.14641457375394873,0.14641457375394995,0.14641457375394995,0.14641457375394995,0.14641457375394995,0.14641457375394995,0.6164354161618496,0.14641457375394965,0.1464145737539494,0.1464145737539494,0.1464145737539494,0.1464145737539494,0.14641457375394995,-0.1937748731648383,0.14641457375394995,0.14641457375394995,0.14641457375394995,0.14641457375394995,0.14641457375394995,0.14641457375394995,0.14641457375394995,0.14641457375394995,0.14641457375394995,0.14641457375394965,0.1464145737539494,0.1464145737539494,0.1464145737539497,0.1464145737539497,0.14641457375394995,-0.1937748731648383,0.14641457375394995,0.14641457375394995,0.14641457375394995,0.14641457375394995,0.14641457375394995,0.14641457375394995,0.14641457375394995,0.14641457375394995,0.14641457375394995,0.14641457375394965,0.1464145737539494,0.1464145737539494,0.1464145737539494,0.1464145737539497,0.14641457375394995,-0.1937748731648383,0.14641457375394995,0.14641457375394995,0.14641457375394995,0.14641457375394995,0.14641457375394995,0.14641457375394995,0.14641457375394995,0.14641457375394995,0.14641457375394995,0.14641457375394995,1.2832096292934685,0.14641457375394995,-0.09253020200417769,0.1464145737539482,0.14641457375394995,0.14641457375397682,0.14641457375394995,-0.402824184540825,0.14641457375394995,0.14641457375399505,0.1464145737540395,1.007710225524472,1.0070668492489123,0.14641457375394995,-0.6830125252344043,0.14641457375394995,-0.683012525234404,0.14641457375394995,0.1464145737539493,0.14641457375394995,0.1464145737540395,1.283209629293469,0.14641457375394995,0.14641457375394973
